key,qualname,path,line_start,line_end,sha256,bin_address
DiabloUI/button.cpp|devilution::LoadDialogButtonGraphics(),devilution::LoadDialogButtonGraphics,DiabloUI/button.cpp,19,25,4f71d8d78db0820dfc923332b3e4e4d9cf42bcfe5b9213d33f5a764d977393ba,0x1400dcc10
DiabloUI/button.cpp|devilution::FreeDialogButtonGraphics(),devilution::FreeDialogButtonGraphics,DiabloUI/button.cpp,27,30,7a1de559c39daaa3f8b02ea399ea82618439043d04024abb4d3c4fb22b6c8725,
DiabloUI/button.cpp|devilution::ButtonSprite(bool pressed),devilution::ButtonSprite,DiabloUI/button.cpp,32,35,0cd9823f34b4bc4e6efa39ac0576ddd83936e5c3d120c0a4a3f9e9b0c948cd0f,
DiabloUI/button.cpp|devilution::RenderButton(const UiButton &button),devilution::RenderButton,DiabloUI/button.cpp,37,48,34901fc4eed902d085143e7b05d2d0dd5bdc1f93da70ebc9637391950e77ccfb,
"DiabloUI/button.cpp|devilution::HandleMouseEventButton(const SDL_Event &event, UiButton *button)",devilution::HandleMouseEventButton,DiabloUI/button.cpp,50,67,9261a619ee7edbc9cb57d0c068e8271815dc1c02c3db4c10487ecffbb99dcc47,
DiabloUI/button.cpp|devilution::HandleGlobalMouseUpButton(UiButton *button),devilution::HandleGlobalMouseUpButton,DiabloUI/button.cpp,69,72,af021462baea195b77bcc2bb6327e8006c5f6e069e61a409d228d573f480d648,
"DiabloUI/credits.cpp|devilution::CreditsRenderer::CreditsRenderer(char const *const *text, std::size_t textLines)",devilution::CreditsRenderer::CreditsRenderer,DiabloUI/credits.cpp,36,63,d47b30d6b1194bb902dd10e85237b3ab61d05ae2bae8d887b91f3328393d963f,
DiabloUI/credits.cpp|devilution::CreditsRenderer::~CreditsRenderer(),devilution::CreditsRenderer::~CreditsRenderer,DiabloUI/credits.cpp,65,69,83aed690a30062940d4abba52bf0aa5fd528a2eccc1d631997d0a9423687865d,
DiabloUI/credits.cpp|devilution::CreditsRenderer::Finished(),devilution::CreditsRenderer::Finished,DiabloUI/credits.cpp,73,76,8879aa5b5780520fc47437d4bfcd64c4394c0882e0c0439b005c3224afc64b94,
DiabloUI/credits.cpp|devilution::CreditsRenderer::Render(),devilution::CreditsRenderer::Render,DiabloUI/credits.cpp,90,132,92f07ade168685df698b95fe88e128d959bd1d5f45c92db691df15aa77e779cc,
"DiabloUI/credits.cpp|devilution::TextDialog(char const *const *text, std::size_t textLines)",devilution::TextDialog,DiabloUI/credits.cpp,134,166,927c9a3a4db18d6876ac1dc394d81a67ab17b3a112f140146b4cc16802d3bcdb,
DiabloUI/credits.cpp|devilution::UiCreditsDialog(),devilution::UiCreditsDialog,DiabloUI/credits.cpp,170,176,e9dc5b34603b299680b0c588504ad05d748388abe9ba8621c0eb522423332cb7,
DiabloUI/credits.cpp|devilution::UiSupportDialog(),devilution::UiSupportDialog,DiabloUI/credits.cpp,178,189,a8dc8a614c2faf08fbf63b200f1c92cc155bd8644db8b1410ad41a0037b37fb0,
DiabloUI/diabloui.cpp|devilution::ScrollBarState::ScrollBarState(),devilution::ScrollBarState::ScrollBarState,DiabloUI/diabloui.cpp,89,93,4541e05a667f2852c57bb6276f7ad4d9599edb76fe9e76541c4da8fa0a150013,
DiabloUI/diabloui.cpp|devilution::AdjustListOffset(std::size_t itemIndex),devilution::AdjustListOffset,DiabloUI/diabloui.cpp,96,102,e078eac5709d105449a6d6d2009ae48e534b71df98bde404e58caad0b8822fa9,
"DiabloUI/diabloui.cpp|devilution::UiInitList(void (*fnFocus)(int value), void (*fnSelect)(int value), void (*fnEsc)(), const std::vector<std::unique_ptr<UiItemBase>> &items, bool itemsWraps, void (*fnFullscreen)(), bool (*fnYesNo)(), size_t selectedItem)",devilution::UiInitList,DiabloUI/diabloui.cpp,106,167,97026fdfef4638b2967aa49c5faba0ea59e833f4a86d12abe5d6160bc640f7ae,0x1400dbdc0
DiabloUI/diabloui.cpp|devilution::UiRenderListItems(),devilution::UiRenderListItems,DiabloUI/diabloui.cpp,169,172,94dcb38440021c643262dff22caebd0c557132219709bc2f7d05f8e037d13a2b,
DiabloUI/diabloui.cpp|devilution::UiInitList_clear(),devilution::UiInitList_clear,DiabloUI/diabloui.cpp,174,187,4e14f1b1b426efad527345d8ba2276be02ecee1981c5dc8d75958257ffe9e90f,
DiabloUI/diabloui.cpp|devilution::UiPlayMoveSound(),devilution::UiPlayMoveSound,DiabloUI/diabloui.cpp,189,192,341a19bae35edf15ed48d569a14c2cd5361ec5d2c89d6ce952989f3037d7d74e,
DiabloUI/diabloui.cpp|devilution::UiPlaySelectSound(),devilution::UiPlaySelectSound,DiabloUI/diabloui.cpp,194,197,e5e2137f186502ded8ebd3872f996ce9632225e676cedda533fe1ff17b6dcffa,
"DiabloUI/diabloui.cpp|devilution::UiFocus(std::size_t itemIndex, bool checkUp, bool ignoreItemsWraps = false)",devilution::UiFocus,DiabloUI/diabloui.cpp,201,238,cda207d4fe7dbd89cfd7c974fd4671b8f0a1b81eaecee15281feabfe42a0a6a7,
DiabloUI/diabloui.cpp|devilution::UiFocusUp(),devilution::UiFocusUp,DiabloUI/diabloui.cpp,240,246,08ac076f1355e529c1977f7d1fcdae217510f7548865a89f6b60f23745ad8a73,
DiabloUI/diabloui.cpp|devilution::UiFocusDown(),devilution::UiFocusDown,DiabloUI/diabloui.cpp,248,254,7e0f1b0dd59c89d2be18ad556558eeaed7edf0f69cc64c43863141875ffb3022,
DiabloUI/diabloui.cpp|devilution::UiFocusPageUp(),devilution::UiFocusPageUp,DiabloUI/diabloui.cpp,258,272,7fd87bb8f66c4410c66fc5d4a345b8d58f938cb1e8d3582d6f993aa593a99635,
DiabloUI/diabloui.cpp|devilution::UiFocusPageDown(),devilution::UiFocusPageDown,DiabloUI/diabloui.cpp,274,288,234500638afbac3fab1c334bf7d7be976a49712243dd52092481454581314283,
"DiabloUI/diabloui.cpp|devilution::SelheroCatToName(const char *inBuf, char *outBuf, int cnt)",devilution::SelheroCatToName,DiabloUI/diabloui.cpp,290,296,b2f4084b3b166833d89bbc42fedb2b65eb06f5fb6902f10cc212e64c8e7a4973,
DiabloUI/diabloui.cpp|devilution::HandleMenuAction(MenuAction menuAction),devilution::HandleMenuAction,DiabloUI/diabloui.cpp,298,327,76a6302a5383d7ed22f66b1ebddebc37224ffd627d52f798029e4a446bde83fb,
DiabloUI/diabloui.cpp|devilution::UiOnBackgroundChange(),devilution::UiOnBackgroundChange,DiabloUI/diabloui.cpp,329,344,ced27983d053a8403ee3692ceb7a3eebb28caaeef8e323c72cf44af59941a369,
DiabloUI/diabloui.cpp|devilution::UiFocusNavigation(SDL_Event *event),devilution::UiFocusNavigation,DiabloUI/diabloui.cpp,348,454,5568ae9ac1b5fb8f50eb12fbe2ebe421f0fece7806bae8d5a95b8b238a81ff32,
DiabloUI/diabloui.cpp|devilution::UiHandleEvents(SDL_Event *event),devilution::UiHandleEvents,DiabloUI/diabloui.cpp,456,509,fc17e9f799ec50f8661f2928c9d9e21e1a2e931607d62f9ec696a88ed563db6e,
DiabloUI/diabloui.cpp|devilution::UiFocusNavigationSelect(),devilution::UiFocusNavigationSelect,DiabloUI/diabloui.cpp,511,526,b96b805a1ac8b841354f2ebe054a4c80a3f9e6022b27a2c575bbbcad142c1ea0,
DiabloUI/diabloui.cpp|devilution::UiFocusNavigationEsc(),devilution::UiFocusNavigationEsc,DiabloUI/diabloui.cpp,528,540,39b838acc1904cf43a88eb2688f504d81a36f5461b41b5e5efe09997e85c04a2,
DiabloUI/diabloui.cpp|devilution::UiFocusNavigationYesNo(),devilution::UiFocusNavigationYesNo,DiabloUI/diabloui.cpp,542,549,9b7ec5a8ce4db9c4e0ce4bd2f959565b5bf41da2df7d4ee5cc298daf50e9306b,
"DiabloUI/diabloui.cpp|devilution::IsInsideRect(const SDL_Event &event, const SDL_Rect &rect)",devilution::IsInsideRect,DiabloUI/diabloui.cpp,553,557,2b414b2468755a32d8e06e4027b83f0aec6e62ae13c5be604e4d13b4a8937ff7,
DiabloUI/diabloui.cpp|devilution::LoadHeros(),devilution::LoadHeros,DiabloUI/diabloui.cpp,559,582,86053d6cbaf5b8db64194426642add459e2523a5e367be1bd750ec59131485b6,0x1401554c0
DiabloUI/diabloui.cpp|devilution::LoadUiGFX(),devilution::LoadUiGFX,DiabloUI/diabloui.cpp,584,599,6920452a0eb3809048466772d45514057588c8ef00daeebbe9501a3379ca003f,0x1400dd3b0
DiabloUI/diabloui.cpp|devilution::UiGetHeroDialogSprite(size_t heroClassIndex),devilution::UiGetHeroDialogSprite,DiabloUI/diabloui.cpp,603,608,ea1b730c99687c6fd9db87c95a55d6ca2fde159d12bc7465285f14b627531c1f,0x1400db5c0
DiabloUI/diabloui.cpp|devilution::UnloadUiGFX(),devilution::UnloadUiGFX,DiabloUI/diabloui.cpp,610,620,a7ad910a7b086fb55a8de225024ea3ee5fede58b11708e7e3ef0d990b34c1e1c,
DiabloUI/diabloui.cpp|devilution::UiInitialize(),devilution::UiInitialize,DiabloUI/diabloui.cpp,622,631,ed5f3dcafd6cde935b080a43084870085607065d4ca64636ce92bfe17a91178c,
DiabloUI/diabloui.cpp|devilution::UiDestroy(),devilution::UiDestroy,DiabloUI/diabloui.cpp,633,637,623a7ec18b7360da54cb09c213be265779e6919dceb33c9a1b3132ac26c38730,
DiabloUI/diabloui.cpp|devilution::UiValidPlayerName(string_view name),devilution::UiValidPlayerName,DiabloUI/diabloui.cpp,639,679,2d5ce3875ffa021783eed9a7860038c86352ca59902d8dff9601475dcc93f091,
"DiabloUI/diabloui.cpp|devilution::GetCenterOffset(Sint16 w, Sint16 bw)",devilution::GetCenterOffset,DiabloUI/diabloui.cpp,681,688,5f44bec8d6399d53601be2b4e3b6ec0a8800acc4f26b28912f79658ce66bda43,
DiabloUI/diabloui.cpp|devilution::UiLoadDefaultPalette(),devilution::UiLoadDefaultPalette,DiabloUI/diabloui.cpp,690,694,53f52faf3771dc4c39a96fd65102a5d64560946cade8e270f99545337f9e9edd,
DiabloUI/diabloui.cpp|devilution::UiLoadBlackBackground(),devilution::UiLoadBlackBackground,DiabloUI/diabloui.cpp,696,702,f7d3863c155e4ba746303c7dbd23ffb399e87e89efeb13ba8da31e71d31d12f8,0x1400dd8a0
"DiabloUI/diabloui.cpp|devilution::LoadBackgroundArt(const char *pszFile, int frames)",devilution::LoadBackgroundArt,DiabloUI/diabloui.cpp,704,715,cc0b1a8f26be5d7285ba2d83ccdd00c1eb1a0feb421f98aa967a619a4b47bd71,
DiabloUI/diabloui.cpp|devilution::UiAddBackground(std::vector<std::unique_ptr<UiItemBase>> *vecDialog),devilution::UiAddBackground,DiabloUI/diabloui.cpp,717,726,770264b91fc3c5b53fa5985a35c05000c311e07147639ccb01423d1c2769ac07,0x1400de1d0
DiabloUI/diabloui.cpp|devilution::UiAddLogo(std::vector<std::unique_ptr<UiItemBase>> *vecDialog),devilution::UiAddLogo,DiabloUI/diabloui.cpp,728,732,8bced781e3462157680f5a6164aad095e7e47d28701a63615d647747181de198,0x1400de3b0
DiabloUI/diabloui.cpp|devilution::UiFadeIn(),devilution::UiFadeIn,DiabloUI/diabloui.cpp,734,754,c57a7398d8811f1a99d7fe5fee0cc285be738586a8fab9472f3ad8abddd49156,
DiabloUI/diabloui.cpp|devilution::DrawSelector(const SDL_Rect &rect),devilution::DrawSelector,DiabloUI/diabloui.cpp,756,772,7e57df345da2735d2183c224eee43faba5f4bbf9e4418e280a0f0ac28f975313,
DiabloUI/diabloui.cpp|devilution::UiClearScreen(),devilution::UiClearScreen,DiabloUI/diabloui.cpp,774,778,d9b9b638559b2a03c4ea8c7098e1e89125bc91f0b7c3bdb37446f1e10a8f676b,
DiabloUI/diabloui.cpp|devilution::UiPollAndRender(std::optional<tl::function_ref<bool(SDL_Event &)>> eventHandler),devilution::UiPollAndRender,DiabloUI/diabloui.cpp,780,806,d13d1eeb2537ea24389fde09ad75673a20efadb0f9f9818490b7e11a7530aea1,
DiabloUI/diabloui.cpp|devilution::Render(const UiText &uiText),devilution::Render,DiabloUI/diabloui.cpp,810,814,26535d8009b83e548ee7e278b21ca4224b50152d6e3cc8fec519012a71115f7f,
DiabloUI/diabloui.cpp|devilution::Render(const UiArtText &uiArtText),devilution::Render,DiabloUI/diabloui.cpp,816,820,2fee21d46c0a98a65af1aa1bd1e8d747ffce5455df40808bde18f6f3a408f78a,
DiabloUI/diabloui.cpp|devilution::Render(const UiImageClx &uiImage),devilution::Render,DiabloUI/diabloui.cpp,822,830,a75dd9b0448384db506ff69f2fa8ef4e246ebde1872cc3d8fb5a08404dcfcd14,
DiabloUI/diabloui.cpp|devilution::Render(const UiImageAnimatedClx &uiImage),devilution::Render,DiabloUI/diabloui.cpp,832,840,8f95d3c241639b91b2c5a1ebcf93172415a942ba803e4685b7abd739f6ddb596,
DiabloUI/diabloui.cpp|devilution::Render(const UiArtTextButton &uiButton),devilution::Render,DiabloUI/diabloui.cpp,842,846,9164b2c4740edd620b285c06e372ec8b364d6a5d26c33c154bc9a81b63cd8019,
DiabloUI/diabloui.cpp|devilution::Render(const UiList &uiList),devilution::Render,DiabloUI/diabloui.cpp,848,864,538650c55f8762acbfe1c77d8a18188ec8a68e434fd62bf68b9331219bfef95c,
DiabloUI/diabloui.cpp|devilution::Render(const UiScrollbar &uiSb),devilution::Render,DiabloUI/diabloui.cpp,866,899,74f7304577000fbfae60f91f778cb255a937a995325a5d74e261a3539975dd10,
DiabloUI/diabloui.cpp|devilution::Render(const UiEdit &uiEdit),devilution::Render,DiabloUI/diabloui.cpp,901,910,7b4f80d0fefa27ced2d454551b9a2af932e881b352a34ea8ddbb3b643546e5e3,
"DiabloUI/diabloui.cpp|devilution::HandleMouseEventArtTextButton(const SDL_Event &event, const UiArtTextButton *uiButton)",devilution::HandleMouseEventArtTextButton,DiabloUI/diabloui.cpp,912,920,9b9021d5fca4f800729610e2ba51559e2fdc62fa8ec9bbb166b43a72a5e6ebd2,
"DiabloUI/diabloui.cpp|devilution::HandleMouseEventList(const SDL_Event &event, UiList *uiList)",devilution::HandleMouseEventList,DiabloUI/diabloui.cpp,926,964,4709238d990e8c1d30298c345ec08d1ad9db2c2dbb778db1e4aba94440205109,
"DiabloUI/diabloui.cpp|devilution::HandleMouseEventScrollBar(const SDL_Event &event, const UiScrollbar *uiSb)",devilution::HandleMouseEventScrollBar,DiabloUI/diabloui.cpp,966,1000,76fe75cb1c02ef217ff460bf9e5bdc608d4cf20d512b7a9fe9fde394d93ef0df,
"DiabloUI/diabloui.cpp|devilution::HandleMouseEvent(const SDL_Event &event, UiItemBase *item)",devilution::HandleMouseEvent,DiabloUI/diabloui.cpp,1002,1018,528785a644ccc88b1f11222d495f8f96044f423b14ad53fdc2839db9bf45b7aa,
DiabloUI/diabloui.cpp|devilution::LoadPalInMem(const SDL_Color *pPal),devilution::LoadPalInMem,DiabloUI/diabloui.cpp,1022,1027,05cafb7432d700142d79d97931892f490b35ba539a96a3543225e28040501391,
DiabloUI/diabloui.cpp|devilution::UiRenderItem(const UiItemBase &item),devilution::UiRenderItem,DiabloUI/diabloui.cpp,1029,1062,101cf7f40f12f67490f467b20073f521aea7c28f2f7ac47bd0b4abddbf0db9d6,
DiabloUI/diabloui.cpp|devilution::UiRenderItems(const std::vector<UiItemBase *> &items),devilution::UiRenderItems,DiabloUI/diabloui.cpp,1064,1068,f75aef2cc3d7f6f35030007e7e06df6b21d0002efe8c92d8cffed2a8958c6f13,
DiabloUI/diabloui.cpp|devilution::UiRenderItems(const std::vector<std::unique_ptr<UiItemBase>> &items),devilution::UiRenderItems,DiabloUI/diabloui.cpp,1070,1074,9c1fc5ac3e6bbd89cef90dc96df4420286336ecb7c9165fd8517f176fd5934a1,
"DiabloUI/diabloui.cpp|devilution::UiItemMouseEvents(SDL_Event *event, const std::vector<UiItemBase *> &items)",devilution::UiItemMouseEvents,DiabloUI/diabloui.cpp,1076,1107,2d6db47218ed9df4834a534fb51ab2ce6bd5a899e6a57d78c49bb686b76988d7,
"DiabloUI/diabloui.cpp|devilution::UiItemMouseEvents(SDL_Event *event, const std::vector<std::unique_ptr<UiItemBase>> &items)",devilution::UiItemMouseEvents,DiabloUI/diabloui.cpp,1109,1140,d363d14147eed373a13bbafc54538c1fe030f16dcea6682b5073cb64d7580d0a,
DiabloUI/diabloui.cpp|devilution::DrawMouse(),devilution::DrawMouse,DiabloUI/diabloui.cpp,1142,1147,5adfe742069c09041eceec46183194c6c4ef2ffc360db93a5057ba442cb0858d,
DiabloUI/diabloui.h|devilution::DiabloUiSurface(),devilution::DiabloUiSurface,DiabloUI/diabloui.h,76,79,78ed28380182d1976f7f82079d336ab6a4693b7eb0c0791c23c338c21ce38a37,
DiabloUI/dialogs.cpp|devilution::DialogActionOK(),devilution::DialogActionOK,DiabloUI/dialogs.cpp,31,34,e04d00ed1523b490cd9b6c2bc627537754bad8fd4bc2e8b513cd3ef9ba484743,
"DiabloUI/dialogs.cpp|devilution::LoadDialogSprite(bool hasCaption, bool isError)",devilution::LoadDialogSprite,DiabloUI/dialogs.cpp,39,55,ccdbc5edd12d629d6b804296457bc0f14d995285e8761c55cffd56e286c79761,
"DiabloUI/dialogs.cpp|devilution::Init(string_view caption, string_view text, bool error, bool renderBehind)",devilution::Init,DiabloUI/dialogs.cpp,57,99,b82d12af3569f312509d0e4e87f2634c58a42d8a153dfea05c977bdeebd2a220,
DiabloUI/dialogs.cpp|devilution::Deinit(),devilution::Deinit,DiabloUI/dialogs.cpp,101,106,bccea50e087edde70f9c97cf72914a4d359a8b91d4d645948be579bc7801ee40,
"DiabloUI/dialogs.cpp|devilution::DialogLoop(const std::vector<std::unique_ptr<UiItemBase>> &items, const std::vector<std::unique_ptr<UiItemBase>> &renderBehind)",devilution::DialogLoop,DiabloUI/dialogs.cpp,108,138,9ccf5d55f14df71e8f7935e31b17530161a0f91316363c2e09d924372eb52555,
"DiabloUI/dialogs.cpp|devilution::UiOkDialog(string_view caption, string_view text, bool error, const std::vector<std::unique_ptr<UiItemBase>> &renderBehind)",devilution::UiOkDialog,DiabloUI/dialogs.cpp,140,182,d809f0e6c0a3380d98e648801a3a2970a8ff87f73834fedd5a55eb5cf9315cd8,
"DiabloUI/dialogs.cpp|devilution::UiErrorOkDialog(string_view caption, string_view text, const std::vector<std::unique_ptr<UiItemBase>> &renderBehind)",devilution::UiErrorOkDialog,DiabloUI/dialogs.cpp,186,189,f335a8e5bba09577bf128728275c063c7fe4adfcec79bc6fa82b6f2a54f3c479,
"DiabloUI/dialogs.cpp|devilution::UiErrorOkDialog(string_view caption, string_view text, bool error)",devilution::UiErrorOkDialog,DiabloUI/dialogs.cpp,191,194,5ece290ebb0e85ecf14ddb94e6ca9ba29e8b9a4791080745de2984efadf88250,
"DiabloUI/dialogs.cpp|devilution::UiErrorOkDialog(string_view text, const std::vector<std::unique_ptr<UiItemBase>> &renderBehind)",devilution::UiErrorOkDialog,DiabloUI/dialogs.cpp,196,199,146566b67401579e6993bfa2c88663b437711c801a77232f77caf7fc4d2fb69a,
DiabloUI/hero/selhero.cpp|devilution::SelheroUiFocusNavigationYesNo(),devilution::SelheroUiFocusNavigationYesNo,DiabloUI/hero/selhero.cpp,63,67,d98a78e480bfd709a09f72b60f70eb76f05f35caab9e45cdb639d97f2e02d0e5,
DiabloUI/hero/selhero.cpp|devilution::SelheroFree(),devilution::SelheroFree,DiabloUI/hero/selhero.cpp,69,78,3b6a920d6ed3b629309bffb270c1d9cdf3c9b0ec7c4a363ef7afddc84f15f7eb,
DiabloUI/hero/selhero.cpp|devilution::SelheroSetStats(),devilution::SelheroSetStats,DiabloUI/hero/selhero.cpp,80,89,4fe8233065926fbc73d610d0550ca2ad748ced300f1f08dd3790bcbc25e398e3,
DiabloUI/hero/selhero.cpp|devilution::RenderDifficultyIndicators(),devilution::RenderDifficultyIndicators,DiabloUI/hero/selhero.cpp,91,108,1f1a6b5c1fd4b00dc6428e7c49a5088486b9934c110d15a7ac09f2565b0c791d,
DiabloUI/hero/selhero.cpp|devilution::SelHeroGetHeroInfo(_uiheroinfo *pInfo),devilution::SelHeroGetHeroInfo,DiabloUI/hero/selhero.cpp,112,119,5949cd11a96891338e62d9146a88bd9d4f48f4bdc485f1e05e6d36b6e608d5d2,
DiabloUI/hero/selhero.cpp|devilution::SelheroListFocus(int value),devilution::SelheroListFocus,DiabloUI/hero/selhero.cpp,121,138,7ade3cdbce51db13d5218431a3a440cbc3c24a1bfe9c99ffac93ef8427a115d8,
DiabloUI/hero/selhero.cpp|devilution::SelheroListDeleteYesNo(),devilution::SelheroListDeleteYesNo,DiabloUI/hero/selhero.cpp,140,145,ba3819b5b474670a850b733450b747ff5dced366bde838399e0e1efaa884d873,
DiabloUI/hero/selhero.cpp|devilution::SelheroListSelect(int value),devilution::SelheroListSelect,DiabloUI/hero/selhero.cpp,147,214,d73fb6aea91261904b754fbadc1321119e51f6a673e2039e67edfe7b9e60ffc6,
DiabloUI/hero/selhero.cpp|devilution::SelheroListEsc(),devilution::SelheroListEsc,DiabloUI/hero/selhero.cpp,216,222,8323a8cbabf6684cf981a3c8b509b55c25bde24ba1d267245dbcb047ae59d0b2,
DiabloUI/hero/selhero.cpp|devilution::SelheroClassSelectorFocus(int value),devilution::SelheroClassSelectorFocus,DiabloUI/hero/selhero.cpp,224,239,900242c94ee1a8406b1b2c59a56ae5cb1cabab9a42ab225d958e30018fabbdb3,
DiabloUI/hero/selhero.cpp|devilution::ShouldPrefillHeroName(),devilution::ShouldPrefillHeroName,DiabloUI/hero/selhero.cpp,241,248,4e9ae4905b7c7dca325464c24fd109c71571e71888987535fcf350780a339dda,
DiabloUI/hero/selhero.cpp|devilution::RemoveSelHeroBackground(),devilution::RemoveSelHeroBackground,DiabloUI/hero/selhero.cpp,250,254,f7d88563c5921092d6ae2309fd8acfe6992800bafd2308a586e3c53692aeda86,
DiabloUI/hero/selhero.cpp|devilution::AddSelHeroBackground(),devilution::AddSelHeroBackground,DiabloUI/hero/selhero.cpp,256,261,682f2456a79a9786d66e0b031d79c86bd456d6ac919942ee63b243b750462cd6,0x1400de4a0
DiabloUI/hero/selhero.cpp|devilution::SelheroClassSelectorSelect(int value),devilution::SelheroClassSelectorSelect,DiabloUI/hero/selhero.cpp,263,294,8970d211c439c5d8dc25f890fe20a3881c0046f0c24224d4b2cfd8270c48aab2,
DiabloUI/hero/selhero.cpp|devilution::SelheroClassSelectorEsc(),devilution::SelheroClassSelectorEsc,DiabloUI/hero/selhero.cpp,296,307,9e1582be6be8e3f6f3bba3fec7beaec9131be193fb8be268e9c21566d5e4f066,
DiabloUI/hero/selhero.cpp|devilution::SelheroNameSelect(int),devilution::SelheroNameSelect,DiabloUI/hero/selhero.cpp,309,326,300240e224a6c6366301500ddf8ba6f3b772cb8347dc2f413d857a36614b76a1,0x1400e2b00
DiabloUI/hero/selhero.cpp|devilution::SelheroNameEsc(),devilution::SelheroNameEsc,DiabloUI/hero/selhero.cpp,328,331,1dfc7ea3aa464bb0801908cbbc59c06333a6181be35802b496ea677ad97668cd,
DiabloUI/hero/selhero.cpp|devilution::SelheroLoadFocus(int value),devilution::SelheroLoadFocus,DiabloUI/hero/selhero.cpp,333,335,fe7e4c446202bac5f74649c12a688da34fad493f6f2e15186f22fdb274d2b022,
DiabloUI/hero/selhero.cpp|devilution::SelheroLoadSelect(int value),devilution::SelheroLoadSelect,DiabloUI/hero/selhero.cpp,337,366,dd2179b5d9f2dbbd2f15e185e99945c9f166c550bc17e44ed347d0e7ced2db45,
DiabloUI/hero/selhero.cpp|devilution::SelheroGenerateName(HeroClass heroClass),devilution::SelheroGenerateName,DiabloUI/hero/selhero.cpp,368,454,b34f39a73df69340b37ae9f321b6083bb623d8d6f5251d727dab641adfcc3446,
DiabloUI/hero/selhero.cpp|devilution::selhero_Init(),devilution::selhero_Init,DiabloUI/hero/selhero.cpp,458,502,d22d056f008d7b120e107222072e88bac6f5a798605482935faaa3ecafb38585,0x1400e0a20
DiabloUI/hero/selhero.cpp|devilution::selhero_List_Init(),devilution::selhero_List_Init,DiabloUI/hero/selhero.cpp,504,544,540b4cdf4d0c2b318f91c8e3b20e75f2fed07046828c2361e8b4606b940f78b3,
"DiabloUI/hero/selhero.cpp|devilution::UiSelHeroDialog(bool (*fninfo)(bool (*fninfofunc)(_uiheroinfo *)), bool (*fncreate)(_uiheroinfo *), void (*fnstats)(unsigned int, _uidefaultstats *), bool (*fnremove)(_uiheroinfo *), _selhero_selections *dlgresult, uint32_t *saveNumber)",devilution::UiSelHeroDialog,DiabloUI/hero/selhero.cpp,546,604,81a1f72cfc9483619bee504aa8d4e6e213b9545fc748519943575dc6f3498686,0x14024ca50
"DiabloUI/hero/selhero.cpp|devilution::UiSelHeroSingDialog(bool (*fninfo)(bool (*fninfofunc)(_uiheroinfo *)), bool (*fncreate)(_uiheroinfo *), bool (*fnremove)(_uiheroinfo *), void (*fnstats)(unsigned int, _uidefaultstats *), _selhero_selections *dlgresult, uint32_t *saveNumber, _difficulty *difficulty)",devilution::UiSelHeroSingDialog,DiabloUI/hero/selhero.cpp,606,618,6a13eadaa78fa2a2499fb120154372b133cc7c6f8cd4d6d1fe6735581f26f839,
"DiabloUI/hero/selhero.cpp|devilution::UiSelHeroMultDialog(bool (*fninfo)(bool (*fninfofunc)(_uiheroinfo *)), bool (*fncreate)(_uiheroinfo *), bool (*fnremove)(_uiheroinfo *), void (*fnstats)(unsigned int, _uidefaultstats *), _selhero_selections *dlgresult, uint32_t *saveNumber)",devilution::UiSelHeroMultDialog,DiabloUI/hero/selhero.cpp,620,630,f095fefcb35dea88f57c5ba3310ea3d49f78df150bea6d2238c593e2b6f681fc,
DiabloUI/mainmenu.cpp|devilution::UiMainMenuSelect(int value),devilution::UiMainMenuSelect,DiabloUI/mainmenu.cpp,19,22,a9b596fb2e7f52ec2fba8cc3644a3067a8e34a2baf3d309b23f7a7d0ea53826b,
DiabloUI/mainmenu.cpp|devilution::MainmenuEsc(),devilution::MainmenuEsc,DiabloUI/mainmenu.cpp,25,33,1da038c47057228cd8d04d4b6c4cfcc2564e4b60447c90bf5e7f3ffbfd6d5f26,
DiabloUI/mainmenu.cpp|devilution::MainmenuLoad(const char *name),devilution::MainmenuLoad,DiabloUI/mainmenu.cpp,36,75,70dda321c48d9d3311a55909f8ebe3e6a177736352b5550f71c24d302f6c8325,0x14024b820
DiabloUI/mainmenu.cpp|devilution::MainmenuFree(),devilution::MainmenuFree,DiabloUI/mainmenu.cpp,77,85,7b3fdccee39b0a7eb9fc88fc642f6ce530c2478aec6ce0097980394e78260e1c,
DiabloUI/mainmenu.cpp|devilution::mainmenu_restart_repintro(),devilution::mainmenu_restart_repintro,DiabloUI/mainmenu.cpp,89,92,0f307ebaa3c42a9021ea47512e21d194afc6685959942b0ff216786882fadc2f,
"DiabloUI/mainmenu.cpp|devilution::UiMainMenuDialog(const char *name, _mainmenu_selections *pdwResult, int attractTimeOut)",devilution::UiMainMenuDialog,DiabloUI/mainmenu.cpp,94,116,26f03f470964e47608783a69d785bab1184cab157a092643e78fd99e81ad9ee0,
DiabloUI/multi/selconn.cpp|devilution::SelconnLoad(),devilution::SelconnLoad,DiabloUI/multi/selconn.cpp,36,88,96cfe6f59dfb13dba870e828e1978d4cdab1fc68ff00c1e5473ce822e7f8b46c,
DiabloUI/multi/selconn.cpp|devilution::SelconnFree(),devilution::SelconnFree,DiabloUI/multi/selconn.cpp,90,97,d1dca2604e845d0c30c44bea8d1d8754a12b54496f49c26a4418a109cf7cd435,
DiabloUI/multi/selconn.cpp|devilution::SelconnEsc(),devilution::SelconnEsc,DiabloUI/multi/selconn.cpp,99,103,c3d45215edb49dab3e260a8b2b7159c5d68eb02b37ddd365708b66a004da89fa,
DiabloUI/multi/selconn.cpp|devilution::SelconnFocus(int value),devilution::SelconnFocus,DiabloUI/multi/selconn.cpp,105,125,965502a5fb5f3c1967f57f7788562a765510d4454c7ffd286f1ca0a5512b37d8,0x1400e4080
DiabloUI/multi/selconn.cpp|devilution::SelconnSelect(int value),devilution::SelconnSelect,DiabloUI/multi/selconn.cpp,127,134,92e7090165a60abe3c3621e9b151f3045b66a550339752484182a8983518938f,
DiabloUI/multi/selconn.cpp|devilution::UiSelectProvider(GameData *gameData),devilution::UiSelectProvider,DiabloUI/multi/selconn.cpp,138,152,3d02e30b055ae50e4acf2181129e015fe6bf46634cea3e9b6c0978fdb46c7d5c,
DiabloUI/multi/selgame.cpp|devilution::selgame_FreeVectors(),devilution::selgame_FreeVectors,DiabloUI/multi/selgame.cpp,51,56,c5d60678be2075db6dba8f089ca8371b470a63733a3d240def3a146cb96c972f,0x1400e3620
DiabloUI/multi/selgame.cpp|devilution::selgame_Init(),devilution::selgame_Init,DiabloUI/multi/selgame.cpp,58,62,4fe38161db5a43f1bd5daafa49c606cfa24c1a840f5fc68a58b53e87ae34bb10,
DiabloUI/multi/selgame.cpp|devilution::selgame_Free(),devilution::selgame_Free,DiabloUI/multi/selgame.cpp,64,69,c46f237906dfb491fe1af4c0502057ab7eee60e6f19fa9c73538e5a8a17e0dc0,
DiabloUI/multi/selgame.cpp|devilution::IsGameCompatible(const GameData &data),devilution::IsGameCompatible,DiabloUI/multi/selgame.cpp,71,78,f716d36994dcc3fa88b18e5d5e1fd7af50fc3b0e5173aedfddbc68d59f1ce264,
DiabloUI/multi/selgame.cpp|devilution::GetErrorMessageIncompatibility(const GameData &data),devilution::GetErrorMessageIncompatibility,DiabloUI/multi/selgame.cpp,80,104,4ed54723da8a6fe80f7d67bbdd57930ca32f4550465d1b17195045c7b45ea837,0x1400e7bb0
DiabloUI/multi/selgame.cpp|devilution::UiInitGameSelectionList(string_view search),devilution::UiInitGameSelectionList,DiabloUI/multi/selgame.cpp,106,198,1916cf39bc5c26a913cb3941804f4d5863e15283aef0501115039d3545453ac5,0x140036340
DiabloUI/multi/selgame.cpp|devilution::selgame_GameSelection_Init(),devilution::selgame_GameSelection_Init,DiabloUI/multi/selgame.cpp,202,205,f1ffb0bdda81eb9a87383cde95b12feccd85ed3d43789ccd2d8af4420796ed31,
DiabloUI/multi/selgame.cpp|devilution::selgame_GameSelection_Focus(int value),devilution::selgame_GameSelection_Focus,DiabloUI/multi/selgame.cpp,207,276,2fac1317baf00b3c5d9289468296c4d300a0497083defced288cfc626f122192,
DiabloUI/multi/selgame.cpp|devilution::UpdateHeroLevel(_uiheroinfo *pInfo),devilution::UpdateHeroLevel,DiabloUI/multi/selgame.cpp,283,289,29f16d1cc60c8ab8e640256bcbcf73ede3840d75272402940528c844e0881f03,
DiabloUI/multi/selgame.cpp|devilution::selgame_GameSelection_Select(int value),devilution::selgame_GameSelection_Select,DiabloUI/multi/selgame.cpp,291,376,1d25a6d94e4309de8d587cffb730ec42eb8c3a8470998be4a8585d2ba316aac1,
DiabloUI/multi/selgame.cpp|devilution::selgame_GameSelection_Esc(),devilution::selgame_GameSelection_Esc,DiabloUI/multi/selgame.cpp,378,383,42c11a67f0fe7de2f1b632b0ff22ffc898f9879e3c064e39ea30cc107bd08480,
DiabloUI/multi/selgame.cpp|devilution::selgame_Diff_Focus(int value),devilution::selgame_Diff_Focus,DiabloUI/multi/selgame.cpp,385,402,c91710c467a9cfa17aec64e9435014ca106d6ee3293b9221f931f926783cee5a,0x1400e4280
DiabloUI/multi/selgame.cpp|devilution::IsDifficultyAllowed(int value),devilution::IsDifficultyAllowed,DiabloUI/multi/selgame.cpp,404,420,3048bc40cff74b5504436a92302f7b81b352a3935b9b374a10781f20a3dbf1ad,0x1400e7930
DiabloUI/multi/selgame.cpp|devilution::selgame_Diff_Select(int value),devilution::selgame_Diff_Select,DiabloUI/multi/selgame.cpp,422,451,30c08057979fa18fb1f026c28875d1ea8624888611d2a4e7fa5b111a15b75666,
DiabloUI/multi/selgame.cpp|devilution::selgame_Diff_Esc(),devilution::selgame_Diff_Esc,DiabloUI/multi/selgame.cpp,453,470,8271461d20413ddd0e14da35549ee87c108439f0854dc3e10904ece9b0f38242,
DiabloUI/multi/selgame.cpp|devilution::selgame_GameSpeedSelection(),devilution::selgame_GameSpeedSelection,DiabloUI/multi/selgame.cpp,472,509,7086604fd7804bf3376e1c5ee23c5bb7b723f4fe9289fa1410f733e565b3206a,
DiabloUI/multi/selgame.cpp|devilution::selgame_Speed_Focus(int value),devilution::selgame_Speed_Focus,DiabloUI/multi/selgame.cpp,511,532,6e5adbebc5ae3a89132b16d2269aba548727ebeb7cbbf772e39a25ca9c980f86,0x1400e4400
DiabloUI/multi/selgame.cpp|devilution::selgame_Speed_Esc(),devilution::selgame_Speed_Esc,DiabloUI/multi/selgame.cpp,534,537,abf7b852e9ef248b2ec69eeb0228d65052b82303d71372cd71eb4d0f9d761f29,
DiabloUI/multi/selgame.cpp|devilution::selgame_Speed_Select(int value),devilution::selgame_Speed_Select,DiabloUI/multi/selgame.cpp,539,549,f2f325c9ad00c0a72f94101e0de93067d54107225faad53713e0d80438bfdf72,0x1400e45b0
DiabloUI/multi/selgame.cpp|devilution::selgame_Password_Init(int),devilution::selgame_Password_Init,DiabloUI/multi/selgame.cpp,551,586,d35995d9d7fb942b423cccc609d0cb8f8d4625791ba5bb4d1e582aa20492200c,
DiabloUI/multi/selgame.cpp|devilution::IsGameCompatibleWithErrorMessage(const GameData &data),devilution::IsGameCompatibleWithErrorMessage,DiabloUI/multi/selgame.cpp,588,601,56c21d545463da7fb7fe2c1b88c3ed5a5d5fd5396f64e1882c97eafaf51af9b1,
DiabloUI/multi/selgame.cpp|devilution::selgame_Password_Select(int),devilution::selgame_Password_Select,DiabloUI/multi/selgame.cpp,603,675,a1055c91a5aee64f349171db39ef9098c3842214674bd1e7d73790f49dd606c8,
DiabloUI/multi/selgame.cpp|devilution::selgame_Password_Esc(),devilution::selgame_Password_Esc,DiabloUI/multi/selgame.cpp,677,683,8d76a3b29900461f54a5dba2c25878afec7b5056772d8dcfe277e8d6a111fa4b,
DiabloUI/multi/selgame.cpp|devilution::RefreshGameList(),devilution::RefreshGameList,DiabloUI/multi/selgame.cpp,685,713,eb90e9908696c01699f4df2893aee428ce8fb7d4e86c7c76ea75a6b5ffc10337,
"DiabloUI/multi/selgame.cpp|devilution::UiSelectGame(GameData *gameData, int *playerId)",devilution::UiSelectGame,DiabloUI/multi/selgame.cpp,715,738,7fbc2f943bdc77faa6238867a5003aed798803d890cfce537bcd91c78b424fbf,
DiabloUI/progress.cpp|devilution::DialogActionCancel(),devilution::DialogActionCancel,DiabloUI/progress.cpp,25,28,d2e0e89cbe20968c029929e0ea5db92ceff05039af9eb74c6cc135f2c385172b,
DiabloUI/progress.cpp|devilution::ProgressLoadBackground(),devilution::ProgressLoadBackground,DiabloUI/progress.cpp,30,35,d5796cb5118f3a1df2329be97c72c0ac29fe2bec605c533a558d7b73f3672cb2,
DiabloUI/progress.cpp|devilution::ProgressLoadForeground(),devilution::ProgressLoadForeground,DiabloUI/progress.cpp,37,45,be66703496cda4fa8780b50da938db14d2b4b7f264a1eefaea6e91b75dbc9786,
DiabloUI/progress.cpp|devilution::ProgressFreeBackground(),devilution::ProgressFreeBackground,DiabloUI/progress.cpp,47,52,eba0ff715ecbd28f244998981d82866e737b126753d5f930cb76e579356de61c,
DiabloUI/progress.cpp|devilution::ProgressFreeForeground(),devilution::ProgressFreeForeground,DiabloUI/progress.cpp,54,59,81e306ab8f14737d6464c5df7f4525f4b6c517433d4deeb144ceda35914dcbba,
DiabloUI/progress.cpp|devilution::GetPosition(),devilution::GetPosition,DiabloUI/progress.cpp,61,64,5bbc283b36d18e5c6ec6dc862f5ed634c55a9f0a2d9939a985e436604650ddcb,
DiabloUI/progress.cpp|devilution::ProgressRenderBackground(),devilution::ProgressRenderBackground,DiabloUI/progress.cpp,66,74,2c25f2e75db6dc7cba6c2e6145aa206fccdd0ffe6be71d10437523d22ba2b1e3,
DiabloUI/progress.cpp|devilution::ProgressRenderForeground(int progress),devilution::ProgressRenderForeground,DiabloUI/progress.cpp,76,89,d80c18b80964f26d5056fd1cee5cc19cabb98f72ded7facea3c97c3ff4343792,
DiabloUI/progress.cpp|devilution::UiProgressDialog(int (*fnfunc)()),devilution::UiProgressDialog,DiabloUI/progress.cpp,93,156,9a7c991ce84ca059a42f7aac0022578b3d547c84e8b7d3dfd830add3c7577fde,
DiabloUI/scrollbar.cpp|devilution::LoadScrollBar(),devilution::LoadScrollBar,DiabloUI/scrollbar.cpp,11,16,3648ef32f4ec96f2d85823d8a89916cd813f178038530bd230fd479c74bdbbe1,0x1400e7690
DiabloUI/scrollbar.cpp|devilution::UnloadScrollBar(),devilution::UnloadScrollBar,DiabloUI/scrollbar.cpp,18,23,8755058b0cb94828109fff127092c0dc033f35f5f518afb7909b5093bcb8c779,
DiabloUI/scrollbar.h|devilution::UpArrowRect(const UiScrollbar &bar),devilution::UpArrowRect,DiabloUI/scrollbar.h,25,32,f57a10443a007d725ec8583019adfb79d205406e00d3b52342dd7fdc8d7c0143,
DiabloUI/scrollbar.h|devilution::DownArrowRect(const UiScrollbar &bar),devilution::DownArrowRect,DiabloUI/scrollbar.h,34,41,ff87f4c15b5653e2a3a7982f483b5f5dd13170ed0d96c350f47c56ef5c0e0470,
DiabloUI/scrollbar.h|devilution::BarHeight(const UiScrollbar &bar),devilution::BarHeight,DiabloUI/scrollbar.h,43,46,c8328021c51ce54e882ef994466d657b6becce168c87834b789e6693d8ad8a6e,
DiabloUI/scrollbar.h|devilution::BarRect(const UiScrollbar &bar),devilution::BarRect,DiabloUI/scrollbar.h,48,55,a1c70bd7074f51e6f71befefd75e877d3fd85686315ab662b1969051ec37058d,
"DiabloUI/scrollbar.h|devilution::ThumbRect(const UiScrollbar &bar, size_t selectedIndex, size_t numItems)",devilution::ThumbRect,DiabloUI/scrollbar.h,57,68,f31aaa5c04385fffa0fd5930cfc94e900a7eca15fc4f5c187a3bea6381bc12c5,
DiabloUI/selok.cpp|devilution::selok_Free(),devilution::selok_Free,DiabloUI/selok.cpp,24,31,cf476a353402b04f736485e42e9dcf584cd29a29e939c82485d39e733656b710,
DiabloUI/selok.cpp|devilution::selok_Select(int),devilution::selok_Select,DiabloUI/selok.cpp,33,36,90cb1229712f5a8ab032acdf0f8357a7377de474dd57f8ed1420b78ca1be3004,
DiabloUI/selok.cpp|devilution::selok_Esc(),devilution::selok_Esc,DiabloUI/selok.cpp,38,41,127129d752b1c422b447a651d35d108cf4b48c911bf1b444e48c6dc69db3fc2c,
"DiabloUI/selok.cpp|devilution::UiSelOkDialog(const char *title, const char *body, bool background)",devilution::UiSelOkDialog,DiabloUI/selok.cpp,43,86,8d04497af9bca355f3083ba70c7c1221032b032e9edadc2793122e1eafe0308d,
DiabloUI/selstart.cpp|devilution::ItemSelected(int value),devilution::ItemSelected,DiabloUI/selstart.cpp,18,24,7c0b6c37a884b56dc6c948d0a5c9b168086327d02f2c269cd06505db84ab27be,
DiabloUI/selstart.cpp|devilution::EscPressed(),devilution::EscPressed,DiabloUI/selstart.cpp,26,29,08905afde5c52319c159f7b941eff9231b0043f8d30c8666582cbc3e96b8a738,
DiabloUI/selstart.cpp|devilution::UiSelStartUpGameOption(),devilution::UiSelStartUpGameOption,DiabloUI/selstart.cpp,33,58,e1b793308af0a6f3dcd0909aa892426c6df241f59617116da5faaac71a26893d,
DiabloUI/selyesno.cpp|devilution::SelyesnoFree(),devilution::SelyesnoFree,DiabloUI/selyesno.cpp,20,27,ccb5cf840f794a5c715fe36354826d48ea3c30ff0754f3ab5f431f3bc2d622b9,
DiabloUI/selyesno.cpp|devilution::SelyesnoSelect(int value),devilution::SelyesnoSelect,DiabloUI/selyesno.cpp,29,33,52eed16dba5183444075264dab61624e586766c2b5dcc4bd3fc9aa3a6d670d6e,
DiabloUI/selyesno.cpp|devilution::SelyesnoEsc(),devilution::SelyesnoEsc,DiabloUI/selyesno.cpp,35,39,31a8190ff8c77aa54eabf6dd2d3b9311a77dd98fed624189119584f81fb18856,
"DiabloUI/selyesno.cpp|devilution::UiSelHeroYesNoDialog(const char *title, const char *body)",devilution::UiSelHeroYesNoDialog,DiabloUI/selyesno.cpp,43,76,362d3138a07d2256a051dc414459d45a21bae467634e95f8872e3b2c8a5cbfd4,
DiabloUI/settingsmenu.cpp|devilution::IsValidEntry(OptionEntryBase *pOptionEntry),devilution::IsValidEntry,DiabloUI/settingsmenu.cpp,62,70,74438ff224c6b9421c0df5559f5d5f5323699daf3e705ea42baa47c6d27636f4,
DiabloUI/settingsmenu.cpp|devilution::CreateDrawStringFormatArgForEntry(OptionEntryBase *pEntry),devilution::CreateDrawStringFormatArgForEntry,DiabloUI/settingsmenu.cpp,72,78,78301f020170795846c095d298a301881ced839cffc3a56dee00ffc3b33adefa,
DiabloUI/settingsmenu.cpp|devilution::NeedsTwoLinesToDisplayOption(std::vector<DrawStringFormatArg> &formatArgs),devilution::NeedsTwoLinesToDisplayOption,DiabloUI/settingsmenu.cpp,81,84,0d950d203eb4af1d6501ead60234902daddc0316fe1a15f1fcc53399deb37cd6,
DiabloUI/settingsmenu.cpp|devilution::CleanUpSettingsUI(),devilution::CleanUpSettingsUI,DiabloUI/settingsmenu.cpp,86,97,709b22c0ecf6d197a56e20c2ead170478d7ec6c5e9e9c8e2fb3b95327a1e7087,
DiabloUI/settingsmenu.cpp|devilution::GoBackOneMenuLevel(),devilution::GoBackOneMenuLevel,DiabloUI/settingsmenu.cpp,99,113,3e2cc4a371599d113cd2db61a2d415b22d2ac66130e5bb3dde94f59a05faa58a,
DiabloUI/settingsmenu.cpp|devilution::StartPadEntryTimer(),devilution::StartPadEntryTimer,DiabloUI/settingsmenu.cpp,115,124,f78aa9d065043f54cf219e4991d248073d8816381bfddfef38449342c976e4cd,
DiabloUI/settingsmenu.cpp|devilution::StopPadEntryTimer(),devilution::StopPadEntryTimer,DiabloUI/settingsmenu.cpp,126,135,b0a2fc9c8e38ba76835b90d85e0bdfd5a6b5297bf5a31fee429d19fbc9d6e984,
DiabloUI/settingsmenu.cpp|devilution::UpdatePadEntryTimerText(),devilution::UpdatePadEntryTimerText,DiabloUI/settingsmenu.cpp,137,148,0e6d910b1a10362a11bfd4ccbfb897c2f3e9a0ef6c2eb3590e441baeac0d471f,
DiabloUI/settingsmenu.cpp|devilution::UpdateDescription(const OptionEntryBase &option),devilution::UpdateDescription,DiabloUI/settingsmenu.cpp,150,154,7b2ead5b99718f35953338ec0731a30cf25ac385d11bd664b0a3f20b29d83666,
DiabloUI/settingsmenu.cpp|devilution::UpdateDescription(const OptionCategoryBase &category),devilution::UpdateDescription,DiabloUI/settingsmenu.cpp,156,160,30e88378b420a3e96e2c5ab412c7768092a56aad408582f3a40818c1d68d1dce,
DiabloUI/settingsmenu.cpp|devilution::ItemFocused(int value),devilution::ItemFocused,DiabloUI/settingsmenu.cpp,162,184,42714e5d98b30055f77bb829c0947fa33d5b13b4a4626ebfbc18579d9bac33c4,
"DiabloUI/settingsmenu.cpp|devilution::ChangeOptionValue(OptionEntryBase *pOption, size_t listIndex)",devilution::ChangeOptionValue,DiabloUI/settingsmenu.cpp,186,220,d48e25188e9987a2434c93226319ee139f33697455b4cdabbbb8c221c6376a47,
DiabloUI/settingsmenu.cpp|devilution::ItemSelected(int value),devilution::ItemSelected,DiabloUI/settingsmenu.cpp,222,310,c86d05b9d6ed4b220ccccd7f5a08ddcfeb8177d296476dfdfd07a82dbfee09c3,
DiabloUI/settingsmenu.cpp|devilution::EscPressed(),devilution::EscPressed,DiabloUI/settingsmenu.cpp,312,315,5fa336019a97bd9a24eb49b9def0b8504cf926515b036a85b85d175eb4b7b8e9,
DiabloUI/settingsmenu.cpp|devilution::FullscreenChanged(),devilution::FullscreenChanged,DiabloUI/settingsmenu.cpp,317,335,ad80ab73d43ddc20174b0bd25b0a2afe149b0fb4944ff7a4d320505b17cf27c4,
DiabloUI/settingsmenu.cpp|devilution::UiSettingsMenu(),devilution::UiSettingsMenu,DiabloUI/settingsmenu.cpp,339,535,5d9910f90ef3360bf1287d1eb339437bba41ed145b8eaf8c8e9d0d6b1ad2d3cc,0x1400f0870
DiabloUI/title.cpp|devilution::TitleLoad(),devilution::TitleLoad,DiabloUI/title.cpp,19,28,264240035444838101d4fae8f998dbf438e0e1ed8832ef1dae36cfdb31196675,
DiabloUI/title.cpp|devilution::TitleFree(),devilution::TitleFree,DiabloUI/title.cpp,30,37,eec7b24261805596482e93224cecb9aa9a4e70e5627c21524bf789026cbbb93b,
DiabloUI/title.cpp|devilution::UiTitleDialog(),devilution::UiTitleDialog,DiabloUI/title.cpp,41,87,b860bf4506601a768b16d95b4a3df164617c0a171a90459b20982af52c01ea61,0x140021210
DiabloUI/ui_item.h|devilution::UiItemBase::GetType(),devilution::UiItemBase::GetType,DiabloUI/ui_item.h,32,35,ba540d61349798f05007ec72b0113327623186c0f029e79cbd062b0a86884c82,
DiabloUI/ui_item.h|devilution::UiItemBase::IsType(UiType testType),devilution::UiItemBase::IsType,DiabloUI/ui_item.h,37,40,c778fdcdc880d6da38802f8cbe91aa26d9de0f31ee2ca1e4179481aa3309cf54,
DiabloUI/ui_item.h|devilution::UiItemBase::GetFlags(),devilution::UiItemBase::GetFlags,DiabloUI/ui_item.h,42,45,ff62de79dfc4b0444f588cef60543c911f0791ed40bbad9b0a0e99b39eca440d,
DiabloUI/ui_item.h|devilution::UiItemBase::IsHidden(),devilution::UiItemBase::IsHidden,DiabloUI/ui_item.h,47,50,469f53f6c29a3c03c5d4cc066f0b5e5ffdf26e85befcd95f9ea118210f98877b,
DiabloUI/ui_item.h|devilution::UiItemBase::IsNotInteractive(),devilution::UiItemBase::IsNotInteractive,DiabloUI/ui_item.h,52,55,4fc43306f689015ba9b673de6382035b165ab34d76b6da68ce6c22fd58ab39a5,
DiabloUI/ui_item.h|devilution::UiItemBase::Hide(),devilution::UiItemBase::Hide,DiabloUI/ui_item.h,57,60,fcaa70ac2a3628730821fdc1d5dd23dbb3787570c249635f64b4c93580fce4dc,
DiabloUI/ui_item.h|devilution::UiItemBase::Show(),devilution::UiItemBase::Show,DiabloUI/ui_item.h,62,65,4ad2e2d2d643069b8c9e12ae9b7a72be60f6461b17464d697c3209a12ca11aa1,
"DiabloUI/ui_item.h|devilution::UiItemBase::UiItemBase(UiType type, SDL_Rect rect, UiFlags flags)",devilution::UiItemBase::UiItemBase,DiabloUI/ui_item.h,68,73,f5f037cc1a617215f93302b8d9809223c8a9ec4b4e4034a3fa51fd3b4f603c52,
DiabloUI/ui_item.h|devilution::UiItemBase::SetFlags(UiFlags flags),devilution::UiItemBase::SetFlags,DiabloUI/ui_item.h,75,78,2d843343ba29d9fc35f713b8232bbba77f5d9769440e63c6f97d9a84faefd268,
"DiabloUI/ui_item.h|devilution::UiImageClx::UiImageClx(ClxSprite sprite, SDL_Rect rect, UiFlags flags = UiFlags::None)",devilution::UiImageClx::UiImageClx,DiabloUI/ui_item.h,93,97,f9473401fbe7ffb12a6d83a01cb32800fc701bd171fc547c3937c41622014645,
DiabloUI/ui_item.h|devilution::UiImageClx::isCentered(),devilution::UiImageClx::isCentered,DiabloUI/ui_item.h,99,102,2153d3ff266c992b4e3c779f3fa633f809e8352ca358497c28ec5aefbdbae5a8,
DiabloUI/ui_item.h|devilution::UiImageClx::sprite(),devilution::UiImageClx::sprite,DiabloUI/ui_item.h,104,107,b1be02f60fe2f0560499c556e15a42986332c79cfa49ab814c330b32ae3bb3be,
DiabloUI/ui_item.h|devilution::UiImageClx::setSprite(ClxSprite sprite),devilution::UiImageClx::setSprite,DiabloUI/ui_item.h,109,112,79fc20f2a694de73a39c6c1740964837e70d255ec41729b68e278b77ae21674e,
"DiabloUI/ui_item.h|devilution::UiImageAnimatedClx::UiImageAnimatedClx(ClxSpriteList list, SDL_Rect rect, UiFlags flags = UiFlags::None)",devilution::UiImageAnimatedClx::UiImageAnimatedClx,DiabloUI/ui_item.h,121,125,f4e8db1fbfc0ee8e8d865042286fcc245862a145458ee363b9218241ca698fa0,
DiabloUI/ui_item.h|devilution::UiImageAnimatedClx::isCentered(),devilution::UiImageAnimatedClx::isCentered,DiabloUI/ui_item.h,127,130,2153d3ff266c992b4e3c779f3fa633f809e8352ca358497c28ec5aefbdbae5a8,
DiabloUI/ui_item.h|devilution::UiImageAnimatedClx::sprite(uint16_t frame),devilution::UiImageAnimatedClx::sprite,DiabloUI/ui_item.h,132,135,f587373d4b196807e902eb164a89fd4d0c43816f2b1d2c5b1836e3acfb0e20f7,
DiabloUI/ui_item.h|devilution::UiImageAnimatedClx::numFrames(),devilution::UiImageAnimatedClx::numFrames,DiabloUI/ui_item.h,137,140,88b61167aa2e5724dd51846841f9e419533556da35738b3fc7bc70bed06c2f92,
"DiabloUI/ui_item.h|devilution::UiArtText::UiArtText(const char *text, SDL_Rect rect, UiFlags flags = UiFlags::None, int spacing = 1, int lineHeight = -1)",devilution::UiArtText::UiArtText,DiabloUI/ui_item.h,158,164,a6ce35a5014c50d83067067f9a7446bfffbe350b714916bdc4951aa002074600,
"DiabloUI/ui_item.h|devilution::UiArtText::UiArtText(const char **ptext, SDL_Rect rect, UiFlags flags = UiFlags::None, int spacing = 1, int lineHeight = -1)",devilution::UiArtText::UiArtText,DiabloUI/ui_item.h,174,180,83658fae3d39f558f705da372912217455f4f8fb1d4327fed1c2eb87c4ff7fad,
DiabloUI/ui_item.h|devilution::UiArtText::GetText(),devilution::UiArtText::GetText,DiabloUI/ui_item.h,182,187,cb4c13dc4282305c5c0b1b8c46318347b540df3a63364924e4e6cc0e516bdea6,
DiabloUI/ui_item.h|devilution::UiArtText::GetSpacing(),devilution::UiArtText::GetSpacing,DiabloUI/ui_item.h,189,192,a3d6e19c6603982cd6fb4f348022edf83b09b7dd4cf254b714f6f7bd839c0fab,
DiabloUI/ui_item.h|devilution::UiArtText::GetLineHeight(),devilution::UiArtText::GetLineHeight,DiabloUI/ui_item.h,194,197,3377db008137ca0b07712a313dcac1486820bb2d4ce1affc483daa599b79728e,
"DiabloUI/ui_item.h|devilution::UiScrollbar::UiScrollbar(ClxSprite bg, ClxSprite thumb, ClxSpriteList arrow, SDL_Rect rect, UiFlags flags = UiFlags::None)",devilution::UiScrollbar::UiScrollbar,DiabloUI/ui_item.h,210,216,cde64deed2c54fe2b5f8ad6c3b89e5ece8cc69bb67ba3452b2bda1d3df50b728,
"DiabloUI/ui_item.h|devilution::UiArtTextButton::UiArtTextButton(string_view text, Callback action, SDL_Rect rect, UiFlags flags = UiFlags::None)",devilution::UiArtTextButton::UiArtTextButton,DiabloUI/ui_item.h,230,235,4aade62cdb9ef7723575d1f68485f7f7480501ead34de8e912cb159989df7e5f,
DiabloUI/ui_item.h|devilution::UiArtTextButton::SetFlags(UiFlags flags),devilution::UiArtTextButton::SetFlags,DiabloUI/ui_item.h,237,240,c52fd82e49ed7fa4c4fdc13d9096808795bccf211c5537e4c4c82e19b4989109,
DiabloUI/ui_item.h|devilution::UiArtTextButton::GetText(),devilution::UiArtTextButton::GetText,DiabloUI/ui_item.h,242,245,8f05b40434bc4b9017bf88b26ae0fc993973d8616b1238b28f1c704f4e375178,
DiabloUI/ui_item.h|devilution::UiArtTextButton::Activate(),devilution::UiArtTextButton::Activate,DiabloUI/ui_item.h,247,250,27a6f2c98231846c5caaaf89f226e51254fa24661228a7a1f4eda4dce7e71a73,
"DiabloUI/ui_item.h|devilution::UiEdit::UiEdit(string_view hint, char *value, std::size_t maxLength, bool allowEmpty, SDL_Rect rect, UiFlags flags = UiFlags::None)",devilution::UiEdit::UiEdit,DiabloUI/ui_item.h,261,268,757774ee46fd07653e4f60429b2a9198d9b2270c1cf2841f495f9c4c8aeecb32,
"DiabloUI/ui_item.h|devilution::UiText::UiText(string_view text, SDL_Rect rect, UiFlags flags = UiFlags::ColorDialogWhite)",devilution::UiText::UiText,DiabloUI/ui_item.h,283,287,59707c57b5042fe0232d9b1945ed349e7f7a0ab295cae3f390d0168a424a9ce4,
DiabloUI/ui_item.h|devilution::UiText::GetText(),devilution::UiText::GetText,DiabloUI/ui_item.h,289,292,8f05b40434bc4b9017bf88b26ae0fc993973d8616b1238b28f1c704f4e375178,
"DiabloUI/ui_item.h|devilution::UiButton::UiButton(string_view text, Callback action, SDL_Rect rect, UiFlags flags = UiFlags::None)",devilution::UiButton::UiButton,DiabloUI/ui_item.h,306,312,341a7cea2909070e69f0bec73ae72880278ec33ce3e1242075112ea81d01c432,
DiabloUI/ui_item.h|devilution::UiButton::GetText(),devilution::UiButton::GetText,DiabloUI/ui_item.h,314,317,8f05b40434bc4b9017bf88b26ae0fc993973d8616b1238b28f1c704f4e375178,
DiabloUI/ui_item.h|devilution::UiButton::Activate(),devilution::UiButton::Activate,DiabloUI/ui_item.h,319,322,27a6f2c98231846c5caaaf89f226e51254fa24661228a7a1f4eda4dce7e71a73,
DiabloUI/ui_item.h|devilution::UiButton::IsPressed(),devilution::UiButton::IsPressed,DiabloUI/ui_item.h,324,327,7f12b9ef52199b897d0c160be3ae913e66704a09d4a55e7e90aad38cfa626472,
DiabloUI/ui_item.h|devilution::UiButton::Press(),devilution::UiButton::Press,DiabloUI/ui_item.h,329,332,042c7b1d1918ebda6867c15a8db95ac88f5ce57de42a8bbb1586e59f164cc4b5,
DiabloUI/ui_item.h|devilution::UiButton::Release(),devilution::UiButton::Release,DiabloUI/ui_item.h,334,337,778a1dc076beabcfef9f4514b3a96892722606ae1f388abaa4af2dcbe470cd74,
"DiabloUI/ui_item.h|devilution::UiListItem::UiListItem(string_view text = """", int value = 0, UiFlags uiFlags = UiFlags::None)",devilution::UiListItem::UiListItem,DiabloUI/ui_item.h,351,356,f975ceecee4e8a6b662a068bcff78e50d50c6e1b6a9d52f40708324a92fdb561,
"DiabloUI/ui_item.h|devilution::UiListItem::UiListItem(string_view text, std::vector<DrawStringFormatArg> &args, int value = 0, UiFlags uiFlags = UiFlags::None)",devilution::UiListItem::UiListItem,DiabloUI/ui_item.h,358,364,7ff1f6045c203305e1fd0b0748d87561e715523050f935de630fbbd020f2224e,
"DiabloUI/ui_item.h|devilution::UiList::UiList(const vUiListItem &vItems, size_t viewportMaxSize, Sint16 x, Sint16 y, Uint16 item_width, Uint16 item_height, UiFlags flags = UiFlags::None, int spacing = 1)",devilution::UiList::UiList,DiabloUI/ui_item.h,377,380,c081c758ffa6a434edfbf271d039fd2b8f3a2ceb92c690fbf6f1456c056f5093,
DiabloUI/ui_item.h|devilution::UiList::itemRect(int i),devilution::UiList::itemRect,DiabloUI/ui_item.h,382,391,da617a1e082aa5f15775b2c793771c7025f7ce4fe2ebeb0a05419bc7ecaad4ae,
DiabloUI/ui_item.h|devilution::UiList::indexAt(Sint16 y),devilution::UiList::indexAt,DiabloUI/ui_item.h,393,399,8ef7b12e3bb345722bce8fe8d6b76fc7312513eb8f5f8d09b5dc147b4f307575,
DiabloUI/ui_item.h|devilution::UiList::GetItem(std::size_t i),devilution::UiList::GetItem,DiabloUI/ui_item.h,401,404,a38777be6818626881f1a3ae376dad9f2702bfb088932bb1e50d85888a23c5cf,
DiabloUI/ui_item.h|devilution::UiList::GetSpacing(),devilution::UiList::GetSpacing,DiabloUI/ui_item.h,406,409,a3d6e19c6603982cd6fb4f348022edf83b09b7dd4cf254b714f6f7bd839c0fab,
DiabloUI/ui_item.h|devilution::UiList::IsPressed(size_t index),devilution::UiList::IsPressed,DiabloUI/ui_item.h,411,414,a9ca9ae204df2a201cb6ef1080a2f3951706f9f516d3313539d5c0794873915e,
DiabloUI/ui_item.h|devilution::UiList::Press(size_t index),devilution::UiList::Press,DiabloUI/ui_item.h,416,419,93495bc854d33ec8bdbc8e4865773edbae9527153722641326086ffe193cd315,
DiabloUI/ui_item.h|devilution::UiList::Release(),devilution::UiList::Release,DiabloUI/ui_item.h,421,424,5142b39508fdc8c2a7d2352d710cc8887dad7df0f50a2b262e86ea0c9e126a46,
"DiabloUI/ui_item.h|devilution::UiList::UiList(PrivateConstructor tag, const vUiListItem &vItems, size_t viewportSize, Sint16 x, Sint16 y, Uint16 item_width, Uint16 item_height, UiFlags flags, int spacing)",devilution::UiList::UiList,DiabloUI/ui_item.h,436,449,efcba76cdd794aa4caa7b0ca1406103169c22088b181c29d55fb17057c0f8c56,
appfat.cpp|devilution::FreeDlg(),devilution::FreeDlg,appfat.cpp,31,45,e63c3e7eda0e557eadfda54453594d83da6998cbbf6b7c3e92c1a6bd9ad34a0c,
appfat.cpp|devilution::app_fatal(string_view str),devilution::app_fatal,appfat.cpp,49,54,9a60c9a2623bb541eb37a748180cc89dfec95b52f6955d2a69c13cb4c4d4627e,0x140002140
"appfat.cpp|devilution::ErrDlg(const char *title, string_view error, string_view logFilePath, int logLineNr)",devilution::ErrDlg,appfat.cpp,63,71,6b1ea8a548a76d903d6707cb20bee2b4b355dfcf31d3fa9e738e80a0697dbf94,
appfat.cpp|devilution::InsertCDDlg(string_view archiveName),devilution::InsertCDDlg,appfat.cpp,73,83,951576ae9abed25c70868500abee3419fbcac69068a6822ea16ee1e4d5366e3e,0x1400022b0
appfat.cpp|devilution::DirErrorDlg(string_view error),devilution::DirErrorDlg,appfat.cpp,85,91,0a7fb959b202c7397f67842a9ab0c183f0ef3089b3179a9b0ea37a3bafd88f27,
automap.cpp|devilution::AutomapTile::HasFlag(Flags test),devilution::AutomapTile::HasFlag,automap.cpp,94,97,6aba64c19ff44d2a0abf712d84dc575bffcce1d04326bf64258511c1710d4d90,
"automap.cpp|devilution::DrawDiamond(const Surface &out, Point center, uint8_t color)",devilution::DrawDiamond,automap.cpp,105,115,3bfbad62b4634eed16d836937325c472ad58a683742ab8e427df4af2465740b7,
"automap.cpp|devilution::DrawMapVerticalDoor(const Surface &out, Point center, uint8_t colorBright, uint8_t colorDim)",devilution::DrawMapVerticalDoor,automap.cpp,117,128,6fcf8e8da0274e36b0e923d6bcdcdff22afbf83b982bf99c7d93044d9d0f4997,
"automap.cpp|devilution::DrawMapHorizontalDoor(const Surface &out, Point center, uint8_t colorBright, uint8_t colorDim)",devilution::DrawMapHorizontalDoor,automap.cpp,130,141,88f99df36961dc91839335a78a8461c5927459997e982e35e5080a603c73127c,
"automap.cpp|devilution::DrawDirt(const Surface &out, Point center, uint8_t color)",devilution::DrawDirt,automap.cpp,143,167,118b4d7a2daa0b8192ee64cafc484af08e2b52621501e020e49b41da78263731,
"automap.cpp|devilution::DrawBridge(const Surface &out, Point center, uint8_t color)",devilution::DrawBridge,automap.cpp,169,180,0d5e3b630a028df0fbf0969512a6b766faa7c0fbc0e95f5bead39a6a59c27421,
"automap.cpp|devilution::DrawRiverRightIn(const Surface &out, Point center, uint8_t color)",devilution::DrawRiverRightIn,automap.cpp,182,200,116807ff5e9c7b96e0f51d9a5d36f4374e7aa9fd91e92f0c52ace7cadf9bf226,
"automap.cpp|devilution::DrawRiverCornerSouth(const Surface &out, Point center, uint8_t color)",devilution::DrawRiverCornerSouth,automap.cpp,202,205,ea917e4c016eabb31dd54cd180f89e89553ff5fd088251610d47533886ea59b4,
"automap.cpp|devilution::DrawRiverCornerNorth(const Surface &out, Point center, uint8_t color)",devilution::DrawRiverCornerNorth,automap.cpp,207,212,88e8b693b89c247b50107b51ac28d317994a6b2212bdd0eb280fa5c885a14ca6,
"automap.cpp|devilution::DrawRiverLeftOut(const Surface &out, Point center, uint8_t color)",devilution::DrawRiverLeftOut,automap.cpp,214,235,f244a67e169bc871e701ff4861610e636d188c738975b8b5bba6599729d1658f,
"automap.cpp|devilution::DrawRiverLeftIn(const Surface &out, Point center, uint8_t color)",devilution::DrawRiverLeftIn,automap.cpp,237,254,241b6e3693e7d583b65c056fd13f5a1d4185448e4f322be99a18e4bd8687ac07,
"automap.cpp|devilution::DrawRiverCornerWest(const Surface &out, Point center, uint8_t color)",devilution::DrawRiverCornerWest,automap.cpp,256,260,3987ba0289adfdf4807e37330dfe635c1ab4e2a54975059d2addbf8375a94e7d,
"automap.cpp|devilution::DrawRiverCornerEast(const Surface &out, Point center, uint8_t color)",devilution::DrawRiverCornerEast,automap.cpp,262,267,98bda143fb526e3b0e1876ffa03c157238d285d6bb8696df9ba49f61a65ac07f,
"automap.cpp|devilution::DrawRiverRightOut(const Surface &out, Point center, uint8_t color)",devilution::DrawRiverRightOut,automap.cpp,269,286,784837a473f1624643364132877d5cb8ea7a81fc7d6905abc50d8b75f89d35ae,
"automap.cpp|devilution::DrawRiver(const Surface &out, Point center, uint8_t color)",devilution::DrawRiver,automap.cpp,288,307,c282d75bc48e1ef1dc61276df7cd1287eef3179529e8da4ed9b9a4c4eb500fd2,
"automap.cpp|devilution::DrawRiverForkIn(const Surface &out, Point center, uint8_t color)",devilution::DrawRiverForkIn,automap.cpp,309,331,6b327329ea079b966ba834ef685519a82c6bb57e3beb05c0dfc7a25ffe2927f3,
"automap.cpp|devilution::DrawRiverForkOut(const Surface &out, Point center, uint8_t color)",devilution::DrawRiverForkOut,automap.cpp,333,345,1c42628570ff75c0a0c01891917cab07909e8ca4d9435cc2a45d53b8b65219cc,
"automap.cpp|devilution::DrawStairs(const Surface &out, Point center, uint8_t color)",devilution::DrawStairs,automap.cpp,347,356,db22e00bfbc9099243044b077fedb56f96a7538f9374b961798f3d1a7a75a668,
"automap.cpp|devilution::DrawHorizontal(const Surface &out, Point center, AutomapTile tile, uint8_t colorBright, uint8_t colorDim)",devilution::DrawHorizontal,automap.cpp,361,376,27b4626a356366687e348de9b8be798f84e235a96a98d38378c1f27dddcf9093,
"automap.cpp|devilution::DrawVertical(const Surface &out, Point center, AutomapTile tile, uint8_t colorBright, uint8_t colorDim)",devilution::DrawVertical,automap.cpp,381,396,a838cd99024c9ac701649a37abe0c7f48963473a802c8c23d014920ea828f9e8,
"automap.cpp|devilution::DrawCaveHorizontal(const Surface &out, Point center, AutomapTile tile, uint8_t colorBright, uint8_t colorDim)",devilution::DrawCaveHorizontal,automap.cpp,401,408,809f3d7bd7c1f91e898e582244f64aaeb13eb9d03764c9185d9a7b682ebaebb2,
"automap.cpp|devilution::DrawCaveVertical(const Surface &out, Point center, AutomapTile tile, uint8_t colorBright, uint8_t colorDim)",devilution::DrawCaveVertical,automap.cpp,413,420,f8a80230f2d63e9674a29a518bc9183615145503b97c9376a4d80e1a74fadafc,
"automap.cpp|devilution::HasAutomapFlag(Point position, AutomapTile::Flags type)",devilution::HasAutomapFlag,automap.cpp,425,432,354d7a17bd1be39c9d6cfaf66009e65243590e2fa330412e533028cbf842f2c3,
automap.cpp|devilution::GetAutomapType(Point position),devilution::GetAutomapType,automap.cpp,437,453,f74c9c5ab9d62ca554f5cf4231efec695b8f79296465a2bdb52464d6724ccdcd,
automap.cpp|devilution::GetAutomapTypeView(Point map),devilution::GetAutomapTypeView,automap.cpp,458,485,11f3704a14bb15859fabe5b98fda91e0e8f9b0612e7a7ef578d1eb336248319b,
"automap.cpp|devilution::DrawAutomapTile(const Surface &out, Point center, Point map)",devilution::DrawAutomapTile,automap.cpp,490,594,b868eb598b79473d11d94289ea22af25b565e7edae657783a299ab626bbbd47b,
"automap.cpp|devilution::SearchAutomapItem(const Surface &out, const Displacement &myPlayerOffset, int searchRadius, tl::function_ref<bool(Point position)> highlightTile)",devilution::SearchAutomapItem,automap.cpp,596,637,4483781f98a5a128659600a49285e99ebf674d0b7f902eb265dd68564b9ace5c,
"automap.cpp|devilution::DrawAutomapPlr(const Surface &out, const Displacement &myPlayerOffset, int playerId)",devilution::DrawAutomapPlr,automap.cpp,642,724,2966ba6a2618b1fac45c8d992adac2906b3e59ef75cad9aeafbd89191083bba9,
automap.cpp|devilution::DrawAutomapText(const Surface &out),devilution::DrawAutomapText,automap.cpp,729,792,c3c6541bb6836511d7ab1f17670cd4b18ab0fbcedfb774049ef3416f96e93053,0x140006ef0
automap.cpp|devilution::LoadAutomapData(size_t &tileCount),devilution::LoadAutomapData,automap.cpp,794,814,2de2e6a06cd2fbda9aee3cd838292a4ec2d47e65a4de7ee5bf1586da628f9a31,0x1400055d0
automap.cpp|devilution::InitAutomapOnce(),devilution::InitAutomapOnce,automap.cpp,823,827,18cf0a1366a54cc8a54a0135bc2cc7e7c2e84f3a1960c61c48ab4b6860eab35f,
automap.cpp|devilution::InitAutomap(),devilution::InitAutomap,automap.cpp,829,842,f34fb45dbd8101bc2fedf3119c53f18e5ecedd9bac1581f8649a4d9a0e913c43,
automap.cpp|devilution::StartAutomap(),devilution::StartAutomap,automap.cpp,844,848,5d1f6e4fd7e6e08f5736948dd705134208772051d82530b74f5d6be8ce45cdff,
automap.cpp|devilution::AutomapUp(),devilution::AutomapUp,automap.cpp,850,854,f1a1bcea5ef6b746d999fb13919e92eacf555202877c807c67ade2da59de0d04,
automap.cpp|devilution::AutomapDown(),devilution::AutomapDown,automap.cpp,856,860,964562e3a7aff78431c94af9f7ba4681bd849286c52730ac2bb47733a393a2fe,
automap.cpp|devilution::AutomapLeft(),devilution::AutomapLeft,automap.cpp,862,866,ffd59b3b33fe64298e053a1f4f5701547b75d239965faa55b6147a14e7eb6639,
automap.cpp|devilution::AutomapRight(),devilution::AutomapRight,automap.cpp,868,872,ddee013f94963c2da83951a053b2a2665dd723b81e3be4d360f31a5c145e0c2b,
automap.cpp|devilution::AutomapZoomIn(),devilution::AutomapZoomIn,automap.cpp,874,880,cdec5fd8248c965ce680301e11f3166fcac923dea385bb5e2336033e5f7747f3,
automap.cpp|devilution::AutomapZoomOut(),devilution::AutomapZoomOut,automap.cpp,882,888,7bb7236b0af58e584b6011089ccea3f8602d7481cfdfa9737fe06020d62879a2,
automap.cpp|devilution::DrawAutomap(const Surface &out),devilution::DrawAutomap,automap.cpp,890,992,2d79eaa2380a20dd9d44cc4ba3cf940d199a7bd23e8c2a95567314b5046658b4,
"automap.cpp|devilution::UpdateAutomapExplorer(Point map, MapExplorationType explorer)",devilution::UpdateAutomapExplorer,automap.cpp,994,998,e8dc0d7f163af86d0d96abb3953eeaced167d60599158f07c5d77a6fff1364e7,
"automap.cpp|devilution::SetAutomapView(Point position, MapExplorationType explorer)",devilution::SetAutomapView,automap.cpp,1000,1074,2ad1a5c1661f9cff65530c6d9bf8e193c3091e0c4a0cb28d9fba7044fe7579bd,
automap.cpp|devilution::AutomapZoomReset(),devilution::AutomapZoomReset,automap.cpp,1076,1079,a04c76a712f566d68ed69ffb2f48a1d244676ab323045ebeaf2c1a1651ee0da7,
automap.h|devilution::AmLine(int x),devilution::AmLine,automap.h,39,44,966cafea1c0b44b974129d5900f39c10b066bbe68cd4cd2c335ad6e8b65f3d7e,
"capture.cpp|devilution::CaptureHdr(int16_t width, int16_t height, FILE *out)",devilution::CaptureHdr,capture.cpp,33,50,378650b3fa79db0b754773de782524090fc40909d2c9a7f336bf0cd5a4e3d5c3,
"capture.cpp|devilution::CapturePal(SDL_Color *palette, FILE *out)",devilution::CapturePal,capture.cpp,58,70,2788246b1063476193a564bb61bb10e1018d3f7c1771f5ab7105d1706ed83768,
"capture.cpp|devilution::CaptureEnc(uint8_t *src, uint8_t *dst, int width)",devilution::CaptureEnc,capture.cpp,80,112,0f44057e05de07f58c97978f85c968a7ca48b6c57fa68ce65bc4ba32debec1b9,
"capture.cpp|devilution::CapturePix(const Surface &buf, FILE *out)",devilution::CapturePix,capture.cpp,121,133,3fe7639f84676d3ed570321a8b81346c07cc5431f82c907023014011edf97c08,
capture.cpp|devilution::CaptureFile(std::string *dstPath),devilution::CaptureFile,capture.cpp,135,150,5b00f2d27bc634cd053160e5cd6bffdea45929351b6913fcb6f3d26ed13361b1,
capture.cpp|devilution::RedPalette(),devilution::RedPalette,capture.cpp,155,164,97fb02fde4489c5263961df697129e08dbd0d80b115d8d15c0cb7d17d8b26802,
capture.cpp|devilution::CaptureScreen(),devilution::CaptureScreen,capture.cpp,167,202,b31b41701256e0c29bbb722814768216ec035a938230e833d9a33cb7d5888f75,
codec.cpp|devilution::CodecInitKey(const char *pszPassword),devilution::CodecInitKey,codec.cpp,24,54,47d084940bea49842673859254f6535b348ff2a61f88de540ba39d9aa93b6264,
codec.cpp|devilution::GetCodecSignature(byte *src),devilution::GetCodecSignature,codec.cpp,56,64,f9555df96e47e572e221ed777e1485c65f31db4c6782bd4b619792fa696f2acb,
"codec.cpp|devilution::SetCodecSignature(byte *dst, CodecSignature sig)",devilution::SetCodecSignature,codec.cpp,66,76,359f6a54ddf8b5b53f514a641eac473d680232c571eee78f8a1ff8ae79570ccc,
codec.cpp|devilution::ByteSwapBlock(uint32_t *data),devilution::ByteSwapBlock,codec.cpp,78,82,2e1bfdfc5ca7488159e47e28f53efff736f8c62f4d77641fe0f150526d9a586d,
"codec.cpp|devilution::XorBlock(const uint32_t *shaResult, uint32_t *out)",devilution::XorBlock,codec.cpp,84,88,50551f525c22a35f38c258b75535cb5aa1052a3aa5dfbe29853abd8f19731203,
"codec.cpp|devilution::codec_decode(byte *pbSrcDst, std::size_t size, const char *pszPassword)",devilution::codec_decode,codec.cpp,92,128,77c5464c5f9940c204075c635ce5a82c8b6cdecfc60dcb639ee67543116cded9,0x1400099f0
codec.cpp|devilution::codec_get_encoded_len(std::size_t dwSrcBytes),devilution::codec_get_encoded_len,codec.cpp,130,135,d9c83def25fbfea23ac0434b659223d686146cf41454b3f1547e77a262a59461,
"codec.cpp|devilution::codec_encode(byte *pbSrcDst, std::size_t size, std::size_t size64, const char *pszPassword)",devilution::codec_encode,codec.cpp,137,168,ee7602b06f847721682881cf70282b7df48f2c970f9555cd2d77a46ff4954972,0x140009d40
control.cpp|devilution::GetMainPanel(),devilution::GetMainPanel,control.cpp,85,88,0c6770c24c5dafb070ff3e828012c5d999765f120c8c25cee3a2880a4cce74d0,
control.cpp|devilution::GetLeftPanel(),devilution::GetLeftPanel,control.cpp,89,92,725b92e42ae475ce9272f0200a12c3c3cd2be38e4afeadd0b96aa331b14ad26d,
control.cpp|devilution::GetRightPanel(),devilution::GetRightPanel,control.cpp,93,96,5b7deb81ede7296853017adc1ab71f3e0d70ee6acd4993fa39bf381ee62e27aa,
control.cpp|devilution::IsLeftPanelOpen(),devilution::IsLeftPanelOpen,control.cpp,97,100,40740597782d34fe53c01caac7c698ba6909ebd461d7a134a273e299e31ab35a,
control.cpp|devilution::IsRightPanelOpen(),devilution::IsRightPanelOpen,control.cpp,101,104,2aecc12b395b62ae12db651e6abbc0aafaf4b36699816d32a5be99d9fd07db97,
"control.cpp|devilution::DrawFlaskTop(const Surface &out, Point position, const Surface &celBuf, int y0, int y1)",devilution::DrawFlaskTop,control.cpp,183,186,3737dfe149566051bec93a8eb845a22ac1d9f4936da9696c8e4f5dcbe3ebc6d9,
"control.cpp|devilution::DrawFlask(const Surface &out, const Surface &celBuf, Point sourcePosition, Point targetPosition, int h)",devilution::DrawFlask,control.cpp,198,202,7ea0228579ccfe2645b170d518d8e30024519d7f6d30664adb0e884c6f7c12c0,
"control.cpp|devilution::DrawFlaskUpper(const Surface &out, const Surface &sourceBuffer, int offset, int fillPer)",devilution::DrawFlaskUpper,control.cpp,212,222,2095b405bcda3e06c53e06e1c5d415ba1dfedc25aa4fcff378b4d5f8be5b899d,
"control.cpp|devilution::DrawFlaskLower(const Surface &out, const Surface &sourceBuffer, int offset, int fillPer)",devilution::DrawFlaskLower,control.cpp,232,243,a0432337c4475243292e4690a237a4a5cb195d7738b840700978e2899af52089,
control.cpp|devilution::SetButtonStateDown(int btnId),devilution::SetButtonStateDown,control.cpp,245,250,6daaf7d3a9e2cd258d7a91ecfd524085761a3509ff16c8f8f7ab53d6492b5473,
control.cpp|devilution::PrintInfo(const Surface &out),devilution::PrintInfo,control.cpp,252,271,6da84bc28e0f2305c0ae4780a036defca1b92d09184a9fe049d5cd67d288e78c,
"control.cpp|devilution::CapStatPointsToAdd(int remainingStatPoints, const Player &player, CharacterAttribute attribute)",devilution::CapStatPointsToAdd,control.cpp,273,278,4c38c0b34b1038be1e32921b33cb3c81a7be755c81ea92680ede928f5e4224c0,
"control.cpp|devilution::DrawDurIcon4Item(const Surface &out, Item &pItem, int x, int c)",devilution::DrawDurIcon4Item,control.cpp,280,333,a8c548269f6711b1c3dbd19f0bcff5d721f0224fc41f5a68533a98cde2905751,
control.cpp|devilution::TextCmdHelp(const string_view parameter),devilution::TextCmdHelp,control.cpp,344,361,f2d3873e6584b07c397fd65db5c2bae8ee80974ccb2234bee8fd74b4dc35e4c9,
control.cpp|devilution::AppendArenaOverview(std::string &ret),devilution::AppendArenaOverview,control.cpp,363,368,db23a0b438b6a62e5fb2ba1ae517fe9a2d18de85b7e950fe7fcd008e70f76a2c,
control.cpp|devilution::TextCmdArena(const string_view parameter),devilution::TextCmdArena,control.cpp,376,406,b02ca3922ca7275e520f375a6e77685a5f04dfcdc2e7cf929bb3ad67b3c1018f,
control.cpp|devilution::TextCmdArenaPot(const string_view parameter),devilution::TextCmdArenaPot,control.cpp,408,430,de71b0980ef87503f55f3b73abcb4707e513185b732728637b59e99df28e9af2,
control.cpp|devilution::TextCmdInspect(const string_view parameter),devilution::TextCmdInspect,control.cpp,432,462,f82dfec5122eb6ea63aa9b8d0749bd392639d671f1a8f3a3e1e90c88e2ce898c,0x14000a520
control.cpp|devilution::IsQuestEnabled(const Quest &quest),devilution::IsQuestEnabled,control.cpp,464,484,e8d8c1c749de282c706153fba92d527a646c18d690fbb1cb5bfe984a6f194c71,
control.cpp|devilution::TextCmdLevelSeed(const string_view parameter),devilution::TextCmdLevelSeed,control.cpp,486,521,87e2683cd338c7489ac0079aee6cef65a0b32290f4855b5453a329cf90cb0010,
control.cpp|devilution::CheckTextCommand(const string_view text),devilution::CheckTextCommand,control.cpp,531,550,0ebba843f89e12b4457b78f0478c81c716e337fb2b1e8929251dffe50d8a9ce7,0x140012e90
control.cpp|devilution::ResetTalkMsg(),devilution::ResetTalkMsg,control.cpp,552,569,489dc05b998d48a70e44703f23b8b650b1f1b9cea44b2fa0a3a48aa52724bc5f,
control.cpp|devilution::ControlPressEnter(),devilution::ControlPressEnter,control.cpp,571,596,28f860bff741132dc6d5ef28697e9c7b35e556d3d3635080ba174dd74d8d9c9b,
control.cpp|devilution::ControlUpDown(int v),devilution::ControlUpDown,control.cpp,598,607,211f0dbe968fc10973ae81f2672700775f7075a95d886dfdb2bbdf4a7d5421a4,
"control.cpp|devilution::RemoveGold(Player &player, int goldIndex)",devilution::RemoveGold,control.cpp,609,625,e398dbe4c4a0df77dddf3ecf789947ccb204cdee72fc8fda3cfdf2ffbde8634c,
control.cpp|devilution::IsLevelUpButtonVisible(),devilution::IsLevelUpButtonVisible,control.cpp,627,643,61fa5e553945abd3ecf472bb8f9b37e9780eca51483a65df208d3abccf275412,0x14000d2c0
control.cpp|devilution::CalculatePanelAreas(),devilution::CalculatePanelAreas,control.cpp,647,685,d8704acf252e3c89cf3d2439995dcbf3af1b07080fdddf5214eee1cc2b501068,
control.cpp|devilution::IsChatAvailable(),devilution::IsChatAvailable,control.cpp,687,694,c853595be6b440668888717b6a65109c32a29263013dc5c940ad9dd3fa5cfd3c,
control.cpp|devilution::FocusOnCharInfo(),devilution::FocusOnCharInfo,control.cpp,696,714,b475b9c5db9c2e0ce30f7c15edae8b4ce908ee8a9e1bd1e550397cabedf30e2c,
control.cpp|devilution::OpenCharPanel(),devilution::OpenCharPanel,control.cpp,716,722,1737c78aa2aac2554c39e630bba0263aede95fc19c5ea4ab19b0a4fc9ccad579,
control.cpp|devilution::CloseCharPanel(),devilution::CloseCharPanel,control.cpp,724,732,2678e67973ccb3aad572781837176164a9c46714d0f8386be9f500b0a9464f12,
control.cpp|devilution::ToggleCharPanel(),devilution::ToggleCharPanel,control.cpp,734,740,0cfde65ef72d852ee9cd093fc0c3d2717887f76eab2005d1d54b5a674ffacdab,
control.cpp|devilution::AddPanelString(string_view str),devilution::AddPanelString,control.cpp,742,748,5826f0478b09e9041ab60daa25fd831ab14f176af0abd55d176bc91ac1681391,
control.cpp|devilution::AddPanelString(std::string &&str),devilution::AddPanelString,control.cpp,750,756,c54db3f9b3a20b1ce48d66fa434aecc00ed4c82d468e76fc44e258bd79bdadd7,
"control.cpp|devilution::GetPanelPosition(UiPanels panel, Point offset)",devilution::GetPanelPosition,control.cpp,758,775,43bb3227f945c93f7cdc890f40f9e7740894a936c612e01fa3fe4e37c7f9c54e,
"control.cpp|devilution::DrawPanelBox(const Surface &out, SDL_Rect srcRect, Point targetPosition)",devilution::DrawPanelBox,control.cpp,777,780,70fb9c0cd08198e3efc593fae743a6d8f10dd0831f5727188522d15b9e3dc61b,
control.cpp|devilution::DrawLifeFlaskUpper(const Surface &out),devilution::DrawLifeFlaskUpper,control.cpp,782,786,02cc54cf15efbbd786974e0210841365d592422873c37565d596466b9f093dbf,
control.cpp|devilution::DrawManaFlaskUpper(const Surface &out),devilution::DrawManaFlaskUpper,control.cpp,788,792,5b75ecc9d3ae1c8a81f698ca38cd0d55e493534308f424a6ba803a8c806d4833,
control.cpp|devilution::DrawLifeFlaskLower(const Surface &out),devilution::DrawLifeFlaskLower,control.cpp,794,798,ac6f35b4bec72fb02894be1846e4db7b74d991c9b0ffc0f5cc67529062cf061b,
control.cpp|devilution::DrawManaFlaskLower(const Surface &out),devilution::DrawManaFlaskLower,control.cpp,800,804,9b372fec91723da665ac636c42dde7148badd909e41a362dca5d32be6e8af23c,
"control.cpp|devilution::DrawFlaskValues(const Surface &out, Point pos, int currValue, int maxValue)",devilution::DrawFlaskValues,control.cpp,806,819,985512b583e0dd241f368e0809e5c36be8ae292d120beb2b17f5374bafbf6d5d,
control.cpp|devilution::control_update_life_mana(),devilution::control_update_life_mana,control.cpp,821,825,e550efa7ec72cbd7d0b41c9fa582e9114b10d748a8313a7f886ed1544ad5f183,
control.cpp|devilution::InitControlPan(),devilution::InitControlPan,control.cpp,827,905,97dcd0f325f37d87300dc1a062056ef350b3d5591954df71ee1f7d412dc1b956,
control.cpp|devilution::DrawCtrlPan(const Surface &out),devilution::DrawCtrlPan,control.cpp,907,911,4b66f7bb3bc2748db2a31f6f42428b6da2c17a82728c3102fd8aaa43ea56e859,
control.cpp|devilution::DrawCtrlBtns(const Surface &out),devilution::DrawCtrlBtns,control.cpp,913,933,66e337f30f01947bff95a51166fe116ae7aa16d0d8310dd898b054c8182a5694,
control.cpp|devilution::ClearPanBtn(),devilution::ClearPanBtn,control.cpp,935,941,54b40678d909bee5c1a61f1fdeb2d4038f26de7d5af6c7b48cd35db1af8d27c5,
control.cpp|devilution::DoPanBtn(),devilution::DoPanBtn,control.cpp,943,969,55d4cd4fb645fe442be5fca5eb3d2706977b4797001cd361e72922d8ab226612,
control.cpp|devilution::control_check_btn_press(),devilution::control_check_btn_press,control.cpp,971,990,b08f3de65372d4d063f530fb46d0fd27e92570abeedab8ad7d97624f13c80917,
control.cpp|devilution::DoAutoMap(),devilution::DoAutoMap,control.cpp,992,998,1664a7c740c385918cb78b35f71afd686b1ce0a74edaa0412e357231d90bd927,
control.cpp|devilution::CheckPanelInfo(),devilution::CheckPanelInfo,control.cpp,1000,1064,07f34fa329565a8be945b0aeea7d1897096065bac9efcd6bb210114c963919ce,
control.cpp|devilution::CheckBtnUp(),devilution::CheckBtnUp,control.cpp,1066,1142,fd7c02cb94b7d494c47f2a10b03f74ede862abb1a3f28ae7289011510e50040d,
control.cpp|devilution::FreeControlPan(),devilution::FreeControlPan,control.cpp,1144,1161,8b1335a963adc3ec2c3452c277ab8c95e10654397ec72f974bf634a6af26e2b0,
control.cpp|devilution::DrawInfoBox(const Surface &out),devilution::DrawInfoBox,control.cpp,1163,1213,330e3e8e91b63a8c23862dcbb89044235c89efa149a704eea7d3c4900e557c39,
control.cpp|devilution::CheckLvlBtn(),devilution::CheckLvlBtn,control.cpp,1215,1224,f193f9279ca82135b0a41bae685255911f9eae1d8f47b65cfa5828b492de748e,
control.cpp|devilution::ReleaseLvlBtn(),devilution::ReleaseLvlBtn,control.cpp,1226,1233,7aa07615d10ca47531d947147cb6163116250bd5ac48c2af32ce12a41a824c95,
control.cpp|devilution::DrawLevelUpIcon(const Surface &out),devilution::DrawLevelUpIcon,control.cpp,1235,1242,d660d5be15b0d8003d4c60fe88c11c50e70db09f1c034fcd20b44bf482dfb36b,0x140011530
control.cpp|devilution::CheckChrBtns(),devilution::CheckChrBtns,control.cpp,1244,1262,7ac5105843f3357f8e527de1b170aa5253550ab425ce03fcd0b90837bba9e111,
control.cpp|devilution::ReleaseChrBtns(bool addAllStatPoints),devilution::ReleaseChrBtns,control.cpp,1264,1300,f20bab8eae3342c0df5be206833f335d9120211d527c1241002d83af761df63b,
control.cpp|devilution::DrawDurIcon(const Surface &out),devilution::DrawDurIcon,control.cpp,1302,1323,82e6eb2b608d40e92c36c74c4773d718002b6a86df2aca48d7e50f6d5bb93d7c,
control.cpp|devilution::RedBack(const Surface &out),devilution::RedBack,control.cpp,1325,1336,71e795d56c54864f1d342dadb204320717be47c685b9c4f9a1c436ddda019071,
"control.cpp|devilution::DrawGoldSplit(const Surface &out, int amount)",devilution::DrawGoldSplit,control.cpp,1338,1367,0c809d36b9e7611ee1a5a9932da52f22eca45de073469c0117d80b7ad3b5074d,0x140011850
control.cpp|devilution::control_drop_gold(SDL_Keycode vkey),devilution::control_drop_gold,control.cpp,1369,1389,ffdd56324bc3da9c094f249bb55cf38c0b7b9791f6c2269d7de9d5646894a5bc,
control.cpp|devilution::DrawTalkPan(const Surface &out),devilution::DrawTalkPan,control.cpp,1391,1451,f07b006750542aa2eb63e9d2dbfca64be01072df48a965afc43880b41c157549,
control.cpp|devilution::control_check_talk_btn(),devilution::control_check_talk_btn,control.cpp,1453,1476,af9ef8fb11c5abf7395f16fd0d921965784389ca47dce42a66b67b6396456a42,
control.cpp|devilution::control_release_talk_btn(),devilution::control_release_talk_btn,control.cpp,1478,1500,5ad79f2abfb134745937d9ac498759e3caccb79d0a375de610bd347c8993c738,
control.cpp|devilution::control_type_message(),devilution::control_type_message,control.cpp,1502,1518,6a6e07b1193ab85d9fd7fe43eb205c5dc9e881ee24a038035dede697ca8d609f,
control.cpp|devilution::control_reset_talk(),devilution::control_reset_talk,control.cpp,1520,1526,f568004b99f3ea0d958804a79d1a5ffbe2a8932f695807a99f8ab4946732d7dc,
control.cpp|devilution::IsTalkActive(),devilution::IsTalkActive,control.cpp,1528,1537,f938d8395195cfcbb7d95f26b9d96279169f5a51bc8cef5f0e62310939754089,
control.cpp|devilution::control_new_text(string_view text),devilution::control_new_text,control.cpp,1539,1542,fab4d7d947d97a84a445db878eaab052344193692e903ac7c93c4cf03d603cfc,
control.cpp|devilution::control_presskeys(SDL_Keycode vkey),devilution::control_presskeys,control.cpp,1544,1571,0d1c6d78d1113de8164d7c6617eeb3812019db262aa19149750a5e76c8a7b05d,
control.cpp|devilution::DiabloHotkeyMsg(uint32_t dwMsg),devilution::DiabloHotkeyMsg,control.cpp,1573,1593,dbe5e9fc028deee02d19538f3c63076a2a1cbb8492dbc6601fc9c17e22caa246,
control.cpp|devilution::CloseGoldDrop(),devilution::CloseGoldDrop,control.cpp,1595,1601,6b17ce5527991280cae8e79a300d815ac277f307de6dd95a89fd77ed00c29c77,
control.cpp|devilution::GoldDropNewText(string_view text),devilution::GoldDropNewText,control.cpp,1603,1615,b811263329bf877380a59b2a89fe86530ce8d591bedc8ccdaa5b22d24c8654b8,
control.h|devilution::CanPanelsCoverView(),devilution::CanPanelsCoverView,control.h,80,84,eb369c6b977f9757f159d7133ffb79d4b0522d75bd8651c9aefe103de3484656,
controls/axis_direction.cpp|devilution::AxisDirectionRepeater::Get(AxisDirection axisDirection),devilution::AxisDirectionRepeater::Get,controls/axis_direction.cpp,7,53,98ba142a106c6bd2d558ef25473694c9958d34389fcf7d62c8f8fd200d5e4322,
controls/axis_direction.h|devilution::AxisDirectionRepeater::AxisDirectionRepeater(int min_interval_ms = 200),devilution::AxisDirectionRepeater::AxisDirectionRepeater,controls/axis_direction.h,31,38,a09bdbc6666ae5d3c96d2659c18ec4a1e878cbd73b39ca0c4738b0a9b3336683,
controls/controller.cpp|devilution::UnlockControllerState(const SDL_Event &event),devilution::UnlockControllerState,controls/controller.cpp,15,27,06ac39e525dd0bdcfb1a09aad0a31c09e558703f6a4bd1b6528e887fc0dd0376,
controls/controller.cpp|devilution::ToControllerButtonEvents(const SDL_Event &event),devilution::ToControllerButtonEvents,controls/controller.cpp,29,69,0c39e558c674b719f51399c8412632b66ca2ed3bf76c0795535c1049b7df4139,
controls/controller.cpp|devilution::IsControllerButtonPressed(ControllerButton button),devilution::IsControllerButtonPressed,controls/controller.cpp,71,82,2f118fd71f3808f9d0cdb1957e1f33c278005dff807c2bf0bd11f05653321bb1,
controls/controller.cpp|devilution::IsControllerButtonComboPressed(ControllerButtonCombo combo),devilution::IsControllerButtonComboPressed,controls/controller.cpp,84,88,5b4d5a9d02d1e2d63f4f82d13b24330fc015abe7a67409a530575d98618f27f0,
controls/controller.cpp|devilution::HandleControllerAddedOrRemovedEvent(const SDL_Event &event),devilution::HandleControllerAddedOrRemovedEvent,controls/controller.cpp,90,113,17e0e7579e31e5d9a90b12ea8845760033e8179c5d65f4b4bf4a055111c9290d,
"controls/controller.h|devilution::ControllerButtonEvent::ControllerButtonEvent(ControllerButton button, bool up)",devilution::ControllerButtonEvent::ControllerButtonEvent,controls/controller.h,11,15,7c65404da7896268955d66bc6bde79a5df0041ce6d647a7a8c7f5f046d9b5224,
controls/controller_buttons.cpp|devilution::ToPlayStationIcon(ControllerButton button),devilution::ToPlayStationIcon,controls/controller_buttons.cpp,116,154,924805779a50ffb6b670391e392e4fe95d378c4701e5f9bebc04d7d9d7bdf644,
controls/controller_buttons.cpp|devilution::ToNintendoIcon(ControllerButton button),devilution::ToNintendoIcon,controls/controller_buttons.cpp,156,194,4cdf77784e4a2f870a1485b767e5644ca40b2486c2a3414c841e5831400d5092,
controls/controller_buttons.cpp|devilution::ToXboxIcon(ControllerButton button),devilution::ToXboxIcon,controls/controller_buttons.cpp,196,234,1728d4f32a29405c59d646cdabc9e136bc3d0abe692b5c59a931a892d241946a,
controls/controller_buttons.cpp|devilution::ToGenericButtonText(ControllerButton button),devilution::ToGenericButtonText,controls/controller_buttons.cpp,236,278,ff50f861291030b1d1c0c719ef6f2c232610c182ba455845aeeb750bf49b3af5,0x1400d0590
controls/controller_buttons.cpp|devilution::ToString(ControllerButton button),devilution::ToString,controls/controller_buttons.cpp,280,293,b417d11f46c9e2d8903128f174b9e2469092701f4d6d5657cec5c5736cb48240,
controls/controller_buttons.h|devilution::ControllerButtonCombo::ControllerButtonCombo(),devilution::ControllerButtonCombo::ControllerButtonCombo,controls/controller_buttons.h,37,41,fa8c68c91a688671a52f2f780e944ce440cc4e9ffe654cdbd7e1a64a2247f8c5,
controls/controller_buttons.h|devilution::ControllerButtonCombo::ControllerButtonCombo(ControllerButton button),devilution::ControllerButtonCombo::ControllerButtonCombo,controls/controller_buttons.h,43,47,97124c531941ff6ff64e0707ebc681a37ddb1f213d58c83b6656a175b8a83ada,
"controls/controller_buttons.h|devilution::ControllerButtonCombo::ControllerButtonCombo(ControllerButton modifier, ControllerButton button)",devilution::ControllerButtonCombo::ControllerButtonCombo,controls/controller_buttons.h,49,53,bb013bc16f8a8383e232c4755b60ed74eddc08daed07bbd23bca3b21eed5d640,
controls/controller_buttons.h|devilution::IsDPadButton(ControllerButton button),devilution::IsDPadButton,controls/controller_buttons.h,59,65,460bfc2d585e4e91452768b60323bd10efd9c0c02129481251daa600406a0419,
"controls/controller_motion.cpp|devilution::ScaleJoystickAxes(float *x, float *y, float deadzone)",devilution::ScaleJoystickAxes,controls/controller_motion.cpp,24,68,f442a17ab4476bd22848b2b2deefd1ef078b8cfa3620fd41d89a97300451689e,
controls/controller_motion.cpp|devilution::IsMovementOverriddenByPadmapper(ControllerButton button),devilution::IsMovementOverriddenByPadmapper,controls/controller_motion.cpp,70,76,10385dabda3f7cde568ae9e1c89731250ac71f04063320d9ffa6be099c50a17f,
controls/controller_motion.cpp|devilution::TriggersQuickSpellAction(ControllerButton button),devilution::TriggersQuickSpellAction,controls/controller_motion.cpp,78,88,c47198fa245f560f520b6c5e3931e7bbc5b42d8f60ecbee133473ea0178a39b8,
controls/controller_motion.cpp|devilution::IsPressedForMovement(ControllerButton button),devilution::IsPressedForMovement,controls/controller_motion.cpp,90,96,b700ee06ef70b41a9ef3f25cac522936cffc065f8561d08a34f05eaaa2b0dc91,
controls/controller_motion.cpp|devilution::SetSimulatingMouseWithPadmapper(bool value),devilution::SetSimulatingMouseWithPadmapper,controls/controller_motion.cpp,98,108,28b61c2551b06b662bff56920015f7cf72a6205f757c59cdac97b5d61ece62d1,
controls/controller_motion.cpp|devilution::ScaleJoysticks(),devilution::ScaleJoysticks,controls/controller_motion.cpp,118,136,c191c5431542a0c25f8a8877b558621e0334b7b413045d7fd7360d4f341e8363,
controls/controller_motion.cpp|devilution::IsControllerMotion(const SDL_Event &event),devilution::IsControllerMotion,controls/controller_motion.cpp,140,176,a82525bbf19f16dfb034ac50c7ea3a2296062a589de7ac5f929d272bb03029db,
controls/controller_motion.cpp|devilution::ProcessControllerMotion(const SDL_Event &event),devilution::ProcessControllerMotion,controls/controller_motion.cpp,179,194,6091b360dcfd895116b1d3b76081b538c0d0972ac77944c8cb9163d292062928,
controls/controller_motion.cpp|devilution::GetLeftStickOrDpadDirection(bool usePadmapper),devilution::GetLeftStickOrDpadDirection,controls/controller_motion.cpp,196,242,738364db4640dcbaff71e5ee5695f86aba836cc00826e74d576094f9adcd4af2,
controls/controller_motion.cpp|devilution::SimulateRightStickWithPadmapper(ControllerButtonEvent ctrlEvent),devilution::SimulateRightStickWithPadmapper,controls/controller_motion.cpp,244,278,d936abc61c1585b18489040eff96a747be04e2a7708c2a02327ef9d1f5c784c5,
controls/devices/game_controller.cpp|devilution::GameController::UnlockTriggerState(),devilution::GameController::UnlockTriggerState,controls/devices/game_controller.cpp,16,20,5dd1352891886b403a3216da71a085e5ca4148211761e011ad0a9d7d6e3cd3ea,
controls/devices/game_controller.cpp|devilution::GameController::ToControllerButton(const SDL_Event &event),devilution::GameController::ToControllerButton,controls/devices/game_controller.cpp,22,87,2af295e8bb5f60f23db482f582307c9ac1594522a83b338e986a7e77b210d02e,
controls/devices/game_controller.cpp|devilution::GameController::ToSdlGameControllerButton(ControllerButton button),devilution::GameController::ToSdlGameControllerButton,controls/devices/game_controller.cpp,89,125,cc6ff108a03777b56792e54da00459ca99a3ea25256b423d7cbd10fff570f40b,
controls/devices/game_controller.cpp|devilution::GameController::IsPressed(ControllerButton button),devilution::GameController::IsPressed,controls/devices/game_controller.cpp,127,135,f0bc3d3f41afdfbf9c288d8d99dad584eef22bf0951c5603743dbb69a8ad9f8b,
controls/devices/game_controller.cpp|devilution::GameController::ProcessAxisMotion(const SDL_Event &event),devilution::GameController::ProcessAxisMotion,controls/devices/game_controller.cpp,137,162,e4663884992322683363b40cc958ee558f1a877b8b84babca719bd646dbc8299,
controls/devices/game_controller.cpp|devilution::GameController::Add(int joystickIndex),devilution::GameController::Add,controls/devices/game_controller.cpp,164,183,47c8fc5bddf46806a33b5787cbeeef861966a02c05bab8c580e34dfe0a7f7fdf,
controls/devices/game_controller.cpp|devilution::GameController::Remove(SDL_JoystickID instanceId),devilution::GameController::Remove,controls/devices/game_controller.cpp,185,196,f40506aa09103fd0db0dbf1257635b721cebde8cd0867d0f155ddfa885587376,
controls/devices/game_controller.cpp|devilution::GameController::Get(SDL_JoystickID instanceId),devilution::GameController::Get,controls/devices/game_controller.cpp,198,205,64451469c6fc0f3932a4d71b0611912a64600966f82cf2359b259bd29ddfd944,
controls/devices/game_controller.cpp|devilution::GameController::Get(const SDL_Event &event),devilution::GameController::Get,controls/devices/game_controller.cpp,207,218,a98f11f3a4acde441440c6e7fd8147bfba6f79e1feb51865a698bb56eb375a3c,
controls/devices/game_controller.cpp|devilution::GameController::All(),devilution::GameController::All,controls/devices/game_controller.cpp,220,223,7137a079fd2639570d5126b7dd82b03aae9101f739351b9ddee2bff1bde9d743,
"controls/devices/game_controller.cpp|devilution::GameController::IsPressedOnAnyController(ControllerButton button, SDL_JoystickID *which)",devilution::GameController::IsPressedOnAnyController,controls/devices/game_controller.cpp,225,235,e1f9b4b46d9ffcc8a100b351cb0ed1572fb24042ea95c9f15276d50e4bd8b7bc,
controls/devices/game_controller.cpp|devilution::GameController::getLayout(const SDL_Event &event),devilution::GameController::getLayout,controls/devices/game_controller.cpp,237,279,1cad27f626e8044e9ce8853940dd89d75af89c41319f7422f800921b694f2e51,
controls/devices/joystick.cpp|devilution::Joystick::ToControllerButtonEvents(const SDL_Event &event),devilution::Joystick::ToControllerButtonEvents,controls/devices/joystick.cpp,13,104,9e0c3cebba99407233a8bb1a61c053d5f91995d2d7f1acd15a2c40fe09a523a8,
controls/devices/joystick.cpp|devilution::Joystick::GetHatEvents(),devilution::Joystick::GetHatEvents,controls/devices/joystick.cpp,106,120,c305674674d93f40117e2620e6aa90dc639b443efe0f443478ed7ca6e884e192,
controls/devices/joystick.cpp|devilution::Joystick::UpdateHatState(const SDL_JoyHatEvent &event),devilution::Joystick::UpdateHatState,controls/devices/joystick.cpp,122,159,000e26fbd761765ab85d256fd90731db9a2d994156cc33db5d22a792653e2207,
controls/devices/joystick.cpp|devilution::Joystick::UnlockHatState(),devilution::Joystick::UnlockHatState,controls/devices/joystick.cpp,161,166,1a2c25c6fa3de46cfec4e1f4993d87d6a1dc7adc8853b23a5b0dfc0b4ba932aa,
controls/devices/joystick.cpp|devilution::Joystick::ToSdlJoyButton(ControllerButton button),devilution::Joystick::ToSdlJoyButton,controls/devices/joystick.cpp,168,238,82437c10eabc4e477c1ad1545591068a97d4397f1308b18d1a0730a03d50a6c9,
controls/devices/joystick.cpp|devilution::Joystick::IsHatButtonPressed(ControllerButton button),devilution::Joystick::IsHatButtonPressed,controls/devices/joystick.cpp,241,263,5d6ef54fc0273b09c0941323ba9438819b595fb853e6d6379951bf5e226d97f1,
controls/devices/joystick.cpp|devilution::Joystick::IsPressed(ControllerButton button),devilution::Joystick::IsPressed,controls/devices/joystick.cpp,265,276,bff2c2efa63fe7f6ae23695fed6ee51a68b0778e8b942214dbccc9be6b996945,
controls/devices/joystick.cpp|devilution::Joystick::ProcessAxisMotion(const SDL_Event &event),devilution::Joystick::ProcessAxisMotion,controls/devices/joystick.cpp,278,310,30b7f50ad0d51b95a3d259427e355f6023105cbcede372188edde064f2273369,
controls/devices/joystick.cpp|devilution::Joystick::Add(int deviceIndex),devilution::Joystick::Add,controls/devices/joystick.cpp,312,329,64c1648341f3b814bda05227b4c58027ef2c2f39b60ca6edab83c6742b73bb42,
controls/devices/joystick.cpp|devilution::Joystick::Remove(SDL_JoystickID instanceId),devilution::Joystick::Remove,controls/devices/joystick.cpp,331,344,dbbb13f00cae2ed20d425ee3556b9900cfb7ca4e54bef90f19525534cdf0bf76,
controls/devices/joystick.cpp|devilution::Joystick::All(),devilution::Joystick::All,controls/devices/joystick.cpp,346,349,679949666a4a8c05201ebe5c9eecc0f2e01518dd7b5dfad65cfb38f3d75e58db,
controls/devices/joystick.cpp|devilution::Joystick::Get(SDL_JoystickID instanceId),devilution::Joystick::Get,controls/devices/joystick.cpp,351,358,f51338f41c2ef62a967e91346df7938c6d74a9808e790f0ad7560dedb2c56d06,
controls/devices/joystick.cpp|devilution::Joystick::Get(const SDL_Event &event),devilution::Joystick::Get,controls/devices/joystick.cpp,360,386,64c7ef20d774e92ca610a6466886ffddfc74bd2647256f03e1635ec832f8daf3,
controls/devices/joystick.cpp|devilution::Joystick::IsPressedOnAnyJoystick(ControllerButton button),devilution::Joystick::IsPressedOnAnyJoystick,controls/devices/joystick.cpp,388,394,9d1a4bc4b82e8d38129d9641da488853c8748d390c7a937283b2347142c1cf34,
controls/devices/joystick.h|devilution::Joystick::instance_id(),devilution::Joystick::instance_id,controls/devices/joystick.h,37,40,c79b68a9d9f490f7f5cd9b2ef6fa762be884e94bc0ecc7b0a15d6c40da306f44,
controls/game_controls.cpp|devilution::TranslateControllerButtonToGameMenuKey(ControllerButton controllerButton),devilution::TranslateControllerButtonToGameMenuKey,controls/game_controls.cpp,27,42,69dd56b9dbab1d9fb9c7fa7477aea2b9e56e3b6d3808b5ff4f053d61c7f57574,
controls/game_controls.cpp|devilution::TranslateControllerButtonToMenuKey(ControllerButton controllerButton),devilution::TranslateControllerButtonToMenuKey,controls/game_controls.cpp,44,68,f85dec194235d3c43e89ed9fa917eff3a7f0a12252c140ec6d11550a1b94d84f,
controls/game_controls.cpp|devilution::TranslateControllerButtonToQuestLogKey(ControllerButton controllerButton),devilution::TranslateControllerButtonToQuestLogKey,controls/game_controls.cpp,70,83,cbecd981b173721a9d2acec25882e8ea8dd6ee91e27a94d938035482c05cd00d,
controls/game_controls.cpp|devilution::TranslateControllerButtonToSpellbookKey(ControllerButton controllerButton),devilution::TranslateControllerButtonToSpellbookKey,controls/game_controls.cpp,85,105,60810897d33a2db4b1adace081548075a16675ea2fd394bb27775196e34f0cdb,
"controls/game_controls.cpp|devilution::GetGameAction(const SDL_Event &event, ControllerButtonEvent ctrlEvent, GameAction *action)",devilution::GetGameAction,controls/game_controls.cpp,107,213,96f83be592d92c237b9f2d2b1f529ba803b64e24eb7260bd3d1ec7a4cbad2f52,
controls/game_controls.cpp|devilution::PressControllerButton(ControllerButton button),devilution::PressControllerButton,controls/game_controls.cpp,215,300,63b96cc2181d9f0edd9cdf9ffa9c847d697165e8666d47696395132c2a2c8600,
"controls/game_controls.cpp|devilution::TranslateTo(GamepadLayout layout, ControllerButton button)",devilution::TranslateTo,controls/game_controls.cpp,304,321,9a97d638d084e84309c459ce5f05404b2d8cbed499f332210c78c44b6c7b57c9,
controls/game_controls.cpp|devilution::SkipsMovie(ControllerButtonEvent ctrlEvent),devilution::SkipsMovie,controls/game_controls.cpp,323,330,66842f51137ebedf70a9adb05f8efe8e88cd62ee04095a3668aad162241ada92,
controls/game_controls.cpp|devilution::IsSimulatedMouseClickBinding(ControllerButtonEvent ctrlEvent),devilution::IsSimulatedMouseClickBinding,controls/game_controls.cpp,332,340,f3483229192eb81365b42fb02fc08461630ad10c0be3a4c5ca2cccb50bea31c9,
controls/game_controls.cpp|devilution::GetMoveDirection(),devilution::GetMoveDirection,controls/game_controls.cpp,342,345,29758e684ec23b4e312e66028de9259e1496d4fd4b6d00dbba43574e3b3427f6,
"controls/game_controls.cpp|devilution::HandleControllerButtonEvent(const SDL_Event &event, const ControllerButtonEvent ctrlEvent, GameAction &action)",devilution::HandleControllerButtonEvent,controls/game_controls.cpp,347,393,8956ec338e681d2acd342074dddcbb1d9bc585cdd2cdc840be96018b4f2eb90b,
controls/game_controls.h|devilution::GameAction::GameAction(),devilution::GameAction::GameAction,controls/game_controls.h,41,44,fdd2662c4899c4b2f8828fd7d12ebe037eebaa3bd4a8c4d8626a332cc0816d1c,
controls/game_controls.h|devilution::GameAction::GameAction(GameActionType type),devilution::GameAction::GameAction,controls/game_controls.h,46,49,ae6b2d07e8aefa32bb983a8ca48de5fa398db75267e16888094e0ea8c34de207,
controls/game_controls.h|devilution::GameAction::GameAction(GameActionSendKey send_key),devilution::GameAction::GameAction,controls/game_controls.h,51,55,47d0ab9bcf1fb033420aaae50c5307c4e120e6ca0080f950038859f65c540557,
controls/input.h|devilution::PollEvent(SDL_Event *event),devilution::PollEvent,controls/input.h,10,19,082b8e74ec53ae5d2f865fdd6d76211126409426737e5a4f2c1fb7ff671110ba,
controls/menu_controls.cpp|devilution::GetMenuHeldUpDownAction(),devilution::GetMenuHeldUpDownAction,controls/menu_controls.cpp,13,25,9cf1e3c8d30f11c6b462ee8a3af0ea1185a526f12ac105f3990b9e6d3f9bae5a,
controls/menu_controls.cpp|devilution::GetMenuActions(const SDL_Event &event),devilution::GetMenuActions,controls/menu_controls.cpp,27,135,851439d3f62800a7456a6084633f187478f2f18196f64bb627f9d518aa656ae3,
"controls/modifier_hints.cpp|devilution::CircleMenuHint::CircleMenuHint(HintIcon top, HintIcon right, HintIcon bottom, HintIcon left)",devilution::CircleMenuHint::CircleMenuHint,controls/modifier_hints.cpp,60,66,f9cc32dba84e6b877d1ed3e63ed83d1b58d24a92c03d44080ef7690d490fe3d9,
"controls/modifier_hints.cpp|devilution::DrawCircleMenuHint(const Surface &out, const CircleMenuHint &hint, const Point &origin)",devilution::DrawCircleMenuHint,controls/modifier_hints.cpp,80,105,beb3cbfa0d661e58964366389e1e846e44d7a0199e6c68cd61bf43753c6c5459,
"controls/modifier_hints.cpp|devilution::DrawSpellsCircleMenuHint(const Surface &out, const Point &origin)",devilution::DrawSpellsCircleMenuHint,controls/modifier_hints.cpp,112,146,fd4b595ee96a32e608d3c3e324e0a6dda08d093b4b6c28e5eff08974e624a9ea,
controls/modifier_hints.cpp|devilution::DrawGamepadMenuNavigator(const Surface &out),devilution::DrawGamepadMenuNavigator,controls/modifier_hints.cpp,148,157,bbdd2a2d8a69371edd2be2b5dd5e889514483f814da82aaedee3313fd6e6fb32,
controls/modifier_hints.cpp|devilution::DrawGamepadHotspellMenu(const Surface &out),devilution::DrawGamepadHotspellMenu,controls/modifier_hints.cpp,159,166,599391a49629dedfb0cacc0aa151e18d5a6f9a5fe77d3676d018867d8cb36124,
controls/modifier_hints.cpp|devilution::InitModifierHints(),devilution::InitModifierHints,controls/modifier_hints.cpp,170,175,ca153982a7b30fb0406a5827000f4df0a7fa5124252731c7b2b22ddb988a0f7f,
controls/modifier_hints.cpp|devilution::FreeModifierHints(),devilution::FreeModifierHints,controls/modifier_hints.cpp,177,182,19435338b7c5a032d3991ba8242ee8723fce3f64cf9911a3d55171e884cbb883,
controls/modifier_hints.cpp|devilution::DrawControllerModifierHints(const Surface &out),devilution::DrawControllerModifierHints,controls/modifier_hints.cpp,184,188,17f156b0e536fb1cbb56426dcbe6cca30438894ac2bc94659aa4ee4e061b47d3,
controls/plrctrls.cpp|devilution::InGameMenu(),devilution::InGameMenu,controls/plrctrls.cpp,65,75,3298eab4bcb7e13f91072f1bc8ae2aaf20dd2432d1f61bc7f1f95068aa33b94c,
controls/plrctrls.cpp|devilution::GetRotaryDistance(Point destination),devilution::GetRotaryDistance,controls/plrctrls.cpp,96,111,31df9ecd6818a0152e7b70f5e6f37c4acf09169ae9a20bc031b9d2e64074fc88,
controls/plrctrls.cpp|devilution::GetMinDistance(Point position),devilution::GetMinDistance,controls/plrctrls.cpp,117,120,76d32cae68ee081d580865282ff9feea93c17b16302001fe166bb58cf267d72b,
"controls/plrctrls.cpp|devilution::GetDistance(Point destination, int maxDistance)",devilution::GetDistance,controls/plrctrls.cpp,128,141,dca534706a9b229be7039496983741f77fbafcdf101ec242ca401cb88508972e,
controls/plrctrls.cpp|devilution::GetDistanceRanged(Point destination),devilution::GetDistanceRanged,controls/plrctrls.cpp,147,150,5f48ac59d90ad8ea0a34a84512550878c2498a686e6a079dc0aef0210b880060,
controls/plrctrls.cpp|devilution::FindItemOrObject(),devilution::FindItemOrObject,controls/plrctrls.cpp,152,215,cdb136dffe7e79fda81c84b8aa630c5883588e08d2e05e992640dc9a51b7edb9,
controls/plrctrls.cpp|devilution::CheckTownersNearby(),devilution::CheckTownersNearby,controls/plrctrls.cpp,217,225,4490207b7b0a741a7b3ad3f7e584e2853411336116e0fc3db30669ca4f3060d9,
controls/plrctrls.cpp|devilution::HasRangedSpell(),devilution::HasRangedSpell,controls/plrctrls.cpp,227,236,0f3ad3795b00f78d6c980149e913a56cbfbd08388398f7ca794bef99e7def248,
controls/plrctrls.cpp|devilution::CanTargetMonster(const Monster &monster),devilution::CanTargetMonster,controls/plrctrls.cpp,238,256,2f3ac931d26356a1ba23b9ff8646d9dda825667256fa9fec1027f82ceb000487,
controls/plrctrls.cpp|devilution::FindRangedTarget(),devilution::FindRangedTarget,controls/plrctrls.cpp,258,287,3356015a44bef1dd953393ec79b138a65a7bdc30299bc9c50b47241fdd659c7e,
controls/plrctrls.cpp|devilution::FindMeleeTarget(),devilution::FindMeleeTarget,controls/plrctrls.cpp,289,357,175c4b255eb0cbf5d829cda2d75f36d94314647324929e7c33b75ca5a51b8472,
controls/plrctrls.cpp|devilution::CheckMonstersNearby(),devilution::CheckMonstersNearby,controls/plrctrls.cpp,359,367,19a0a8ab38a287cf66b13a69887c4ff4cf65e5d344177dc01a292d87a8fcc1fa,
controls/plrctrls.cpp|devilution::CheckPlayerNearby(),devilution::CheckPlayerNearby,controls/plrctrls.cpp,369,413,0eb474a67f06458574ad927a5664b643e749ed51188492d94d9e6c9d0d2a262c,
controls/plrctrls.cpp|devilution::FindActor(),devilution::FindActor,controls/plrctrls.cpp,415,424,5bf9532e797e3b3dc68fd342351ad1c8ff76dae0d18a8dfc30be324a6b4e44b2,
controls/plrctrls.cpp|devilution::FindTrigger(),devilution::FindTrigger,controls/plrctrls.cpp,426,483,cc527586bb61679897a30befdfb31cfce4e9b21e9737f1bb693dd203c2612202,
controls/plrctrls.cpp|devilution::IsStandingGround(),devilution::IsStandingGround,controls/plrctrls.cpp,485,497,8475de437fbe67261f807b37351c6d5ada40475b888011eeba42edf784e04c86,
controls/plrctrls.cpp|devilution::Interact(),devilution::Interact,controls/plrctrls.cpp,499,547,f67f17d2aa4a7d9e34c93ccc1a9f49197a2d20328eb043017fb3d26be8058a1f,
controls/plrctrls.cpp|devilution::AttrIncBtnSnap(AxisDirection dir),devilution::AttrIncBtnSnap,controls/plrctrls.cpp,549,583,2cc87222618cddae1ae98248074f79eaf7a78f8081d5c667358c7e76920767fa,
controls/plrctrls.cpp|devilution::InvGetEquipSlotCoord(const inv_body_loc invSlot),devilution::InvGetEquipSlotCoord,controls/plrctrls.cpp,585,622,915068c05d19b9be7c6fed801b7db1603889463f4a2495c238e3704d00d1911b,
controls/plrctrls.cpp|devilution::InvGetEquipSlotCoordFromInvSlot(const inv_xy_slot slot),devilution::InvGetEquipSlotCoordFromInvSlot,controls/plrctrls.cpp,624,649,27085b5ff6b14154678e031aa2117066785372e87fd8726fbe57cd1f27ab832e,
controls/plrctrls.cpp|devilution::GetSlotCoord(int slot),devilution::GetSlotCoord,controls/plrctrls.cpp,654,661,2c833db7378b5607d4b19a0f86a37e11d2c0ed22ce39ee305c6ba6d34d22cef6,
controls/plrctrls.cpp|devilution::GetItemIdOnSlot(int slot),devilution::GetItemIdOnSlot,controls/plrctrls.cpp,666,673,64e15a9aaab9d78691b0b99cd4ee2ea6f9197ade8fc10a0d9338e8c8f18e3dd5,
controls/plrctrls.cpp|devilution::GetItemSizeOnSlot(int slot),devilution::GetItemSizeOnSlot,controls/plrctrls.cpp,678,691,0cfe4d2e081e3439a60e84d74ecd43d3e232f43a30436adcf77704fbf7c9d048,
controls/plrctrls.cpp|devilution::FindFirstSlotOnItem(int8_t itemInvId),devilution::FindFirstSlotOnItem,controls/plrctrls.cpp,696,705,faaa3ce18806fbe0075e6875d8087be8e6a98e4ecb53da2e59cb9876165d7510,
controls/plrctrls.cpp|devilution::FindFirstStashSlotOnItem(StashStruct::StashCell itemInvId),devilution::FindFirstStashSlotOnItem,controls/plrctrls.cpp,707,718,4c953b13bc0c9c1b4f7716f86edafea2ef28e3dc47f7f9105498b4c3d00a62e7,
controls/plrctrls.cpp|devilution::ResetInvCursorPosition(),devilution::ResetInvCursorPosition,controls/plrctrls.cpp,723,743,c86061186b3296c47a5f4f203485a1642d66b0e8da93564e00be16ef7ab525cb,
controls/plrctrls.cpp|devilution::FindClosestInventorySlot(Point mousePos),devilution::FindClosestInventorySlot,controls/plrctrls.cpp,745,759,152faa4b2d30ab389d464345fa67d6fa5017f47cc05a70327b21f1a95770a241,
controls/plrctrls.cpp|devilution::FindClosestStashSlot(Point mousePos),devilution::FindClosestStashSlot,controls/plrctrls.cpp,761,775,89d4b6db912c6a2795ae8a404e4ba84a6dcfdb8d55cf9d69e6881f157567ec9e,
controls/plrctrls.cpp|devilution::InventoryMoveToBody(int slot),devilution::InventoryMoveToBody,controls/plrctrls.cpp,780,791,e36e9a612a278af18ad72b7c93d3ff35750ad1ef68b6a22256d2335b2cd24312,
controls/plrctrls.cpp|devilution::InventoryMove(AxisDirection dir),devilution::InventoryMove,controls/plrctrls.cpp,793,1022,6b16f5365a1daef0066940168fe2decdc64e421c7c9a0a0c23e071ec5095c589,
controls/plrctrls.cpp|devilution::CheckInventoryMove(AxisDirection dir),devilution::CheckInventoryMove,controls/plrctrls.cpp,1029,1037,96d83bc2b3d36d3c0b89b946ebc9401d1c878485c2cd50e5832c07928605ecbe,
controls/plrctrls.cpp|devilution::BlurInventory(),devilution::BlurInventory,controls/plrctrls.cpp,1043,1059,a619496d9907ff37fa6214e3d7014e3046907062b7e1b4d94987a2e5ff5b8979,
controls/plrctrls.cpp|devilution::StashMove(AxisDirection dir),devilution::StashMove,controls/plrctrls.cpp,1061,1178,f13cf512507116903a494215d42b4390914793efe32e81f319faecd4b66e3ef0,
controls/plrctrls.cpp|devilution::HotSpellMove(AxisDirection dir),devilution::HotSpellMove,controls/plrctrls.cpp,1180,1235,354c54ca761569e2cad67f69343e6e7a2b9c81ff08b36d0fec3ca1600d0c3c6b,
controls/plrctrls.cpp|devilution::SpellBookMove(AxisDirection dir),devilution::SpellBookMove,controls/plrctrls.cpp,1237,1249,2d9d786736b5863595a76c611322d02319cadeb0b1e5af5581aa153748f63899,
"controls/plrctrls.cpp|devilution::IsPathBlocked(Point position, Direction dir)",devilution::IsPathBlocked,controls/plrctrls.cpp,1261,1275,40d525433cab3c9c32bc75ec8d0bf3637397e49d30788ff2ab8f9cc2de8d08c9,
"controls/plrctrls.cpp|devilution::WalkInDir(size_t playerId, AxisDirection dir)",devilution::WalkInDir,controls/plrctrls.cpp,1277,1306,1b3fe6568dd57d019d2c6f6117f2287be8ae75382b4b8fd134fb9a25f1430219,
controls/plrctrls.cpp|devilution::QuestLogMove(AxisDirection moveDir),devilution::QuestLogMove,controls/plrctrls.cpp,1308,1316,25d783aafe01e2215ef265861937c4123b1953e31f4aeb858cb5e59ae10cad5f,
controls/plrctrls.cpp|devilution::StoreMove(AxisDirection moveDir),devilution::StoreMove,controls/plrctrls.cpp,1318,1326,70d34b235ef46599f94744adcf173f5bf7376e26a7256ce66a0291a65d26e720,
controls/plrctrls.cpp|devilution::GetLeftStickOrDPadGameUIHandler(),devilution::GetLeftStickOrDPadGameUIHandler,controls/plrctrls.cpp,1330,1354,6dd7d37adf374bccb276f2a54dfccfa75ef6335bd623d4dbbb69006ef22fc362,
controls/plrctrls.cpp|devilution::ProcessLeftStickOrDPadGameUI(),devilution::ProcessLeftStickOrDPadGameUI,controls/plrctrls.cpp,1356,1361,b8e46f84d788433ec8fad246f754f10c69e81718a8e50c8a530fe3ac8bdcb73c,
controls/plrctrls.cpp|devilution::Movement(size_t playerId),devilution::Movement,controls/plrctrls.cpp,1363,1371,a203d6e41e1a578701c720052575349f64f08a4e296c781cb774b81714b4fb76,
controls/plrctrls.cpp|devilution::RightStickAccumulator::RightStickAccumulator(),devilution::RightStickAccumulator::RightStickAccumulator,controls/plrctrls.cpp,1375,1380,58b4d5877a5ae7450a4300eea7b2af1debb58fbc1c9071e32c79bf226d1a76b8,
"controls/plrctrls.cpp|devilution::RightStickAccumulator::Pool(int *x, int *y, int slowdown)",devilution::RightStickAccumulator::Pool,controls/plrctrls.cpp,1382,1396,d21cef95e7d53140c475851c4639cc8d08e19e1378586bd00b926c5d33f9a341,
controls/plrctrls.cpp|devilution::RightStickAccumulator::Clear(),devilution::RightStickAccumulator::Clear,controls/plrctrls.cpp,1398,1401,5fcd81feded3a405570e66a786e61dd9cb302c6a38b76ef2b679b369e1ad5ac4,
controls/plrctrls.cpp|devilution::IsStickMovementSignificant(),devilution::IsStickMovementSignificant,controls/plrctrls.cpp,1408,1413,7bb340d393bf88b1a9239569aa17da2ff3d51e45726f900119d83841c450d770,
controls/plrctrls.cpp|devilution::GetInputTypeFromEvent(const SDL_Event &event),devilution::GetInputTypeFromEvent,controls/plrctrls.cpp,1415,1446,84b859424d5732f6c372ed4885378bc9e2b7e1b1afd6a0e84a2fc1ccd41e1d25,
"controls/plrctrls.cpp|devilution::ContinueSimulatedMouseEvent(const SDL_Event &event, const ControllerButtonEvent &gamepadEvent)",devilution::ContinueSimulatedMouseEvent,controls/plrctrls.cpp,1450,1468,fefe20df3022297d5717893bc44f6b37b94e91d3c3a0a794e20789a1018cce92,
controls/plrctrls.cpp|devilution::ControlTypeToString(ControlTypes controlType),devilution::ControlTypeToString,controls/plrctrls.cpp,1470,1483,05c5e8114be58ed8830d58d4c9597ded22ce60ec32c158d0a11f13b9a3eec626,0x1400d99c0
"controls/plrctrls.cpp|devilution::LogControlDeviceAndModeChange(ControlTypes newControlDevice, ControlTypes newControlMode)",devilution::LogControlDeviceAndModeChange,controls/plrctrls.cpp,1485,1497,00b6488943779ea53994ee993d63d5ddaf78d7c9fb19648b286f8abf73d159a1,
controls/plrctrls.cpp|devilution::GamepadTypeToString(GamepadLayout gamepadLayout),devilution::GamepadTypeToString,controls/plrctrls.cpp,1500,1513,67adfd879f176137965b08db23bda1707fa0404e6a73c820d4c137f8b73621a5,
controls/plrctrls.cpp|devilution::LogGamepadChange(GamepadLayout newGamepad),devilution::LogGamepadChange,controls/plrctrls.cpp,1515,1525,4c1c790f8d7a7394e3cc393d84053e54782ee7bf822d44bbdf304af53483a665,
"controls/plrctrls.cpp|devilution::DetectInputMethod(const SDL_Event &event, const ControllerButtonEvent &gamepadEvent)",devilution::DetectInputMethod,controls/plrctrls.cpp,1530,1581,74ab3c0396623d3d51e6a38a1010beff5b47b9359780ba77a5c5190659862455,0x1400da150
controls/plrctrls.cpp|devilution::ProcessGameAction(const GameAction &action),devilution::ProcessGameAction,controls/plrctrls.cpp,1583,1657,e6249bff6465e5ec10becb2443ea7fca00ad358022d670d54cdec449c4857eff,
controls/plrctrls.cpp|devilution::HandleRightStickMotion(),devilution::HandleRightStickMotion,controls/plrctrls.cpp,1659,1699,1c71c3916dd4c44f18060b6d56404ebb9c62a472a923d6721502f56caaef8394,
controls/plrctrls.cpp|devilution::InvalidateInventorySlot(),devilution::InvalidateInventorySlot,controls/plrctrls.cpp,1701,1705,b1168645dd72264359ad5c122a1a4fe9b9e149fb0299bce60460d3c9c44cd302,
controls/plrctrls.cpp|devilution::FocusOnInventory(),devilution::FocusOnInventory,controls/plrctrls.cpp,1710,1714,f8f61698465ee00b69d8243abc2b654a3e60f53b2072b695158ecc887fd01b60,
controls/plrctrls.cpp|devilution::SetPointAndClick(bool value),devilution::SetPointAndClick,controls/plrctrls.cpp,1718,1721,0fdb3321885bf391d1198f4ec8414f4f49ca3ac79208f10af06f88ee63639afd,
controls/plrctrls.cpp|devilution::IsPointAndClick(),devilution::IsPointAndClick,controls/plrctrls.cpp,1723,1726,d370aa422726cb802250d1f1e5b6e11b55a403df094a602de4f4c306ad77b6be,
controls/plrctrls.cpp|devilution::IsMovementHandlerActive(),devilution::IsMovementHandlerActive,controls/plrctrls.cpp,1728,1731,6e7e409cec5cb68be1267801d14d794f0c7c4b7f1dc9adf6c879e054bf01fb99,
controls/plrctrls.cpp|devilution::plrctrls_after_check_curs_move(),devilution::plrctrls_after_check_curs_move,controls/plrctrls.cpp,1733,1772,1debf341223e86036158558ab4c6564c3ea8d3701286cae6ef9fff875fa9e189,
controls/plrctrls.cpp|devilution::plrctrls_every_frame(),devilution::plrctrls_every_frame,controls/plrctrls.cpp,1774,1778,4d2544b11a7e58bcb95aa6ec984b73f0cc3c34066598a5e8ebaeb6ec95917901,
controls/plrctrls.cpp|devilution::plrctrls_after_game_logic(),devilution::plrctrls_after_game_logic,controls/plrctrls.cpp,1780,1783,d05bed2f2f3120ab0681d7c2362d8cb53366ae9915581b9daf2ab7f3ad4c92c6,
controls/plrctrls.cpp|devilution::UseBeltItem(int type),devilution::UseBeltItem,controls/plrctrls.cpp,1785,1802,811b6becca7c5b3a192ce3052fce11a49da2a62185d9c5447f6ea02373c2cec6,
controls/plrctrls.cpp|devilution::PerformPrimaryAction(),devilution::PerformPrimaryAction,controls/plrctrls.cpp,1804,1904,ac60cfb377cb225bcee98502589e5bb53ae3905d846a3c10c804deef9cb3911e,
controls/plrctrls.cpp|devilution::SpellHasActorTarget(),devilution::SpellHasActorTarget,controls/plrctrls.cpp,1906,1917,d987f9d9e233a7d02cfdd3134a8ab0f6f429c4bb001ad0faeefce021b7398a67,
controls/plrctrls.cpp|devilution::UpdateSpellTarget(SpellID spell),devilution::UpdateSpellTarget,controls/plrctrls.cpp,1919,1932,f80b2bac08d104b43de1359c3f68fd7b1603b50f988f8d2feb572200392a36d9,
controls/plrctrls.cpp|devilution::TryDropItem(),devilution::TryDropItem,controls/plrctrls.cpp,1937,1968,6dd90ba0fb222fd81902a7da3776888ecff081bcaf3293577920f73ff0093d64,
controls/plrctrls.cpp|devilution::PerformSpellAction(),devilution::PerformSpellAction,controls/plrctrls.cpp,1970,2018,b8cc34933afb5f7a3b6cae5611fb0966b617b3d66a4784f24c7b1fa0dcdfa5b2,
controls/plrctrls.cpp|devilution::CtrlUseInvItem(),devilution::CtrlUseInvItem,controls/plrctrls.cpp,2020,2046,af0748ab70178f23fbd0d17404acf2aa431c0e86151aca94662e59bdc82f6bb4,
controls/plrctrls.cpp|devilution::CtrlUseStashItem(),devilution::CtrlUseStashItem,controls/plrctrls.cpp,2048,2070,3f29640a573c0ca98de326cc552fa1794e85ed7ef2b0aa2396be385c9196eb47,
controls/plrctrls.cpp|devilution::PerformSecondaryAction(),devilution::PerformSecondaryAction,controls/plrctrls.cpp,2072,2113,8d22389ee95559eab1bea443fd969d97a9ef35d46ab264157fc49fa28e8b151a,
controls/plrctrls.cpp|devilution::QuickCast(size_t slot),devilution::QuickCast,controls/plrctrls.cpp,2115,2128,a4c2c44da29f7d7e818b88318cc14a45a386a435571837213b05db71ff245e2f,
controls/remap_keyboard.h|devilution::remap_keyboard_key(SDL_Keycode *sym),devilution::remap_keyboard_key,controls/remap_keyboard.h,14,30,267147c5bb5a362ace9b0689efa22642ecd760ade1f1febd639f976c23003d7e,
"controls/touch/event_handlers.cpp|devilution::ScaleToScreenCoordinates(float x, float y)",devilution::ScaleToScreenCoordinates,controls/touch/event_handlers.cpp,22,28,a76dc3895804217d40c03eada70e4e74d2a10cfd88700860180181f19a6565b8,
controls/touch/event_handlers.cpp|devilution::SimulateMouseMovement(const SDL_Event &event),devilution::SimulateMouseMovement,controls/touch/event_handlers.cpp,30,50,01aced4c7bf61c67bffdbb5b75c7b134d9c77a29f580e4a5408bfd9739d4f5cc,
controls/touch/event_handlers.cpp|devilution::HandleGameMenuInteraction(const SDL_Event &event),devilution::HandleGameMenuInteraction,controls/touch/event_handlers.cpp,52,61,fd679786759c66531a35cfb23fec79f5027c43c51a87cc02aff5051c92deb26f,
controls/touch/event_handlers.cpp|devilution::HandleStoreInteraction(const SDL_Event &event),devilution::HandleStoreInteraction,controls/touch/event_handlers.cpp,63,70,b383bc82f46e4a9caa86e6714dbf16a3febe2a3dd475f86ebeb327bfbdd84d1d,
controls/touch/event_handlers.cpp|devilution::HandleSpellBookInteraction(const SDL_Event &event),devilution::HandleSpellBookInteraction,controls/touch/event_handlers.cpp,72,79,7d999b42d58e66c3df22f0bf7b38e832925ef1fcbbbb32ae39644738a2e59a69,
controls/touch/event_handlers.cpp|devilution::HandleSpeedBookInteraction(const SDL_Event &event),devilution::HandleSpeedBookInteraction,controls/touch/event_handlers.cpp,81,88,9669a7229df272e912611c3c72fe08c771a16cbd816618b77e391e3a696fe58b,
controls/touch/event_handlers.cpp|devilution::HandleBottomPanelInteraction(const SDL_Event &event),devilution::HandleBottomPanelInteraction,controls/touch/event_handlers.cpp,90,106,bc2303af74d2873169f14db071eef5333665defdc9d300e8081d357b5d69d52c,
controls/touch/event_handlers.cpp|devilution::HandleCharacterPanelInteraction(const SDL_Event &event),devilution::HandleCharacterPanelInteraction,controls/touch/event_handlers.cpp,108,117,d1861c85b86d40066525391e0efafb523d126451d848daa798d6ff0038d363d4,
controls/touch/event_handlers.cpp|devilution::HandleStashPanelInteraction(const SDL_Event &event),devilution::HandleStashPanelInteraction,controls/touch/event_handlers.cpp,119,129,1fc2f50a5d6768c0d509359f9f19b049722971e698de082c0212144642e876cd,
controls/touch/event_handlers.cpp|devilution::HandleTouchEvent(const SDL_Event &event),devilution::HandleTouchEvent,controls/touch/event_handlers.cpp,133,160,300dbf7560085922b11b10ee3ff947fc204faf9d95e77dcb066edc64bcbd8a84,
controls/touch/event_handlers.cpp|devilution::VirtualGamepadEventHandler::Handle(const SDL_Event &event),devilution::VirtualGamepadEventHandler::Handle,controls/touch/event_handlers.cpp,162,209,87822ada94e484cfd5801ff860e4864e9d090e5535e4b4d2747ca379ddecb57a,
controls/touch/event_handlers.cpp|devilution::VirtualDirectionPadEventHandler::Handle(const SDL_Event &event),devilution::VirtualDirectionPadEventHandler::Handle,controls/touch/event_handlers.cpp,211,226,811f644e3b186b455beff0b7dedf90d7f2c5c49645de71d42e1daa3b07ec8f35,
controls/touch/event_handlers.cpp|devilution::VirtualDirectionPadEventHandler::HandleFingerDown(const SDL_TouchFingerEvent &event),devilution::VirtualDirectionPadEventHandler::HandleFingerDown,controls/touch/event_handlers.cpp,228,244,4f3927800f2f5844d2378529741f44df6697bf8177bccdd17566e0059399971c,
controls/touch/event_handlers.cpp|devilution::VirtualDirectionPadEventHandler::HandleFingerUp(const SDL_TouchFingerEvent &event),devilution::VirtualDirectionPadEventHandler::HandleFingerUp,controls/touch/event_handlers.cpp,246,255,8cd72e2f3da1a6f2bb7dbee4eceac857d6b56b8c34d171b98385b07d53f8c857,
controls/touch/event_handlers.cpp|devilution::VirtualDirectionPadEventHandler::HandleFingerMotion(const SDL_TouchFingerEvent &event),devilution::VirtualDirectionPadEventHandler::HandleFingerMotion,controls/touch/event_handlers.cpp,257,268,1d0eb53cad8b6a4c6c29b1f67eb98a88845601ce32d63cce883802263e0cd306,
controls/touch/event_handlers.cpp|devilution::VirtualButtonEventHandler::Handle(const SDL_Event &event),devilution::VirtualButtonEventHandler::Handle,controls/touch/event_handlers.cpp,270,293,eec6cffc4d9dde4bbbad053c9b0e6aad41d9cfc8cbd36699396a194962dcca90,
controls/touch/event_handlers.cpp|devilution::VirtualButtonEventHandler::HandleFingerDown(const SDL_TouchFingerEvent &event),devilution::VirtualButtonEventHandler::HandleFingerDown,controls/touch/event_handlers.cpp,295,316,39bfa1c64f2f79a8b439d588da55ad1930d05a291bdb722bc165462548ad5195,
controls/touch/event_handlers.cpp|devilution::VirtualButtonEventHandler::HandleFingerUp(const SDL_TouchFingerEvent &event),devilution::VirtualButtonEventHandler::HandleFingerUp,controls/touch/event_handlers.cpp,318,331,b91de13f8d92982ed40bfaa0be111c1c2bc0b33316c5cdb3e543f5c67bff1bc3,
controls/touch/event_handlers.cpp|devilution::VirtualButtonEventHandler::HandleFingerMotion(const SDL_TouchFingerEvent &event),devilution::VirtualButtonEventHandler::HandleFingerMotion,controls/touch/event_handlers.cpp,333,350,786d7c2556c266e9e146bf6919f5c5bc9ac5e549b76f43229d9c1f6a1e3c5eb3,
controls/touch/event_handlers.h|devilution::VirtualDirectionPadEventHandler::VirtualDirectionPadEventHandler(VirtualDirectionPad *virtualDirectionPad),devilution::VirtualDirectionPadEventHandler::VirtualDirectionPadEventHandler,controls/touch/event_handlers.h,11,16,c99509bdb5b9da234e34572273e0d23358d28bd188bd00f0b6f8fae25a85fedf,
"controls/touch/event_handlers.h|devilution::VirtualButtonEventHandler::VirtualButtonEventHandler(VirtualButton *virtualButton, bool toggles = false)",devilution::VirtualButtonEventHandler::VirtualButtonEventHandler,controls/touch/event_handlers.h,32,38,2e7b09dba45ef7decb067544c3990a5b9f6b80130a90d47d46d8ad5bc2d97ff0,
controls/touch/event_handlers.h|devilution::VirtualGamepadEventHandler::VirtualGamepadEventHandler(VirtualGamepad *virtualGamepad),devilution::VirtualGamepadEventHandler::VirtualGamepadEventHandler,controls/touch/event_handlers.h,55,69,93d1535100b93cc8440b095f599d50d875da9868ea15287e8a505d6891b97689,
controls/touch/gamepad.cpp|devilution::PointsUp(double angle),devilution::PointsUp,controls/touch/gamepad.cpp,17,23,90979070d59e7161f3a20ee2c7e4dd8e775cac6a080d43a9d578601d7e6365d1,
controls/touch/gamepad.cpp|devilution::PointsDown(double angle),devilution::PointsDown,controls/touch/gamepad.cpp,25,31,5b4b1a63f1fa5eef19eea9d6441d1c8a87b174425442536fd89aeb6b2b2d1857,
controls/touch/gamepad.cpp|devilution::PointsLeft(double angle),devilution::PointsLeft,controls/touch/gamepad.cpp,33,38,70806fad72505d700ef726843f69d6460c7da1e0b9cf333eb3d3d22d7a81faac,
controls/touch/gamepad.cpp|devilution::PointsRight(double angle),devilution::PointsRight,controls/touch/gamepad.cpp,40,45,58806c9d13ffad9cb348383252a82c4d09fe8e366ac2d3e5241340eb29706b80,
controls/touch/gamepad.cpp|devilution::InitializeVirtualGamepad(),devilution::InitializeVirtualGamepad,controls/touch/gamepad.cpp,49,172,54667d66c61bcf4f6bc174f7cfc7220315340b22d0e1bb97e1c2949acda81275,0x140173940
controls/touch/gamepad.cpp|devilution::ActivateVirtualGamepad(),devilution::ActivateVirtualGamepad,controls/touch/gamepad.cpp,174,177,67fa2a4ce5a1a9203013fcdf4f3d818132db979ef9463d771d4d6a58e995278e,
controls/touch/gamepad.cpp|devilution::DeactivateVirtualGamepad(),devilution::DeactivateVirtualGamepad,controls/touch/gamepad.cpp,179,182,94557b0d87f90a89543a103ff0cfdae5cc50d5568e8ef6fe7a5cf84eb5bbcd41,
controls/touch/gamepad.cpp|devilution::VirtualGamepad::Deactivate(),devilution::VirtualGamepad::Deactivate,controls/touch/gamepad.cpp,184,199,ec0f1a2e95b9738fe518d6c867e12ae733530c304cf89cb0e5f16310d83f34b7,
controls/touch/gamepad.cpp|devilution::VirtualMenuPanel::Deactivate(),devilution::VirtualMenuPanel::Deactivate,controls/touch/gamepad.cpp,201,207,adc64537241aa6612747743c78c141f71656ba65e1d89978e5c119aae27c499b,
controls/touch/gamepad.cpp|devilution::VirtualDirectionPad::UpdatePosition(Point touchCoordinates),devilution::VirtualDirectionPad::UpdatePosition,controls/touch/gamepad.cpp,209,238,382e4e3e54a48990251d62b6675ac66e174db641b9b99901d43e8ee36dd538d2,
controls/touch/gamepad.cpp|devilution::VirtualDirectionPad::Deactivate(),devilution::VirtualDirectionPad::Deactivate,controls/touch/gamepad.cpp,240,247,e9224d9e08228d6dcc2ea1f3871076b15ff0f5fde4361c675452ec32ed8aa7de,
controls/touch/gamepad.cpp|devilution::VirtualButton::Deactivate(),devilution::VirtualButton::Deactivate,controls/touch/gamepad.cpp,249,253,715cf67c86faabc81bac5ca3da6aeacce99a91d5d3791851cdb9d626c6361c2f,
controls/touch/gamepad.h|devilution::VirtualDirectionPad::VirtualDirectionPad(),devilution::VirtualDirectionPad::VirtualDirectionPad,controls/touch/gamepad.h,20,24,e01493f7b7085bf600f58241dd511bc0b8f15ee7d71b54aa05e2bc7a1166a726,
controls/touch/gamepad.h|devilution::VirtualButton::VirtualButton(),devilution::VirtualButton::VirtualButton,controls/touch/gamepad.h,35,38,d6f9b2f754004e32b1a60f3895e089eb5e98618fb944f2367d57afbf54b3305e,
controls/touch/gamepad.h|devilution::VirtualMenuButton::VirtualMenuButton(),devilution::VirtualMenuButton::VirtualMenuButton,controls/touch/gamepad.h,47,50,b5f67e080b21e2a3838e428ff2485c562a2a70147d8abfa68192c343c73ae3e0,
controls/touch/gamepad.h|devilution::VirtualMenuButton::contains(Point point),devilution::VirtualMenuButton::contains,controls/touch/gamepad.h,52,55,c6e5e5778d338f5399496afdcc3b56f2a43b07700d935e3e6af2e6197f5cc184,
controls/touch/gamepad.h|devilution::VirtualPadButton::VirtualPadButton(),devilution::VirtualPadButton::VirtualPadButton,controls/touch/gamepad.h,61,64,7d38e039b7e0066a0aaa2053f003bce39f8d250c077901e4e4722f19bc244eeb,
controls/touch/gamepad.h|devilution::VirtualPadButton::contains(Point point),devilution::VirtualPadButton::contains,controls/touch/gamepad.h,66,69,c6e5e5778d338f5399496afdcc3b56f2a43b07700d935e3e6af2e6197f5cc184,
controls/touch/gamepad.h|devilution::VirtualMenuPanel::VirtualMenuPanel(),devilution::VirtualMenuPanel::VirtualMenuPanel,controls/touch/gamepad.h,79,82,75c7ff5c931982dad2484b97ef26624ce35173d9134e244915e48e4bb02ecca2,
controls/touch/renderers.cpp|devilution::GetAttackButtonType(bool isPressed),devilution::GetAttackButtonType,controls/touch/renderers.cpp,28,31,f9a57b0df98da770d68116ba0e540fa7101d8adc00e05276f0fb5b169126a591,
controls/touch/renderers.cpp|devilution::GetTalkButtonType(bool isPressed),devilution::GetTalkButtonType,controls/touch/renderers.cpp,33,36,376c046e0d4d5d4675833082705ffd2d21489255a9acfdb1125db408c151e0f9,
controls/touch/renderers.cpp|devilution::GetItemButtonType(bool isPressed),devilution::GetItemButtonType,controls/touch/renderers.cpp,38,41,8b42108fd51db38f688ee69e95229a98ae4ab40765a52523e973895f89e113ec,
controls/touch/renderers.cpp|devilution::GetObjectButtonType(bool isPressed),devilution::GetObjectButtonType,controls/touch/renderers.cpp,43,46,d29ee5e0e994564941554a17288fe458f8559d8b92bfff955ecba94ec14cc092,
controls/touch/renderers.cpp|devilution::GetCastButtonType(bool isPressed),devilution::GetCastButtonType,controls/touch/renderers.cpp,48,51,c550e13a6be468ae83e06b28105878ec7851799671eba21589f3dc64b1bbd3d6,
controls/touch/renderers.cpp|devilution::GetBackButtonType(bool isPressed),devilution::GetBackButtonType,controls/touch/renderers.cpp,53,56,876fe3b5ba2a35d9e32107843a1b7820960f5bc6f5ae9f6e04ae3857c2d60461,
controls/touch/renderers.cpp|devilution::GetBlankButtonType(bool isPressed),devilution::GetBlankButtonType,controls/touch/renderers.cpp,58,61,f15e67ce9f7d7f29a833136360a3f76a28f9181a2a242f867dee935725eef9e7,
controls/touch/renderers.cpp|devilution::GetPotionButtonType(bool isPressed),devilution::GetPotionButtonType,controls/touch/renderers.cpp,63,66,27621c9002329fd12e5dd3e1a605530924554d572540e1ef2fdb6d76c7d29cea,
controls/touch/renderers.cpp|devilution::GetApplyButtonType(bool isPressed),devilution::GetApplyButtonType,controls/touch/renderers.cpp,68,71,909a0b766b14863b9c685b68588b642aca97937d051a620a68914d1acfb813fe,
controls/touch/renderers.cpp|devilution::GetEquipButtonType(bool isPressed),devilution::GetEquipButtonType,controls/touch/renderers.cpp,73,76,71d46e7af004378e0e52e3508a522203d4716451abe3a792a1ec2288f6b2d714,
controls/touch/renderers.cpp|devilution::GetDropButtonType(bool isPressed),devilution::GetDropButtonType,controls/touch/renderers.cpp,78,81,211026ff1e7c340bbfa5967c52ca349839f76ade588ff1832e5aa2ba071f1715,
controls/touch/renderers.cpp|devilution::GetStairsButtonType(bool isPressed),devilution::GetStairsButtonType,controls/touch/renderers.cpp,83,86,49794e7380ebf30af4380fabffcbe20b4825ac3c9c3dc0836cf9d6d63129cbc8,
controls/touch/renderers.cpp|devilution::GetStandButtonType(bool isPressed),devilution::GetStandButtonType,controls/touch/renderers.cpp,88,91,462e4d9681087c2cbbcba630a7462619a919cc4e410e141abe53a29ccc8edc3f,
"controls/touch/renderers.cpp|devilution::LoadButtonArt(ButtonTexture *buttonArt, SDL_Renderer *renderer)",devilution::LoadButtonArt,controls/touch/renderers.cpp,93,108,5688102a2704cbbb96e5a86951df531691d5c793c6dcf0f9dcde5001f14e1ee9,0x140251ab0
"controls/touch/renderers.cpp|devilution::LoadPotionArt(ButtonTexture *potionArt, SDL_Renderer *renderer)",devilution::LoadPotionArt,controls/touch/renderers.cpp,110,158,9b1ece51f0b458f2b14c9c205e875c0bdea9dcb5ea7b53282d5c4dc7bd50e260,
controls/touch/renderers.cpp|devilution::InteractsWithCharButton(Point point),devilution::InteractsWithCharButton,controls/touch/renderers.cpp,160,176,6843410cccc70a4b4d117ad4df61f0f2b0949c42e139b0dd100ba41a8cba7376,
controls/touch/renderers.cpp|devilution::ButtonTexture::size(),devilution::ButtonTexture::size,controls/touch/renderers.cpp,180,192,5ae301772e91ae6fc6d0d0906a796c21facbcedc8302f55235f86ef4f6dc0f5f,
controls/touch/renderers.cpp|devilution::RenderVirtualGamepad(SDL_Renderer *renderer),devilution::RenderVirtualGamepad,controls/touch/renderers.cpp,194,208,dea68c0899e6da6d058714d96f086be57a6bfe0387d653ef538528ff2a9c4ffe,
controls/touch/renderers.cpp|devilution::RenderVirtualGamepad(SDL_Surface *surface),devilution::RenderVirtualGamepad,controls/touch/renderers.cpp,210,224,046103128df81d256901e544a573ac7e5f935ae67907cfcdd40f49c353ded53a,
controls/touch/renderers.cpp|devilution::VirtualGamepadRenderer::LoadArt(SDL_Renderer *renderer),devilution::VirtualGamepadRenderer::LoadArt,controls/touch/renderers.cpp,226,232,47df56d8c623bea599937bde1bfd00f69befb6ec133ad983b520a228e2680c5b,
controls/touch/renderers.cpp|devilution::VirtualMenuPanelRenderer::LoadArt(SDL_Renderer *renderer),devilution::VirtualMenuPanelRenderer::LoadArt,controls/touch/renderers.cpp,234,245,a72c92e260e646fe8ebce5d425dca5367f2e14b31217ec5704d721a50f98535b,0x140251890
controls/touch/renderers.cpp|devilution::VirtualDirectionPadRenderer::LoadArt(SDL_Renderer *renderer),devilution::VirtualDirectionPadRenderer::LoadArt,controls/touch/renderers.cpp,247,259,a5d54685a57e1f430ef93e520c0874f50fe2af9633e88fff22045a2fcfd5b2ea,0x1402519a0
controls/touch/renderers.cpp|devilution::VirtualGamepadRenderer::Render(RenderFunction renderFunction),devilution::VirtualGamepadRenderer::Render,controls/touch/renderers.cpp,261,280,78e95bb8f99f4a15547c6ba781924b6c75755aea20a321e6291f512459aa6914,
controls/touch/renderers.cpp|devilution::VirtualMenuPanelRenderer::Render(RenderFunction renderFunction),devilution::VirtualMenuPanelRenderer::Render,controls/touch/renderers.cpp,282,290,c1a9d80bfdf2d9116a47bbcf78ac23437f1d5a50797e0ca06375cd44718165a2,
controls/touch/renderers.cpp|devilution::VirtualDirectionPadRenderer::Render(RenderFunction renderFunction),devilution::VirtualDirectionPadRenderer::Render,controls/touch/renderers.cpp,292,296,2068e83141745656ab7101b3edff4e3fda90def3752fadaa9c6fa49f487fbd02,
controls/touch/renderers.cpp|devilution::VirtualDirectionPadRenderer::RenderPad(RenderFunction renderFunction),devilution::VirtualDirectionPadRenderer::RenderPad,controls/touch/renderers.cpp,298,310,c80b55e975d7060b373e8e3381e9625fe51d18291f1ffe8bed88bf3daea478f6,
controls/touch/renderers.cpp|devilution::VirtualDirectionPadRenderer::RenderKnob(RenderFunction renderFunction),devilution::VirtualDirectionPadRenderer::RenderKnob,controls/touch/renderers.cpp,312,324,5eb6638fe656c9850c5843b98a23c5bbbefb4f34b36a461850f95e6c4cc430e5,
"controls/touch/renderers.cpp|devilution::VirtualPadButtonRenderer::Render(RenderFunction renderFunction, const ButtonTexture &buttonArt)",devilution::VirtualPadButtonRenderer::Render,controls/touch/renderers.cpp,326,349,9451ff30c18474b0fd39fc5f9e0d6b35347fbc2b42688a84e711947563dd5f18,
"controls/touch/renderers.cpp|devilution::PotionButtonRenderer::RenderPotion(RenderFunction renderFunction, const ButtonTexture &potionArt)",devilution::PotionButtonRenderer::RenderPotion,controls/touch/renderers.cpp,351,376,289c43599c2a80cbe1d59eb370297e0060c70c53f55d1adba3106d0cd25dd2e0,
controls/touch/renderers.cpp|devilution::PotionButtonRenderer::GetPotionType(),devilution::PotionButtonRenderer::GetPotionType,controls/touch/renderers.cpp,378,410,ec5169d336587ad9b7f930cdf3ff7a75d1ae445750dde68784713ddb6b1b28ee,
controls/touch/renderers.cpp|devilution::StandButtonRenderer::GetButtonType(),devilution::StandButtonRenderer::GetButtonType,controls/touch/renderers.cpp,412,415,fddbf0cb8000a368836632188e57689392dca8d5e429926c1858c4a6dc6d1e05,
controls/touch/renderers.cpp|devilution::PrimaryActionButtonRenderer::GetButtonType(),devilution::PrimaryActionButtonRenderer::GetButtonType,controls/touch/renderers.cpp,417,429,f2279b1e03a004dc9932e7df378cee6870d478e97fbe7e56a90b2bb22e19abd1,
controls/touch/renderers.cpp|devilution::PrimaryActionButtonRenderer::GetTownButtonType(),devilution::PrimaryActionButtonRenderer::GetTownButtonType,controls/touch/renderers.cpp,431,436,e951153736a80164a009762ac5ccca7a0f66d9413cd74943be8fb889a91a766b,
controls/touch/renderers.cpp|devilution::PrimaryActionButtonRenderer::GetDungeonButtonType(),devilution::PrimaryActionButtonRenderer::GetDungeonButtonType,controls/touch/renderers.cpp,438,446,11ca36032bf1273a00330c05ca72e8f4abb56ce6dca6e29b419e48160cc543c0,
controls/touch/renderers.cpp|devilution::PrimaryActionButtonRenderer::GetInventoryButtonType(),devilution::PrimaryActionButtonRenderer::GetInventoryButtonType,controls/touch/renderers.cpp,448,453,8020e310109f47e6046374a50d0de4c752bae334ac9675950923817ad52cbff4,
controls/touch/renderers.cpp|devilution::SecondaryActionButtonRenderer::GetButtonType(),devilution::SecondaryActionButtonRenderer::GetButtonType,controls/touch/renderers.cpp,459,485,beffa3229f4f74ed07ad72643329b8d1d6b0cafbeebe8a92ee950dacc166078f,
controls/touch/renderers.cpp|devilution::SpellActionButtonRenderer::GetButtonType(),devilution::SpellActionButtonRenderer::GetButtonType,controls/touch/renderers.cpp,487,499,5235ebebc8958a72c7a137dcab9faaff7a4e616deea9af55620d303dd4fc40f4,
controls/touch/renderers.cpp|devilution::CancelButtonRenderer::GetButtonType(),devilution::CancelButtonRenderer::GetButtonType,controls/touch/renderers.cpp,501,508,8aa880484e80d2fd01ee99db59731971fe699b2a312098a2035ba477381390fe,
controls/touch/renderers.cpp|devilution::PotionButtonRenderer::GetButtonType(),devilution::PotionButtonRenderer::GetButtonType,controls/touch/renderers.cpp,510,513,5af59ed58fa5843d6e40ba0b671214ff83278da7f263b05c1ee933957f2b5cb4,
controls/touch/renderers.cpp|devilution::VirtualGamepadRenderer::UnloadArt(),devilution::VirtualGamepadRenderer::UnloadArt,controls/touch/renderers.cpp,515,521,bf1529a11484d8f221ad04c99daa8c4890fb15e88efda59b37aa51a738813988,
controls/touch/renderers.cpp|devilution::VirtualMenuPanelRenderer::UnloadArt(),devilution::VirtualMenuPanelRenderer::UnloadArt,controls/touch/renderers.cpp,523,527,ee996fd2809df4cefb7e0061e8b90e7bf79057add5d2c77e4c93e284a81f1dd4,
controls/touch/renderers.cpp|devilution::VirtualDirectionPadRenderer::UnloadArt(),devilution::VirtualDirectionPadRenderer::UnloadArt,controls/touch/renderers.cpp,529,533,939bc563b960394afbe2d341a91f1ff9ac98f0b42c2bae5129d91fa616cf9d2d,
controls/touch/renderers.cpp|devilution::InitVirtualGamepadGFX(SDL_Renderer *renderer),devilution::InitVirtualGamepadGFX,controls/touch/renderers.cpp,535,538,435b9081e439e5d673ce11d483e3362c936b285aa759c8ff166fb546c8f7773f,
controls/touch/renderers.cpp|devilution::FreeVirtualGamepadGFX(),devilution::FreeVirtualGamepadGFX,controls/touch/renderers.cpp,540,543,3edc497351c8b22e87541fb3ba3f90982432072fdfec50df9200f950dab8ae3c,
controls/touch/renderers.h|devilution::ButtonTexture::clear(),devilution::ButtonTexture::clear,controls/touch/renderers.h,64,69,1b269d6395f1a8c99d61281878d638a76a6c6d29d85475c1c0620ce499032859,
controls/touch/renderers.h|devilution::VirtualMenuPanelRenderer::VirtualMenuPanelRenderer(VirtualMenuPanel *virtualMenuPanel),devilution::VirtualMenuPanelRenderer::VirtualMenuPanelRenderer,controls/touch/renderers.h,76,79,fdce31c15ddfd24fc0ce4258ff712938bf4688aa9209c8ac3f0a9d218e97d30a,
controls/touch/renderers.h|devilution::VirtualDirectionPadRenderer::VirtualDirectionPadRenderer(VirtualDirectionPad *virtualDirectionPad),devilution::VirtualDirectionPadRenderer::VirtualDirectionPadRenderer,controls/touch/renderers.h,93,96,6a620078165dfcf54a257972b559eac13070811686cd6bab3a90212f4a14ae0b,
controls/touch/renderers.h|devilution::VirtualPadButtonRenderer::VirtualPadButtonRenderer(VirtualPadButton *virtualPadButton),devilution::VirtualPadButtonRenderer::VirtualPadButtonRenderer,controls/touch/renderers.h,113,116,7cd24556fcb0997c5b74f15ed48a80539cdaedd30ef093d7543272f679eb6e16,
controls/touch/renderers.h|devilution::StandButtonRenderer::StandButtonRenderer(VirtualPadButton *standButton),devilution::StandButtonRenderer::StandButtonRenderer,controls/touch/renderers.h,128,131,1e2cf8655d4d7e16d9b2e67b6b0ed15e5800b7d4b487a64b7e43345914ddb2bf,
controls/touch/renderers.h|devilution::PrimaryActionButtonRenderer::PrimaryActionButtonRenderer(VirtualPadButton *primaryActionButton),devilution::PrimaryActionButtonRenderer::PrimaryActionButtonRenderer,controls/touch/renderers.h,139,142,89a343b152f55cae12eaae88a925f6557e0b434ff9f67939f87c3b074028353a,
controls/touch/renderers.h|devilution::SecondaryActionButtonRenderer::SecondaryActionButtonRenderer(VirtualPadButton *secondaryActionButton),devilution::SecondaryActionButtonRenderer::SecondaryActionButtonRenderer,controls/touch/renderers.h,153,156,1aac41754c3dfca316807d6a8d38ce52595ed86e91bec664afbdc260310150ac,
controls/touch/renderers.h|devilution::SpellActionButtonRenderer::SpellActionButtonRenderer(VirtualPadButton *spellActionButton),devilution::SpellActionButtonRenderer::SpellActionButtonRenderer,controls/touch/renderers.h,164,167,4b9b199f861fd97b00ddd68c9fc9b0958eb18c76dde54fd7359d1fbc39984c2e,
controls/touch/renderers.h|devilution::CancelButtonRenderer::CancelButtonRenderer(VirtualPadButton *cancelButton),devilution::CancelButtonRenderer::CancelButtonRenderer,controls/touch/renderers.h,175,178,8fbd024117e4aff626b87b30df67df7e004319c8a6b69b15aa2dc95ce393b678,
"controls/touch/renderers.h|devilution::PotionButtonRenderer::PotionButtonRenderer(VirtualPadButton *potionButton, belt_item_type potionType)",devilution::PotionButtonRenderer::PotionButtonRenderer,controls/touch/renderers.h,186,190,2671e97178220d2b2f8ab1177bafd24961dc77b196965ff61a91b61668d2663d,
controls/touch/renderers.h|devilution::VirtualGamepadRenderer::VirtualGamepadRenderer(VirtualGamepad *virtualGamepad),devilution::VirtualGamepadRenderer::VirtualGamepadRenderer,controls/touch/renderers.h,203,214,b8f524a16ff5bd42c791e2d31e1a52309b468c1824ae04c0539590e178eacfaf,
cursor.cpp|devilution::InitCursor(),devilution::InitCursor,cursor.cpp,140,147,b4945cd945eff6ea6b1c5128aa8b024b0c99cc19031b5a261e2ae90ff9119d3c,
cursor.cpp|devilution::FreeCursor(),devilution::FreeCursor,cursor.cpp,149,154,c032ca1cdf39e580a329b138c4d43d12711fcc2d9043610a63abc165e44a317b,
cursor.cpp|devilution::GetInvItemSprite(int cursId),devilution::GetInvItemSprite,cursor.cpp,156,161,b5122d1c0bfb51cba263d619c238430553f512757337e98cb80cd842b138dfba,
cursor.cpp|devilution::GetNumInvItems(),devilution::GetNumInvItems,cursor.cpp,163,166,d99f2d240ccc43940758c0dfa8b2af91be25d7d69066b8b441d5aadcc2b58e88,
cursor.cpp|devilution::GetInvItemSize(int cursId),devilution::GetInvItemSize,cursor.cpp,168,174,2b9e41fcd99309995a689021ffa04d98ee1f79b6724be7b03bdce1144eb5a90c,
cursor.cpp|devilution::GetHalfSizeItemSprite(int cursId),devilution::GetHalfSizeItemSprite,cursor.cpp,176,179,704eb1253eb9fed732980fb99dba002d5314be8ecdfd2cdff7853359b1132d8e,
cursor.cpp|devilution::GetHalfSizeItemSpriteRed(int cursId),devilution::GetHalfSizeItemSpriteRed,cursor.cpp,181,184,04e8b8d1a513e81ac885874ef32e0e0e3e92fa53c49596de9eefc29584bcd867,
cursor.cpp|devilution::CreateHalfSizeItemSprites(),devilution::CreateHalfSizeItemSprites,cursor.cpp,186,234,6334e35667220fd7a1244afa4bc42b5dca0b680cf5c6843237f08323ce79c68e,
cursor.cpp|devilution::FreeHalfSizeItemSprites(),devilution::FreeHalfSizeItemSprites,cursor.cpp,236,244,bf505de7fcf0344954fa53a9c5d5316a33eec84ec9779cc55a52a36d020de26c,
"cursor.cpp|devilution::DrawItem(const Item &item, const Surface &out, Point position, ClxSprite clx)",devilution::DrawItem,cursor.cpp,246,254,39778a322680de8bcc251cbaf71d2c51a14739fef4894d884f36ff28698dbadf,
cursor.cpp|devilution::ResetCursor(),devilution::ResetCursor,cursor.cpp,256,259,0028c9b9aa5b5a0d7fafec669e1513584829b01398444ad4236a2f871929799a,
cursor.cpp|devilution::NewCursor(const Item &item),devilution::NewCursor,cursor.cpp,261,268,e024d6d38be24d31b1b4f89feeb606f5cfd8662fd7df6f7b255ecb0bf074554d,
cursor.cpp|devilution::NewCursor(int cursId),devilution::NewCursor,cursor.cpp,270,293,c06610c5a462d38013d043471f992e30353a0a5cfe3b0df451bca7969fed39a0,
"cursor.cpp|devilution::DrawSoftwareCursor(const Surface &out, Point position, int cursId)",devilution::DrawSoftwareCursor,cursor.cpp,295,305,4d87930c57038878aca170f322fc45c0ec2dce92d249558a96ad3ce4a85cda2d,
cursor.cpp|devilution::InitLevelCursor(),devilution::InitLevelCursor,cursor.cpp,307,318,2b585402d2957be66b68faa26b217ecfc29a893a7eeb4e9568ff2b82a9f37bf6,
cursor.cpp|devilution::CheckTown(),devilution::CheckTown,cursor.cpp,320,332,ca5139b1e897ac4790a7117f57b8416106a881ec96852bd972f95acda4cb82c8,0x140012b90
cursor.cpp|devilution::CheckRportal(),devilution::CheckRportal,cursor.cpp,334,346,ae9960bd3b03760890e4f2528a60cb451a14d7a821a9d00396b71c9c4eacb877,0x140012d40
cursor.cpp|devilution::CheckCursMove(),devilution::CheckCursMove,cursor.cpp,348,771,f851dcd4779b4785286263d3ab705a0e36b7e46ce33134b8ebb76d122c391be2,
"dead.cpp|devilution::InitDeadAnimationFromMonster(Corpse &corpse, const CMonster &mon)",devilution::InitDeadAnimationFromMonster,dead.cpp,22,32,06b25bf5b2b5a9ecb7d9b63f333a1e654de6230513e1877e9cf0a8707ba7c5be,
dead.cpp|devilution::MoveLightToCorpse(Monster &monster),devilution::MoveLightToCorpse,dead.cpp,34,45,1db8f6926c37d5fcd29a8a935de12b18b161f91f13a04b6e47a9bf40046795ae,
dead.cpp|devilution::InitCorpses(),devilution::InitCorpses,dead.cpp,48,90,4301cd8390945e2b61251f7b008f967202efd4bac35f31210f98f0ab21b18f2f,
"dead.cpp|devilution::AddCorpse(Point tilePosition, int8_t dv, Direction ddir)",devilution::AddCorpse,dead.cpp,92,95,e657944d10d6700205e4b19ae374397567479ebf02aed1649908b1ac1f3f18b4,
dead.cpp|devilution::MoveLightsToCorpses(),devilution::MoveLightsToCorpses,dead.cpp,97,105,71bf2b4f1212db7a7e52938b833a0a20f2827124556a995306e9d14b9ede68b2,
dead.h|devilution::Corpse::spritesForDirection(Direction direction),devilution::Corpse::spritesForDirection,dead.h,31,34,bfa2752e9df87da453a402d2b0ec2e336c2c14c66c26faf6f661814e2de87455,
diablo.cpp|devilution::StartGame(interface_mode uMsg),devilution::StartGame,diablo.cpp,155,173,b129839b3bd56c0b59505e746de46e8c76ecd7d1f4116f8c520226701e3f644b,0x1400169e0
diablo.cpp|devilution::FreeGame(),devilution::FreeGame,diablo.cpp,175,196,948d830717410e142f29af06025df9e420d9456b9f60b7020ab55a2e0595dd30,
diablo.cpp|devilution::ProcessInput(),devilution::ProcessInput,diablo.cpp,198,221,bc03d2b2a282bfc93bba9fc48949d500f6bc99e8ad436f42af33b11119ffbbdc,
diablo.cpp|devilution::LeftMouseCmd(bool bShift),devilution::LeftMouseCmd,diablo.cpp,223,290,916e87e5914eac3afd975eb1994eb29759d6d1c45b810624e11d79680d5c8284,
diablo.cpp|devilution::TryOpenDungeonWithMouse(),devilution::TryOpenDungeonWithMouse,diablo.cpp,292,307,a8f78e6f33a0a741ab42e5664116a5de9a34cf6e1c36f7da4c5f12a34bd8c745,
diablo.cpp|devilution::LeftMouseDown(uint16_t modState),devilution::LeftMouseDown,diablo.cpp,309,389,073813f6a9fc19c25b0df294ae41b678e4aac2aa85491ba7cc98900b25b557a9,
diablo.cpp|devilution::LeftMouseUp(uint16_t modState),devilution::LeftMouseUp,diablo.cpp,391,406,6e184a4487e32eea9c1f2eb1fbb41a6dd377976bd270a71e1228b0a267fac771,
diablo.cpp|devilution::RightMouseDown(bool isShiftHeld),devilution::RightMouseDown,diablo.cpp,408,445,a60f8df05488829bec77b406b442b323d6f63bb7fed78564c4df803d32f59096,
diablo.cpp|devilution::ReleaseKey(SDL_Keycode vkey),devilution::ReleaseKey,diablo.cpp,447,453,0f33048f9e3b80bbf95a3c9f275ebf37cb6b667548640a9eeda7b9ee3e354a0a,
diablo.cpp|devilution::ClosePanels(),devilution::ClosePanels,diablo.cpp,455,468,e11d6f9594fbd638a7a676ccd8713f21c40c28cbec58522b159e7821568786cc,
"diablo.cpp|devilution::PressKey(SDL_Keycode vkey, uint16_t modState)",devilution::PressKey,diablo.cpp,470,630,b9f4ca843c8f1c0ac79306629e70e6a5d6885bc19bf6adf9bb2d1f13eac7bb12,
"diablo.cpp|devilution::HandleMouseButtonDown(Uint8 button, uint16_t modState)",devilution::HandleMouseButtonDown,diablo.cpp,632,658,a4d71ebd1352864761a0c2794cbc6319de624ba134388399b2376b51739f3b0b,
"diablo.cpp|devilution::HandleMouseButtonUp(Uint8 button, uint16_t modState)",devilution::HandleMouseButtonUp,diablo.cpp,660,672,5db87de1ba3667fc39ebbad79e66b558bc87d1f2f9ef039bbb32ed352f029108,
diablo.cpp|devilution::HandleTextInput(string_view text),devilution::HandleTextInput,diablo.cpp,674,689,edf3c2487924102eb112b30ded78cdbfd241d802b5d386208a7e488b7b20858d,
"diablo.cpp|devilution::LogUnhandledEvent(const char *name, int value)",devilution::LogUnhandledEvent,diablo.cpp,691,694,e8d448686abd57d962c999017fa1816418c6ba7511270598cdf5faa85761b4f3,
"diablo.cpp|devilution::GameEventHandler(const SDL_Event &event, uint16_t modState)",devilution::GameEventHandler,diablo.cpp,696,790,098dbfaeb4aaf3ddaa8207e7c67dc11be0bf984c5deae9afbeb927ee420eb13f,
diablo.cpp|devilution::RunGameLoop(interface_mode uMsg),devilution::RunGameLoop,diablo.cpp,792,900,581b00f63f9b0e66a842b573c2ea299d100c02f04d2d432e5d6a6cd03b4cbe29,
"diablo.cpp|devilution::PrintWithRightPadding(string_view str, size_t width)",devilution::PrintWithRightPadding,diablo.cpp,902,908,a510c06455c99547f56b9901cfdf6f8ed257b37a4126b0d057a8ff0da0feaf82,
"diablo.cpp|devilution::PrintHelpOption(string_view flags, string_view description)",devilution::PrintHelpOption,diablo.cpp,910,917,10de81f7b73541a8b33230edaa17bdaee91b9124495323430e23d40cf6dd8c3e,
diablo.cpp|devilution::PrintHelpAndExit(),devilution::PrintHelpAndExit,diablo.cpp,919,956,54b63a5a770c429597dd0aaab1249aef30a0755eb56b262f3a4dbac8f5ac95e6,0x14001c790
diablo.cpp|devilution::PrintFlagsRequiresArgument(string_view flag),devilution::PrintFlagsRequiresArgument,diablo.cpp,958,963,02df83ced28b7ff7bea78059c7c119c1509f270a3d967afa67ba271efba7dcf6,0x1400211a0
"diablo.cpp|devilution::DiabloParseFlags(int argc, char **argv)",devilution::DiabloParseFlags,diablo.cpp,965,1082,9315f1d7ef6ffdbb995b240d4d9a7beda14fd2f8bf923ff036682b7ed5a6312b,
diablo.cpp|devilution::DiabloInitScreen(),devilution::DiabloInitScreen,diablo.cpp,1084,1091,866fefe0d9c850ab8b8bd93a6dc4459a3e0f790544e46760ad1c6680b283e832,
diablo.cpp|devilution::SetApplicationVersions(),devilution::SetApplicationVersions,diablo.cpp,1093,1097,f655960c55f1b86ebc75a888a833615f0bd140db120743ec080159bcab44dc8f,
diablo.cpp|devilution::CheckArchivesUpToDate(),devilution::CheckArchivesUpToDate,diablo.cpp,1099,1117,4ad13bc701b15f4b8ec8f033c8bca0eb7cdce665cae690f91cc5d8120c6d0c88,
diablo.cpp|devilution::ApplicationInit(),devilution::ApplicationInit,diablo.cpp,1119,1132,5912863d8ff0ae7c9a0c7b6bbcf40acebb608cf07d09b9ece1f7e4f399c16cc2,
diablo.cpp|devilution::DiabloInit(),devilution::DiabloInit,diablo.cpp,1134,1183,81d6ca2309f8f6ad14d2eda76fc0b5af98691196d7cb7a3f5b74ac6f72145a49,
diablo.cpp|devilution::DiabloSplash(),devilution::DiabloSplash,diablo.cpp,1185,1208,bc58b157038db4d7b18b7e353f8ea4df2b0d13010c3ce4a16728aa582f1a3601,
diablo.cpp|devilution::DiabloDeinit(),devilution::DiabloDeinit,diablo.cpp,1210,1226,6bd443ea5301cde8b1de2f56ee604ccfc22dbb833b800c0f6a0757a59da55657,
diablo.cpp|devilution::LoadLvlGFX(),devilution::LoadLvlGFX,diablo.cpp,1228,1277,aade002c89ccf1f9881f99ce5256e166c1807a84079324458f25db405f54fbd8,0x1400219d0
diablo.cpp|devilution::LoadAllGFX(),devilution::LoadAllGFX,diablo.cpp,1279,1290,5c50a55c170097550c5e3ebf71dd96f8c34c438067c205def5443839fd94f3b2,
diablo.cpp|devilution::CreateLevel(lvl_entry entry),devilution::CreateLevel,diablo.cpp,1295,1329,59e0f355eca0185908ffdfd44c5e816092a0af200c48d390a0e9004ac1d8e97f,
diablo.cpp|devilution::UnstuckChargers(),devilution::UnstuckChargers,diablo.cpp,1331,1351,3ed2627f2a4aa9c983ebb8f01d0701503d548981506e38186170a1e6bd7bdf62,
diablo.cpp|devilution::UpdateMonsterLights(),devilution::UpdateMonsterLights,diablo.cpp,1353,1375,2a51f311645fe8323e7110108e2e79069037bbd745a75472d1794043af1d7413,
diablo.cpp|devilution::GameLogic(),devilution::GameLogic,diablo.cpp,1377,1420,0a637808947b3f88541c1c95262ac3e1a7c6a3109c78f7e441796e8ded4b2646,
diablo.cpp|devilution::TimeoutCursor(bool bTimeout),devilution::TimeoutCursor,diablo.cpp,1422,1445,deea90ee0b8c4c63f7851768951cd297f9e92eefc796c0cd08ecf21d0ad6c3ae,0x140027a90
diablo.cpp|devilution::HelpKeyPressed(),devilution::HelpKeyPressed,diablo.cpp,1447,1471,879ee70217fe07ea21dfcbdca5ceec5bf7efae7ce4a4268538228aefbb528ed7,0x1400276a0
diablo.cpp|devilution::InventoryKeyPressed(),devilution::InventoryKeyPressed,diablo.cpp,1473,1492,ef4d668efda16285fc66efd47b165bfcb9863cbd38dda0e32e5025c15b983611,
diablo.cpp|devilution::CharacterSheetKeyPressed(),devilution::CharacterSheetKeyPressed,diablo.cpp,1494,1510,4dfc62e34cbf3d996ae172202c3c1ac9d3398cd1da2f0659136dabd09978bac8,
diablo.cpp|devilution::QuestLogKeyPressed(),devilution::QuestLogKeyPressed,diablo.cpp,1512,1535,ffa357efad833caa6f200818d80e42c4e668e219abc6911cd66ad443c516700e,
diablo.cpp|devilution::DisplaySpellsKeyPressed(),devilution::DisplaySpellsKeyPressed,diablo.cpp,1537,1551,7171b75243b8c8d9bca9b3a341c55d855a39011de95488461bdec3b2209608f5,
diablo.cpp|devilution::SpellBookKeyPressed(),devilution::SpellBookKeyPressed,diablo.cpp,1553,1570,12d564fe2569008a169555b01d8f968de6d115af7b6b3833164569e3b5d4f331,
diablo.cpp|devilution::IsPlayerDead(),devilution::IsPlayerDead,diablo.cpp,1572,1575,cc1ba684dcb837c5ed19dc0e307ab6b4428ae5f440b0f0f9046dca65deae99c0,
diablo.cpp|devilution::IsGameRunning(),devilution::IsGameRunning,diablo.cpp,1577,1580,cd104421b7f1e771a13f874a09b209c0b256a058300b04902fe962cb283ab934,
diablo.cpp|devilution::CanPlayerTakeAction(),devilution::CanPlayerTakeAction,diablo.cpp,1582,1585,4740c3cb0d2205b2b2abb7fd75d6787589e5ff931a0194c789b4861316f739af,
diablo.cpp|devilution::InitKeymapActions(),devilution::InitKeymapActions,diablo.cpp,1588,1850,7e29f9d139208eacaf8256dba8c5db332923e8860f9b54dcdab7fc1c3adef6f8,
diablo.cpp|devilution::InitPadmapActions(),devilution::InitPadmapActions,diablo.cpp,1852,2308,b3a4ffc55a915a22817eeb19433fec7612455bb19c0783676afc6d236487ddd7,
diablo.cpp|devilution::SetCursorPos(Point position),devilution::SetCursorPos,diablo.cpp,2310,2320,4fbd7538db8905125b470eac29bc6940036c0d843f232a0a75e7b770af13b811,
diablo.cpp|devilution::FreeGameMem(),devilution::FreeGameMem,diablo.cpp,2322,2337,7b43c55195830411295e6e0f299051f3525de87f2125151cf698b54d06340e10,
"diablo.cpp|devilution::StartGame(bool bNewGame, bool bSinglePlayer)",devilution::StartGame,diablo.cpp,2339,2384,f3a929de420670bf78708e7e21eb2f3d48c79a6526b272a4694774e9fa07fbe8,
diablo.cpp|devilution::diablo_quit(int exitStatus),devilution::diablo_quit,diablo.cpp,2386,2392,c1047061dc8b09e1b821357e092dff72675ade5dcfc419fb0b16b94fe1cc465c,
"diablo.cpp|devilution::DiabloMain(int argc, char **argv)",devilution::DiabloMain,diablo.cpp,2403,2439,e6a157e7e592f1e0fd8d79c9468a493f14d34a220bb910127b2f942bc2317699,
diablo.cpp|devilution::TryIconCurs(),devilution::TryIconCurs,diablo.cpp,2441,2541,d865fb8ebafc0aa414229124af439413ea5672808100ac69e72e649f9a72bab8,
diablo.cpp|devilution::diablo_pause_game(),devilution::diablo_pause_game,diablo.cpp,2543,2557,157ff940a55efa5249742aa9e226cf92934bdf5f3c7919f74d0fda64189e60f4,
diablo.cpp|devilution::diablo_is_focused(),devilution::diablo_is_focused,diablo.cpp,2562,2570,e9cca6dfba07b6077bc69618dc847a9d3a979e76dca089bdf281ac5c239d2071,
diablo.cpp|devilution::diablo_focus_pause(),devilution::diablo_focus_pause,diablo.cpp,2572,2590,040f9f3b90e3b9c6c8424370644916255c5bb41044cb3335155b9215a534a1bc,
diablo.cpp|devilution::diablo_focus_unpause(),devilution::diablo_focus_unpause,diablo.cpp,2592,2602,07197f0d761e91e392328448c3321016f5e184d32aff797284419403e97d2cfe,
diablo.cpp|devilution::PressEscKey(),devilution::PressEscKey,diablo.cpp,2604,2665,440671252e5fdcb449f3df54944cf555f7d54cc8033c187beeba20175138bb28,
"diablo.cpp|devilution::DisableInputEventHandler(const SDL_Event &event, uint16_t modState)",devilution::DisableInputEventHandler,diablo.cpp,2667,2692,ed51dfe47902a99d72507350dfd8ce7ac4a7d533bbd52cd1cc9e02ff3e7157f4,
"diablo.cpp|devilution::LoadGameLevel(bool firstflag, lvl_entry lvldir)",devilution::LoadGameLevel,diablo.cpp,2694,2980,1ede209d4fc39f365b5e53c0cb33e15481283fc245c6f05bae63c95ad81ed3eb,
diablo.cpp|devilution::game_loop(bool bStartup),devilution::game_loop,diablo.cpp,2982,2999,b5c6a184412c6375b7122394e82f538569cf79e2f524cb338b5e0be4499cba43,
diablo.cpp|devilution::diablo_color_cyc_logic(),devilution::diablo_color_cyc_logic,diablo.cpp,3001,3022,7fc7b3d43117c3ccd3c8b6086dbc11dd02eb190039976005f73ebfa5e9d66451,
diablo.cpp|devilution::IsDiabloAlive(bool playSFX),devilution::IsDiabloAlive,diablo.cpp,3024,3033,324013fb2960914de69870380a2ece96ccaa876da6fe80527cb0f066c436ec16,
diablo.cpp|devilution::PrintScreen(SDL_Keycode vkey),devilution::PrintScreen,diablo.cpp,3035,3038,1d90bbf0580a479ed7ade2cc9fa6177525e94df0c140130cbf9283519fd10eea,
discord/discord.cpp|devilution::discord_manager::PlayerData::operator!=(const PlayerData &other),devilution::discord_manager::PlayerData::operator!=,discord/discord.cpp,50,53,0a6a6820dc49c3460300bd0ad73e00cae7b9de2fd88266e1d50354918e7b9727,
discord/discord.cpp|devilution::discord_manager::GetLocationString(),devilution::discord_manager::GetLocationString,discord/discord.cpp,60,87,92e963ea8aeda34d8149e7b7e100c1280bcb4d50d9a4b0aba86ce2da819f1f63,
discord/discord.cpp|devilution::discord_manager::GetCharacterString(),devilution::discord_manager::GetCharacterString,discord/discord.cpp,89,93,17f26d66ee50ded7544362be59aedbdcdc7d1ebf7fd90c1a95347a46b9dbaac6,0x140170520
discord/discord.cpp|devilution::discord_manager::GetDetailString(),devilution::discord_manager::GetDetailString,discord/discord.cpp,95,98,b9d2615297d117681823ac5583ec8c0403730703b97a7ee446c882cb5091716b,
discord/discord.cpp|devilution::discord_manager::GetStateString(),devilution::discord_manager::GetStateString,discord/discord.cpp,100,105,d1df32aea0cf797e113ccfa0bcec2aed64bc6e83edfd24d514bae61b71d397d0,
discord/discord.cpp|devilution::discord_manager::GetTooltipString(),devilution::discord_manager::GetTooltipString,discord/discord.cpp,107,110,b69d5d1fa2506f7e432d2405ad65d99abcd7b80c4047015941d79a429880b447,
discord/discord.cpp|devilution::discord_manager::GetPlayerAssetString(),devilution::discord_manager::GetPlayerAssetString,discord/discord.cpp,112,122,7a5a4db3370e8518337526e6f0e41bcbceb52929a51cd4312ab9964184b452fd,
discord/discord.cpp|devilution::discord_manager::ResetStartTime(),devilution::discord_manager::ResetStartTime,discord/discord.cpp,124,127,55fd18114d82c66ab19b2a7e573095fe90a6423910f27a7a80c56906edbe3408,
discord/discord.cpp|devilution::discord_manager::GetIconAsset(),devilution::discord_manager::GetIconAsset,discord/discord.cpp,129,132,75fd950236331041c406be8a5360b5a995282dfc187fade704818443cba0c1e5,
discord/discord.cpp|devilution::discord_manager::UpdateGame(),devilution::discord_manager::UpdateGame,discord/discord.cpp,134,163,8ba5460d669e60f2704bdb275d20483d2353a5d95d52ecc750396c045302dc05,
discord/discord.cpp|devilution::discord_manager::StartGame(),devilution::discord_manager::StartGame,discord/discord.cpp,165,170,c15783c3ebfdb6c7fb6aac4364dc9e82324134fb5f4658b9ef8f45aeb9666c4f,
discord/discord.cpp|devilution::discord_manager::UpdateMenu(bool forced),devilution::discord_manager::UpdateMenu,discord/discord.cpp,172,195,7b77e51b4814007e98ec61f41be77dfc59cb04aa27c19ac7b1e12e5c1903b852,
discord/discord.h|devilution::discord_manager::UpdateGame(),devilution::discord_manager::UpdateGame,discord/discord.h,11,13,e977923980f64780a35dcfe2d920326263a8f355b72e697132277e3641c52059,
discord/discord.h|devilution::discord_manager::StartGame(),devilution::discord_manager::StartGame,discord/discord.h,15,17,863b969dcb78a68bfacbd0fc1970978d2a8302bf78127e71750988fd8238cbfd,
discord/discord.h|devilution::discord_manager::UpdateMenu(bool forced = false),devilution::discord_manager::UpdateMenu,discord/discord.h,19,21,f241707d76603e064f2a19916629247b9297d89d7ff8fc7aaf7a9b8ab31268e1,
doom.cpp|devilution::doom_init(),devilution::doom_init,doom.cpp,22,26,c4277e8e7be01911467537999ca15bf6e7b7315971590be4c8fa670b1e9653f6,0x140050b40
doom.cpp|devilution::doom_close(),devilution::doom_close,doom.cpp,28,32,cc6321d5608b9f0ecebbcd974bb2ef25727e894405675fa37d32be8a53e8879e,
doom.cpp|devilution::doom_draw(const Surface &out),devilution::doom_draw,doom.cpp,34,41,b8ce144064a0b61218298922e6ece291d0c500bb9feeeefe3a90b5054632376e,
dvlnet/abstract_net.cpp|devilution::net::abstract_net::MakeNet(provider_t provider),devilution::net::abstract_net::MakeNet,dvlnet/abstract_net.cpp,19,39,8032e6e4b6454c9da2eea4c41cb0ef592f2e6b1dfe433552d45349e00bc4d5b6,
dvlnet/abstract_net.h|devilution::net::dvlnet_exception::what(),devilution::net::dvlnet_exception::what,dvlnet/abstract_net.h,19,22,e7597c34f500ed6a11261518f3c7d2082e28589621eb155edff31447e39da40f,0x1400eba20
dvlnet/abstract_net.h|devilution::net::abstract_net::setup_password(std::string passwd),devilution::net::abstract_net::setup_password,dvlnet/abstract_net.h,45,47,2b69e6b12800f80490aab27b6244fdaa675eebcf9533840259cb8d7d322fbfd8,
dvlnet/abstract_net.h|devilution::net::abstract_net::clear_password(),devilution::net::abstract_net::clear_password,dvlnet/abstract_net.h,49,51,afbe79f5cc018e8ef0ed034b02d339c1925c477852b8032d0e9c9db664599972,
dvlnet/abstract_net.h|devilution::net::abstract_net::send_info_request(),devilution::net::abstract_net::send_info_request,dvlnet/abstract_net.h,53,56,1790d5b5952123bbcc2ddcc1de14119ed172208799300396c8be0047a088c1c5,
dvlnet/abstract_net.h|devilution::net::abstract_net::clear_gamelist(),devilution::net::abstract_net::clear_gamelist,dvlnet/abstract_net.h,58,60,a2a592f67ceeea7ea9a2e553ce6f0a92e7df8bc6570920e7bd98e8ec74fcf99a,
dvlnet/abstract_net.h|devilution::net::abstract_net::get_gamelist(),devilution::net::abstract_net::get_gamelist,dvlnet/abstract_net.h,62,65,9e466e346dcc83063eb7d5b168b12721b10ecadb05002b54043dc5b2848a4d90,
dvlnet/base.cpp|devilution::net::base::setup_gameinfo(buffer_t info),devilution::net::base::setup_gameinfo,dvlnet/base.cpp,13,16,3655012300d0f04134e85b3d4fbcaa587786797cfd0d468fd2a92aa88cfa2a20,
dvlnet/base.cpp|devilution::net::base::setup_password(std::string pw),devilution::net::base::setup_password,dvlnet/base.cpp,18,21,8cfbc15b6e5784b58b0485a385da42d819eb26326c31615a8a04250a33eaeb1b,
dvlnet/base.cpp|devilution::net::base::clear_password(),devilution::net::base::clear_password,dvlnet/base.cpp,23,26,147d2a8f95ba0b49ff7e54f9cd6a4599e57fbb8a9299a3835a10a0e1e50eb206,
dvlnet/base.cpp|devilution::net::base::RunEventHandler(_SNETEVENT &ev),devilution::net::base::RunEventHandler,dvlnet/base.cpp,28,34,f235a074a606adba27cd20bc232dfec56ce5f5b196fe03c62e626d49115de740,
dvlnet/base.cpp|devilution::net::base::DisconnectNet(plr_t plr),devilution::net::base::DisconnectNet,dvlnet/base.cpp,36,38,60b34e3aeb2b91140447b36577a8ec51a62673c3808149d87c4731008f391e2b,
dvlnet/base.cpp|devilution::net::base::SendEchoRequest(plr_t player),devilution::net::base::SendEchoRequest,dvlnet/base.cpp,40,50,f55827777ab49733917863fac1161c9f81cb9f28a44a7f4013034ce57238a8e2,
dvlnet/base.cpp|devilution::net::base::HandleAccept(packet &pkt),devilution::net::base::HandleAccept,dvlnet/base.cpp,52,74,cd67dbbf0e910d8e7f176baf3c623286539a1109c2dd358051686537bd8d688c,
dvlnet/base.cpp|devilution::net::base::HandleConnect(packet &pkt),devilution::net::base::HandleConnect,dvlnet/base.cpp,76,80,11bd06ca19e3abd39eae0d196dab0e1b26c221b9cbca38eed582bf8bda98c956,
dvlnet/base.cpp|devilution::net::base::HandleTurn(packet &pkt),devilution::net::base::HandleTurn,dvlnet/base.cpp,82,90,3bebec3fb7be0ad4b8049798369b1bf00c527dea19ac8f1a5f546d6e6b527cd6,
dvlnet/base.cpp|devilution::net::base::HandleDisconnect(packet &pkt),devilution::net::base::HandleDisconnect,dvlnet/base.cpp,92,113,44f7a43a1e4197869b4981fcfed44422c6007ee053abfc913c0d200f1f02d6b7,
dvlnet/base.cpp|devilution::net::base::HandleEchoRequest(packet &pkt),devilution::net::base::HandleEchoRequest,dvlnet/base.cpp,115,119,daedd225ee5d04f322f4f7d5a07793a06677e6e2aa2f11fdf56dbe552feccfc6,
dvlnet/base.cpp|devilution::net::base::HandleEchoReply(packet &pkt),devilution::net::base::HandleEchoReply,dvlnet/base.cpp,121,127,b724e0575b6b1be21ba66da00379d2852cedebc1fbc9555168f5e7ff8538a307,
dvlnet/base.cpp|devilution::net::base::ClearMsg(plr_t plr),devilution::net::base::ClearMsg,dvlnet/base.cpp,129,137,6ed45a2b5b5a203bfd6712266b9bd01248bc9f2e43f64a89e138a3e544632d02,
dvlnet/base.cpp|devilution::net::base::Connect(plr_t player),devilution::net::base::Connect,dvlnet/base.cpp,139,147,e0c5dca93e012ac436878d112e7637af253a99d86c7ad066408fb3fd309bc1e3,
dvlnet/base.cpp|devilution::net::base::IsConnected(plr_t player),devilution::net::base::IsConnected,dvlnet/base.cpp,149,153,1eef65a72b4b0f603a669f4e869facb3401213157a6cf35ca66bd43c20c2f7d2,
dvlnet/base.cpp|devilution::net::base::RecvLocal(packet &pkt),devilution::net::base::RecvLocal,dvlnet/base.cpp,155,186,e68e851c4ad80e5257d2786231c3ae4b65479a3a0648583d9d0593f11c080da0,0x140107c20
"dvlnet/base.cpp|devilution::net::base::SNetReceiveMessage(uint8_t *sender, void **data, uint32_t *size)",devilution::net::base::SNetReceiveMessage,dvlnet/base.cpp,188,199,4b5f75fbce4f6b8bfe1bf5bf8eb751d05e8dd8d3b861ea53ceaf3d102d39d4bc,
"dvlnet/base.cpp|devilution::net::base::SNetSendMessage(int playerId, void *data, unsigned int size)",devilution::net::base::SNetSendMessage,dvlnet/base.cpp,201,220,95d0a4e2a2327d0c11a8de998f78e1ce8d94df8540d02b723579a0fd942d4f84,
dvlnet/base.cpp|devilution::net::base::AllTurnsArrived(),devilution::net::base::AllTurnsArrived,dvlnet/base.cpp,222,237,b2c705b1986256a9dc0080cf457a521998bfb9388252d2fc727548d9d8557545,0x140101550
"dvlnet/base.cpp|devilution::net::base::SNetReceiveTurns(char **data, size_t *size, uint32_t *status)",devilution::net::base::SNetReceiveTurns,dvlnet/base.cpp,239,303,dbc37d293cdf400c6265ccf8142640680cd2d7381d7509ed02a7d096b7ee92c2,
"dvlnet/base.cpp|devilution::net::base::SNetSendTurn(char *data, unsigned int size)",devilution::net::base::SNetSendTurn,dvlnet/base.cpp,305,320,b3308299801388b747aec518042ebcf887a8ccd5fb74a63fa56258f66b702d45,
dvlnet/base.cpp|devilution::net::base::SendTurnIfReady(turn_t turn),devilution::net::base::SendTurnIfReady,dvlnet/base.cpp,322,331,cb3f65ad2793b6093183cec1aa32a22884b1383ce0a14bab21c9ca4d228cafe8,
dvlnet/base.cpp|devilution::net::base::SendFirstTurnIfReady(plr_t player),devilution::net::base::SendFirstTurnIfReady,dvlnet/base.cpp,333,347,d531f0a00933ade11365ef35fb395370fa9688f2f13b986855b08a2c611b8370,
dvlnet/base.cpp|devilution::net::base::MakeReady(seq_t sequenceNumber),devilution::net::base::MakeReady,dvlnet/base.cpp,349,365,b227d3130da0407f1c1719e7b6224249900dad1357ea05aeab0fdb50261d4c58,
dvlnet/base.cpp|devilution::net::base::SNetGetProviderCaps(struct _SNETCAPS *caps),devilution::net::base::SNetGetProviderCaps,dvlnet/base.cpp,367,379,2ce7231e077206094f2d2f0a55c5d2906a7b6472ad5ede0088819b801c798140,
dvlnet/base.cpp|devilution::net::base::SNetUnregisterEventHandler(event_type evtype),devilution::net::base::SNetUnregisterEventHandler,dvlnet/base.cpp,381,385,4fb17a13400c3bd98edd2e6eef8043c388234f72bcf4fe58c42ad6c93e55b04a,
"dvlnet/base.cpp|devilution::net::base::SNetRegisterEventHandler(event_type evtype, SEVTHANDLER func)",devilution::net::base::SNetRegisterEventHandler,dvlnet/base.cpp,387,399,e0ea2f91f855f68fa0976b665964a4be526b9443517f1500c6344ad1a7f605dc,
dvlnet/base.cpp|devilution::net::base::SNetLeaveGame(int type),devilution::net::base::SNetLeaveGame,dvlnet/base.cpp,401,408,386723ebe950287fa9a3539b9e4499e065c54450f87068ac9ff23912284e830a,
"dvlnet/base.cpp|devilution::net::base::SNetDropPlayer(int playerid, uint32_t flags)",devilution::net::base::SNetDropPlayer,dvlnet/base.cpp,410,419,ae0bb1ad04510992466f714f64a423fdced8eb4b279338559396f7064c40c981,
dvlnet/base.cpp|devilution::net::base::GetOwner(),devilution::net::base::GetOwner,dvlnet/base.cpp,421,429,966750fd805cd029eee22f6b74db1b43cf17dbdd6c2b4db5174c37fb62f03e9c,
dvlnet/base.cpp|devilution::net::base::SNetGetOwnerTurnsWaiting(uint32_t *turns),devilution::net::base::SNetGetOwnerTurnsWaiting,dvlnet/base.cpp,431,441,2d193a693bb426a327ab63fc8332f0af7c51d8b9db6d24974d1d3986eacc20c3,
dvlnet/base.cpp|devilution::net::base::SNetGetTurnsInTransit(uint32_t *turns),devilution::net::base::SNetGetTurnsInTransit,dvlnet/base.cpp,443,449,05cd3a70b6710c73a6e7694788187f2c786cb15b9a294c5dae9ea1dfb45324df,
dvlnet/base.h|devilution::net::base::message_t::message_t(),devilution::net::base::message_t::message_t,dvlnet/base.h,54,58,580f77cb05f5f3559a6dc2be6b5fe6716f7ee329d9a8818baf9abb11ec0e9573,
"dvlnet/base.h|devilution::net::base::message_t::message_t(int s, buffer_t p)",devilution::net::base::message_t::message_t,dvlnet/base.h,59,63,ed9cc2f0e8fa40acfc3071e6c44e637112a6adba1e8033b75386b152f04bc7ac,
dvlnet/base_protocol.h|devilution::net::get_master(),devilution::net::get_master,dvlnet/base_protocol.h,67,75,1bba7d2bef8040441dccc29a7d7a8a74ffd20cab6b688501e55532e4e6e4f1d4,
dvlnet/base_protocol.h|devilution::net::wait_network(),devilution::net::wait_network,dvlnet/base_protocol.h,77,87,286d7062e9ada4c7c67e9885554d7b1b890b834d0e8b81bed93c9cdf7667b852,
dvlnet/base_protocol.h|devilution::net::DisconnectNet(plr_t plr),devilution::net::DisconnectNet,dvlnet/base_protocol.h,89,95,8164922ff019b4e6e9e8fc59d84c3af1dbf8b6cb80488ed943462422f6fe2467,
dvlnet/base_protocol.h|devilution::net::wait_firstpeer(),devilution::net::wait_firstpeer,dvlnet/base_protocol.h,97,111,8603070addb9a3d2fdbc7fa79dc2559d82fe529320f894a8848b7cde862b6a2f,
dvlnet/base_protocol.h|devilution::net::send_info_request(),devilution::net::send_info_request,dvlnet/base_protocol.h,113,121,e8b6171c6083dbbdc23434193f484933610e1619ed0d7dc21e750b9e4411978a,
dvlnet/base_protocol.h|devilution::net::wait_join(),devilution::net::wait_join,dvlnet/base_protocol.h,123,136,0c14d784eb613a0105ba7444fea69a47e944ff5c18ace4390c23029308cb6a87,
dvlnet/base_protocol.h|devilution::net::create(std::string addrstr),devilution::net::create,dvlnet/base_protocol.h,138,149,cf5ba9f6e49a9e7fb2eb49bcebd64ed85ae2dbbd213d6cecf484adb19be388a2,
dvlnet/base_protocol.h|devilution::net::join(std::string addrstr),devilution::net::join,dvlnet/base_protocol.h,151,162,9a6e6ab2ee7f76652e46e4289de79d54c4ac71e6d18bcc71952e7a9ed30f8772,
dvlnet/base_protocol.h|devilution::net::IsGameHost(),devilution::net::IsGameHost,dvlnet/base_protocol.h,164,168,97b31d32f90a1f3ec69d02bd84463aba566ad8c1b8a94666667d724e2f36bd71,
dvlnet/base_protocol.h|devilution::net::poll(),devilution::net::poll,dvlnet/base_protocol.h,170,174,aa09bc2436ff6be9859fc022b74b7b302a31cd1d06641172b42f1d63657fbbc5,
dvlnet/base_protocol.h|devilution::net::InitiateHandshake(plr_t player),devilution::net::InitiateHandshake,dvlnet/base_protocol.h,176,187,b21d0bcc49d87b29db92b8d93c30184e898e6afcd9e5301c03613adeb37e5194,
dvlnet/base_protocol.h|devilution::net::send(packet &pkt),devilution::net::send,dvlnet/base_protocol.h,189,205,5df11697fea083b915797f0e2c72d82c98e3e2f75e0e969456d5cc5c5075449f,
"dvlnet/base_protocol.h|devilution::net::SendTo(plr_t player, packet &pkt)",devilution::net::SendTo,dvlnet/base_protocol.h,207,220,f573dac333a345a179193a0fec7c39cf298a5a7a5f696b6679590332f257c3f7,
dvlnet/base_protocol.h|devilution::net::recv(),devilution::net::recv,dvlnet/base_protocol.h,222,250,68f6eabc48eba2ec60e47202fdf6cd2224802f34e7b33bede622d411fdad8e83,0x1400fbb60
"dvlnet/base_protocol.h|devilution::net::handle_join_request(packet &pkt, endpoint_t sender)",devilution::net::handle_join_request,dvlnet/base_protocol.h,252,289,12fa4efac54defadfaa412f01ddcbae872803adae28b340d33ab9edcb3494497,
"dvlnet/base_protocol.h|devilution::net::recv_decrypted(packet &pkt, endpoint_t sender)",devilution::net::recv_decrypted,dvlnet/base_protocol.h,291,317,294312978d361042fd1bf7cdcd0ddaa61a4eac6edd94e02514ac580a214511e3,
"dvlnet/base_protocol.h|devilution::net::recv_ingame(packet &pkt, endpoint_t sender)",devilution::net::recv_ingame,dvlnet/base_protocol.h,319,390,11d36d6c8e5b394a85843181a9d8b200402b97f1f606105dc0cc709a7215438e,0x1400f9e10
dvlnet/base_protocol.h|devilution::net::DrainSendQueue(plr_t player),devilution::net::DrainSendQueue,dvlnet/base_protocol.h,392,407,6a4f16bf25d043c10ef44c869131f0d04b469154e8ee78da9065a1f5cba4fc12,
dvlnet/base_protocol.h|devilution::net::is_recognized(endpoint_t sender),devilution::net::is_recognized,dvlnet/base_protocol.h,409,424,9c6bb29630f48d97dc969330904597cd59c17c43dd4572f16ed6b57c7311971f,
dvlnet/base_protocol.h|devilution::net::clear_gamelist(),devilution::net::clear_gamelist,dvlnet/base_protocol.h,426,430,4c18694003e402d3b5bf65d711955ea6dda676216e099a80adb7067404bac286,
dvlnet/base_protocol.h|devilution::net::get_gamelist(),devilution::net::get_gamelist,dvlnet/base_protocol.h,432,441,9e54b5cf3f36378e7f778bfa86a885047e7d83508ff6966a4a4e19c3acf9d418,
dvlnet/base_protocol.h|devilution::net::SNetLeaveGame(int type),devilution::net::SNetLeaveGame,dvlnet/base_protocol.h,443,449,a5e90066441710c06b1038b15ff41557067c3a1a44785dc7c536979cafab4793,
dvlnet/base_protocol.h|devilution::net::make_default_gamename(),devilution::net::make_default_gamename,dvlnet/base_protocol.h,451,455,538d44ee82e4913af67e5ba9931691117a8dbb4096afa089e5e34adb03b87a85,
dvlnet/cdwrap.h|devilution::net::cdwrap(),devilution::net::cdwrap,dvlnet/cdwrap.h,54,58,1fb2a5b5aa1dfa01efe80097b1ca0d6e671a39c7c122af394a1c713c33194166,
dvlnet/cdwrap.h|devilution::net::reset(),devilution::net::reset,dvlnet/cdwrap.h,60,73,40a49006b0d26a3d64c41a3c9216c1acbff3e9a069724d0c7257844391c21a9c,
dvlnet/cdwrap.h|devilution::net::create(std::string addrstr),devilution::net::create,dvlnet/cdwrap.h,75,80,0c5fa6dc96b3cfa549bba5c2ee007ae6ed46be6d8dc5cd261ac680d8306d83a3,
dvlnet/cdwrap.h|devilution::net::join(std::string addrstr),devilution::net::join,dvlnet/cdwrap.h,82,88,e42d5996981535ea29a5981bc8b5cc901ed87f804656eb71fc89ddb3ebdb1b80,
dvlnet/cdwrap.h|devilution::net::setup_gameinfo(buffer_t info),devilution::net::setup_gameinfo,dvlnet/cdwrap.h,90,96,3960d7d0706070365f60bc9472784b665492883e41827b792ad6da4b8ac6ea42,
"dvlnet/cdwrap.h|devilution::net::SNetReceiveMessage(uint8_t *sender, void **data, uint32_t *size)",devilution::net::SNetReceiveMessage,dvlnet/cdwrap.h,98,102,09e47b8305df64f7a913af6a30bcb38f1a7db40c7b66c2de8d0a76698d8d2e41,
"dvlnet/cdwrap.h|devilution::net::SNetSendMessage(int playerID, void *data, unsigned int size)",devilution::net::SNetSendMessage,dvlnet/cdwrap.h,104,108,7cf8c6da8eb1ce821009f0d2886ba7d301d6a4115d8767453d20ad619a770e5a,
"dvlnet/cdwrap.h|devilution::net::SNetReceiveTurns(char **data, size_t *size, uint32_t *status)",devilution::net::SNetReceiveTurns,dvlnet/cdwrap.h,110,114,cf3af175aa16ea8f9cf76127fda6f84ccdc5d0b8d290d39f9d7e1385143b4a25,
"dvlnet/cdwrap.h|devilution::net::SNetSendTurn(char *data, unsigned int size)",devilution::net::SNetSendTurn,dvlnet/cdwrap.h,116,120,213fc3ed77fd7f8b010da36f7acb96c3e07d18ccef20d932ff50f56df3e91647,
dvlnet/cdwrap.h|devilution::net::SNetGetProviderCaps(struct _SNETCAPS *caps),devilution::net::SNetGetProviderCaps,dvlnet/cdwrap.h,122,126,05f5c330de93954e4e3325d8e64f723620331fa3b1f0055fb04205b82fffa719,
dvlnet/cdwrap.h|devilution::net::SNetUnregisterEventHandler(event_type evtype),devilution::net::SNetUnregisterEventHandler,dvlnet/cdwrap.h,128,136,c7e4747644690e341484dfa0d754ffe83151038682061f0032dd7f42b27e8f81,
"dvlnet/cdwrap.h|devilution::net::SNetRegisterEventHandler(event_type evtype, SEVTHANDLER func)",devilution::net::SNetRegisterEventHandler,dvlnet/cdwrap.h,138,146,4b1b985acec67a8d2cdd57fed5fa2a66205b215e7b3ce429299eb89fa3345a0b,
dvlnet/cdwrap.h|devilution::net::SNetLeaveGame(int type),devilution::net::SNetLeaveGame,dvlnet/cdwrap.h,148,152,8e6b94386bb35f55b6ec13e7c4205592e60b4d8426660739e8f56bf1769f4fb1,
"dvlnet/cdwrap.h|devilution::net::SNetDropPlayer(int playerid, uint32_t flags)",devilution::net::SNetDropPlayer,dvlnet/cdwrap.h,154,158,59907f9c57e19b06b9dbaabae6df023e1953ca8ae56bd62d83d498f92f7b81c1,
dvlnet/cdwrap.h|devilution::net::SNetGetOwnerTurnsWaiting(uint32_t *turns),devilution::net::SNetGetOwnerTurnsWaiting,dvlnet/cdwrap.h,160,164,608ab70069090a072a27930af075ac911c8db55b294be0ddaf362287b2825a2d,
dvlnet/cdwrap.h|devilution::net::SNetGetTurnsInTransit(uint32_t *turns),devilution::net::SNetGetTurnsInTransit,dvlnet/cdwrap.h,166,170,1ebfc79c34a4937670cdc03b10f331f25facd3ec0bbf225faee2bff5ec86a0ff,
dvlnet/cdwrap.h|devilution::net::make_default_gamename(),devilution::net::make_default_gamename,dvlnet/cdwrap.h,172,176,1ea7c81fe1b5d4814780c3131fe99d7b690b1eec87a2dc681ac24dbe2f36b277,
dvlnet/cdwrap.h|devilution::net::send_info_request(),devilution::net::send_info_request,dvlnet/cdwrap.h,178,182,c25cd3449c164fb8f30bb907a176bd64cea70eaae9874a98c1f99d1dd983c63f,
dvlnet/cdwrap.h|devilution::net::clear_gamelist(),devilution::net::clear_gamelist,dvlnet/cdwrap.h,184,188,7110a3467bc974c3392709b0e4eb71043b28cd6b97e472ea1f4abab6591a23d9,
dvlnet/cdwrap.h|devilution::net::get_gamelist(),devilution::net::get_gamelist,dvlnet/cdwrap.h,190,194,4b725593e1a5e6fd51226504a93f81de87c85c619a5189438647d45e7888a461,
dvlnet/cdwrap.h|devilution::net::setup_password(std::string pw),devilution::net::setup_password,dvlnet/cdwrap.h,196,201,8a9c33583bd18cbc3b684e73c726bdf1f2fbe7af624cd469642849d55223d7c0,
dvlnet/cdwrap.h|devilution::net::clear_password(),devilution::net::clear_password,dvlnet/cdwrap.h,203,208,bf15c5b633d06a3d545acd44a3a38f3f2b78137f4dbe7ba97815e935be6cfdbe,
dvlnet/frame_queue.cpp|devilution::net::frame_queue::Size(),devilution::net::frame_queue::Size,dvlnet/frame_queue.cpp,18,21,0c06def9cab65579313a79ef5f6698ecb4311b6efd8e87798fdfd18a95dbbefb,
dvlnet/frame_queue.cpp|devilution::net::frame_queue::Read(framesize_t s),devilution::net::frame_queue::Read,dvlnet/frame_queue.cpp,23,45,fb45b4f996cbf73fd45bcd8f14d9c39c878e98e5d57e80bed8d6c656a6014752,
dvlnet/frame_queue.cpp|devilution::net::frame_queue::Write(buffer_t buf),devilution::net::frame_queue::Write,dvlnet/frame_queue.cpp,47,51,da8259d9d99ed60c855c40e3e0f5e670b0cb22bd86820074c92814b663a30258,
dvlnet/frame_queue.cpp|devilution::net::frame_queue::PacketReady(),devilution::net::frame_queue::PacketReady,dvlnet/frame_queue.cpp,53,64,b222c8dce7186c3825c2b7f36bd1f544e484f8362aeea4beb61dba89ffcaf3c8,
dvlnet/frame_queue.cpp|devilution::net::frame_queue::ReadPacket(),devilution::net::frame_queue::ReadPacket,dvlnet/frame_queue.cpp,66,73,ecdf9e7dfda9c6b9d9fb74e96df0d1a5ff4e22964874d28453d2bd80e8b72237,
dvlnet/frame_queue.cpp|devilution::net::frame_queue::MakeFrame(buffer_t packetbuf),devilution::net::frame_queue::MakeFrame,dvlnet/frame_queue.cpp,75,84,7af3804381074b84da49125643843a41ca7ed5fafe25bf8d31ba0ebd3a075f2f,
dvlnet/frame_queue.h|devilution::net::frame_queue_exception::what(),devilution::net::frame_queue_exception::what,dvlnet/frame_queue.h,15,18,06afde43bc08c760f8f91eaedba5ead50aee82dd6ff748248ec81850c04c1ed2,0x1400ebab0
dvlnet/loopback.cpp|devilution::net::loopback::create(std::string),devilution::net::loopback::create,dvlnet/loopback.cpp,13,17,794ae69b1b636830dde777b614f0e7eab8863bddae3a199e5e5115b0d4878df3,
dvlnet/loopback.cpp|devilution::net::loopback::join(std::string),devilution::net::loopback::join,dvlnet/loopback.cpp,19,22,31275e2260da9c15796965370652c68dac46604573409e66564e3430583f4fa6,
"dvlnet/loopback.cpp|devilution::net::loopback::SNetReceiveMessage(uint8_t *sender, void **data, uint32_t *size)",devilution::net::loopback::SNetReceiveMessage,dvlnet/loopback.cpp,24,34,cc4e15cd0deb2027e1746e32dbe74e2dc7ac7abc8c86e603a183b94933f8665f,
"dvlnet/loopback.cpp|devilution::net::loopback::SNetSendMessage(int dest, void *data, unsigned int size)",devilution::net::loopback::SNetSendMessage,dvlnet/loopback.cpp,36,44,9cd16c394185f0f808058dcb28918cffef3558f6d426b5cddd1d6926211a1d13,
"dvlnet/loopback.cpp|devilution::net::loopback::SNetReceiveTurns(char **data, size_t *size, uint32_t *)",devilution::net::loopback::SNetReceiveTurns,dvlnet/loopback.cpp,46,53,32274953c080f090a2f2f2620d8d34f5a4e565e04de64ffd106c043a302f8347,
"dvlnet/loopback.cpp|devilution::net::loopback::SNetSendTurn(char * , unsigned int)",devilution::net::loopback::SNetSendTurn,dvlnet/loopback.cpp,55,58,3116ecda261ad435af6d5fd2b84d88541d89167901ec9bdf71894b8b319949cd,
dvlnet/loopback.cpp|devilution::net::loopback::SNetGetProviderCaps(struct _SNETCAPS *caps),devilution::net::loopback::SNetGetProviderCaps,dvlnet/loopback.cpp,60,72,00606950eccc0f7b0ea0a21d6d1869e82d686d82f7af6c58b000ff4c77883f03,
"dvlnet/loopback.cpp|devilution::net::loopback::SNetRegisterEventHandler(event_type , SEVTHANDLER)",devilution::net::loopback::SNetRegisterEventHandler,dvlnet/loopback.cpp,74,80,b7fe4c19b93342911168e5a9169e3a475c5a3934fe9cdb126d82eb15df21ea26,
dvlnet/loopback.cpp|devilution::net::loopback::SNetUnregisterEventHandler(event_type),devilution::net::loopback::SNetUnregisterEventHandler,dvlnet/loopback.cpp,82,87,a5e1b6ee93248bb935de57ceba8f07af68ab88f34a6f707d2e7a6d0d20915a3f,
dvlnet/loopback.cpp|devilution::net::loopback::SNetLeaveGame(int),devilution::net::loopback::SNetLeaveGame,dvlnet/loopback.cpp,89,93,ead3f2d93ac4e68a2a82ca2c428c66b7f21b09b64e98a787a8cbcb194a3c135c,
"dvlnet/loopback.cpp|devilution::net::loopback::SNetDropPlayer(int , uint32_t)",devilution::net::loopback::SNetDropPlayer,dvlnet/loopback.cpp,95,98,dfda60f5dd8a916e223e21b80833412ef304ffea4e86d2cbb40b67f6ff4ab449,
dvlnet/loopback.cpp|devilution::net::loopback::setup_gameinfo(buffer_t info),devilution::net::loopback::setup_gameinfo,dvlnet/loopback.cpp,100,102,cba11a8b64f88b0d66979892a0123bcaa52fa986224224192336e6411194a953,
dvlnet/loopback.cpp|devilution::net::loopback::SNetGetOwnerTurnsWaiting(uint32_t *turns),devilution::net::loopback::SNetGetOwnerTurnsWaiting,dvlnet/loopback.cpp,104,108,771e1a52354a81e91f8678b9e5dd6c6587bca17cb26bb3a1017a716687593cdf,
dvlnet/loopback.cpp|devilution::net::loopback::SNetGetTurnsInTransit(uint32_t *turns),devilution::net::loopback::SNetGetTurnsInTransit,dvlnet/loopback.cpp,110,114,e87d30cb62187835565b8d987b2615be14e2df03dfe701150680365f6fe4373e,
dvlnet/loopback.cpp|devilution::net::loopback::make_default_gamename(),devilution::net::loopback::make_default_gamename,dvlnet/loopback.cpp,116,119,7fefb39721479d260b88f2c6c75889c9c889f0b74a524f4c30d10482cdb466ea,0x140106360
dvlnet/loopback.h|devilution::net::loopback::loopback(),devilution::net::loopback::loopback,dvlnet/loopback.h,19,22,280e62fe896f82d16944e412f6ff3b4d0660bd0222faf0e089d205ac36d7b2cd,
dvlnet/packet.cpp|devilution::net::packet_out::GenerateCookie(),devilution::net::packet_out::GenerateCookie,dvlnet/packet.cpp,18,24,e1e39560c773d97f0a970dad035c63474662d27465177baf5f35f0c958364be1,
dvlnet/packet.cpp|devilution::net::packet_type_to_string(uint8_t packetType),devilution::net::packet_type_to_string,dvlnet/packet.cpp,55,81,cb2d9787abbb5f49423ec116eb9c65167e94ed2b6e9092dcbd7805081ebc0fbe,0x14039c610
"dvlnet/packet.cpp|devilution::net::wrong_packet_type_exception::wrong_packet_type_exception(std::initializer_list<packet_type> expectedTypes, std::uint8_t actual)",devilution::net::wrong_packet_type_exception::wrong_packet_type_exception,dvlnet/packet.cpp,83,102,5e7dac3418218c9ee9aa38e95655f44ded5426ea0c6bec6e1e7272abb7a1ba00,
"dvlnet/packet.cpp|devilution::net::CheckPacketTypeOneOf(std::initializer_list<packet_type> expectedTypes, std::uint8_t actualType)",devilution::net::CheckPacketTypeOneOf,dvlnet/packet.cpp,106,116,6c2d6a48033e058e0492b166f31ddfde8e6e9672393be510fd7503eed496db73,
dvlnet/packet.cpp|devilution::net::packet::Data(),devilution::net::packet::Data,dvlnet/packet.cpp,120,126,6069446e470be18f79c7e42a7a6d12de50454662d668fe02cad0c0a6e5493e1b,
dvlnet/packet.cpp|devilution::net::packet::Type(),devilution::net::packet::Type,dvlnet/packet.cpp,128,132,e7f1577882d0387041c4ade0be8474978c863f2089c86e792e14786cb2b84351,
dvlnet/packet.cpp|devilution::net::packet::Source(),devilution::net::packet::Source,dvlnet/packet.cpp,134,138,9ed735ee27d720b6730420ea9fa9a4170e4c0a11d2687a9b32c0b96b3430a80e,
dvlnet/packet.cpp|devilution::net::packet::Destination(),devilution::net::packet::Destination,dvlnet/packet.cpp,140,144,f99de0057cbbf13ae575d4a034c05f82f4e3f2bf17b77cbf1bfcab2f4eb5f4d6,
dvlnet/packet.cpp|devilution::net::packet::Message(),devilution::net::packet::Message,dvlnet/packet.cpp,146,151,a590b6b8a75948d93b225f9960709e56f7d0c1f37665236d4c0316c3027a3c76,
dvlnet/packet.cpp|devilution::net::packet::Turn(),devilution::net::packet::Turn,dvlnet/packet.cpp,153,158,b2406ba5470a9d90dba36774f0b7d872717d45705dd7ad40d1e2d83639ee3d6b,
dvlnet/packet.cpp|devilution::net::packet::Cookie(),devilution::net::packet::Cookie,dvlnet/packet.cpp,160,165,04526754d2c69193a3a2dc2afe3e3bc099e9f20db075d3b8254235779696990d,
dvlnet/packet.cpp|devilution::net::packet::NewPlayer(),devilution::net::packet::NewPlayer,dvlnet/packet.cpp,167,172,81413a8fc1919d274213e9f59a3935a62aa77cf82f6fbcbeff77fe9a3b957dd2,
dvlnet/packet.cpp|devilution::net::packet::Time(),devilution::net::packet::Time,dvlnet/packet.cpp,174,179,5b34d35c7e1dccebe8e54f3999847af3d5a968c4d4054b03f8a2fd9196cecd94,
dvlnet/packet.cpp|devilution::net::packet::Info(),devilution::net::packet::Info,dvlnet/packet.cpp,181,186,af880c82d896cee777786f5f3777ddd3bd1113f1e68e7e26fc39a418e431f585,
dvlnet/packet.cpp|devilution::net::packet::LeaveInfo(),devilution::net::packet::LeaveInfo,dvlnet/packet.cpp,188,193,2af0a8f48a60ca6e6e7cf90d1d9b135c07ca990358ffc248b3b5310e76e45287,
dvlnet/packet.cpp|devilution::net::packet_in::Create(buffer_t buf),devilution::net::packet_in::Create,dvlnet/packet.cpp,195,213,8004065bfab23b9bce6c2c94a31ac20daea50cb8be3bccdaf76149c202bd7991,
dvlnet/packet.cpp|devilution::net::packet_in::Decrypt(buffer_t buf),devilution::net::packet_in::Decrypt,dvlnet/packet.cpp,216,240,d3f0dc183843cc7719b90230e94cfeaba19129f2efb316b5e14ea989a7e0ee68,
dvlnet/packet.cpp|devilution::net::packet_out::Encrypt(),devilution::net::packet_out::Encrypt,dvlnet/packet.cpp,244,267,855f55d7be55c9bfd2978de53ca265e045bd8f408b76d2f0434c426ada72ab3d,
dvlnet/packet.cpp|devilution::net::packet_factory::packet_factory(),devilution::net::packet_factory::packet_factory,dvlnet/packet.cpp,270,273,9602bbd0a49bd89a5cf93adee467e6b37694071b26a62f13e962ea2e9e446b10,
dvlnet/packet.cpp|devilution::net::packet_factory::packet_factory(std::string pw),devilution::net::packet_factory::packet_factory,dvlnet/packet.cpp,275,299,9913b14da3fa0bf7bdbc55e474fc9aff6fc0c7cafd4b96cda47a432efdd87275,
dvlnet/packet.h|devilution::net::packet_exception::what(),devilution::net::packet_exception::what,dvlnet/packet.h,61,64,2394be9cd63677073aed0afd67ba2b91a95af74ce95d5c478f88a315a73dbb04,0x1400eba90
dvlnet/packet.h|devilution::net::wrong_packet_type_exception::what(),devilution::net::wrong_packet_type_exception::what,dvlnet/packet.h,71,74,6037b3b9646716c1e5934d9caea37f23df17b8b05f7d96ec9c402a33875e7b8b,
dvlnet/packet.h|devilution::net::packet::packet(const key_t &k),devilution::net::packet::packet,dvlnet/packet.h,100,101,0647f87a86256e6cc4e82542ea2ef892c3d49cbefc5a62b1a348202fb2d8ecf2,
dvlnet/packet.h|devilution::net::process_data(),devilution::net::process_data,dvlnet/packet.h,152,194,9f93354df83f6fa424412a3bf2b751d58a9a586cb0dc218f37e50a0023a75268,
dvlnet/packet.h|devilution::net::packet_in::process_element(buffer_t &x),devilution::net::packet_in::process_element,dvlnet/packet.h,196,200,c6e6290a8f7c8ad093d0519e30d4ddbd43078954e6ab84dd9668d3cea46abbec,
dvlnet/packet.h|devilution::net::packet_in::process_element(T &x),devilution::net::packet_in::process_element,dvlnet/packet.h,202,214,8a5a8dfeee412da55ad972c21d39c43995e62fc89c88ade6764d34090e9b3454,
"dvlnet/packet.h|devilution::net::packet_out::create<PT_INFO_REQUEST>(plr_t s, plr_t d)",devilution::net::packet_out::create<PT_INFO_REQUEST>,dvlnet/packet.h,216,225,f8558c9efca9202ecbf3b27744af4b77355d2e3ee1c42d65fdc6440388fd67e6,
"dvlnet/packet.h|devilution::net::packet_out::create<PT_INFO_REPLY>(plr_t s, plr_t d, buffer_t i)",devilution::net::packet_out::create<PT_INFO_REPLY>,dvlnet/packet.h,227,237,7ca1c94a5ee9d6e7d6e82d70a61e35715a4be7a8c932d99497201a70c7feb3fc,
"dvlnet/packet.h|devilution::net::packet_out::create<PT_MESSAGE>(plr_t s, plr_t d, buffer_t m)",devilution::net::packet_out::create<PT_MESSAGE>,dvlnet/packet.h,239,249,7100bd223b7b51a463903955cc14e193b9cd1b3d6b2b6c8006e877b1616b1f3a,
"dvlnet/packet.h|devilution::net::packet_out::create<PT_TURN>(plr_t s, plr_t d, turn_t u)",devilution::net::packet_out::create<PT_TURN>,dvlnet/packet.h,251,261,f81756c5970c8d83b6e83754d6aeb2a0270302ebe3341c65a2e9188deb288ae1,
"dvlnet/packet.h|devilution::net::packet_out::create<PT_JOIN_REQUEST>(plr_t s, plr_t d, cookie_t c, buffer_t i)",devilution::net::packet_out::create<PT_JOIN_REQUEST>,dvlnet/packet.h,263,275,a434b90b8a8fc4bd3425748e16b61e6977185be80e4086b6f7f3e8c1f6776797,
"dvlnet/packet.h|devilution::net::packet_out::create<PT_JOIN_ACCEPT>(plr_t s, plr_t d, cookie_t c, plr_t n, buffer_t i)",devilution::net::packet_out::create<PT_JOIN_ACCEPT>,dvlnet/packet.h,277,290,4035cc8a84d0c71241cb2c7282e1a1e87572eeb22fafb59212265a0ba8a5735f,
"dvlnet/packet.h|devilution::net::packet_out::create<PT_CONNECT>(plr_t s, plr_t d, plr_t n, buffer_t i)",devilution::net::packet_out::create<PT_CONNECT>,dvlnet/packet.h,292,303,08d885fb61e9daf2aad16dfd7ae184bea321744333f54356c52a62523c679e3d,
"dvlnet/packet.h|devilution::net::packet_out::create<PT_CONNECT>(plr_t s, plr_t d, plr_t n)",devilution::net::packet_out::create<PT_CONNECT>,dvlnet/packet.h,305,315,7ceace1888467e502900f332c27db7ee035d7d868759929e3ce711e9bd533138,
"dvlnet/packet.h|devilution::net::packet_out::create<PT_DISCONNECT>(plr_t s, plr_t d, plr_t n, leaveinfo_t l)",devilution::net::packet_out::create<PT_DISCONNECT>,dvlnet/packet.h,317,329,594e89632ef9ddce7ad2ff1da03a195dc8e7a90609deec00d5c1020bb837a961,
"dvlnet/packet.h|devilution::net::packet_out::create<PT_ECHO_REQUEST>(plr_t s, plr_t d, timestamp_t t)",devilution::net::packet_out::create<PT_ECHO_REQUEST>,dvlnet/packet.h,331,341,2e588313e907914b86d83a8e218667489dd00a51a194d7bdb15a42748e7e6c57,
"dvlnet/packet.h|devilution::net::packet_out::create<PT_ECHO_REPLY>(plr_t s, plr_t d, timestamp_t t)",devilution::net::packet_out::create<PT_ECHO_REPLY>,dvlnet/packet.h,343,353,7b5e3b574f4daede998e9967be596d6b3abf124d5bdc9fe4ebfe945347415dda,
dvlnet/packet.h|devilution::net::packet_out::process_element(buffer_t &x),devilution::net::packet_out::process_element,dvlnet/packet.h,355,358,111cb6655794dbd418ec0626ce19b1c8906518b08f8a8192174a3434ceb3977a,
dvlnet/packet.h|devilution::net::packet_out::process_element(T &x),devilution::net::packet_out::process_element,dvlnet/packet.h,360,364,7b6584c1f97e3a91850822f686d64027e288f146c777ddebfb60534ddf8781f4,
dvlnet/packet.h|devilution::net::packet_out::begin(const T &x),devilution::net::packet_out::begin,dvlnet/packet.h,366,370,41bae56e1cd0f2c75aae90c037ac6dabbe9bc62b20aef58829fb38f22f342031,
dvlnet/packet.h|devilution::net::packet_out::end(const T &x),devilution::net::packet_out::end,dvlnet/packet.h,372,376,51cba747864ad18964bd30d82e66d94fb18aadbccdcff233827de65b3851fe08,
dvlnet/packet.h|devilution::net::packet_factory::make_packet(buffer_t buf),devilution::net::packet_factory::make_packet,dvlnet/packet.h,392,405,7cfc671514ea45d44bfba5f33f2ab7e57df11c419bc40bb52352a727eb0bbcf9,
dvlnet/packet.h|devilution::net::packet_factory::make_packet(Args... args),devilution::net::packet_factory::make_packet,dvlnet/packet.h,407,418,27710f19ce58fa47d7a36968fadb765424aca72b61fe3042dd848eeb7afa4add,
dvlnet/protocol_zt.cpp|devilution::net::protocol_zt::protocol_zt(),devilution::net::protocol_zt::protocol_zt,dvlnet/protocol_zt.cpp,24,27,11a61bfd06cf5d445f14d36a87fa65b05bd0d6c449269166b7567f88abdc0c22,
dvlnet/protocol_zt.cpp|devilution::net::protocol_zt::set_nonblock(int fd),devilution::net::protocol_zt::set_nonblock,dvlnet/protocol_zt.cpp,29,35,9d99024574df055e2c5b96fa19bfb55b8f242a2607c828760e9b68c0c1965cc3,
dvlnet/protocol_zt.cpp|devilution::net::protocol_zt::set_nodelay(int fd),devilution::net::protocol_zt::set_nodelay,dvlnet/protocol_zt.cpp,37,41,835ae993dd116ef09e4aa096d4c5397a9aa41524a0147003103fa5c1eabe5172,
dvlnet/protocol_zt.cpp|devilution::net::protocol_zt::set_reuseaddr(int fd),devilution::net::protocol_zt::set_reuseaddr,dvlnet/protocol_zt.cpp,43,47,1281bd534861d4d95cb5ed4863b4bdff5491693224914b277a27844bf765cea9,
dvlnet/protocol_zt.cpp|devilution::net::protocol_zt::network_online(),devilution::net::protocol_zt::network_online,dvlnet/protocol_zt.cpp,49,90,3831c07459fbe82a136a65e308afd8b3225d0d38204aa2f64664788f0ff7f1e0,0x140172b10
"dvlnet/protocol_zt.cpp|devilution::net::protocol_zt::send(const endpoint &peer, const buffer_t &data)",devilution::net::protocol_zt::send,dvlnet/protocol_zt.cpp,92,96,0b9e10fc55b04b7aca8d11866c5025d69ecabbfaaca0238e4cfbd87404b45a00,
"dvlnet/protocol_zt.cpp|devilution::net::protocol_zt::send_oob(const endpoint &peer, const buffer_t &data)",devilution::net::protocol_zt::send_oob,dvlnet/protocol_zt.cpp,98,107,cf2882104618e6af451c6a2259b2a83aa03f61df7e07eaa381a86da2f39314cf,
dvlnet/protocol_zt.cpp|devilution::net::protocol_zt::send_oob_mc(const buffer_t &data),devilution::net::protocol_zt::send_oob_mc,dvlnet/protocol_zt.cpp,109,114,03b663e71a36ca44423bda44410f50fc2d596fa0b94511d375951b7c9cfca7f1,
dvlnet/protocol_zt.cpp|devilution::net::protocol_zt::send_queued_peer(const endpoint &peer),devilution::net::protocol_zt::send_queued_peer,dvlnet/protocol_zt.cpp,116,149,32deb0fd16a1b42f1333cac6d44b8dc1d3466d34b2b6152742c740562c5bf599,
dvlnet/protocol_zt.cpp|devilution::net::protocol_zt::recv_peer(const endpoint &peer),devilution::net::protocol_zt::recv_peer,dvlnet/protocol_zt.cpp,151,162,8cbb77207625bbaf6203cc520d145a8826c7d72beb083daf6f5d30626bfb0ee2,
dvlnet/protocol_zt.cpp|devilution::net::protocol_zt::send_queued_all(),devilution::net::protocol_zt::send_queued_all,dvlnet/protocol_zt.cpp,164,172,71795523762ada669325037e3b17e66a35bd84730d153ddfad74fa59909650c2,
dvlnet/protocol_zt.cpp|devilution::net::protocol_zt::recv_from_peers(),devilution::net::protocol_zt::recv_from_peers,dvlnet/protocol_zt.cpp,174,184,12e3f44af7d179e2012bf59bc4ade337c999a2822484e40bb09cc0b6408de8ed,
dvlnet/protocol_zt.cpp|devilution::net::protocol_zt::recv_from_udp(),devilution::net::protocol_zt::recv_from_udp,dvlnet/protocol_zt.cpp,186,200,5879e2067aeb45338c5510fd5cec2e7d9ef3380bbeff0ba622afe2d643c6de81,
dvlnet/protocol_zt.cpp|devilution::net::protocol_zt::accept_all(),devilution::net::protocol_zt::accept_all,dvlnet/protocol_zt.cpp,202,223,34596e54c86b46630b02c070a2b2c31d8bd5691dbb59f33c6c03197e6a8a2547,0x1400ff3b0
"dvlnet/protocol_zt.cpp|devilution::net::protocol_zt::recv(endpoint &peer, buffer_t &data)",devilution::net::protocol_zt::recv,dvlnet/protocol_zt.cpp,225,247,88d630fa06a89af73cce8c155a2885819d39fab63e0410ed9cd0dd4b72a73bc0,
dvlnet/protocol_zt.cpp|devilution::net::protocol_zt::get_disconnected(endpoint &peer),devilution::net::protocol_zt::get_disconnected,dvlnet/protocol_zt.cpp,249,257,e9200a16f22b187941b10fc73379c8b49d3a02e721f69f870bb7deb18f5466f3,
dvlnet/protocol_zt.cpp|devilution::net::protocol_zt::disconnect(const endpoint &peer),devilution::net::protocol_zt::disconnect,dvlnet/protocol_zt.cpp,259,270,9160f0e997712b64a2a9175a1959ee3f870b90ee09f7482ff5396d3e99b05d29,0x140172690
dvlnet/protocol_zt.cpp|devilution::net::protocol_zt::close_all(),devilution::net::protocol_zt::close_all,dvlnet/protocol_zt.cpp,272,287,e06a6a486045d93ce7fd9d4b6168c6fb16fafbc120e291f9e82b6348d8bcd9a7,
dvlnet/protocol_zt.cpp|devilution::net::protocol_zt::~protocol_zt(),devilution::net::protocol_zt::~protocol_zt,dvlnet/protocol_zt.cpp,289,292,4530e72602c8f207d98939193584cc8fe7062bb2c9db9b5daa3d8f5686497de6,
dvlnet/protocol_zt.cpp|devilution::net::protocol_zt::endpoint::from_string(const std::string &str),devilution::net::protocol_zt::endpoint::from_string,dvlnet/protocol_zt.cpp,294,303,3d7bdd8e49704ec5b89d6e3b167555f6a2a7bae74d1b45628e8298862d47d2dc,
dvlnet/protocol_zt.cpp|devilution::net::protocol_zt::current_ms(),devilution::net::protocol_zt::current_ms,dvlnet/protocol_zt.cpp,305,308,24e85683fd3615c10738e8f667e3d3753863bee5ccfef9070f259dd2b8663072,
dvlnet/protocol_zt.cpp|devilution::net::protocol_zt::is_peer_connected(endpoint &peer),devilution::net::protocol_zt::is_peer_connected,dvlnet/protocol_zt.cpp,310,313,67d059c814d441ecc97874c4f3ee1898124ea69c0953c8c02af46f49a3ef38d7,
dvlnet/protocol_zt.cpp|devilution::net::protocol_zt::make_default_gamename(),devilution::net::protocol_zt::make_default_gamename,dvlnet/protocol_zt.cpp,315,325,7222d39aad9064efd6fdd243237d6beeacb67f954f53a985cd98e26702e62827,0x1401742e0
dvlnet/protocol_zt.h|devilution::net::protocol_exception::what(),devilution::net::protocol_exception::what,dvlnet/protocol_zt.h,20,23,34567374c8146c5ed9a1310166e06c2d3a6c076c8cc2ca27b32a1e5f2b725ae2,0x1400ebac0
dvlnet/protocol_zt.h|devilution::net::protocol_zt::endpoint::operatorbool(),devilution::net::protocol_zt::endpoint::operatorbool,dvlnet/protocol_zt.h,32,36,b8d8bba9d67c280526312c171be9f6fb92e1c54b6fd289f2ff13861db596bc4a,
dvlnet/protocol_zt.h|devilution::net::protocol_zt::endpoint::operator==(const endpoint &rhs),devilution::net::protocol_zt::endpoint::operator==,dvlnet/protocol_zt.h,38,41,123a20d671da12c676807795b16dcf0a5aa22e3a6b20b072ad793b10fad97be7,
dvlnet/protocol_zt.h|devilution::net::protocol_zt::endpoint::operator!=(const endpoint &rhs),devilution::net::protocol_zt::endpoint::operator!=,dvlnet/protocol_zt.h,43,46,a6f4d39d947f738df4dab6a0914937ee8904a3987baf2191483e125989ec8450,
dvlnet/protocol_zt.h|devilution::net::protocol_zt::endpoint::operator<(const endpoint &rhs),devilution::net::protocol_zt::endpoint::operator<,dvlnet/protocol_zt.h,48,51,b3c5bee847e724816a80cdd3f6c92f29db75685f536f9b1906ae16db02e8ad70,
dvlnet/protocol_zt.h|devilution::net::protocol_zt::endpoint::serialize(),devilution::net::protocol_zt::endpoint::serialize,dvlnet/protocol_zt.h,53,56,896d24457eecabdf506c9a1befcbf429a6bdd6f2e29b7c7b2b715105f0539b70,
dvlnet/protocol_zt.h|devilution::net::protocol_zt::endpoint::unserialize(const buffer_t &buf),devilution::net::protocol_zt::endpoint::unserialize,dvlnet/protocol_zt.h,58,63,314e0e17c54241492744cd41b28856c86b3b172e0a1aba60bec2afdce4f31293,
dvlnet/tcp_client.cpp|devilution::net::tcp_client::create(std::string addrstr),devilution::net::tcp_client::create,dvlnet/tcp_client.cpp,17,27,0b664515452423662e8e2314e87c91cef1c20d1b54d35162ef884fc8f4601f68,
dvlnet/tcp_client.cpp|devilution::net::tcp_client::join(std::string addrstr),devilution::net::tcp_client::join,dvlnet/tcp_client.cpp,29,72,b5c70dac251562a4281b9088d31523590b10e1983039535eafb7654805248eb3,
dvlnet/tcp_client.cpp|devilution::net::tcp_client::IsGameHost(),devilution::net::tcp_client::IsGameHost,dvlnet/tcp_client.cpp,74,77,001383dc8aeff5ae82cecc6947981924e056cf236458b62bec211e32c986851e,
dvlnet/tcp_client.cpp|devilution::net::tcp_client::poll(),devilution::net::tcp_client::poll,dvlnet/tcp_client.cpp,79,82,1ab415e7b542f34a9697473651e6d101f3748b2bfacd0893695ad9486dec551f,
"dvlnet/tcp_client.cpp|devilution::net::tcp_client::HandleReceive(const asio::error_code &error, size_t bytesRead)",devilution::net::tcp_client::HandleReceive,dvlnet/tcp_client.cpp,84,103,09614cce0c6a80e852ff7a2e027a31b915be2a3da3a440aa626120dab0dd6fbf,0x14015e500
dvlnet/tcp_client.cpp|devilution::net::tcp_client::StartReceive(),devilution::net::tcp_client::StartReceive,dvlnet/tcp_client.cpp,105,110,908b8d76688e3d93bc13749fb60be52b9ec0e78666478c0b3d76cf6717a53552,
"dvlnet/tcp_client.cpp|devilution::net::tcp_client::HandleSend(const asio::error_code &error, size_t bytesSent)",devilution::net::tcp_client::HandleSend,dvlnet/tcp_client.cpp,112,115,72bdda5dcdc82925657bf3da8fef46df522efaa79aa45e0caaf811c58968106e,
dvlnet/tcp_client.cpp|devilution::net::tcp_client::send(packet &pkt),devilution::net::tcp_client::send,dvlnet/tcp_client.cpp,117,124,835c14ee4e4f1e2ec2b2b0fe3cd0bd73c15753276ea23498797c5f8b8be1acee,
dvlnet/tcp_client.cpp|devilution::net::tcp_client::SNetLeaveGame(int type),devilution::net::tcp_client::SNetLeaveGame,dvlnet/tcp_client.cpp,126,134,80d50c1c533a283468851624ad332f0343f66c170d9e2e1c392d8477aa51696d,
dvlnet/tcp_client.cpp|devilution::net::tcp_client::make_default_gamename(),devilution::net::tcp_client::make_default_gamename,dvlnet/tcp_client.cpp,136,139,a282a3db2d091627e3586a0ea7755abed7d2c521529e21a60f24130dd158e44f,
"dvlnet/tcp_server.cpp|devilution::net::tcp_server::tcp_server(asio::io_context &ioc, const std::string &bindaddr, unsigned short port, packet_factory &pktfty)",devilution::net::tcp_server::tcp_server,dvlnet/tcp_server.cpp,15,24,9ace6b7c7925f49a0dace2fa7d9b43647016f9f1a48d1d403492118d7f4bf62f,
dvlnet/tcp_server.cpp|devilution::net::tcp_server::LocalhostSelf(),devilution::net::tcp_server::LocalhostSelf,dvlnet/tcp_server.cpp,26,39,8783ca1f5b917fb54fbbb944b67449ae7cb1fc731a88be97ec0317e2e748d506,
dvlnet/tcp_server.cpp|devilution::net::tcp_server::MakeConnection(),devilution::net::tcp_server::MakeConnection,dvlnet/tcp_server.cpp,41,44,0c2f4a768aa8fc8ab35674e553ae22ea1c069ef216d944c626630ae466df28d8,
dvlnet/tcp_server.cpp|devilution::net::tcp_server::NextFree(),devilution::net::tcp_server::NextFree,dvlnet/tcp_server.cpp,46,52,42a09fa724e560d069ce7d2277c403bc5bdcc008b2f1e2e76d954adf3f773fbd,
dvlnet/tcp_server.cpp|devilution::net::tcp_server::Empty(),devilution::net::tcp_server::Empty,dvlnet/tcp_server.cpp,54,60,8c9d85ae32bdc00855f6371d7e8e8dc0cb8743847fddef57781d423f0bde51c4,
dvlnet/tcp_server.cpp|devilution::net::tcp_server::StartReceive(const scc &con),devilution::net::tcp_server::StartReceive,dvlnet/tcp_server.cpp,62,67,5b035f9e9cce0516e8f36155215ed55918d9027af74f370c4b20e8b2b8a58723,
"dvlnet/tcp_server.cpp|devilution::net::tcp_server::HandleReceive(const scc &con, const asio::error_code &ec, size_t bytesRead)",devilution::net::tcp_server::HandleReceive,dvlnet/tcp_server.cpp,69,101,da7cbed5d7d2d0ec11bde8bcff2ec58b17054412172da0d072d68bc986951785,
"dvlnet/tcp_server.cpp|devilution::net::tcp_server::HandleReceiveNewPlayer(const scc &con, packet &pkt)",devilution::net::tcp_server::HandleReceiveNewPlayer,dvlnet/tcp_server.cpp,103,129,89d56e1cae4196dde254611fc42c663771db226efd80116968c6eaba0f380634,
dvlnet/tcp_server.cpp|devilution::net::tcp_server::HandleReceivePacket(packet &pkt),devilution::net::tcp_server::HandleReceivePacket,dvlnet/tcp_server.cpp,131,134,62ea56607ec81d53fc2802ff79f8b93c38accb9d6b1da1b1398928010d9093f3,
dvlnet/tcp_server.cpp|devilution::net::tcp_server::SendPacket(packet &pkt),devilution::net::tcp_server::SendPacket,dvlnet/tcp_server.cpp,136,148,961af3fb3e8e8d44d4ddc89021fca999cc18602147f6461d8637b4bdee35a8ed,
"dvlnet/tcp_server.cpp|devilution::net::tcp_server::StartSend(const scc &con, packet &pkt)",devilution::net::tcp_server::StartSend,dvlnet/tcp_server.cpp,150,158,263e836a7ededc305aacd9a849f66e1b07215552b18039b586773e278e719f4e,
"dvlnet/tcp_server.cpp|devilution::net::tcp_server::HandleSend(const scc &con, const asio::error_code &ec, size_t bytesSent)",devilution::net::tcp_server::HandleSend,dvlnet/tcp_server.cpp,160,164,58dbfb33bf702e5b666ee03ec9922119d5d8ee0da4ddbfde6dc2b227587056a0,
dvlnet/tcp_server.cpp|devilution::net::tcp_server::StartAccept(),devilution::net::tcp_server::StartAccept,dvlnet/tcp_server.cpp,166,172,075d9418420067835358d296bfb4f333145e3091b96a86164789abf41e1c46da,
"dvlnet/tcp_server.cpp|devilution::net::tcp_server::HandleAccept(const scc &con, const asio::error_code &ec)",devilution::net::tcp_server::HandleAccept,dvlnet/tcp_server.cpp,174,188,478641e8539c8ff1ef2a1dd05b8882774ad86d2e6ba1ac6147e60aea079b76a4,
dvlnet/tcp_server.cpp|devilution::net::tcp_server::StartTimeout(const scc &con),devilution::net::tcp_server::StartTimeout,dvlnet/tcp_server.cpp,190,195,0308b9672b0b76c8e9c9f858ae22433fda2c15b7665583d5b2aecd35375af3ed,
"dvlnet/tcp_server.cpp|devilution::net::tcp_server::HandleTimeout(const scc &con, const asio::error_code &ec)",devilution::net::tcp_server::HandleTimeout,dvlnet/tcp_server.cpp,197,211,bf9b49e47a06cbc8ff6a70dd16711bbcfbd29b1ed0341d6cd658a1f8177b76ed,
dvlnet/tcp_server.cpp|devilution::net::tcp_server::DropConnection(const scc &con),devilution::net::tcp_server::DropConnection,dvlnet/tcp_server.cpp,213,225,53a5150d067e44695c59c8b5b6f207d4340d738e457987126702be7defc4a433,
dvlnet/tcp_server.cpp|devilution::net::tcp_server::Close(),devilution::net::tcp_server::Close,dvlnet/tcp_server.cpp,227,230,4f91c355bb8b379182c8530f3e56ed87e8c09ba42a8df9fbe25b5553cf4a9f1d,
dvlnet/tcp_server.h|devilution::net::server_exception::what(),devilution::net::server_exception::what,dvlnet/tcp_server.h,22,25,0a7e28a3ddd4d6f1420cd50cc80995295fc2955746cf08b4c30e864a18e50d11,0x1400ebb50
dvlnet/tcp_server.h|devilution::net::tcp_server::client_connection::client_connection(asio::io_context &ioc),devilution::net::tcp_server::client_connection::client_connection,dvlnet/tcp_server.h,47,51,0dff378cd9c3cc1b1d1bfa07cbcd008fc34f1f720a5ca778604dbbfa02de7f16,
dvlnet/zerotier_lwip.cpp|devilution::net::print_ip6_addr(void *x),devilution::net::print_ip6_addr,dvlnet/zerotier_lwip.cpp,23,29,9b7970ee9f206c07a8b55d702d6b6b3686851f149ef0dbfdf8536df07191cd1c,
dvlnet/zerotier_lwip.cpp|devilution::net::zt_ip6setup(),devilution::net::zt_ip6setup,dvlnet/zerotier_lwip.cpp,31,39,75f17a92e82f06aaf428233429108ec8511d81b6fde55b54df732c95dcd055db,
dvlnet/zerotier_native.cpp|devilution::net::Callback(void *ptr),devilution::net::Callback,dvlnet/zerotier_native.cpp,118,139,50cbf6cb58f820c192153733a96ea43ba8eff0099b89353fe630f06cf8b13e97,0x140171940
dvlnet/zerotier_native.cpp|devilution::net::zerotier_network_ready(),devilution::net::zerotier_network_ready,dvlnet/zerotier_native.cpp,141,144,1cb86c61da4430250c431a46777301d447984bec541a416ff5801aeafc7fda48,
dvlnet/zerotier_native.cpp|devilution::net::zerotier_network_start(),devilution::net::zerotier_network_start,dvlnet/zerotier_native.cpp,146,156,ec2cd3170c9d3246f3dc7bc6f2e829b8d8fe58014b66b376a4ee84e6f0a82270,
"effects.cpp|devilution::StreamPlay(TSFX *pSFX, int lVolume, int lPan)",devilution::StreamPlay,effects.cpp,972,987,01ba8726e150af7739fb5b07172b567168c7be2c689c922fcc6445084f3bbd06,
effects.cpp|devilution::StreamUpdate(),devilution::StreamUpdate,effects.cpp,989,994,4bc780595f93bab9a398a24b8fd62ca76f08e302f71d7ee299d8fcb08c50d5bb,
"effects.cpp|devilution::PlaySfxPriv(TSFX *pSFX, bool loc, Point position)",devilution::PlaySfxPriv,effects.cpp,996,1025,e7476641f7749d4ed20c48b7b81eeb270912e0eebb377f2e5bfdfed628ea62dd,
effects.cpp|devilution::RndSFX(_sfx_id psfx),devilution::RndSFX,effects.cpp,1027,1056,9edd70037f02adf2c6f6bbc4ad8d0e86b47014c311217d89b7f93779aee97e9d,
effects.cpp|devilution::PrivSoundInit(uint8_t bLoadMask),devilution::PrivSoundInit,effects.cpp,1058,1083,30ccc7e92bef524dd16a4528cecce397d4b83df1462e102ca75ad923e3c8072f,0x140165ad0
effects.cpp|devilution::effect_is_playing(int nSFX),devilution::effect_is_playing,effects.cpp,1087,1097,900401587ee95854f677262bef0568dbe1de1bb467e75926444505a9ab9bc759,
effects.cpp|devilution::stream_stop(),devilution::stream_stop,effects.cpp,1099,1105,c6f841838a989fe7c6045031d9750ae60ff54ac7a717738e1d6550f4bcf36293,
effects.cpp|devilution::PlaySFX(_sfx_id psfx),devilution::PlaySFX,effects.cpp,1107,1112,282da8d375f0f4eba113ebbd830f4df16e868f6ee70accc13c3bd1b96d674100,
"effects.cpp|devilution::PlaySfxLoc(_sfx_id psfx, Point position, bool randomizeByCategory)",devilution::PlaySfxLoc,effects.cpp,1114,1127,cd8ff34926e6e701dea1dd7123b04f740c2dd5a9b877cda031fbc3a4670b8624,
effects.cpp|devilution::sound_stop(),devilution::sound_stop,effects.cpp,1129,1139,59b3b678d3fff3fe731fec7860ac75c019d92c6eaf035123ce389d757730269a,
effects.cpp|devilution::sound_update(),devilution::sound_update,effects.cpp,1141,1148,f60dd290a92b9bf274fa1882ca79230fb52941130fc411d933a7be8d2d7d6f8a,
effects.cpp|devilution::effects_cleanup_sfx(),devilution::effects_cleanup_sfx,effects.cpp,1150,1156,9281178192e43dc360cc7306602e3ea8c7e3848f175b177e0c8b34146c63d09d,
effects.cpp|devilution::sound_init(),devilution::sound_init,effects.cpp,1158,1189,c38ab99f39814f41b2735bc9fcf3e8e11bd9d14b82ddf8cfd4c291584c050f02,0x140157690
effects.cpp|devilution::ui_sound_init(),devilution::ui_sound_init,effects.cpp,1191,1194,27b8890011b368050f5042a9e438cd582394663a28b95a790041023faed61ab5,
effects.cpp|devilution::effects_play_sound(_sfx_id id),devilution::effects_play_sound,effects.cpp,1196,1206,4f5e583c67634e0742788f33e657633cbaff0f49107ce3ba691ff7af77a7c9c4,
effects.cpp|devilution::GetSFXLength(int nSFX),devilution::GetSFXLength,effects.cpp,1208,1214,beff78bd790d4822657adc6ee1d8fe4a5b54c3415548d2e9e23c5ba86744d200,
effects_stubs.cpp|devilution::effect_is_playing(int nSFX),devilution::effect_is_playing,effects_stubs.cpp,13,13,8a72d256e42a37980e8edbdffb446a15aa0c99d2c660e62ba0ed6d9e9894700e,
effects_stubs.cpp|devilution::stream_stop(),devilution::stream_stop,effects_stubs.cpp,14,14,1c3ae84fca9f1567b5dc970a789228a6a6ce825bafd3124d3fd49ed4f5401b7c,
effects_stubs.cpp|devilution::PlaySFX(_sfx_id psfx),devilution::PlaySFX,effects_stubs.cpp,15,38,bedc737c93b001bb0d1a1cb42b9f5ac0682727c9330bae8023b2c36989a365db,
"effects_stubs.cpp|devilution::PlaySfxLoc(_sfx_id psfx, Point position, bool randomizeByCategory)",devilution::PlaySfxLoc,effects_stubs.cpp,39,45,5481b4c86e7087baae083669099c6c37377c5c1a947ded28e436a5984755e8d6,
effects_stubs.cpp|devilution::sound_stop(),devilution::sound_stop,effects_stubs.cpp,46,46,f6be88768375e30c3c57a7e53b4e6142e6a75c7f05ddf7d09b50dbcc8fa058ae,
effects_stubs.cpp|devilution::sound_update(),devilution::sound_update,effects_stubs.cpp,47,47,34d99ff008d69a8c9acdd6133db0d96bc8cef7d8c9efeaa29be20309e0484836,
effects_stubs.cpp|devilution::effects_cleanup_sfx(),devilution::effects_cleanup_sfx,effects_stubs.cpp,48,48,90898284fb6730fa1b9b91595ffe20b90d6cc834f42b02d508d84bd0c1b80f14,
effects_stubs.cpp|devilution::sound_init(),devilution::sound_init,effects_stubs.cpp,49,49,351892dacec7d1a23836d63ec9e36b79b164a3c7f01c4f8d10c71cd5c1ba8086,
effects_stubs.cpp|devilution::ui_sound_init(),devilution::ui_sound_init,effects_stubs.cpp,50,50,178d8648ac2b5f228a08028af6e78bbee49cc85a71c281ce5bccfbf9a0afcb36,
effects_stubs.cpp|devilution::effects_play_sound(_sfx_id id),devilution::effects_play_sound,effects_stubs.cpp,51,51,1f190bb8b6894c140f7bc9a49c4468a69b318aa327a42699273bd6cb0ad6b5d2,
effects_stubs.cpp|devilution::GetSFXLength(int nSFX),devilution::GetSFXLength,effects_stubs.cpp,52,52,6b13ae9e7fc136d1c00d5e20b1488f60ce6ba16ce6603631200b1b91750ef2f0,
"encrypt.cpp|devilution::PkwareBufferRead(char *buf, unsigned int *size, void *param)",devilution::PkwareBufferRead,encrypt.cpp,21,36,6578316705a4e0eb93a88a06bbb52e138599bb52fe18ada6ef2bdceac14dea02,
"encrypt.cpp|devilution::PkwareBufferWrite(char *buf, unsigned int *size, void *param)",devilution::PkwareBufferWrite,encrypt.cpp,38,44,671c81995492837303cf3fc07480176d90ada1beb036ca28dcd7d8827c8f3d84,
"encrypt.cpp|devilution::Decrypt(uint32_t *castBlock, uint32_t size, uint32_t key)",devilution::Decrypt,encrypt.cpp,63,75,0ce2685b11b6e230300dba0c13afa663aebd711a322233604f4c1ae7a675b332,
"encrypt.cpp|devilution::Encrypt(uint32_t *castBlock, uint32_t size, uint32_t key)",devilution::Encrypt,encrypt.cpp,77,90,48f81c0c1dbbb1dc2a3ae81e2425fa3cd0bdb179538286daae6d734c8c6e324f,
"encrypt.cpp|devilution::Hash(const char *s, int type)",devilution::Hash,encrypt.cpp,92,103,47cae5bcf82a2623a9cc8f848284bf02650742bcc47269f9b539b8f7326f19f0,
"encrypt.cpp|devilution::PkwareCompress(byte *srcData, uint32_t size)",devilution::PkwareCompress,encrypt.cpp,105,132,2924cf2b1f1211124ce243c0b0819e95a9119d34a0d02f03156128680bdfc922,
"encrypt.cpp|devilution::PkwareDecompress(byte *inBuff, uint32_t recvSize, int maxBytes)",devilution::PkwareDecompress,encrypt.cpp,134,148,d415f08178356abffd95918e3ea67962a39836beb0f4ec48609c68e430216cb9,
"engine.cpp|devilution::DrawHalfTransparentUnalignedBlendedRectTo(const Surface &out, unsigned sx, unsigned sy, unsigned width, unsigned height)",devilution::DrawHalfTransparentUnalignedBlendedRectTo,engine.cpp,26,37,bf40f40c6c6cc6faacb9b56e8151d350a2ec5fc59532730e0387d5b18b7f4e0f,
"engine.cpp|devilution::DrawHalfTransparentAligned32BlendedRectTo(const Surface &out, unsigned sx, unsigned sy, unsigned width, unsigned height)",devilution::DrawHalfTransparentAligned32BlendedRectTo,engine.cpp,41,59,fd4641ae4df927ac4fc4865425e84d30b293a08a18f5dc9f9936a74ee0523470,
"engine.cpp|devilution::DrawHalfTransparentBlendedRectTo(const Surface &out, unsigned sx, unsigned sy, unsigned width, unsigned height)",devilution::DrawHalfTransparentBlendedRectTo,engine.cpp,61,86,5efa1ad52b2cb98e8ccdfdb26391753c5a1708584b164dd61b65a8228bdd5d6b,
"engine.cpp|devilution::DrawHorizontalLine(const Surface &out, Point from, int width, std::uint8_t colorIndex)",devilution::DrawHorizontalLine,engine.cpp,93,104,8612f55ab04349860d1d1680101323d7385730d39d3d55c21396dcc10bf72b39,
"engine.cpp|devilution::UnsafeDrawHorizontalLine(const Surface &out, Point from, int width, std::uint8_t colorIndex)",devilution::UnsafeDrawHorizontalLine,engine.cpp,106,109,3b4507e9c2e7092f2b5bfd6d6c9f85539a931f95e133882efe2fab333ea67954,
"engine.cpp|devilution::DrawVerticalLine(const Surface &out, Point from, int height, std::uint8_t colorIndex)",devilution::DrawVerticalLine,engine.cpp,111,122,cf44e7a1955497b3488da2f54597325263d5aa68e463977fe0545f626f9bf4a3,
"engine.cpp|devilution::UnsafeDrawVerticalLine(const Surface &out, Point from, int height, std::uint8_t colorIndex)",devilution::UnsafeDrawVerticalLine,engine.cpp,124,132,69e0b6020b165ccaf98305c029943a56cf35d97d9a8c785472ae6a0cbbb77d84,
"engine.cpp|devilution::DrawHalfTransparentRectTo(const Surface &out, int sx, int sy, int width, int height)",devilution::DrawHalfTransparentRectTo,engine.cpp,134,160,6a2c5489a8b553ea421e2e6e32fe34e5767dd1dec6e2428c8bd1f369cacf1f2a,
"engine.cpp|devilution::UnsafeDrawBorder2px(const Surface &out, Rectangle rect, uint8_t color)",devilution::UnsafeDrawBorder2px,engine.cpp,162,179,050aa8a08aeccbd9110f535f6f2c9cce0ea0574441fa791b653982ab8ba0f9e1,
"engine.cpp|devilution::GetDirection(Point start, Point destination)",devilution::GetDirection,engine.cpp,181,216,dcb92e0f58f2c5ba04d03f8a9407aa4f4f253f8656dd6f841f6d42a31a754f48,
engine.cpp|devilution::CalculateWidth2(int width),devilution::CalculateWidth2,engine.cpp,218,221,b922aba9c107d1a0c1eb06f16c672c168012fa64ade1c1c2b0634899c908a8d4,
"engine.h|devilution::IsAnyOf(const V &v, X x, Xs... xs)",devilution::IsAnyOf,engine.h,47,51,73c846364829afeb848677d3b4e968bb2e332030091d1a6420ebb7d5d27bf5d7,
"engine.h|devilution::IsNoneOf(const V &v, X x, Xs... xs)",devilution::IsNoneOf,engine.h,53,57,4151e9dcef1745c817eb404f89bfabe45e560ca0d47fe6dc6de990b95b237ef9,
"engine.h|devilution::GetAnimationFrame(int frames, int fps = 60)",devilution::GetAnimationFrame,engine.h,145,149,b8f57ee56fbcbd83cb22b9db3e9f686622e1a9c1c98a5495ab648d2e877f979d,
engine/actor_position.cpp|devilution::RoundedWalkVelocity::getVelocity(VelocityToUse velocityToUse),devilution::RoundedWalkVelocity::getVelocity,engine/actor_position.cpp,25,43,71920827bb59ff11a99bd23c93a5121b0206909e2a59818d097643cf21880c01,
engine/actor_position.cpp|devilution::WalkParameter::getVelocity(int8_t numberOfFrames),devilution::WalkParameter::getVelocity,engine/actor_position.cpp,81,89,89e8ee1554262047247d0079de17d2c1a55454f677d0648f5973c262b38aaa9d,
"engine/actor_position.cpp|devilution::ActorPosition::CalculateWalkingOffset(Direction dir, const AnimationInfo &animInfo)",devilution::ActorPosition::CalculateWalkingOffset,engine/actor_position.cpp,108,114,f52ba3df4c4a6b0035da3799fc060dff1584021084c72ff4beb0f274e4dc2eb6,
"engine/actor_position.cpp|devilution::ActorPosition::CalculateWalkingOffsetShifted4(Direction dir, const AnimationInfo &animInfo)",devilution::ActorPosition::CalculateWalkingOffsetShifted4,engine/actor_position.cpp,116,124,2af811ba0f74c5c6b16b533a3555c956e63a96b40b5776930e3f47cd4bb820c0,
"engine/actor_position.cpp|devilution::ActorPosition::CalculateWalkingOffsetShifted8(Direction dir, const AnimationInfo &animInfo)",devilution::ActorPosition::CalculateWalkingOffsetShifted8,engine/actor_position.cpp,126,132,b39f3ee770f1c95f623e104edacffa9e2330b070802618b89a2abf860e3de73e,
"engine/actor_position.cpp|devilution::ActorPosition::GetWalkingVelocityShifted4(Direction dir, const AnimationInfo &animInfo)",devilution::ActorPosition::GetWalkingVelocityShifted4,engine/actor_position.cpp,134,138,289136a09078a32ccb9e154d91daba368f789d7b756a274c561fbd39cabd52f0,
"engine/actor_position.cpp|devilution::ActorPosition::GetWalkingVelocityShifted8(Direction dir, const AnimationInfo &animInfo)",devilution::ActorPosition::GetWalkingVelocityShifted8,engine/actor_position.cpp,140,146,b5a1683b82d1d4936f6e94a53746f5a66f86d9b408995b44f3acbfb9229e4c85,
engine/animationinfo.cpp|devilution::AnimationInfo::getFrameToUseForRendering(),devilution::AnimationInfo::getFrameToUseForRendering,engine/animationinfo.cpp,18,60,e2c0ffb538c171e3bcad43de4fdf64f21a10a2e23a1a321d5aea86162e76ed70,0x1401024c0
engine/animationinfo.cpp|devilution::AnimationInfo::getAnimationProgress(),devilution::AnimationInfo::getAnimationProgress,engine/animationinfo.cpp,62,79,f826b92db04e0aa06b276064d6a208c477e8dbb1ce6461e9d3a7dce08e56dec8,
"engine/animationinfo.cpp|devilution::AnimationInfo::setNewAnimation(OptionalClxSpriteList celSprite, int8_t numberOfFrames, int8_t ticksPerFrame, AnimationDistributionFlags flags , int8_t numSkippedFrames , int8_t distributeFramesBeforeFrame , uint8_t previewShownGameTickFragments)",devilution::AnimationInfo::setNewAnimation,engine/animationinfo.cpp,81,178,625ca63001d738b35a3ed6fa68e5d82a469300fbe9a9c20bb6e5f165091f2808,0x140102270
"engine/animationinfo.cpp|devilution::AnimationInfo::changeAnimationData(OptionalClxSpriteList celSprite, int8_t numberOfFrames, int8_t ticksPerFrame)",devilution::AnimationInfo::changeAnimationData,engine/animationinfo.cpp,180,196,149c86fc9621009295c54eae31cc2c1a9323eacd5a410667099b6a7d60282367,
engine/animationinfo.cpp|devilution::AnimationInfo::processAnimation(bool reverseAnimation),devilution::AnimationInfo::processAnimation,engine/animationinfo.cpp,198,218,98d5acab0c0f90e03b38bb6fde45b87d135a3898c5031bb78c009833217cd6b4,
engine/animationinfo.cpp|devilution::AnimationInfo::getProgressToNextGameTick(),devilution::AnimationInfo::getProgressToNextGameTick,engine/animationinfo.cpp,220,225,095a1c356a58b48f3d1233858375046f8f3342583352f7d37a523f477a67cbe0,
engine/animationinfo.h|devilution::AnimationInfo::currentSprite(),devilution::AnimationInfo::currentSprite,engine/animationinfo.h,64,67,2a90a70fb8494a3c023dfd9dec85a850832f015dda2d841ac15737bd5bd181b0,
engine/animationinfo.h|devilution::AnimationInfo::isLastFrame(),devilution::AnimationInfo::isLastFrame,engine/animationinfo.h,69,72,8992c21eb5cb125725b31e1e497b1dad84f4471e342d20b73323402aafd845c2,
engine/assets.cpp|devilution::IsDebugLogging(),devilution::IsDebugLogging,engine/assets.cpp,41,44,742adf6382dffa9db01dcdbfada728c28aec65dec739c791493746d842fda9f5,
engine/assets.cpp|devilution::OpenOptionalRWops(const std::string &path),devilution::OpenOptionalRWops,engine/assets.cpp,46,53,b1aee9b53db35e2ca3de27febb87efd4c42cb2d0d2d65fb1680906fa7f33a680,
"engine/assets.cpp|devilution::FindMpqFile(const char *filename, MpqArchive **archive, uint32_t *fileNumber)",devilution::FindMpqFile,engine/assets.cpp,55,68,edd9d35eefc9de6fa05302ae8dec6c2b342d413024b8b88f8f72eb0618dd5293,
engine/assets.cpp|devilution::FindAsset(const char *filename),devilution::FindAsset,engine/assets.cpp,113,160,49047728462d18e41af16173e23d87d4dcf9ab99559f0e19810ca02a7c77427a,0x1401063b0
"engine/assets.cpp|devilution::OpenAsset(AssetRef &&ref, bool threadsafe)",devilution::OpenAsset,engine/assets.cpp,163,178,2dd9c916e9f9b5eaca0dca80a4901ea3543ae37b306a13bfeb7efe5b1792e7ce,
"engine/assets.cpp|devilution::OpenAsset(const char *filename, bool threadsafe)",devilution::OpenAsset,engine/assets.cpp,180,186,294a1e986bb787968adcc9ad3dc02db8822c085f47b438d02fa8a3d676a970f7,
"engine/assets.cpp|devilution::OpenAsset(const char *filename, size_t &fileSize, bool threadsafe)",devilution::OpenAsset,engine/assets.cpp,188,195,c047aef19502b7a3798c357e556f615ddb07646a4da4afb45ac2ae4c4c8427b4,
"engine/assets.cpp|devilution::OpenAssetAsSdlRwOps(const char *filename, bool threadsafe)",devilution::OpenAssetAsSdlRwOps,engine/assets.cpp,197,207,57d3e40021258bd27a3d6e4ad6c09be4ef33e663e016af4a3ddc9f42ce462692,
engine/assets.hpp|devilution::AssetRef::AssetRef(AssetRef &&other),devilution::AssetRef::AssetRef,engine/assets.hpp,106,113,a25f8e21b140e2c950be9147ca244723f342bfcf34711d311d8a2b361072d79c,
engine/assets.hpp|devilution::AssetRef::operator=(AssetRef &&other),devilution::AssetRef::operator=,engine/assets.hpp,115,125,fc22f4e7e4b652b9ae52660672f8607e893fc77a8f8672a8ce3cf79b46822682,
engine/assets.hpp|devilution::AssetRef::~AssetRef(),devilution::AssetRef::~AssetRef,engine/assets.hpp,127,131,672a13a12644bc9526b23b7d3f33448f30bba35e61ef9ece8262ea556c8c6856,
engine/assets.hpp|devilution::AssetRef::ok(),devilution::AssetRef::ok,engine/assets.hpp,133,136,29035538b1d660c75aedffc30dddb4957bd0554a0430cb08c4505a108b04baf3,
engine/assets.hpp|devilution::AssetRef::error(),devilution::AssetRef::error,engine/assets.hpp,139,142,0500707bc4409988d2759091ee852fb1fc27c091b130828698dd13df11dd379c,
engine/assets.hpp|devilution::AssetRef::size(),devilution::AssetRef::size,engine/assets.hpp,144,151,a738d2da19528e6b61507d4bcdb045aee50b9dada968b07e23efa57939c541f9,
engine/assets.hpp|devilution::AssetHandle::AssetHandle(SDL_RWops *handle),devilution::AssetHandle::AssetHandle,engine/assets.hpp,159,162,09fea5622e84a72f3275eb77b227be2cf2121011eaa6fa9c22df5edf962496db,
engine/assets.hpp|devilution::AssetHandle::AssetHandle(AssetHandle &&other),devilution::AssetHandle::AssetHandle,engine/assets.hpp,164,168,66e83a235cce69b0886771821b56dad6ce227144261e774c5626cdf271a02331,
engine/assets.hpp|devilution::AssetHandle::operator=(AssetHandle &&other),devilution::AssetHandle::operator=,engine/assets.hpp,170,178,d4249a484f7e6195eaf70bd19882703fb51720507b6c13c44d1d4f84fea291c1,
engine/assets.hpp|devilution::AssetHandle::~AssetHandle(),devilution::AssetHandle::~AssetHandle,engine/assets.hpp,180,184,d27f9ea32623f2aacfd393a0c62f8af2ea54bdf41e9c0a2dc93bfa431f6a76a4,
engine/assets.hpp|devilution::AssetHandle::ok(),devilution::AssetHandle::ok,engine/assets.hpp,186,189,f2690ad3d324d921b3360bd9125bd4e655978e2c0507f912f5b32165b929a97a,
"engine/assets.hpp|devilution::AssetHandle::read(void *buffer, size_t len)",devilution::AssetHandle::read,engine/assets.hpp,191,194,bbc679e4b5f1e0f6791b2bfa5164e03291224c2c37369e265dfa4364cd6954fc,
engine/assets.hpp|devilution::AssetHandle::seek(long pos),devilution::AssetHandle::seek,engine/assets.hpp,196,199,33730614328014ab1644a3766b72c160b9080efa2b69dbe301564515c09fa52b,
engine/assets.hpp|devilution::AssetHandle::error(),devilution::AssetHandle::error,engine/assets.hpp,201,204,0500707bc4409988d2759091ee852fb1fc27c091b130828698dd13df11dd379c,
engine/assets.hpp|devilution::AssetHandle::release(),devilution::AssetHandle::release,engine/assets.hpp,206,211,6ac5887af9065190a9dde64488df6466b16e4f1a7626eeea3f5190afada90d73,
"engine/assets.hpp|devilution::FailedToOpenFileError(const char *path, const char *error)",devilution::FailedToOpenFileError,engine/assets.hpp,215,218,8cf012357ecb0a785864533a9fecbecb35044f1db5b0fa5250f5c74a79d34c93,0x1400062c0
"engine/assets.hpp|devilution::ValidatAssetRef(const char *path, const AssetRef &ref)",devilution::ValidatAssetRef,engine/assets.hpp,220,228,38d6b96c65e7e8411f0c8729a5fac7861bc46e2d4a2f0181d6017774a3030b2b,
"engine/assets.hpp|devilution::ValidateHandle(const char *path, const AssetHandle &handle)",devilution::ValidateHandle,engine/assets.hpp,230,238,8307fd448e58bb295d5b8909379e2be461a91e0e381ea93a4d34500583a1393a,
engine/backbuffer_state.cpp|devilution::GetBackbufferState(),devilution::GetBackbufferState,engine/backbuffer_state.cpp,32,46,3584cf5fbd07dd574f551c8b19bc6f0788fd76e5f7edd80bc8f55cc5bc11a967,
engine/backbuffer_state.cpp|devilution::IsRedrawEverything(),devilution::IsRedrawEverything,engine/backbuffer_state.cpp,50,53,14903ebc9a231d58f9f5c1c4dee051721c48a77e75e440e0d0ad8cd28ba9e51c,
engine/backbuffer_state.cpp|devilution::RedrawViewport(),devilution::RedrawViewport,engine/backbuffer_state.cpp,55,62,0991944e1b356d4a8c25a802cba26d4b2026b0af135f760089779b0b92c068a9,
engine/backbuffer_state.cpp|devilution::IsRedrawViewport(),devilution::IsRedrawViewport,engine/backbuffer_state.cpp,64,67,db110ef2ee1814bef87e1ed33a672c774583e3951dbc022873311f066fb3a04d,
engine/backbuffer_state.cpp|devilution::RedrawComplete(),devilution::RedrawComplete,engine/backbuffer_state.cpp,69,72,9af6b82b4147522fb20fe76d916c052b29206ec243bf9291f35215e1cb87c98b,
engine/backbuffer_state.cpp|devilution::RedrawEverything(),devilution::RedrawEverything,engine/backbuffer_state.cpp,74,79,5ce66b6cb03ec421085b0b5778c53e2fbfaded1529acd4d1b8d572a986258924,
engine/backbuffer_state.cpp|devilution::InitBackbufferState(),devilution::InitBackbufferState,engine/backbuffer_state.cpp,81,84,d78cf9ae2bc69a07286f04001142126560c4c11273a94d6b3b3de5a5526f22aa,
engine/backbuffer_state.cpp|devilution::RedrawComponent(PanelDrawComponent component),devilution::RedrawComponent,engine/backbuffer_state.cpp,86,91,dcf316c15a3cd02b5c4a6403a32c46c36dcb05f36121431b77da45dac0e7b191,
engine/backbuffer_state.cpp|devilution::IsRedrawComponent(PanelDrawComponent component),devilution::IsRedrawComponent,engine/backbuffer_state.cpp,93,96,b5e1b38fcbc0266dda0f8bab78378112a35e3e88bbee69f03cf337d5112eceec,
engine/backbuffer_state.cpp|devilution::RedrawComponentComplete(PanelDrawComponent component),devilution::RedrawComponentComplete,engine/backbuffer_state.cpp,98,101,30c25d89915a5803311224e4cd516122ea85ad7416f88d161545bf4e9bd8ada2,
engine/backbuffer_state.cpp|devilution::GetDrawnCursor(),devilution::GetDrawnCursor,engine/backbuffer_state.cpp,103,106,ad690d9e1b966d53c489688fc30c2da15a8775e0336035574acdb935f670d129,
engine/circle.hpp|devilution::Circle::contains(Point point),devilution::Circle::contains,engine/circle.hpp,12,18,4f0058bff999e85dbada86f6108fb457227b87b8228760081a641d23276ea7b3,
"engine/clx_sprite.hpp|devilution::ClxSprite::ClxSprite(const uint8_t *data, uint32_t dataSize)",devilution::ClxSprite::ClxSprite,engine/clx_sprite.hpp,48,53,853b078d026f5b5ffb322395bcd92835fd34ee6ff844109e034808cad7dbe417,
engine/clx_sprite.hpp|devilution::ClxSprite::width(),devilution::ClxSprite::width,engine/clx_sprite.hpp,55,58,9971524140fa654858224609c2e139175f06dcd18e1c95cefd7bf9afd7979b4d,
engine/clx_sprite.hpp|devilution::ClxSprite::height(),devilution::ClxSprite::height,engine/clx_sprite.hpp,60,63,c73fc21a76689b76bf44696741b6476d2e81f5c4a169b8fb952294669b3c90a8,
engine/clx_sprite.hpp|devilution::ClxSprite::pixelData(),devilution::ClxSprite::pixelData,engine/clx_sprite.hpp,70,73,29ea235b47b0f07734223a631dc2cd54537324e5e4f1c8a7403251537b9ef89c,
engine/clx_sprite.hpp|devilution::ClxSprite::pixelDataSize(),devilution::ClxSprite::pixelDataSize,engine/clx_sprite.hpp,75,78,df87cb98a5324a9d62dc905be33f938e895c120959a480d649695a95249ade49,
engine/clx_sprite.hpp|devilution::ClxSprite::operator==(const ClxSprite &other),devilution::ClxSprite::operator==,engine/clx_sprite.hpp,80,83,a68f03e3e2d67cb4585a573995004951cc696630a3286714726674489557e6a0,
engine/clx_sprite.hpp|devilution::ClxSprite::operator!=(const ClxSprite &other),devilution::ClxSprite::operator!=,engine/clx_sprite.hpp,85,88,ab65699bd42406b2122ee01f05b2856bce599486e88c40e04ddbb067c833b46f,
engine/clx_sprite.hpp|devilution::ClxSprite::ClxSprite(),devilution::ClxSprite::ClxSprite,engine/clx_sprite.hpp,92,96,ca24dca307e02a2737edcbabc4e3fa14f81b9730f4bf0f1239b4be868981aa9e,
engine/clx_sprite.hpp|devilution::ClxSpriteList::ClxSpriteList(const uint8_t *data),devilution::ClxSpriteList::ClxSpriteList,engine/clx_sprite.hpp,113,117,c5d24150897cf147830047eb2d57648603827e713e758747441e0bd2a70f4fe4,
engine/clx_sprite.hpp|devilution::ClxSpriteList::numSprites(),devilution::ClxSpriteList::numSprites,engine/clx_sprite.hpp,123,126,721c348da60a50e98746f5162be2706fe619f34155621115b9b60df2acf25786,
engine/clx_sprite.hpp|devilution::ClxSpriteList::operator[](size_t spriteIndex),devilution::ClxSpriteList::operator[],engine/clx_sprite.hpp,128,134,5ac06da6059a2bd36c508a928ead9962ca0a09c393f79761b3e20a7704c6c9c4,
engine/clx_sprite.hpp|devilution::ClxSpriteList::spriteOffset(size_t spriteIndex),devilution::ClxSpriteList::spriteOffset,engine/clx_sprite.hpp,136,139,39ad03afd3a582f80a4c64835aa586d699215d0003e168a5327ef1d136d043e5,
engine/clx_sprite.hpp|devilution::ClxSpriteList::nextSpriteSheetOffsetOrFileSize(),devilution::ClxSpriteList::nextSpriteSheetOffsetOrFileSize,engine/clx_sprite.hpp,142,145,1fe677ac40f1d6ef1ae2fa55eb102eb769b6ef1f7baad662e2af47fbae5d20ed,
engine/clx_sprite.hpp|devilution::ClxSpriteList::data(),devilution::ClxSpriteList::data,engine/clx_sprite.hpp,147,150,d7265aac89904f3b25778b2d4e0f34027173731ebe619b7dea0559e1e6d8318b,
engine/clx_sprite.hpp|devilution::ClxSpriteList::ClxSpriteList(),devilution::ClxSpriteList::ClxSpriteList,engine/clx_sprite.hpp,157,160,c2700a938fce870070059bf9352d0659875317455550d17c4773aa29060e5749,
"engine/clx_sprite.hpp|devilution::ClxSpriteListIterator::ClxSpriteListIterator(ClxSpriteList list, size_t index)",devilution::ClxSpriteListIterator::ClxSpriteListIterator,engine/clx_sprite.hpp,175,179,a9ad9b5f1e96d6b43acd2f134bb42216f6ca2578f1cba3db098d132311f228a1,
engine/clx_sprite.hpp|devilution::ClxSpriteListIterator::operator*(),devilution::ClxSpriteListIterator::operator*,engine/clx_sprite.hpp,181,184,15893b4a87db5e94e14afb2953e915c0902da6cd991599f747cba89c4c85d513,
engine/clx_sprite.hpp|devilution::ClxSpriteListIterator::operator++(),devilution::ClxSpriteListIterator::operator++,engine/clx_sprite.hpp,186,190,207b28eb5aca4c13f32fe0639cfd60654f3cfc06b208cf05b5ac589d2f7d91cc,
engine/clx_sprite.hpp|devilution::ClxSpriteListIterator::operator++(int),devilution::ClxSpriteListIterator::operator++,engine/clx_sprite.hpp,192,197,95ba5d0bc986dfa7e9083145f0c1d18c622e6ce41a804b74fa9314ce453213b7,
engine/clx_sprite.hpp|devilution::ClxSpriteListIterator::operator==(const ClxSpriteListIterator &other),devilution::ClxSpriteListIterator::operator==,engine/clx_sprite.hpp,199,202,3eb211eeb1d18635221c8d28695b50b416895fe676f3136013d93e608784ce7c,
engine/clx_sprite.hpp|devilution::ClxSpriteListIterator::operator!=(const ClxSpriteListIterator &other),devilution::ClxSpriteListIterator::operator!=,engine/clx_sprite.hpp,204,207,53745dc36d0df32fc8260cbd5e3baad0beedc87544182539f43817acb41071fa,
engine/clx_sprite.hpp|devilution::ClxSpriteList::begin(),devilution::ClxSpriteList::begin,engine/clx_sprite.hpp,214,217,e8ad20926bf1d2fd337d852039e297afb102702bda51e91093e59c74ba4c59d7,
engine/clx_sprite.hpp|devilution::ClxSpriteList::end(),devilution::ClxSpriteList::end,engine/clx_sprite.hpp,219,222,cb1d0e2c3605d210071c527cb23906f54636cad748666b3e3e0b9e0fb4a396e9,
"engine/clx_sprite.hpp|devilution::ClxSpriteSheet::ClxSpriteSheet(const uint8_t *data, uint16_t numLists)",devilution::ClxSpriteSheet::ClxSpriteSheet,engine/clx_sprite.hpp,233,239,65dbbc2b37cf1947abf3cadaef45fd07a50e637f283b4913fa1e94c422437125,
engine/clx_sprite.hpp|devilution::ClxSpriteSheet::numLists(),devilution::ClxSpriteSheet::numLists,engine/clx_sprite.hpp,243,246,11323540d596377a5450045d4ad797237e4f0e6d490752ffc9f6ec5dd3be92d7,
engine/clx_sprite.hpp|devilution::ClxSpriteSheet::operator[](size_t sheetIndex),devilution::ClxSpriteSheet::operator[],engine/clx_sprite.hpp,248,251,e55fe3d761bcef93a00fb403e985be68d4917272484a8dba4ca7f20d52b3b503,
engine/clx_sprite.hpp|devilution::ClxSpriteSheet::sheetOffset(size_t sheetIndex),devilution::ClxSpriteSheet::sheetOffset,engine/clx_sprite.hpp,253,257,0a2174759a2be6650fb67933864e443d6385b51cf21f20f7f90f7b69e70ff548,
engine/clx_sprite.hpp|devilution::ClxSpriteSheet::data(),devilution::ClxSpriteSheet::data,engine/clx_sprite.hpp,259,262,d7265aac89904f3b25778b2d4e0f34027173731ebe619b7dea0559e1e6d8318b,
engine/clx_sprite.hpp|devilution::ClxSpriteSheet::ClxSpriteSheet(),devilution::ClxSpriteSheet::ClxSpriteSheet,engine/clx_sprite.hpp,269,273,1bca689ff0ac7dd047f6e825dfa5b409662691042b280caf7adc4dfa861eb4c6,
"engine/clx_sprite.hpp|devilution::ClxSpriteSheetIterator::ClxSpriteSheetIterator(ClxSpriteSheet sheet, size_t index)",devilution::ClxSpriteSheetIterator::ClxSpriteSheetIterator,engine/clx_sprite.hpp,289,293,5b4af77b77c48922145e47523f7939fe60437c1c490a18fc6e2f049554ba6055,
engine/clx_sprite.hpp|devilution::ClxSpriteSheetIterator::operator*(),devilution::ClxSpriteSheetIterator::operator*,engine/clx_sprite.hpp,295,298,53454a256850e848ffbe48772aaadf8e3fc42fc4b739405c6a341b427f70b26d,
engine/clx_sprite.hpp|devilution::ClxSpriteSheetIterator::operator++(),devilution::ClxSpriteSheetIterator::operator++,engine/clx_sprite.hpp,300,304,4c8f731dab5799dab04bae6a0b18a5c38d80de4af763b12809d4156916ff3ca0,
engine/clx_sprite.hpp|devilution::ClxSpriteSheetIterator::operator++(int),devilution::ClxSpriteSheetIterator::operator++,engine/clx_sprite.hpp,306,311,88cbb0e5406f0b78642275feb96a890be03660dec21ce64483f3f6de045d8f7a,
engine/clx_sprite.hpp|devilution::ClxSpriteSheetIterator::operator==(const ClxSpriteSheetIterator &other),devilution::ClxSpriteSheetIterator::operator==,engine/clx_sprite.hpp,313,316,5045b43e2b66747172256e4a778ef8265cec44e5a05449a4de59e8a1d2baef18,
engine/clx_sprite.hpp|devilution::ClxSpriteSheetIterator::operator!=(const ClxSpriteSheetIterator &other),devilution::ClxSpriteSheetIterator::operator!=,engine/clx_sprite.hpp,318,321,0d087dffe13440083b5920261d6f3ae46015c342b952cf9450af1e94a6bcfa27,
engine/clx_sprite.hpp|devilution::ClxSpriteSheet::begin(),devilution::ClxSpriteSheet::begin,engine/clx_sprite.hpp,328,331,4759bca58945f20005c4c3e93b6cdfe4c8c4e8a42ab7f53d89e981ff2296a5b4,
engine/clx_sprite.hpp|devilution::ClxSpriteSheet::end(),devilution::ClxSpriteSheet::end,engine/clx_sprite.hpp,333,336,e73947a8047e146e26da609f7b7147c97d65b966c8828630808c08eb8cfebf6d,
engine/clx_sprite.hpp|devilution::OwnedClxSpriteList::OwnedClxSpriteList(std::unique_ptr<uint8_t[]> &&data),devilution::OwnedClxSpriteList::OwnedClxSpriteList,engine/clx_sprite.hpp,346,350,29aa15d922a35174971932baa1f68545ad2265ae29fa4db4f59dd5c4b95234b5,
engine/clx_sprite.hpp|devilution::OwnedClxSpriteList::clone(),devilution::OwnedClxSpriteList::clone,engine/clx_sprite.hpp,355,358,f36a839bcce36bfe3c0152b6e8d38c77ae24fb807e241d73b75656fa42f6c904,
engine/clx_sprite.hpp|devilution::OwnedClxSpriteList::operator[](size_t spriteIndex),devilution::OwnedClxSpriteList::operator[],engine/clx_sprite.hpp,360,363,6506ce16ac1a9ea3e8ad9a045ef416b24b7f3848a9eb2cc1962cafadedbf8e13,
engine/clx_sprite.hpp|devilution::ClxSpriteList::ClxSpriteList(const OwnedClxSpriteList &owned),devilution::ClxSpriteList::ClxSpriteList,engine/clx_sprite.hpp,376,379,2a44562dc0a3db6b6d8f031c029f1d6deeb9f82a132ddc49d101b7a03433a3a9,
engine/clx_sprite.hpp|devilution::ClxSpriteList::clone(),devilution::ClxSpriteList::clone,engine/clx_sprite.hpp,381,387,e6cd88fd16d92445c7eaf0f1c93447f0438d096373c80c5c90c4f80b372b0abe,
"engine/clx_sprite.hpp|devilution::OwnedClxSpriteSheet::OwnedClxSpriteSheet(std::unique_ptr<uint8_t[]> &&data, uint16_t numLists)",devilution::OwnedClxSpriteSheet::OwnedClxSpriteSheet,engine/clx_sprite.hpp,394,400,31d2c9eb6c95449b678e8621b5b483ceee8073908336181a36ed06c05db469f1,
engine/clx_sprite.hpp|devilution::OwnedClxSpriteSheet::operator[](size_t sheetIndex),devilution::OwnedClxSpriteSheet::operator[],engine/clx_sprite.hpp,405,408,d511ae619e7fb27985bb58edcacf27d40df395bb056dce88cc3939787f8f746c,
engine/clx_sprite.hpp|devilution::OwnedClxSpriteSheet::begin(),devilution::OwnedClxSpriteSheet::begin,engine/clx_sprite.hpp,410,413,838d3e934133061a1ea2d6544a27e9090868a6718fbd4946a7b6230d6c66fa0e,
engine/clx_sprite.hpp|devilution::OwnedClxSpriteSheet::end(),devilution::OwnedClxSpriteSheet::end,engine/clx_sprite.hpp,415,418,4da025b7bbfb087d4e683098d2a30af2dd3c8e0194c7e8dde0edbaf909b19a55,
engine/clx_sprite.hpp|devilution::OwnedClxSpriteSheet::OwnedClxSpriteSheet(),devilution::OwnedClxSpriteSheet::OwnedClxSpriteSheet,engine/clx_sprite.hpp,422,426,af5fcd866e669cffa6936550279302342289877f02491ca40c14c97afcaa99c4,
engine/clx_sprite.hpp|devilution::ClxSpriteSheet::ClxSpriteSheet(const OwnedClxSpriteSheet &owned),devilution::ClxSpriteSheet::ClxSpriteSheet,engine/clx_sprite.hpp,436,440,d291459aff0bdc138c15d8ad5506d9313e378a0f62159b11dd9ee5fd75ebb386,
"engine/clx_sprite.hpp|devilution::GetNumListsFromClxListOrSheetBuffer(const uint8_t *data, size_t size)",devilution::GetNumListsFromClxListOrSheetBuffer,engine/clx_sprite.hpp,445,455,6bc6dc37a38468623adff6674219bff3b7e8424a1f4a03e629e3bc5fa39fb430,
"engine/clx_sprite.hpp|devilution::ClxSpriteListOrSheet::ClxSpriteListOrSheet(const uint8_t *data, uint16_t numLists)",devilution::ClxSpriteListOrSheet::ClxSpriteListOrSheet,engine/clx_sprite.hpp,462,466,daa9535681d07f7ac42e66e2d577aae8fef41ffa1b386eb8ebae1468f8642b9f,
engine/clx_sprite.hpp|devilution::ClxSpriteListOrSheet::list(),devilution::ClxSpriteListOrSheet::list,engine/clx_sprite.hpp,470,474,fd31d6bc7e5df9e0cd74674644e9c1930a37c4e129be4a431cc1bccaf7f2c08a,
engine/clx_sprite.hpp|devilution::ClxSpriteListOrSheet::sheet(),devilution::ClxSpriteListOrSheet::sheet,engine/clx_sprite.hpp,476,480,e3c5d5ed686472912802e60916c47205ee3c0bb329021ad90c85cc16e2e7490f,
engine/clx_sprite.hpp|devilution::ClxSpriteListOrSheet::isSheet(),devilution::ClxSpriteListOrSheet::isSheet,engine/clx_sprite.hpp,482,485,bc91429d2b87ae4b4e47203bd63da610f538bd479f49eb00caf6e9f3a6d435ac,
engine/clx_sprite.hpp|devilution::ClxSpriteListOrSheet::ClxSpriteListOrSheet(),devilution::ClxSpriteListOrSheet::ClxSpriteListOrSheet,engine/clx_sprite.hpp,492,496,29c0dadb109945926caf71256897f84c7d1ca78ae29c52c75dc973e96cbfb0c4,
"engine/clx_sprite.hpp|devilution::OwnedClxSpriteListOrSheet::FromBuffer(std::unique_ptr<uint8_t[]> &&data, size_t size)",devilution::OwnedClxSpriteListOrSheet::FromBuffer,engine/clx_sprite.hpp,508,512,c5cc4da948981e62230ac782593b51d1cadae2863c4304dcbb5038667cceec84,
"engine/clx_sprite.hpp|devilution::OwnedClxSpriteListOrSheet::OwnedClxSpriteListOrSheet(std::unique_ptr<uint8_t[]> &&data, uint16_t numLists)",devilution::OwnedClxSpriteListOrSheet::OwnedClxSpriteListOrSheet,engine/clx_sprite.hpp,514,518,afc0612c9f83a9ca1920127ee9e79569a50612ccbdf9bc3718f94b6fec4bacb9,
engine/clx_sprite.hpp|devilution::OwnedClxSpriteListOrSheet::OwnedClxSpriteListOrSheet(OwnedClxSpriteSheet &&sheet),devilution::OwnedClxSpriteListOrSheet::OwnedClxSpriteListOrSheet,engine/clx_sprite.hpp,520,524,790baea523b325ad8800f3d93b347466a14c082cb97b0b35d9ff6a1faf45e5e8,
engine/clx_sprite.hpp|devilution::OwnedClxSpriteListOrSheet::OwnedClxSpriteListOrSheet(OwnedClxSpriteList &&list),devilution::OwnedClxSpriteListOrSheet::OwnedClxSpriteListOrSheet,engine/clx_sprite.hpp,526,530,79284c1c2d8f8fd18ed726b54f6b2bbcf27b76e91ea1660d9ca85d27239c0464,
engine/clx_sprite.hpp|devilution::OwnedClxSpriteListOrSheet::list(),devilution::OwnedClxSpriteListOrSheet::list,engine/clx_sprite.hpp,532,536,71df12d15001ebf225e9875275e457eacbf38d42b84b27f8e1cbce26ce0c3a82,
engine/clx_sprite.hpp|devilution::OwnedClxSpriteListOrSheet::list()#2,devilution::OwnedClxSpriteListOrSheet::list,engine/clx_sprite.hpp,538,542,db2595c9e2fed1045f449e7ea90e5a2f0d07ee3c9abf212bf4a76ebfbc7669bc,
engine/clx_sprite.hpp|devilution::OwnedClxSpriteListOrSheet::sheet(),devilution::OwnedClxSpriteListOrSheet::sheet,engine/clx_sprite.hpp,544,548,69f309dec61aceaf66ba119686aae10881b0c3a3fab0e1960da078895a91c559,
engine/clx_sprite.hpp|devilution::OwnedClxSpriteListOrSheet::sheet()#2,devilution::OwnedClxSpriteListOrSheet::sheet,engine/clx_sprite.hpp,550,554,d2d4587c172c9b7c0eea93247f75937add5a1d7bb61859ac409c8be895835143,
engine/clx_sprite.hpp|devilution::OwnedClxSpriteListOrSheet::isSheet(),devilution::OwnedClxSpriteListOrSheet::isSheet,engine/clx_sprite.hpp,556,559,dbdf1f403141dee70480abe5ab4e096239de3b20b2e999ecfa5c52b4e276fb13,
engine/clx_sprite.hpp|devilution::OwnedClxSpriteListOrSheet::OwnedClxSpriteListOrSheet(),devilution::OwnedClxSpriteListOrSheet::OwnedClxSpriteListOrSheet,engine/clx_sprite.hpp,566,570,7d7ffe39b64ddd958614e195d7318ceb5f3f9891116f5b9994efa75ff8d62be5,
engine/clx_sprite.hpp|devilution::ClxSpriteListOrSheet::ClxSpriteListOrSheet(const OwnedClxSpriteListOrSheet &listOrSheet),devilution::ClxSpriteListOrSheet::ClxSpriteListOrSheet,engine/clx_sprite.hpp,576,580,98516b1bd0e835e4f633b611bcb7bff4dfb7998b57bcc152ccea4ae9cb67a420,
"engine/demomode.cpp|devilution::ReadSettings(FILE *in, uint8_t version)",devilution::ReadSettings,engine/demomode.cpp,123,154,9f2ac35db2888634ef88f028ffd860496b8bba799cdf3d74a32d19c226bd0b09,
engine/demomode.cpp|devilution::WriteSettings(FILE *out),devilution::WriteSettings,engine/demomode.cpp,156,183,084f20c78cec7bdb3b4ef5f1de080dcf8a0be4dc6cc124742acea16490496e4c,
"engine/demomode.cpp|devilution::CreateSdlEvent(const DemoMsg &dmsg, SDL_Event &event, uint16_t &modState)",devilution::CreateSdlEvent,engine/demomode.cpp,186,225,293963e2444c8d2f20d58b644d1a3bbcbcfc8b0114809960e57ba4c557f77a75,
engine/demomode.cpp|devilution::LogDemoMessage(const DemoMsg &msg),devilution::LogDemoMessage,engine/demomode.cpp,324,377,19d3b00bacce8213e5386bc05fbd700929df522f747aa3dfdd206aa5999c852a,
engine/demomode.cpp|devilution::LoadDemoMessages(int i),devilution::LoadDemoMessages,engine/demomode.cpp,379,451,98a08180b34683e2c1032d1e3afe9eba90651ad9193c1a11b107ec0d1363387f,
engine/demomode.cpp|devilution::RecordEventHeader(const SDL_Event &event),devilution::RecordEventHeader,engine/demomode.cpp,453,458,434f322789546019b983e03289e36ffebe506d53b931df08429481e3877769be,
"engine/demomode.cpp|devilution::demo::InitPlayBack(int demoNumber, bool timedemo)",devilution::demo::InitPlayBack,engine/demomode.cpp,464,483,91de998d18e6cbc461855c0478f6d9ca377afe0b1e0b6a3cd0f8db2478184dd1,
"engine/demomode.cpp|devilution::demo::InitRecording(int recordNumber, bool createDemoReference)",devilution::demo::InitRecording,engine/demomode.cpp,485,489,2ec256a5909cd60cf6da8308f22a0b751d81d0dda50eb8fe3de35b89e4fb198a,
engine/demomode.cpp|devilution::demo::OverrideOptions(),devilution::demo::OverrideOptions,engine/demomode.cpp,490,529,8f7a97649ed26e605beb598b1179a9ff34887d68ee0ce1a885cfeb14bdaae037,
engine/demomode.cpp|devilution::demo::IsRunning(),devilution::demo::IsRunning,engine/demomode.cpp,531,534,c1bcd2c9a00b9952aa8258ffa4ba3370a54b1b946a18ed7eb029d58b3e50773d,
engine/demomode.cpp|devilution::demo::IsRecording(),devilution::demo::IsRecording,engine/demomode.cpp,536,539,a3b359a4f2171ac14065fb8a47fb9a9a1cede9c3ef47beff6ae02edeb277a987,
"engine/demomode.cpp|devilution::demo::GetRunGameLoop(bool &drawGame, bool &processInput)",devilution::demo::GetRunGameLoop,engine/demomode.cpp,541,580,5bbcbc5f898a8ad59bac29988685eb69f0e242ef07701975ce7501eb089d7954,
"engine/demomode.cpp|devilution::demo::FetchMessage(SDL_Event *event, uint16_t *modState)",devilution::demo::FetchMessage,engine/demomode.cpp,582,623,93cbde771f9309cd48a4a46b134c27f18cd95b43fa4c5a80efb431d123b2eb3a,
engine/demomode.cpp|devilution::demo::RecordGameLoopResult(bool runGameLoop),devilution::demo::RecordGameLoopResult,engine/demomode.cpp,625,629,72961a8132c034a5e055fb0b1ad52daf6a6394a28b83eb66c4f0b468550a21b7,
"engine/demomode.cpp|devilution::demo::RecordMessage(const SDL_Event &event, uint16_t modState)",devilution::demo::RecordMessage,engine/demomode.cpp,631,685,399cf6fd1911f6bff26d8f75dc0b58fb6949973a3f3a25214a41780570087a34,
engine/demomode.cpp|devilution::demo::NotifyGameLoopStart(),devilution::demo::NotifyGameLoopStart,engine/demomode.cpp,687,707,369a9b27c3925a0d5c7d65d2c8b39c6e037f899c12bd4b54cc78cbc63d5fc10e,
engine/demomode.cpp|devilution::demo::NotifyGameLoopEnd(),devilution::demo::NotifyGameLoopEnd,engine/demomode.cpp,709,740,d44a4f2193d217103581f94d316be0e2d88d6d2503c61fc2bcfb50856fff029b,
engine/direction.cpp|devilution::DirectionToString(Direction direction),devilution::DirectionToString,engine/direction.cpp,5,28,73c5337c1c83648b09e03fb265b98ccbc235042a23a5ac3ded54d39731f9a7b0,
engine/direction.hpp|devilution::Left(Direction facing),devilution::Left,engine/direction.hpp,23,27,e31c47b3769ed38c6c6b7779e329225b49bb7ab329b35fdd63d4743188e3866d,
engine/direction.hpp|devilution::Right(Direction facing),devilution::Right,engine/direction.hpp,30,34,781ce975ff97f61891f83931e95da1d0199cc880020497ca5df0a7ac859bfab6,
engine/direction.hpp|devilution::Opposite(Direction facing),devilution::Opposite,engine/direction.hpp,37,41,f44f0de2bc86d265b3a0aed8a2989e7eddf5839afb24fc748b3e319e4302f967,
engine/displacement.hpp|devilution::DisplacementOf::DisplacementOf(DisplacementOf<DisplacementDeltaT> other),devilution::DisplacementOf::DisplacementOf,engine/displacement.hpp,26,31,62eaee0d8fef5c5493e55fc4d091e722e35732b3216d41fb7fb92d96892f7954,
"engine/displacement.hpp|devilution::DisplacementOf::DisplacementOf(DeltaT deltaX, DeltaT deltaY)",devilution::DisplacementOf::DisplacementOf,engine/displacement.hpp,33,37,e5381e573559b3f773867050115871b4d655dae9726d3a30ae18759b3e9b536e,
engine/displacement.hpp|devilution::DisplacementOf::DisplacementOf(DeltaT delta),devilution::DisplacementOf::DisplacementOf,engine/displacement.hpp,39,43,eb1306b558747f322110e138da32a98450fc6a0488e2501e895a36e13e1874bc,
engine/displacement.hpp|devilution::DisplacementOf::DisplacementOf(const SizeOf<SizeT> &size),devilution::DisplacementOf::DisplacementOf,engine/displacement.hpp,45,50,0cdf4e54f27fcfd2276079e5fee6eed35668e538283eb6ad0f98cc27b9dc4b4d,
engine/displacement.hpp|devilution::DisplacementOf::DisplacementOf(Direction direction),devilution::DisplacementOf::DisplacementOf,engine/displacement.hpp,52,55,a485f04a6c7bcd8c48ac7dfef68a05534b9a9798b7cdfd78f7e87d513206f5b2,
engine/displacement.hpp|devilution::DisplacementOf::operator==(const DisplacementOf<DisplacementDeltaT> &other),devilution::DisplacementOf::operator==,engine/displacement.hpp,57,61,0ddf0997cc119241dca9d6bb6de3ee2b3947c5251c1c3d70ebd83b5bae036d5e,
engine/displacement.hpp|devilution::DisplacementOf::operator!=(const DisplacementOf<DisplacementDeltaT> &other),devilution::DisplacementOf::operator!=,engine/displacement.hpp,63,67,7305639fde16858eee231dfc934a08f38064791c7507052b629a564a27bb80d9,
engine/displacement.hpp|devilution::DisplacementOf::operator+=(DisplacementOf<DisplacementDeltaT> displacement),devilution::DisplacementOf::operator+=,engine/displacement.hpp,69,75,76315021d2466fdb2455d75ab982cbde8e6c6d5258289e12f1a4436118979532,
engine/displacement.hpp|devilution::DisplacementOf::operator-=(DisplacementOf<DisplacementDeltaT> displacement),devilution::DisplacementOf::operator-=,engine/displacement.hpp,77,83,1279af311fde5c4bcfe5839b26a82c3b3d8cb6df06ae3f16f7f15018b7b8ed7d,
engine/displacement.hpp|devilution::DisplacementOf::operator*=(const int factor),devilution::DisplacementOf::operator*=,engine/displacement.hpp,85,90,710f8041b5bca8320ef4fe717fba398374483483a011781b3345b6a2b08a2427,
engine/displacement.hpp|devilution::DisplacementOf::operator*=(const float factor),devilution::DisplacementOf::operator*=,engine/displacement.hpp,92,97,ec74827562476f79cf82ab2db05983de198f0b53e633bc8c77f7a497112c5800,
engine/displacement.hpp|devilution::DisplacementOf::operator*=(const DisplacementOf<DeltaU> factor),devilution::DisplacementOf::operator*=,engine/displacement.hpp,99,105,474a8a3f1666ecd210d82778abf2e4cba37c4e767277912ec0b4ad54b73217cf,
engine/displacement.hpp|devilution::DisplacementOf::operator/=(const int factor),devilution::DisplacementOf::operator/=,engine/displacement.hpp,107,112,079dea1ce04f163c97ca16271f266090b7be2f0cada3a5fc78ba8f3d25d3eda9,
engine/displacement.hpp|devilution::DisplacementOf::operator/=(const float factor),devilution::DisplacementOf::operator/=,engine/displacement.hpp,114,119,7d06d25c723fc7e74c1856b28b1ebe37d10095cf4fc743487e71202f75bdb9dc,
engine/displacement.hpp|devilution::DisplacementOf::magnitude(),devilution::DisplacementOf::magnitude,engine/displacement.hpp,121,125,7b24440306b40d80c615ac3d38e267e33848de8c17b00e23b8fa0b9396154a75,
engine/displacement.hpp|devilution::DisplacementOf::worldToScreen(),devilution::DisplacementOf::worldToScreen,engine/displacement.hpp,138,142,3f313c4e08ed4492621c5cfdd23a4652b43e74c7645665f50c7915e3daf80dd0,
engine/displacement.hpp|devilution::DisplacementOf::screenToWorld(),devilution::DisplacementOf::screenToWorld,engine/displacement.hpp,151,155,99076b41d1178ed148ecfdbb50a8861c542a1a5bc8255137603d39dcd5c2f631,
engine/displacement.hpp|devilution::DisplacementOf::screenToMissile(),devilution::DisplacementOf::screenToMissile,engine/displacement.hpp,161,169,2bcb1825c89b3f4001855b2b355f14d689a785a92a4021c047e164eb44a6da5a,
engine/displacement.hpp|devilution::DisplacementOf::screenToLight(),devilution::DisplacementOf::screenToLight,engine/displacement.hpp,171,175,dba6c006e0ace72bcb6f4492205eec33081b18a97adc11379a7eafc5c6d6f319,
engine/displacement.hpp|devilution::DisplacementOf::worldToNormalScreen(),devilution::DisplacementOf::worldToNormalScreen,engine/displacement.hpp,182,195,2660bdf8ae5590ed98b035143e8a3f200c7a891d97eaa83b4791e6c2dbd3836e,
engine/displacement.hpp|devilution::DisplacementOf::Rotate(int quadrants),devilution::DisplacementOf::Rotate,engine/displacement.hpp,202,213,978b1882395d888b557e933214d8517ad38b8d0b3e092fd1142d829c1c91490c,
engine/displacement.hpp|devilution::DisplacementOf::flipX(),devilution::DisplacementOf::flipX,engine/displacement.hpp,215,219,273691de0bc33af38495cb69c1bd23e7e4ab365d5c8707f5c6fc8e0720ed6719,
engine/displacement.hpp|devilution::DisplacementOf::flipY(),devilution::DisplacementOf::flipY,engine/displacement.hpp,221,225,89088b5ac6488c7e994c228fcaf32ecd8efd60b617c34d83a80e2347adee3c6f,
engine/displacement.hpp|devilution::DisplacementOf::flipXY(),devilution::DisplacementOf::flipXY,engine/displacement.hpp,227,231,5404d84aff91b4f8f00f0dd6373b247855fef0ea7740332ca4f14dba0aa608a9,
engine/displacement.hpp|devilution::DisplacementOf::fromDirection(Direction direction),devilution::DisplacementOf::fromDirection,engine/displacement.hpp,234,259,7296917db435329ff9709fbeb1b136a7c538a1c697c0c0f754a612c39805599a,
"engine/displacement.hpp|devilution::operator+(DisplacementOf<DisplacementDeltaT> a, DisplacementOf<OtherDisplacementDeltaT> b)",devilution::operator+,engine/displacement.hpp,276,281,b1469d56ffa919bf0f8af8abd3801881be29c50167517f536073145bf2f32d05,
"engine/displacement.hpp|devilution::operator-(DisplacementOf<DisplacementDeltaT> a, DisplacementOf<OtherDisplacementDeltaT> b)",devilution::operator-,engine/displacement.hpp,283,288,7dae3550a84a83c141164628efdc304734e3d2957a3a78f4df108882f109dd1c,
"engine/displacement.hpp|devilution::operator*(DisplacementOf<DisplacementDeltaT> a, const int factor)",devilution::operator*,engine/displacement.hpp,290,295,58bcc5cb5533a9e9f5373fab1fea68042826808a57ee2ebd717a4deb6c3ac1a3,
"engine/displacement.hpp|devilution::operator*(DisplacementOf<DisplacementDeltaT> a, const float factor)",devilution::operator*,engine/displacement.hpp,297,302,e6a46ff34da3588a4af8f8665870184b7d5d54242914af31754630dfc1a5ed9f,
"engine/displacement.hpp|devilution::operator*(DisplacementOf<DisplacementDeltaT> a, const DisplacementOf<DisplacementDeltaU> factor)",devilution::operator*,engine/displacement.hpp,304,309,9ae4a8e6198dc98f4dacbc999b3d1d3c4506f17b4420235def5ba0393050c260,
"engine/displacement.hpp|devilution::operator/(DisplacementOf<DisplacementDeltaT> a, const int factor)",devilution::operator/,engine/displacement.hpp,311,316,fa7098591478c8fbbff6eddc9141622e8c5ed621b378949bbac455934dfb889b,
"engine/displacement.hpp|devilution::operator/(DisplacementOf<DisplacementDeltaT> a, const float factor)",devilution::operator/,engine/displacement.hpp,318,323,e038be650a342ae3901455d13d6722266b1cd7d3194a5e9b813cfb393bfd79e0,
engine/displacement.hpp|devilution::operator-(DisplacementOf<DisplacementDeltaT> a),devilution::operator-,engine/displacement.hpp,325,329,aeed4cd3f35507cf2df520e617d1787703bb416ad377c2b98fc015d2f2824c61,
"engine/displacement.hpp|devilution::operator<<(DisplacementOf<DisplacementDeltaT> a, unsigned factor)",devilution::operator<<,engine/displacement.hpp,331,335,62cf1306d0616054c51a33c339a53e50afb561fe55b0f762775bb1d4806149f7,
"engine/displacement.hpp|devilution::operator>>(DisplacementOf<DisplacementDeltaT> a, unsigned factor)",devilution::operator>>,engine/displacement.hpp,337,341,b7013b536e83fd9bac715c53cd919c65f93060b685199277b5670ee00247506d,
engine/displacement.hpp|devilution::abs(DisplacementOf<DisplacementDeltaT> a),devilution::abs,engine/displacement.hpp,343,347,4b63bd43e98129cb0508d0b19b9e4e866b2f124a029b1e57b89d247292f00497,
engine/displacement.hpp|devilution::normalized(),devilution::normalized,engine/displacement.hpp,349,356,51b051baeaf80c579ae47ffe538c53d3757ab9c6b2d6b2d0d525f1f15f41c60b,
engine/dx.cpp|devilution::CanRenderDirectlyToOutputSurface(),devilution::CanRenderDirectlyToOutputSurface,engine/dx.cpp,52,66,a52f09b9a6dadfdd4bfa1e2ac4b76cdb75cbdd5ec83edf6a6e47177bc320d2a6,
engine/dx.cpp|devilution::LimitFrameRate(),devilution::LimitFrameRate,engine/dx.cpp,71,83,f15bba4d5054bb06ce6680a8d49315f222d21d1cfb5391dfd7146d030b7559d7,
engine/dx.cpp|devilution::dx_init(),devilution::dx_init,engine/dx.cpp,87,97,c14e44513bfb7319b52864288775971d0ce7935eb5cf94a479bd1991edfaae39,
engine/dx.cpp|devilution::GlobalBackBuffer(),devilution::GlobalBackBuffer,engine/dx.cpp,99,102,dcd027c150ad7b501725274260f530ebc56df59c7dcfcb03b66d24d263f1179c,
engine/dx.cpp|devilution::dx_cleanup(),devilution::dx_cleanup,engine/dx.cpp,104,121,5b318ed6f40e9bf6431898a443105bf215ae2809b4f9646b8e983e94b09962e0,
engine/dx.cpp|devilution::CreateBackBuffer(),devilution::CreateBackBuffer,engine/dx.cpp,123,148,b23b1f21b6d8f7cdd72f8cc7e06625c7efd3b62b2ad3ec952d920834c91122f9,
engine/dx.cpp|devilution::InitPalette(),devilution::InitPalette,engine/dx.cpp,150,153,2f66293c7fec898752b5e136770b2067c08d5a65e345381f87c9ca57b5bfef33,
"engine/dx.cpp|devilution::BltFast(SDL_Rect *srcRect, SDL_Rect *dstRect)",devilution::BltFast,engine/dx.cpp,155,160,4563b66b5ed1dee2973ea5bf6426194ccbfacb69bb11165b80c9eb33d4b11e2c,
"engine/dx.cpp|devilution::Blit(SDL_Surface *src, SDL_Rect *srcRect, SDL_Rect *dstRect)",devilution::Blit,engine/dx.cpp,162,213,346bfcf279c5e46c8b5d4d76ab31b281d4b9d90e2f84e11e3d0419b5ed7a599f,
engine/dx.cpp|devilution::RenderPresent(),devilution::RenderPresent,engine/dx.cpp,215,269,500bdac1f7c65a28e435d187f1e9ed6056e432dedc2c7708b1d255eab3d00b29,
"engine/dx.cpp|devilution::PaletteGetEntries(int dwNumEntries, SDL_Color *lpEntries)",devilution::PaletteGetEntries,engine/dx.cpp,271,276,1f41300791c146570da2426b95fdc0375708ab37b20e893cbf2b9d2f638f2e69,
"engine/events.cpp|devilution::FalseAvail(const char *name, int value)",devilution::FalseAvail,engine/events.cpp,33,37,1e3d98c6b7b943c9eb62aa07b8daa0a992b71b3ddd0c672dc573fe79e21304b5,
"engine/events.cpp|devilution::FetchMessage_Real(SDL_Event *event, uint16_t *modState)",devilution::FetchMessage_Real,engine/events.cpp,39,147,b7289996a57cb439ef94bc8ec25d5a7f56ff9612a4c94a8ea25f7fc21a69a8c7,
engine/events.cpp|devilution::SetEventHandler(EventHandler eventHandler),devilution::SetEventHandler,engine/events.cpp,153,160,d1209a4017ace6380d1631aa2364fa2eb6287c28fba65cc5ec6336816b2cf110,
"engine/events.cpp|devilution::FetchMessage(SDL_Event *event, uint16_t *modState)",devilution::FetchMessage,engine/events.cpp,162,170,4cb952427a3ccdc1e480d6b4faae53e55489f18a38a45c14786fc350fc9801e1,
"engine/events.cpp|devilution::HandleMessage(const SDL_Event &event, uint16_t modState)",devilution::HandleMessage,engine/events.cpp,172,177,927010ff49180fb18a3dd969bc45eb2207a30d417c5deeca03ae4c3ef4b9dc51,
"engine/load_cel.cpp|devilution::LoadCelListOrSheet(const char *pszName, PointerOrValue<uint16_t> widthOrWidths)",devilution::LoadCelListOrSheet,engine/load_cel.cpp,22,36,36e0a656f403bcff1350583b87e339ed45dee298a14c7f9e59703e7b7a43dff3,
"engine/load_cel.hpp|devilution::LoadCel(const char *pszName, uint16_t width)",devilution::LoadCel,engine/load_cel.hpp,18,21,f4540a5e5cc5f32b336218ee1339b0a8ffce177109e04411283149689fb6815b,
"engine/load_cel.hpp|devilution::LoadCel(const char *pszName, const uint16_t *widths)",devilution::LoadCel,engine/load_cel.hpp,23,26,7404db3506ca087575362f5baec458233d86937ac84479c2fa4420cabf7654e2,
"engine/load_cel.hpp|devilution::LoadCelSheet(const char *pszName, uint16_t width)",devilution::LoadCelSheet,engine/load_cel.hpp,28,31,d9c61e187c23de08288b9767909c4dfd9bf129e24b4a8c4e2bd4d2ed234a5f71,
"engine/load_cl2.cpp|devilution::LoadCl2ListOrSheet(const char *pszName, PointerOrValue<uint16_t> widthOrWidths)",devilution::LoadCl2ListOrSheet,engine/load_cl2.cpp,19,30,824be29a020b5caee54ce2a47915cf358cbd66223e42861ec86fb04e4f76deb7,
"engine/load_cl2.hpp|devilution::LoadMultipleCl2Sheet(tl::function_ref<const char *(size_t)> filenames, size_t count, uint16_t width)",devilution::LoadMultipleCl2Sheet,engine/load_cl2.hpp,29,71,9d4da74ec3d8512d86df0fa14d174d3abd2b8514e539a6148b29296e1202bc88,
"engine/load_cl2.hpp|devilution::LoadCl2(const char *pszName, uint16_t width)",devilution::LoadCl2,engine/load_cl2.hpp,73,76,deb9a086d8cb65eb7fd7bcf347fe96dc830d7347427f8266e85962053557df78,
"engine/load_cl2.hpp|devilution::LoadCl2(const char *pszName, const uint16_t *widths)",devilution::LoadCl2,engine/load_cl2.hpp,78,81,b33a67c7dcfc51247853f32bf6285e74b057202f42e75c2ef51095ec89d719ad,
"engine/load_cl2.hpp|devilution::LoadCl2Sheet(const char *pszName, uint16_t width)",devilution::LoadCl2Sheet,engine/load_cl2.hpp,83,86,1029ada44ef3e2add692269b67573172ff0bfcf8c112a58ba40431759210f2d4,
engine/load_clx.cpp|devilution::LoadOptionalClxListOrSheet(const char *path),devilution::LoadOptionalClxListOrSheet,engine/load_clx.cpp,16,29,639fba59fa48f7e7d6bd19cedb8bc5733096923a21a030e54b5869330703d21e,
engine/load_clx.cpp|devilution::LoadClxListOrSheet(const char *path),devilution::LoadClxListOrSheet,engine/load_clx.cpp,31,36,99990e7aaf2a75a4907a3dfd9a329c7dfb69434e185190626fc088a1afa6b101,
engine/load_clx.hpp|devilution::LoadClx(const char *path),devilution::LoadClx,engine/load_clx.hpp,9,12,01feabb0a648f469347eb548cf10141c85c26ac5f2723875483c2639815212b1,
engine/load_clx.hpp|devilution::LoadClxSheet(const char *path),devilution::LoadClxSheet,engine/load_clx.hpp,14,17,a55d34ce961c4f8d06b0ca14d229e4719e5b4719c13593aba1c69b4949f62bf1,
engine/load_clx.hpp|devilution::LoadOptionalClx(const char *path),devilution::LoadOptionalClx,engine/load_clx.hpp,21,27,4d94ff4c696f7a9056c115b9a1d935d10c88e547ab764b857f1f1b5aa81398ec,
"engine/load_file.hpp|devilution::LoadFileInMem(const char *path, T *data)",devilution::LoadFileInMem,engine/load_file.hpp,21,31,22e0e60fe847ebf3657af148220c6a3ab53fbcaa4080ea0399e3f6296f2b3a8f,
"engine/load_file.hpp|devilution::LoadFileInMem(const char *path, T *data, std::size_t count)",devilution::LoadFileInMem,engine/load_file.hpp,33,40,3d3fdcd4a6614d960b5ec48c1df1146cabd211ef1bf80c075df8c0588b60f71b,
"engine/load_file.hpp|devilution::LoadOptionalFileInMem(const char *path, T *data, std::size_t count)",devilution::LoadOptionalFileInMem,engine/load_file.hpp,42,47,ba646a7d2838dad8a7eedef231c524160aef4fdf3f0f89f700d0d486b9d85634,
"engine/load_file.hpp|devilution::LoadFileInMem(const char *path, std::array<T, N> &data)",devilution::LoadFileInMem,engine/load_file.hpp,49,53,6750e2db17908055943883b70d42bcc95aa8b68bb69f0c97f6203c390742f16a,
"engine/load_file.hpp|devilution::LoadFileInMem(const char *path, std::size_t *numRead = nullptr)",devilution::LoadFileInMem,engine/load_file.hpp,61,77,b7e1072e819c9250b882177493788255f943309599f587aaad81b8e13adbba98,
engine/load_file.hpp|devilution::MultiFileLoader::DefaultFilterFn::operator()(),devilution::MultiFileLoader::DefaultFilterFn::operator(),engine/load_file.hpp,87,90,b01d569280029148b325353167435b180bf863dae0cef2e923ad5717d7ec7fca,
engine/load_file.hpp|devilution::MultiFileLoader::operator()(),devilution::MultiFileLoader::operator(),engine/load_file.hpp,100,139,a7f47094d66fcc2258a63656dac3f804e90adb7a8bc3631ea5560c34051965ac,
"engine/load_pcx.cpp|devilution::LoadPcxSpriteList(const char *filename, int numFramesOrFrameHeight, std::optional<uint8_t> transparentColor, SDL_Color *outPalette, bool logError)",devilution::LoadPcxSpriteList,engine/load_pcx.cpp,34,76,9005b9b1efd84f8a1c2ce584d0425ee63a1ffb20d23b483e1f180756a4364add,0x1401052e0
"engine/load_pcx.hpp|devilution::LoadPcx(const char *filename, std::optional<uint8_t> transparentColor = std::nullopt, SDL_Color *outPalette = nullptr, bool logError = true)",devilution::LoadPcx,engine/load_pcx.hpp,37,40,cbd1ee0643361112c05e7a93542fb5cbedcb3df61f2d9ab98385cd2841587087,
engine/palette.cpp|devilution::LoadGamma(),devilution::LoadGamma,engine/palette.cpp,38,43,65d31e4e781d8195fce814b4593a5b61502512c988e166ae90c509fd5fcafa29,
"engine/palette.cpp|devilution::FindBestMatchForColor(std::array<SDL_Color, 256> &palette, SDL_Color color, int skipFrom, int skipTo)",devilution::FindBestMatchForColor,engine/palette.cpp,45,63,c26a1cf4bf0f6c5580a9870b8ba7e21d212bac7d7ab269cc52ac8007dd3073f2,
"engine/palette.cpp|devilution::GenerateBlendedLookupTable(std::array<SDL_Color, 256> &palette, int skipFrom, int skipTo, int toUpdate = 256)",devilution::GenerateBlendedLookupTable,engine/palette.cpp,78,111,4196b5e85491c786c8f2c71c5f056a26795e1847d831903494bfa0dec8de2a77,
"engine/palette.cpp|devilution::CycleColors(int from, int to)",devilution::CycleColors,engine/palette.cpp,118,127,34fadb223a20b4416466f0bab74656bf60491d87c12b14c49fb6ca6f5d893e77,
"engine/palette.cpp|devilution::CycleColorsReverse(int from, int to)",devilution::CycleColorsReverse,engine/palette.cpp,134,143,6b655b4ff51c05d1a53b22cf75bfbd7ee645ad719952033dfe14e61a6f7f58f8,
"engine/palette.cpp|devilution::palette_update(int first, int ncolor)",devilution::palette_update,engine/palette.cpp,147,157,5572fdbe9c852f33b15e7964b84d24cf581b916b30857dc809e1a69f66d44fcc,
"engine/palette.cpp|devilution::ApplyGamma(std::array<SDL_Color, 256> &dst, const std::array<SDL_Color, 256> &src, int n)",devilution::ApplyGamma,engine/palette.cpp,159,169,3f26087c54ab0bdfe14ec760226215eee8b56f323cf73c44e7e85f2d2a04f38b,
engine/palette.cpp|devilution::palette_init(),devilution::palette_init,engine/palette.cpp,171,176,a67a65dc120ceec2734b720e867159b9f8a70454a0dedff4f199172e4aeddc3c,
"engine/palette.cpp|devilution::LoadPalette(const char *pszFileName, bool blend)",devilution::LoadPalette,engine/palette.cpp,178,213,a42e6ad477635242f4e3888ab3417580e9eaf1d021a31ab849c40522adc3ebbd,0x140106b10
engine/palette.cpp|devilution::LoadRndLvlPal(dungeon_type l),devilution::LoadRndLvlPal,engine/palette.cpp,215,241,63a0d3c6425d137f705ab71a095b0d587b394e761177451393c27f33893f2820,0x140106c40
engine/palette.cpp|devilution::IncreaseGamma(),devilution::IncreaseGamma,engine/palette.cpp,243,251,2c5e5512d1c74043ce95d648347f0cdd800b33416ddee8bde9e58cf78c9bb7fe,
engine/palette.cpp|devilution::DecreaseGamma(),devilution::DecreaseGamma,engine/palette.cpp,253,261,a7cce553c06bf407ca52662c3c03ae48b8405729e7bf2e16c9553dfec86de4c7,
engine/palette.cpp|devilution::UpdateGamma(int gamma),devilution::UpdateGamma,engine/palette.cpp,263,271,78660f0b1a284cedcc379969f7288dfb666141ccb02b1f95e47f848efe784451,
"engine/palette.cpp|devilution::SetFadeLevel(int fadeval, bool updateHardwareCursor)",devilution::SetFadeLevel,engine/palette.cpp,273,287,154ca80386ffc5316a933e08da7ff5923524aa4a8c0f4431703e91705bea0e2b,
engine/palette.cpp|devilution::BlackPalette(),devilution::BlackPalette,engine/palette.cpp,289,295,d232021b68917af6d64116e6bf9ede0620a06ffb92471e444a3ba35ceefc5c32,
engine/palette.cpp|devilution::PaletteFadeIn(int fr),devilution::PaletteFadeIn,engine/palette.cpp,297,329,515c2f45ae6093c4aecda60e9959a5ab54d4ac1acf458ebec7f39bcdcf1ceff2,
engine/palette.cpp|devilution::PaletteFadeOut(int fr),devilution::PaletteFadeOut,engine/palette.cpp,331,358,7a575fc25575599bb38ca54190d98e6fd58bd0a367e9ea0612b934e85d2fc46e,
engine/palette.cpp|devilution::palette_update_caves(),devilution::palette_update_caves,engine/palette.cpp,360,364,a931e2e9b04c57543c92cb3e937555e38e485310abacb15c370cc8050f42bea4,
engine/palette.cpp|devilution::palette_update_crypt(),devilution::palette_update_crypt,engine/palette.cpp,370,382,78f9513bbac14b50f0517d043e3b9cd4e5712f576c3c7c2eb60cd0e2a5341efd,
engine/palette.cpp|devilution::palette_update_hive(),devilution::palette_update_hive,engine/palette.cpp,388,401,77ff695dcd5486ac7413abef060c4d5d2a07022f583f506702369e5ddf5417de,
engine/palette.cpp|devilution::palette_update_quest_palette(int n),devilution::palette_update_quest_palette,engine/palette.cpp,403,422,a8841a3bbd8516d8df0963f86aa6d8fd0ddab8eea3f3fa1bd7390d6c7b8cc653,
engine/path.cpp|devilution::PathNode::position(),devilution::PathNode::position,engine/path.cpp,35,38,4f76dccae5c302b3869858a1a5d5432cbede6f1294d85359ec869f56955f88da,
engine/path.cpp|devilution::PathNode::addChild(uint16_t childIndex),devilution::PathNode::addChild,engine/path.cpp,40,49,d11bd5731c1599e1e284f5dbef7c28af9c4da28ebd7a926c719866fa0adf6884,
engine/path.cpp|devilution::GetNode1(Point targetPosition),devilution::GetNode1,engine/path.cpp,60,69,0d083a53f25389cc3287b916348d300def64e5a0b44c0d7b0f756a067be2e0a2,
engine/path.cpp|devilution::NextNode(uint16_t front),devilution::NextNode,engine/path.cpp,74,90,1c561b11ab356eea1aa969ba548565b4636fceb52094428f9f915cb5514c7ec2,
engine/path.cpp|devilution::GetNode2(Point targetPosition),devilution::GetNode2,engine/path.cpp,98,107,ed7aa80f1770b6cbc46c105015de6ba84c9afbee0d6bbdd07d231cb8e0a4c24c,
engine/path.cpp|devilution::GetNextPath(),devilution::GetNextPath,engine/path.cpp,112,123,91ec56f98f8851542d025e4ab02bcd90fb3f1195c263003324fa21ac5df93acd,
engine/path.cpp|devilution::NewStep(),devilution::NewStep,engine/path.cpp,130,137,626070134c9db560b746bdf22a74885169c586d4da08519017b93fd91ba39277,
engine/path.cpp|devilution::PushActiveStep(uint16_t pPath),devilution::PushActiveStep,engine/path.cpp,146,151,e95c33ede46d8cc2509620622ab57195005c003bc6ed7234a12225a5bbd13ef7,
engine/path.cpp|devilution::PopActiveStep(),devilution::PopActiveStep,engine/path.cpp,156,160,b2075e061b0cbad0281a416e6513f49d995f7a22b4fa2b25f944cf468c2dd287,
"engine/path.cpp|devilution::CheckEqual(Point startPosition, Point destinationPosition)",devilution::CheckEqual,engine/path.cpp,169,175,6ceb4d64789763fb5fcbd1dda9cefdc1ca2f414bee31e56c78e82fb21402e1df,
engine/path.cpp|devilution::SetCoords(uint16_t pPath),devilution::SetCoords,engine/path.cpp,180,202,298c1b63626602db4070abfdde1d3639278426d641f6dd082de74d2dc7ce4489,
"engine/path.cpp|devilution::GetPathDirection(Point startPosition, Point destinationPosition)",devilution::GetPathDirection,engine/path.cpp,215,219,f3a916be52eea88ad990ef38b24119258fc8f84bb7464b04622567db3df90061,
"engine/path.cpp|devilution::GetHeuristicCost(Point startPosition, Point destinationPosition)",devilution::GetHeuristicCost,engine/path.cpp,224,228,56171f2acce82a8f027309b04d84d66d07e48d82141d3cc81e49d9a8e95f3193,
"engine/path.cpp|devilution::ParentPath(uint16_t pathIndex, Point candidatePosition, Point destinationPosition)",devilution::ParentPath,engine/path.cpp,238,289,f42bd03e5493d4d39dbc78975e0b7eea2ef315facdea3e821b35648bd6fd3c7f,
"engine/path.cpp|devilution::GetPath(tl::function_ref<bool(Point)> posOk, uint16_t pathIndex, Point destination)",devilution::GetPath,engine/path.cpp,296,309,7e65bc874be4b8485e05db88c299d6c1558d34273cbf43411c31fa4b034b7600,
engine/path.cpp|devilution::IsTileNotSolid(Point position),devilution::IsTileNotSolid,engine/path.cpp,313,320,15a262f43bec248f48980bad4407c7bda3cf65981523f5e263ac072e606e8442,
engine/path.cpp|devilution::IsTileSolid(Point position),devilution::IsTileSolid,engine/path.cpp,322,329,f1b343e3cd40a9efa1a846d5b138b96985bed8c2523e5d2e8d8d7034b3532e1a,
"engine/path.cpp|devilution::IsTileWalkable(Point position, bool ignoreDoors)",devilution::IsTileWalkable,engine/path.cpp,331,344,445fe4310cf3f139da285c23bf58b1a40a171f3b832aeb02a1c8415ec380f56d,
engine/path.cpp|devilution::IsTileOccupied(Point position),devilution::IsTileOccupied,engine/path.cpp,346,366,e019d879878643cd0ff11bd5a37a5ca8b4c308e3bd7b75221979ab8a62229556,
"engine/path.cpp|devilution::FindPath(tl::function_ref<bool(Point)> posOk, Point startPosition, Point destinationPosition, int8_t path[MaxPathLength])",devilution::FindPath,engine/path.cpp,368,416,d729b135b34ee8d27f2fb1f3b1e89c337797952e5ed20388395f6a963aee80fc,
"engine/path.cpp|devilution::path_solid_pieces(Point startPosition, Point destinationPosition)",devilution::path_solid_pieces,engine/path.cpp,418,438,c562cee6aad8b5df9fdcdae4b8e6d30898ad4478f722a61d87460b028ebb1249,
"engine/path.cpp|devilution::FindClosestValidPosition(tl::function_ref<bool(Point)> posOk, Point startingPosition, unsigned int minimumRadius, unsigned int maximumRadius)",devilution::FindClosestValidPosition,engine/path.cpp,440,448,83bcb1ade0a475c05df8b668d61ce194d4fc19bc1b8d2cc4d5232902cd43baaf,
engine/point.hpp|devilution::PointOf::PointOf(PointOf<PointCoordT> other),devilution::PointOf::PointOf,engine/point.hpp,31,36,dd71085a2249c7db8b593e954d4e452a9465ee343dfb4c8665aff5699fd531e1,
"engine/point.hpp|devilution::PointOf::PointOf(CoordT x, CoordT y)",devilution::PointOf::PointOf,engine/point.hpp,38,42,a0ae070640cfd8de79bdc86fb9fcfe9e29b4afa245cd05550fac8d2060a47c9a,
engine/point.hpp|devilution::PointOf::operator==(const PointOf<PointCoordT> &other),devilution::PointOf::operator==,engine/point.hpp,44,48,b70593b493cae32ed056e6070ce02ce21ac564e953139d89ae008516d43a6158,
engine/point.hpp|devilution::PointOf::operator!=(const PointOf<PointCoordT> &other),devilution::PointOf::operator!=,engine/point.hpp,50,54,ab008535e09b191dd17386a14afceaf5a394d0282d31bfd5dbed1f791708b555,
engine/point.hpp|devilution::PointOf::operator+=(const DisplacementOf<DisplacementDeltaT> &displacement),devilution::PointOf::operator+=,engine/point.hpp,56,62,80abd8e618b65b2fa584d6c8c3b2f592455d0db3d04736754c35e52d4293b666,
engine/point.hpp|devilution::PointOf::operator+=(Direction direction),devilution::PointOf::operator+=,engine/point.hpp,64,67,bb1fbc6280f6eafe78e039dbbac340fa1e65e2491dfe39f430e13056fb2128fa,
engine/point.hpp|devilution::PointOf::operator-=(const DisplacementOf<DisplacementDeltaT> &displacement),devilution::PointOf::operator-=,engine/point.hpp,69,75,27c5e6bee1958a550899d140cb2ae587b54071b62d14a77c6ef00c91ba914ccb,
engine/point.hpp|devilution::PointOf::operator*=(const float factor),devilution::PointOf::operator*=,engine/point.hpp,77,82,fdacf9ea79a418a13efe2327b54b4c47131b206d738829feaf71f34ec2494e62,
engine/point.hpp|devilution::PointOf::operator*=(const int factor),devilution::PointOf::operator*=,engine/point.hpp,84,89,cb92f397489f7fff3f63fac0b07e25ff827b9158f20b776c25ea8f2a7ef3c2e2,
engine/point.hpp|devilution::PointOf::operator-(),devilution::PointOf::operator-,engine/point.hpp,91,95,7a2cd2728c641da639c200b46af64ccf503291cba3a0814d23a288dab7bb1d8d,
engine/point.hpp|devilution::PointOf::ApproxDistance(PointOf<PointCoordT> other),devilution::PointOf::ApproxDistance,engine/point.hpp,103,116,f777b4be4799bcadd370a4fc798eceb99f4f56aaae29de82b468be4398d1bdfd,
engine/point.hpp|devilution::PointOf::ExactDistance(PointOf<PointCoordT> other),devilution::PointOf::ExactDistance,engine/point.hpp,125,132,de1a020afb75a762c8f330912380bc5d5d9d8e43e8392cbe0d58fdc9d2e09652,
engine/point.hpp|devilution::PointOf::ManhattanDistance(PointOf<PointCoordT> other),devilution::PointOf::ManhattanDistance,engine/point.hpp,134,139,9253a10ac9bbc793e59bd9e576092ef2cc5d70b92df2663ef5032eb36cdee3ec,
engine/point.hpp|devilution::PointOf::WalkingDistance(PointOf<PointCoordT> other),devilution::PointOf::WalkingDistance,engine/point.hpp,141,147,25bdfd678dbf3caec574af7a745fa1f9f46f2cf56ccc146f7db941a60c54ebd1,
engine/point.hpp|devilution::PointOf::megaToWorld(),devilution::PointOf::megaToWorld,engine/point.hpp,152,155,00295e45ac2da05168587bff5946d1207fe83ba8744c2b61d4504c2d79cbca21,
engine/point.hpp|devilution::PointOf::worldToMega(),devilution::PointOf::worldToMega,engine/point.hpp,160,163,240da08b359cc50bc0ecdda43488b0ed466bea6e982c6b3e927cee21768aa9ce,
"engine/point.hpp|devilution::operator+(PointOf<PointCoordT> a, DisplacementOf<DisplacementDeltaT> displacement)",devilution::operator+,engine/point.hpp,180,185,1acf6b891aa0eca315c1d9b2aef7ff736716fc63925cd7e94b589b14d9f29c0d,
"engine/point.hpp|devilution::operator+(PointOf<PointCoordT> a, Direction direction)",devilution::operator+,engine/point.hpp,187,192,b48953a9369881fdb22f76d4ef30bcb3ee0ba233d42b1b83479c7bc69499c5cf,
"engine/point.hpp|devilution::operator-(PointOf<PointCoordT> a, PointOf<OtherPointCoordT> b)",devilution::operator-,engine/point.hpp,194,199,508a1ecf4dfdb44b3be9ee976852e8b829749dec554f4c2e3d8af2a59cb67264,
"engine/point.hpp|devilution::operator-(PointOf<PointCoordT> a, DisplacementOf<DisplacementDeltaT> displacement)",devilution::operator-,engine/point.hpp,201,206,016333a57ead94158a6a0612b026dee0184017482a7f98a1019e3f44bdc6386f,
"engine/point.hpp|devilution::operator*(PointOf<PointCoordT> a, const float factor)",devilution::operator*,engine/point.hpp,208,213,fc195c899b390f8d8d4ecc1fa60a62e5806f1dca869f0b63182fdf5a3f5193df,
"engine/point.hpp|devilution::operator*(PointOf<PointCoordT> a, const int factor)",devilution::operator*,engine/point.hpp,215,220,3cb9869d717e5b1a4de5c626e10568b5f64db1ae83d76c5d33d3f3ea2ed4c766,
engine/point.hpp|devilution::abs(PointOf<PointCoordT> a),devilution::abs,engine/point.hpp,222,226,fe2bb244f1af2f3daea1525af21db13b0aa026da54871615d2ec49f58b147953,
"engine/points_in_rectangle_range.hpp|devilution::PointsInRectangleIteratorBase::PointsInRectangleIteratorBase(PointOf<CoordT> origin, int majorDimension, int majorIndex, int minorIndex)",devilution::PointsInRectangleIteratorBase::PointsInRectangleIteratorBase,engine/points_in_rectangle_range.hpp,20,26,d33ded3b756bc8ac0233f40e80fd1461d7625664a4c97d7af5b2d70b9688c9d9,
"engine/points_in_rectangle_range.hpp|devilution::PointsInRectangleIteratorBase::PointsInRectangleIteratorBase(PointOf<CoordT> origin, int majorDimension, int index = 0)",devilution::PointsInRectangleIteratorBase::PointsInRectangleIteratorBase,engine/points_in_rectangle_range.hpp,28,31,1f8a57177747ac5ad0ae0369e9c24bab40d452ac2fcc130f2202501060672756,
engine/points_in_rectangle_range.hpp|devilution::PointsInRectangleIteratorBase::Increment(),devilution::PointsInRectangleIteratorBase::Increment,engine/points_in_rectangle_range.hpp,33,40,7adb601ebe7649fcbefa737368f9b307daed6fdf0c057652dccf1f3b9369ff81,
engine/points_in_rectangle_range.hpp|devilution::PointsInRectangleIteratorBase::Decrement(),devilution::PointsInRectangleIteratorBase::Decrement,engine/points_in_rectangle_range.hpp,42,49,787b65cb58faff88f17d8487ad239b7614f0eef6dff9826313c41c77fead13f3,
engine/points_in_rectangle_range.hpp|devilution::PointsInRectangleIteratorBase::Offset(difference_type delta),devilution::PointsInRectangleIteratorBase::Offset,engine/points_in_rectangle_range.hpp,51,59,4670cb035c81efdf9738c110524138de2a2185c42a4c1a17d0a185c396912e50,
engine/points_in_rectangle_range.hpp|devilution::PointsInRectangleRange::PointsInRectangleRange(RectangleOf<CoordT> region),devilution::PointsInRectangleRange::PointsInRectangleRange,engine/points_in_rectangle_range.hpp,191,194,e1566713e3c6f5b36e2e2b12409d818e60a5de5f2248700ee3792018c56e92f0,
engine/points_in_rectangle_range.hpp|devilution::PointsInRectangleRange::cbegin(),devilution::PointsInRectangleRange::cbegin,engine/points_in_rectangle_range.hpp,196,199,18181210c57c7edea2b73ffd3bc825a6461f28b6541534e1e8e192269a890e56,
engine/points_in_rectangle_range.hpp|devilution::PointsInRectangleRange::begin(),devilution::PointsInRectangleRange::begin,engine/points_in_rectangle_range.hpp,201,204,685cc173bb0ba65cfff047d2f95781c2ef2ed3315d77c426fb697b9efa105333,
engine/points_in_rectangle_range.hpp|devilution::PointsInRectangleRange::cend(),devilution::PointsInRectangleRange::cend,engine/points_in_rectangle_range.hpp,206,209,23c01165f5facde575f2d1f409c33a499a049b9a0092e0c5bcd605fbac12dd87,
engine/points_in_rectangle_range.hpp|devilution::PointsInRectangleRange::end(),devilution::PointsInRectangleRange::end,engine/points_in_rectangle_range.hpp,211,214,e424210a8950f91e53e8b328547e4d7a65f45163d175991767c0f723543c8736,
engine/points_in_rectangle_range.hpp|devilution::PointsInRectangleRange::crbegin(),devilution::PointsInRectangleRange::crbegin,engine/points_in_rectangle_range.hpp,216,220,12ba71ecf27dc2b3a92b1ebb133a38852d795694fbc220e339eb4fb1c64dd0b4,
engine/points_in_rectangle_range.hpp|devilution::PointsInRectangleRange::rbegin(),devilution::PointsInRectangleRange::rbegin,engine/points_in_rectangle_range.hpp,222,225,95415a5085af5f88856e9aafe907c099ba4788dbb96f1aa2128df96f63785e0f,
engine/points_in_rectangle_range.hpp|devilution::PointsInRectangleRange::crend(),devilution::PointsInRectangleRange::crend,engine/points_in_rectangle_range.hpp,227,231,d230b35376e29569600e37f88db52061319310047f8d81b59c889dfd88cac59b,
engine/points_in_rectangle_range.hpp|devilution::PointsInRectangleRange::rend(),devilution::PointsInRectangleRange::rend,engine/points_in_rectangle_range.hpp,233,236,81b7eb98139da86a14c135fc7aa82cf8d0534b02c4e5079ef56917b6f306eff3,
engine/points_in_rectangle_range.hpp|devilution::PointsInRectangle(RectangleOf<CoordT> region),devilution::PointsInRectangle,engine/points_in_rectangle_range.hpp,242,246,ed4ab47867e3b0a38a4b1abe541f67ecbcf0bed8306092d5b4b3ac7b342b8479,
engine/points_in_rectangle_range.hpp|devilution::PointsInRectangleColMajorRange::PointsInRectangleColMajorRange(RectangleOf<CoordT> region),devilution::PointsInRectangleColMajorRange::PointsInRectangleColMajorRange,engine/points_in_rectangle_range.hpp,371,374,5eeca2ced96810535f3e2b0a3746e35168ba814cfbd622029c57014d577b91ad,
engine/points_in_rectangle_range.hpp|devilution::PointsInRectangleColMajorRange::cbegin(),devilution::PointsInRectangleColMajorRange::cbegin,engine/points_in_rectangle_range.hpp,376,379,18181210c57c7edea2b73ffd3bc825a6461f28b6541534e1e8e192269a890e56,
engine/points_in_rectangle_range.hpp|devilution::PointsInRectangleColMajorRange::begin(),devilution::PointsInRectangleColMajorRange::begin,engine/points_in_rectangle_range.hpp,381,384,685cc173bb0ba65cfff047d2f95781c2ef2ed3315d77c426fb697b9efa105333,
engine/points_in_rectangle_range.hpp|devilution::PointsInRectangleColMajorRange::cend(),devilution::PointsInRectangleColMajorRange::cend,engine/points_in_rectangle_range.hpp,386,389,23c01165f5facde575f2d1f409c33a499a049b9a0092e0c5bcd605fbac12dd87,
engine/points_in_rectangle_range.hpp|devilution::PointsInRectangleColMajorRange::end(),devilution::PointsInRectangleColMajorRange::end,engine/points_in_rectangle_range.hpp,391,394,e424210a8950f91e53e8b328547e4d7a65f45163d175991767c0f723543c8736,
engine/points_in_rectangle_range.hpp|devilution::PointsInRectangleColMajorRange::crbegin(),devilution::PointsInRectangleColMajorRange::crbegin,engine/points_in_rectangle_range.hpp,396,400,12ba71ecf27dc2b3a92b1ebb133a38852d795694fbc220e339eb4fb1c64dd0b4,
engine/points_in_rectangle_range.hpp|devilution::PointsInRectangleColMajorRange::rbegin(),devilution::PointsInRectangleColMajorRange::rbegin,engine/points_in_rectangle_range.hpp,402,405,95415a5085af5f88856e9aafe907c099ba4788dbb96f1aa2128df96f63785e0f,
engine/points_in_rectangle_range.hpp|devilution::PointsInRectangleColMajorRange::crend(),devilution::PointsInRectangleColMajorRange::crend,engine/points_in_rectangle_range.hpp,407,411,d230b35376e29569600e37f88db52061319310047f8d81b59c889dfd88cac59b,
engine/points_in_rectangle_range.hpp|devilution::PointsInRectangleColMajorRange::rend(),devilution::PointsInRectangleColMajorRange::rend,engine/points_in_rectangle_range.hpp,413,416,81b7eb98139da86a14c135fc7aa82cf8d0534b02c4e5079ef56917b6f306eff3,
engine/points_in_rectangle_range.hpp|devilution::PointsInRectangleColMajor(RectangleOf<CoordT> region),devilution::PointsInRectangleColMajor,engine/points_in_rectangle_range.hpp,422,426,3d59c1f602b380339fd1a5755ef3ce8e60139e26ed57afdf7593704b657c8d83,
engine/random.cpp|devilution::SetRndSeed(uint32_t seed),devilution::SetRndSeed,engine/random.cpp,17,21,48feb7817cafa443c8daa84b42a5452344513f99c0bac9de5ee8f9ff6a933f37,
engine/random.cpp|devilution::GetLCGEngineState(),devilution::GetLCGEngineState,engine/random.cpp,23,26,076c78e15b368f8a4cf1f62a22846fccd4621c6bf2359841f93e4a18261c3b80,
engine/random.cpp|devilution::DiscardRandomValues(unsigned count),devilution::DiscardRandomValues,engine/random.cpp,28,34,cabb0c5707c89835075ef762f994110f0ed5ded012c1282b5f518e93ce5d47c6,
engine/random.cpp|devilution::GenerateSeed(),devilution::GenerateSeed,engine/random.cpp,36,40,a42ac6140f0f08eec7f374309e226d670867b28e141c055546f6cfd134ba0ef9,
engine/random.cpp|devilution::AdvanceRndSeed(),devilution::AdvanceRndSeed,engine/random.cpp,42,47,8d1c2bb9b00a096cb72c23cd0c0fe8efb7f2a197cb025786b58c12b71f48a893,
engine/random.cpp|devilution::GenerateRnd(int32_t v),devilution::GenerateRnd,engine/random.cpp,49,56,742ae1250e17cc581a250047b4e6261ec4bc1a7dd9da17578c62f0aa6d9341ad,
engine/random.cpp|devilution::FlipCoin(unsigned frequency),devilution::FlipCoin,engine/random.cpp,58,62,1cbdec0708ff523babe8bc3dc53d4ae2ce103e4c66225c5b53ccd60c02d0cba8,
engine/random.hpp|devilution::PickRandomlyAmong(const std::initializer_list<T> &values),devilution::PickRandomlyAmong,engine/random.hpp,92,98,89a45c22bd1eda68ec54da83fb91ed28ba426fbd8c0b520f465b002a416475e1,
engine/random.hpp|devilution::RandomIntLessThan(int32_t v),devilution::RandomIntLessThan,engine/random.hpp,107,110,012aa2e5e5a3222d414535fe0c546e5831ece7daa856e18b34058e0b85bd7c2f,
"engine/random.hpp|devilution::RandomIntBetween(int32_t min, int32_t max, bool halfOpen = false)",devilution::RandomIntBetween,engine/random.hpp,119,122,376ccdfc7358866b9c729a7900500dc471d59d6ff674a532a7afa103819c2bc2,
"engine/rectangle.hpp|devilution::RectangleOf::RectangleOf(PointOf<CoordT> position, SizeOf<SizeT> size)",devilution::RectangleOf::RectangleOf,engine/rectangle.hpp,15,19,8eeed01e0497d399c5823558e5647380c67b570c420d012e027adbdb4ebd50ba,
"engine/rectangle.hpp|devilution::RectangleOf::RectangleOf(PointOf<CoordT> center, SizeT radius)",devilution::RectangleOf::RectangleOf,engine/rectangle.hpp,29,33,05994d3613283032d302b275c2a98bb489b13d8d45655696f567a6d3ab73433a,
engine/rectangle.hpp|devilution::RectangleOf::contains(PointOf<PointCoordT> point),devilution::RectangleOf::contains,engine/rectangle.hpp,39,43,004066ea0158f4c6e2a8a2dbcc53713007ca18ea8a9e394e8b5e400bcab9acd4,
"engine/rectangle.hpp|devilution::RectangleOf::contains(T x, T y)",devilution::RectangleOf::contains,engine/rectangle.hpp,45,52,6db56d92db58b2b9133a1ae5657cbdca3e7e664b83aafab5c9e402410e49cd67,
engine/rectangle.hpp|devilution::RectangleOf::Center(),devilution::RectangleOf::Center,engine/rectangle.hpp,57,60,7f9ebdaa8b3ed3834ef59810b5a8a4149b9c46af73c7f089cd2f005bf31c0a58,
engine/rectangle.hpp|devilution::RectangleOf::inset(DisplacementOf<SizeT> factor),devilution::RectangleOf::inset,engine/rectangle.hpp,67,73,67fc783ef3110208e5dd2054ca9a2d13467201d5ff865691bb41afec234ae7df,
"engine/render/automap_render.cpp|devilution::DrawMapLine(const Surface &out, Point from, int height, std::uint8_t colorIndex)",devilution::DrawMapLine,engine/render/automap_render.cpp,23,37,0d6a88ffc6f45eb95a0720a503a1fe5968613d637615836eb2c23757b7a30f85,
"engine/render/automap_render.cpp|devilution::DrawMapLineSteep(const Surface &out, Point from, int width, std::uint8_t colorIndex)",devilution::DrawMapLineSteep,engine/render/automap_render.cpp,39,53,3eb10301afe75d4664609ba6b18d0e441b4afe0767e08c31a74631feb1abf1d7,
"engine/render/automap_render.cpp|devilution::DrawMapLineNE(const Surface &out, Point from, int height, std::uint8_t colorIndex)",devilution::DrawMapLineNE,engine/render/automap_render.cpp,57,60,3203953f8ceee57eb4b8bef191898460a42b9c3ce7b2674b10c29407c430a4f4,
"engine/render/automap_render.cpp|devilution::DrawMapLineSE(const Surface &out, Point from, int height, std::uint8_t colorIndex)",devilution::DrawMapLineSE,engine/render/automap_render.cpp,62,65,de9f21fd46e01e051d75f0df3b58f43f3d06b7928082948f7d053653418a64ec,
"engine/render/automap_render.cpp|devilution::DrawMapLineNW(const Surface &out, Point from, int height, std::uint8_t colorIndex)",devilution::DrawMapLineNW,engine/render/automap_render.cpp,67,70,0a052ef0ab8b5504e31697b830c8f7af98617d799999cfd183d1af32bc3cc332,
"engine/render/automap_render.cpp|devilution::DrawMapLineSW(const Surface &out, Point from, int height, std::uint8_t colorIndex)",devilution::DrawMapLineSW,engine/render/automap_render.cpp,72,75,db94c72384868592a2392230f3f1d08d650b902951cdd97829cc41ba3f1a18b3,
"engine/render/automap_render.cpp|devilution::DrawMapLineSteepNE(const Surface &out, Point from, int width, std::uint8_t colorIndex)",devilution::DrawMapLineSteepNE,engine/render/automap_render.cpp,77,80,3f1b840698f2714f89851fc8c9caa455c683250df15203f0b3482c92b7ff7676,
"engine/render/automap_render.cpp|devilution::DrawMapLineSteepSE(const Surface &out, Point from, int width, std::uint8_t colorIndex)",devilution::DrawMapLineSteepSE,engine/render/automap_render.cpp,82,85,ca1216b6c4c4c330461cbc565e1fc3bdf69a066926d32139c67170388e689e48,
"engine/render/automap_render.cpp|devilution::DrawMapLineSteepNW(const Surface &out, Point from, int width, std::uint8_t colorIndex)",devilution::DrawMapLineSteepNW,engine/render/automap_render.cpp,87,90,234725617e88d34064fd24d105fe3fd392c62a7a35b7065ea72f1c0cab5ab04d,
"engine/render/automap_render.cpp|devilution::DrawMapLineSteepSW(const Surface &out, Point from, int width, std::uint8_t colorIndex)",devilution::DrawMapLineSteepSW,engine/render/automap_render.cpp,92,95,504457cd94327e2422d05eadeae4448ec3eac87a032dfd3d073ea71c2acff87d,
"engine/render/blit_impl.hpp|devilution::BlitFillDirect(uint8_t *dst, unsigned length, uint8_t color)",devilution::BlitFillDirect,engine/render/blit_impl.hpp,24,27,f3f87e456e09738746537360c4e2052f5c470124cfb1ede2131e9d2bfc3947c7,
"engine/render/blit_impl.hpp|devilution::BlitPixelsDirect(uint8_t *DVL_RESTRICT dst, const uint8_t *DVL_RESTRICT src, unsigned length)",devilution::BlitPixelsDirect,engine/render/blit_impl.hpp,29,32,76426da1289c0e54b539fb85982a1c87394bf64a78f66eab7cb5958da482c2d4,
engine/render/blit_impl.hpp|devilution::BlitDirect::operator()(),devilution::BlitDirect::operator(),engine/render/blit_impl.hpp,35,47,8504a2b0e741c35b4f4e68199cfec9f3cf386892ac3807214b13e8607887a752,
"engine/render/blit_impl.hpp|devilution::BlitFillWithMap(uint8_t *dst, unsigned length, uint8_t color, const uint8_t *DVL_RESTRICT colorMap)",devilution::BlitFillWithMap,engine/render/blit_impl.hpp,50,54,b87f9cc40632e2a1c858e0b718de384bab79c2bdaa9113351cf3245dfbedc0c6,
"engine/render/blit_impl.hpp|devilution::BlitPixelsWithMap(uint8_t *DVL_RESTRICT dst, const uint8_t *DVL_RESTRICT src, unsigned length, const uint8_t *DVL_RESTRICT colorMap)",devilution::BlitPixelsWithMap,engine/render/blit_impl.hpp,56,69,d7fa37f3e2d78ef93fc436d536c97d8e62aabdb0f9af7eaa4508de1ea3d8e30c,
"engine/render/blit_impl.hpp|devilution::BlitFillBlended(uint8_t *dst, unsigned length, uint8_t color)",devilution::BlitFillBlended,engine/render/blit_impl.hpp,71,90,bc741773d774b4cc9984e787c80e6f47cefbaed79df97ab02f8786ab3f6318ab,
"engine/render/blit_impl.hpp|devilution::BlitPixelsBlended(uint8_t *DVL_RESTRICT dst, const uint8_t *DVL_RESTRICT src, unsigned length)",devilution::BlitPixelsBlended,engine/render/blit_impl.hpp,92,110,549827e1cb5000aa1dc20040fdbb82ab82cad33994993aeae7e3e2c5a5f56733,
engine/render/blit_impl.hpp|devilution::BlitWithMap::operator()(),devilution::BlitWithMap::operator(),engine/render/blit_impl.hpp,115,127,8bd3e09a27c2099c769ceca44f58ffaf45bd6a620fda4ef9c4780a2745ea4a43,
"engine/render/blit_impl.hpp|devilution::BlitPixelsBlendedWithMap(uint8_t *DVL_RESTRICT dst, const uint8_t *DVL_RESTRICT src, unsigned length, const uint8_t *DVL_RESTRICT colorMap)",devilution::BlitPixelsBlendedWithMap,engine/render/blit_impl.hpp,130,148,9af9bf4fb9c38524ae8c4c25adf72c681114c5bc7566e8b1e2cac723a3b1328b,
engine/render/blit_impl.hpp|devilution::BlitBlendedWithMap::operator()(),devilution::BlitBlendedWithMap::operator(),engine/render/blit_impl.hpp,153,165,401d3cbc576078b265ad85343c3be126ae949ecf1877af186b711bdf20493438,
"engine/render/clx_render.cpp|devilution::CalculateClipX(int_fast16_t x, std::size_t w, const Surface &out)",devilution::CalculateClipX,engine/render/clx_render.cpp,39,46,ae7f0b8e1708ed95497e776d00358d6d3b66ee4ba5389447e81e700dfa03b18d,
"engine/render/clx_render.cpp|devilution::GetSkipSize(int_fast16_t remainingWidth, int_fast16_t srcWidth)",devilution::GetSkipSize,engine/render/clx_render.cpp,60,72,3460f19a6bfbaa382d3fd46d467dc28f3657239d5b1b430ded7f4210eb1be22b,
"engine/render/clx_render.cpp|devilution::SkipRestOfLineWithOverrun(const uint8_t *src, int_fast16_t srcWidth, SkipSize &skipSize)",devilution::SkipRestOfLineWithOverrun,engine/render/clx_render.cpp,74,85,b1322d4557057e98b59e0a8d24e5e9448eef53b8a2cb3b8e146b686d85903693,
"engine/render/clx_render.cpp|devilution::SkipLinesForRenderBackwardsWithOverrun(Point &position, RenderSrc &src, int_fast16_t dstHeight)",devilution::SkipLinesForRenderBackwardsWithOverrun,engine/render/clx_render.cpp,88,98,5aca13847b344477916711b03a73de19b6417da125807c06d6a37f991f09f17a,
"engine/render/clx_render.cpp|devilution::DoRenderBackwardsClipY(const Surface &out, Point position, RenderSrc src, BlitFn &&blitFn)",devilution::DoRenderBackwardsClipY,engine/render/clx_render.cpp,100,127,3fc2d8647ea872778a4acf2e6f6ab043e962157d7b3e3e4efe978709558371d0,
"engine/render/clx_render.cpp|devilution::DoRenderBackwardsClipXY(const Surface &out, Point position, RenderSrc src, ClipX clipX, BlitFn &&blitFn)",devilution::DoRenderBackwardsClipXY,engine/render/clx_render.cpp,129,190,848c369ced9f234cf9da79165e7d906d2ef0ad5ef032c370b930a67060c93bc4,
"engine/render/clx_render.cpp|devilution::DoRenderBackwards(const Surface &out, Point position, const uint8_t *src, size_t srcSize, unsigned srcWidth, unsigned srcHeight, BlitFn &&blitFn)",devilution::DoRenderBackwards,engine/render/clx_render.cpp,192,210,ccf884f06cbbcd7af93c7d25cb9530fc20c40a29477ee4416582512ae4871b3d,
"engine/render/clx_render.cpp|devilution::RenderOutlineForPixel(uint8_t *dst, int dstPitch, uint8_t color)",devilution::RenderOutlineForPixel,engine/render/clx_render.cpp,212,223,87a3ec1a4c0f813eec251ed7a3138a76f3a401bc0059c1e21653aece97c8898f,
"engine/render/clx_render.cpp|devilution::RenderOutlineForPixel(uint8_t *dst, int dstPitch, uint8_t srcColor, uint8_t color)",devilution::RenderOutlineForPixel,engine/render/clx_render.cpp,225,231,afdf18e6492f439838f36c7c84e7f3dbeb3749dc2fd931f023bc77ae79075510,
"engine/render/clx_render.cpp|devilution::RenderOutlineForPixels(uint8_t *dst, int dstPitch, int width, uint8_t color)",devilution::RenderOutlineForPixels,engine/render/clx_render.cpp,233,248,b25aabb7c9a4991ac52840d3f32831d75e69271a9ed9ad6619af36b85beca0f2,
"engine/render/clx_render.cpp|devilution::RenderOutlineForPixels(uint8_t *dst, int dstPitch, int width, const uint8_t *src, uint8_t color)",devilution::RenderOutlineForPixels,engine/render/clx_render.cpp,250,259,642ae775aa67a22e7a372b057564f26b5b9fe9b17577104a37816268ae8be0dc,
"engine/render/clx_render.cpp|devilution::RenderClxOutlinePixelsCheckFirstColumn(uint8_t *dst, int dstPitch, int dstX, const uint8_t *src, uint8_t width, uint8_t color)",devilution::RenderClxOutlinePixelsCheckFirstColumn,engine/render/clx_render.cpp,261,291,a03bbd9f868001f01366f1524e20d5da7a953170cf3ae792934902954e27560e,
"engine/render/clx_render.cpp|devilution::RenderClxOutlinePixelsCheckLastColumn(uint8_t *dst, int dstPitch, int dstX, int dstW, const uint8_t *src, uint8_t width, uint8_t color)",devilution::RenderClxOutlinePixelsCheckLastColumn,engine/render/clx_render.cpp,293,325,f052838725373d191dac3d9dd9de5fc2bce2bc52714d26158795230f35062f07,
"engine/render/clx_render.cpp|devilution::RenderClxOutlinePixels(uint8_t *dst, int dstPitch, int dstX, int dstW, const uint8_t *src, uint8_t width, uint8_t color)",devilution::RenderClxOutlinePixels,engine/render/clx_render.cpp,327,346,c1fd9bfef02c5df315393439bf2dbdc883c4d426a166707efe22398137114eff,
"engine/render/clx_render.cpp|devilution::RenderClxOutlineRowClipped(const Surface &out, Point position, const uint8_t *src, std::size_t srcWidth, ClipX clipX, uint8_t color, SkipSize &skipSize)",devilution::RenderClxOutlineRowClipped,engine/render/clx_render.cpp,348,430,a6b1a36fb7d2a1bf52a9ab272b96b0eddc2844dcc1335fbff6beb902a5d1d09d,
"engine/render/clx_render.cpp|devilution::RenderClxOutlineClippedY(const Surface &out, Point position, RenderSrc src, uint8_t color)",devilution::RenderClxOutlineClippedY,engine/render/clx_render.cpp,432,481,07a804b5a3fb052774e4f2eb21f7aa819790f1edeabc9474faab905a303744ac,
"engine/render/clx_render.cpp|devilution::RenderClxOutlineClippedXY(const Surface &out, Point position, RenderSrc src, uint8_t color)",devilution::RenderClxOutlineClippedXY,engine/render/clx_render.cpp,483,595,bf63f414f91f36428fcaf71727b916bd2d08903cbed9f886c848286be9849fb2,
"engine/render/clx_render.cpp|devilution::RenderClxOutline(const Surface &out, Point position, const uint8_t *src, std::size_t srcSize, std::size_t srcWidth, uint8_t color)",devilution::RenderClxOutline,engine/render/clx_render.cpp,597,607,5bf71159a9f99ff8e22e761744f8096e230a638dc34ec499ef23f753299513fb,
"engine/render/clx_render.cpp|devilution::ClxApplyTrans(ClxSprite sprite, const uint8_t *trn)",devilution::ClxApplyTrans,engine/render/clx_render.cpp,609,632,28d0c9c8cbfb377065dbaca50ff4717387fdd6746c866000982d32318dfa7a3a,
"engine/render/clx_render.cpp|devilution::ClxApplyTrans(ClxSpriteList list, const uint8_t *trn)",devilution::ClxApplyTrans,engine/render/clx_render.cpp,636,641,36dd4e14fc0a9e0d14b8fb6ec7835fc30878d96e827cc318311ad2796eeb6e5d,
"engine/render/clx_render.cpp|devilution::ClxApplyTrans(ClxSpriteSheet sheet, const uint8_t *trn)",devilution::ClxApplyTrans,engine/render/clx_render.cpp,643,648,e6bd3fc8c9c44b9ea65d21ab324f9ec35494eeb0420156a808d0c90d3406bcb4,
engine/render/clx_render.cpp|devilution::ClxMeasureSolidHorizontalBounds(ClxSprite clx),devilution::ClxMeasureSolidHorizontalBounds,engine/render/clx_render.cpp,650,683,40b875a6211c9c393b009779a02b7a2911282c71fb48580779e5bd049a75a8e1,
"engine/render/clx_render.cpp|devilution::ClxDraw(const Surface &out, Point position, ClxSprite clx)",devilution::ClxDraw,engine/render/clx_render.cpp,714,717,02af0c6b3ff42c4601a7a44fed0e2f245c5a17d37876408fec35031a51577a0c,
"engine/render/clx_render.cpp|devilution::ClxDrawTRN(const Surface &out, Point position, ClxSprite clx, const uint8_t *trn)",devilution::ClxDrawTRN,engine/render/clx_render.cpp,719,722,7cc89548edbaab3159fa07ad2036160cc38e9efbc76ae6beb9d07d0d69d2b963,
"engine/render/clx_render.cpp|devilution::ClxDrawBlendedTRN(const Surface &out, Point position, ClxSprite clx, const uint8_t *trn)",devilution::ClxDrawBlendedTRN,engine/render/clx_render.cpp,724,727,551d9959b350de9ae4c5d6a06462db2eb2719314dea4de9a1776a2f720a96d2e,
"engine/render/clx_render.cpp|devilution::ClxDrawOutline(const Surface &out, uint8_t col, Point position, ClxSprite clx)",devilution::ClxDrawOutline,engine/render/clx_render.cpp,729,732,04ee943e0bd2dd25d9540d1541aca625029c90775b525e43219d50d2310085c4,
"engine/render/clx_render.cpp|devilution::ClxDrawOutlineSkipColorZero(const Surface &out, uint8_t col, Point position, ClxSprite clx)",devilution::ClxDrawOutlineSkipColorZero,engine/render/clx_render.cpp,734,737,888f77696574d83fff067855c0ca25621895625d12c278e562cf2c93ee029da7,
"engine/render/clx_render.hpp|devilution::RenderClxSprite(const Surface &out, ClxSprite clx, Point position)",devilution::RenderClxSprite,engine/render/clx_render.hpp,42,45,4380d385014de246b33876ac39ece0f2c87036d5216beff423a50daa4e01dc53,
"engine/render/clx_render.hpp|devilution::RenderClxSpriteWithTRN(const Surface &out, ClxSprite clx, Point position, const uint8_t *trn)",devilution::RenderClxSpriteWithTRN,engine/render/clx_render.hpp,78,81,12f1f3844d948bbe9333a1c9850b524041011932b7647317b06eec3beb386e1b,
"engine/render/clx_render.hpp|devilution::ClxDrawLight(const Surface &out, Point position, ClxSprite clx)",devilution::ClxDrawLight,engine/render/clx_render.hpp,94,100,07dd8f3dacd795470753cb35b72665320b15bc7e727863b15cdd6c48b1834d97,
"engine/render/clx_render.hpp|devilution::ClxDrawLightBlended(const Surface &out, Point position, ClxSprite clx)",devilution::ClxDrawLightBlended,engine/render/clx_render.hpp,108,111,6e43982d3d3d15a531df85aede832b7b4d8ffff7af177066b4bc289b6741a350,
engine/render/dun_render.cpp|devilution::GetTileHeight(TileType tile),devilution::GetTileHeight,engine/render/dun_render.cpp,57,62,864b443a76ae97fb967145e33d5547f3beb8d2ca651a0185fb36783526e8e513,
engine/render/dun_render.cpp|devilution::InitPrefix(),devilution::InitPrefix,engine/render/dun_render.cpp,125,129,6850616b4d68ac44407022f9db6772a1caebd5fd17f68754034b3363ae0d3c06,
engine/render/dun_render.cpp|devilution::InitPrefix(int8_t y),devilution::InitPrefix,engine/render/dun_render.cpp,132,136,088157824263900cf8672646ae75ec7ca5e06f8bf31fce55c350595600af922c,
"engine/render/dun_render.cpp|devilution::RenderLineOpaque<LightType::FullyDark>(uint8_t *DVL_RESTRICT dst, [[maybe_unused]] const uint8_t *DVL_RESTRICT src, uint_fast8_t n, [[maybe_unused]] const uint8_t *DVL_RESTRICT tbl)",devilution::RenderLineOpaque<LightType::FullyDark>,engine/render/dun_render.cpp,158,162,6db48bc4c064c1012010c17acf8b99929bacb8d8c6e219349a025ba925d1e11f,
"engine/render/dun_render.cpp|devilution::RenderLineOpaque<LightType::FullyLit>(uint8_t *DVL_RESTRICT dst, const uint8_t *DVL_RESTRICT src, uint_fast8_t n, [[maybe_unused]] const uint8_t *DVL_RESTRICT tbl)",devilution::RenderLineOpaque<LightType::FullyLit>,engine/render/dun_render.cpp,164,172,1f637923290bb312bc6bf6c3dfbccd47108ceb92d9f50abacc0f81e9359b6edc,
"engine/render/dun_render.cpp|devilution::RenderLineOpaque<LightType::PartiallyLit>(uint8_t *DVL_RESTRICT dst, const uint8_t *DVL_RESTRICT src, uint_fast8_t n, const uint8_t *DVL_RESTRICT tbl)",devilution::RenderLineOpaque<LightType::PartiallyLit>,engine/render/dun_render.cpp,174,182,dd437893e28d7d1c1ef4ce7272aec81ca5c339fca65fa5f91b1b57a63996b6cf,
"engine/render/dun_render.cpp|devilution::RenderLineTransparent<LightType::FullyDark>(uint8_t *DVL_RESTRICT dst, [[maybe_unused]] const uint8_t *DVL_RESTRICT src, uint_fast8_t n, [[maybe_unused]] const uint8_t *DVL_RESTRICT tbl)",devilution::RenderLineTransparent<LightType::FullyDark>,engine/render/dun_render.cpp,188,192,1dccb899198df0382fce8963cfea46dbe8d2579338ab014313398963d2fbbc27,
"engine/render/dun_render.cpp|devilution::RenderLineTransparent<LightType::FullyLit>(uint8_t *DVL_RESTRICT dst, const uint8_t *DVL_RESTRICT src, uint_fast8_t n, [[maybe_unused]] const uint8_t *DVL_RESTRICT tbl)",devilution::RenderLineTransparent<LightType::FullyLit>,engine/render/dun_render.cpp,194,198,f0dcdc9b429492ed70216ff35e82da24bce683b0857f4f6b62c6cfbc5b01ecf8,
"engine/render/dun_render.cpp|devilution::RenderLineTransparent<LightType::PartiallyLit>(uint8_t *DVL_RESTRICT dst, const uint8_t *DVL_RESTRICT src, uint_fast8_t n, const uint8_t *DVL_RESTRICT tbl)",devilution::RenderLineTransparent<LightType::PartiallyLit>,engine/render/dun_render.cpp,200,204,287aa292cb583395c8bc96f3e0948a6ad47b2f21b2665cbc8e1ddc67a28b2308,
"engine/render/dun_render.cpp|devilution::RenderLineTransparentOrOpaque(uint8_t *DVL_RESTRICT dst, const uint8_t *DVL_RESTRICT src, uint_fast8_t width, const uint8_t *DVL_RESTRICT tbl)",devilution::RenderLineTransparentOrOpaque,engine/render/dun_render.cpp,215,223,415b06d8b88a3312cf0902d99636c8fecc1c4ae9c417a961e924f5730c554df4,
"engine/render/dun_render.cpp|devilution::RenderLineTransparentAndOpaque(uint8_t *DVL_RESTRICT dst, const uint8_t *DVL_RESTRICT src, uint_fast8_t prefixWidth, uint_fast8_t width, const uint8_t *DVL_RESTRICT tbl)",devilution::RenderLineTransparentAndOpaque,engine/render/dun_render.cpp,225,237,a10dddf02aa609abc1b05a86b08a2d9b4744043eade026eec2cc187f43268177,
"engine/render/dun_render.cpp|devilution::RenderLine(uint8_t *DVL_RESTRICT dst, const uint8_t *DVL_RESTRICT src, uint_fast8_t n, const uint8_t *DVL_RESTRICT tbl, int8_t prefix)",devilution::RenderLine,engine/render/dun_render.cpp,239,262,1357f5492401a15c30cbc041a3cce4a4da6f07b36217e3b5024e2dab12896ef9,
"engine/render/dun_render.cpp|devilution::CalculateClip(int_fast16_t x, int_fast16_t y, int_fast16_t w, int_fast16_t h, const Surface &out)",devilution::CalculateClip,engine/render/dun_render.cpp,273,283,29fc479862ee8c0d90d32105d86e89357ce612003d5e81899b7d541c46d7fbe9,
"engine/render/dun_render.cpp|devilution::RenderSquareFull(uint8_t *DVL_RESTRICT dst, uint16_t dstPitch, const uint8_t *DVL_RESTRICT src, const uint8_t *DVL_RESTRICT tbl)",devilution::RenderSquareFull,engine/render/dun_render.cpp,285,292,74fe26bd52a2726027421fce88c9463b0a0875cd09f22373789230d98b65b871,
"engine/render/dun_render.cpp|devilution::RenderSquareClipped(uint8_t *DVL_RESTRICT dst, uint16_t dstPitch, const uint8_t *DVL_RESTRICT src, const uint8_t *DVL_RESTRICT tbl, Clip clip)",devilution::RenderSquareClipped,engine/render/dun_render.cpp,294,302,c39aeb90adbe00918d28075129b3bcbb9a5dac9c00e7b33f41c2b29c68f9335e,
"engine/render/dun_render.cpp|devilution::RenderSquare(uint8_t *DVL_RESTRICT dst, uint16_t dstPitch, const uint8_t *DVL_RESTRICT src, const uint8_t *DVL_RESTRICT tbl, Clip clip)",devilution::RenderSquare,engine/render/dun_render.cpp,304,312,3a681ce88fe33cd83869d6f5db50481a7f1441db9b9d2500c8236657541b50f6,
"engine/render/dun_render.cpp|devilution::RenderTransparentSquareFull(uint8_t *DVL_RESTRICT dst, uint16_t dstPitch, const uint8_t *DVL_RESTRICT src, const uint8_t *DVL_RESTRICT tbl)",devilution::RenderTransparentSquareFull,engine/render/dun_render.cpp,314,333,310abff33214c3e9a30668cb08f9705eac68b5027d4ea32d7dcaf291862de141,
"engine/render/dun_render.cpp|devilution::RenderTransparentSquareClipped(uint8_t *DVL_RESTRICT dst, uint16_t dstPitch, const uint8_t *DVL_RESTRICT src, const uint8_t *DVL_RESTRICT tbl, Clip clip)",devilution::RenderTransparentSquareClipped,engine/render/dun_render.cpp,335,415,54579f8c2b4cbdc1012091beab820a62b6d05b395f58a02e54dbc1b1dfbf0421,
"engine/render/dun_render.cpp|devilution::RenderTransparentSquare(uint8_t *DVL_RESTRICT dst, uint16_t dstPitch, const uint8_t *DVL_RESTRICT src, const uint8_t *DVL_RESTRICT tbl, Clip clip)",devilution::RenderTransparentSquare,engine/render/dun_render.cpp,417,425,4866e1d7bdd1a0876d3c9ce36168c3ea0a9c3fb4cec889a64dbb7ee344417807,
engine/render/dun_render.cpp|devilution::CalculateDiamondClipY(const Clip &clip),devilution::CalculateDiamondClipY,engine/render/dun_render.cpp,435,453,f2cc56336f7aeac42fed48844bf73fa6ab27cceb444bebc943cd1ec29c984825,
engine/render/dun_render.cpp|devilution::CalculateTriangleSourceSkipLowerBottom(int_fast16_t numLines),devilution::CalculateTriangleSourceSkipLowerBottom,engine/render/dun_render.cpp,455,458,a86d2ff534d7b3da0e23917e9827edd32571b3e7274dd82aea86c1ba474956d1,
engine/render/dun_render.cpp|devilution::CalculateTriangleSourceSkipUpperBottom(int_fast16_t numLines),devilution::CalculateTriangleSourceSkipUpperBottom,engine/render/dun_render.cpp,460,463,fb079fde2d786d10a5bfcdc4c8e33133ed0fa1ff9cf99c04ea72f1f07799b27b,
"engine/render/dun_render.cpp|devilution::RenderLeftTriangleLower(uint8_t *DVL_RESTRICT &dst, uint16_t dstPitch, const uint8_t *DVL_RESTRICT &src, const uint8_t *DVL_RESTRICT tbl)",devilution::RenderLeftTriangleLower,engine/render/dun_render.cpp,465,475,321af08d444829b87bfa765e87d821b2a4ae1a590c9867dc36fe39b4cc81fe03,
"engine/render/dun_render.cpp|devilution::RenderLeftTriangleLowerClipVertical(const DiamondClipY &clipY, uint8_t *DVL_RESTRICT &dst, uint16_t dstPitch, const uint8_t *DVL_RESTRICT &src, const uint8_t *DVL_RESTRICT tbl)",devilution::RenderLeftTriangleLowerClipVertical,engine/render/dun_render.cpp,477,489,dedc9499e0d3a2b14adaa9b10640e4ee91bd51e8190db437ff8b2a00ce6a8328,
"engine/render/dun_render.cpp|devilution::RenderLeftTriangleLowerClipLeftAndVertical(int_fast16_t clipLeft, const DiamondClipY &clipY, uint8_t *DVL_RESTRICT &dst, uint16_t dstPitch, const uint8_t *DVL_RESTRICT &src, const uint8_t *DVL_RESTRICT tbl)",devilution::RenderLeftTriangleLowerClipLeftAndVertical,engine/render/dun_render.cpp,491,506,522635b696b7a94281bb0a1a1e62920d468dcf419865857093c25295ee44c3e0,
"engine/render/dun_render.cpp|devilution::RenderLeftTriangleLowerClipRightAndVertical(int_fast16_t clipRight, const DiamondClipY &clipY, uint8_t *DVL_RESTRICT &dst, uint16_t dstPitch, const uint8_t *DVL_RESTRICT &src, const uint8_t *DVL_RESTRICT tbl)",devilution::RenderLeftTriangleLowerClipRightAndVertical,engine/render/dun_render.cpp,508,521,593f2a935b7d806b282d3028075a26114235c517eccd73d03a46cf643408c381,
"engine/render/dun_render.cpp|devilution::RenderLeftTriangleFull(uint8_t *DVL_RESTRICT dst, uint16_t dstPitch, const uint8_t *DVL_RESTRICT src, const uint8_t *DVL_RESTRICT tbl)",devilution::RenderLeftTriangleFull,engine/render/dun_render.cpp,523,534,77a1a1e2a158cee50c15382bb166a026710b996ed3af9f00c3d27a16ae0993b3,
"engine/render/dun_render.cpp|devilution::RenderLeftTriangleClipVertical(uint8_t *DVL_RESTRICT dst, uint16_t dstPitch, const uint8_t *DVL_RESTRICT src, const uint8_t *DVL_RESTRICT tbl, Clip clip)",devilution::RenderLeftTriangleClipVertical,engine/render/dun_render.cpp,536,550,f953a716a3313b049236a20560f3b195c3f345a61edaedd53c29c3c603d3789a,
"engine/render/dun_render.cpp|devilution::RenderLeftTriangleClipLeftAndVertical(uint8_t *DVL_RESTRICT dst, uint16_t dstPitch, const uint8_t *DVL_RESTRICT src, const uint8_t *DVL_RESTRICT tbl, Clip clip)",devilution::RenderLeftTriangleClipLeftAndVertical,engine/render/dun_render.cpp,552,569,dd9f8294931aecac7c26c1ecc364d0eef2482b56a1e4074a17fa352fcfe5517a,
"engine/render/dun_render.cpp|devilution::RenderLeftTriangleClipRightAndVertical(uint8_t *DVL_RESTRICT dst, uint16_t dstPitch, const uint8_t *DVL_RESTRICT src, const uint8_t *DVL_RESTRICT tbl, Clip clip)",devilution::RenderLeftTriangleClipRightAndVertical,engine/render/dun_render.cpp,571,588,462ad1c9eddda62f54dfaed5a7051ab30db809bca9896387e19802bab2b44cce,
"engine/render/dun_render.cpp|devilution::RenderLeftTriangle(uint8_t *DVL_RESTRICT dst, uint16_t dstPitch, const uint8_t *DVL_RESTRICT src, const uint8_t *DVL_RESTRICT tbl, Clip clip)",devilution::RenderLeftTriangle,engine/render/dun_render.cpp,590,604,85ae44df916927b3e189e82fd9eeb2f20e90d35cb9bdcc3781123982727dfabb,
"engine/render/dun_render.cpp|devilution::RenderRightTriangleLower(uint8_t *DVL_RESTRICT &dst, uint16_t dstPitch, const uint8_t *DVL_RESTRICT &src, const uint8_t *DVL_RESTRICT tbl)",devilution::RenderRightTriangleLower,engine/render/dun_render.cpp,606,614,33ea1ee185259799cccb12dee6c20a1008e2d4a9042343587b8d803cccbc0cc8,
"engine/render/dun_render.cpp|devilution::RenderRightTriangleLowerClipVertical(const DiamondClipY &clipY, uint8_t *DVL_RESTRICT &dst, uint16_t dstPitch, const uint8_t *DVL_RESTRICT &src, const uint8_t *DVL_RESTRICT tbl)",devilution::RenderRightTriangleLowerClipVertical,engine/render/dun_render.cpp,616,626,bd34e3aa9fa8a8648aa5fa344502005fc1c2cd9d36ea9698a121789a7254fa71,
"engine/render/dun_render.cpp|devilution::RenderRightTriangleLowerClipLeftAndVertical(int_fast16_t clipLeft, const DiamondClipY &clipY, uint8_t *DVL_RESTRICT &dst, uint16_t dstPitch, const uint8_t *DVL_RESTRICT &src, const uint8_t *DVL_RESTRICT tbl)",devilution::RenderRightTriangleLowerClipLeftAndVertical,engine/render/dun_render.cpp,628,639,521885d5a48e34df1da5ce342b7b2f8341b0f4ae75433a446faa97e342179e6c,
"engine/render/dun_render.cpp|devilution::RenderRightTriangleLowerClipRightAndVertical(int_fast16_t clipRight, const DiamondClipY &clipY, uint8_t *DVL_RESTRICT &dst, uint16_t dstPitch, const uint8_t *DVL_RESTRICT &src, const uint8_t *DVL_RESTRICT tbl)",devilution::RenderRightTriangleLowerClipRightAndVertical,engine/render/dun_render.cpp,641,653,49a64f9c7f8d4830b9c4373c36554b89153bf5f17e3cc848dc30fc9a9624bda6,
"engine/render/dun_render.cpp|devilution::RenderRightTriangleFull(uint8_t *DVL_RESTRICT dst, uint16_t dstPitch, const uint8_t *DVL_RESTRICT src, const uint8_t *DVL_RESTRICT tbl)",devilution::RenderRightTriangleFull,engine/render/dun_render.cpp,655,664,d6620971e9707af70a431e9aef524868e3a710f9fd50e837e5e1a1d4e540bf05,
"engine/render/dun_render.cpp|devilution::RenderRightTriangleClipVertical(uint8_t *DVL_RESTRICT dst, uint16_t dstPitch, const uint8_t *DVL_RESTRICT src, const uint8_t *DVL_RESTRICT tbl, Clip clip)",devilution::RenderRightTriangleClipVertical,engine/render/dun_render.cpp,666,678,08dbc2bad315f442601a6d7d2e004f111853b2b0ba8f28aae6be9fe61aea1c97,
"engine/render/dun_render.cpp|devilution::RenderRightTriangleClipLeftAndVertical(uint8_t *DVL_RESTRICT dst, uint16_t dstPitch, const uint8_t *DVL_RESTRICT src, const uint8_t *DVL_RESTRICT tbl, Clip clip)",devilution::RenderRightTriangleClipLeftAndVertical,engine/render/dun_render.cpp,680,695,d7c77b17a5feca7300fb6a670b3109e227ba788de48f4a6d8f67dd5ffdda2b20,
"engine/render/dun_render.cpp|devilution::RenderRightTriangleClipRightAndVertical(uint8_t *DVL_RESTRICT dst, uint16_t dstPitch, const uint8_t *DVL_RESTRICT src, const uint8_t *DVL_RESTRICT tbl, Clip clip)",devilution::RenderRightTriangleClipRightAndVertical,engine/render/dun_render.cpp,697,711,814763e497a3fc011bb6d3e448e7bfefd0f553e20157d58e407ab1090269df4b,
"engine/render/dun_render.cpp|devilution::RenderRightTriangle(uint8_t *DVL_RESTRICT dst, uint16_t dstPitch, const uint8_t *DVL_RESTRICT src, const uint8_t *DVL_RESTRICT tbl, Clip clip)",devilution::RenderRightTriangle,engine/render/dun_render.cpp,713,727,c7f8fff99b3a1e625b73b78e69921f17d57f14219a33026ee24582cb8bb198e2,
"engine/render/dun_render.cpp|devilution::RenderTrapezoidUpperHalf(uint8_t *DVL_RESTRICT dst, uint16_t dstPitch, const uint8_t *DVL_RESTRICT src, const uint8_t *DVL_RESTRICT tbl)",devilution::RenderTrapezoidUpperHalf,engine/render/dun_render.cpp,729,759,79119d3af1ff38fa6eccd119704c62a307a4f4546f82523184906a2f50793b4e,
"engine/render/dun_render.cpp|devilution::RenderTrapezoidUpperHalfClipVertical(const Clip &clip, const DiamondClipY &clipY, uint8_t *DVL_RESTRICT dst, uint16_t dstPitch, const uint8_t *DVL_RESTRICT src, const uint8_t *DVL_RESTRICT tbl)",devilution::RenderTrapezoidUpperHalfClipVertical,engine/render/dun_render.cpp,761,770,6093809a2694d545883f82058eff8b93a87188360669151a9ccf4bc999ac7afa,
"engine/render/dun_render.cpp|devilution::RenderTrapezoidUpperHalfClipLeftAndVertical(const Clip &clip, const DiamondClipY &clipY, uint8_t *DVL_RESTRICT dst, uint16_t dstPitch, const uint8_t *DVL_RESTRICT src, const uint8_t *DVL_RESTRICT tbl)",devilution::RenderTrapezoidUpperHalfClipLeftAndVertical,engine/render/dun_render.cpp,772,781,08b1f81f8208903a98fed341e6e5b935fbeade6c2f0f300d176bc75a53e1e764,
"engine/render/dun_render.cpp|devilution::RenderTrapezoidUpperHalfClipRightAndVertical(const Clip &clip, const DiamondClipY &clipY, uint8_t *DVL_RESTRICT dst, uint16_t dstPitch, const uint8_t *DVL_RESTRICT src, const uint8_t *DVL_RESTRICT tbl)",devilution::RenderTrapezoidUpperHalfClipRightAndVertical,engine/render/dun_render.cpp,783,792,b8aff78a8d842331b0c49e7b41db32a760027d5b259333f2dff3e1305a3bbfb9,
"engine/render/dun_render.cpp|devilution::RenderLeftTrapezoidFull(uint8_t *DVL_RESTRICT dst, uint16_t dstPitch, const uint8_t *DVL_RESTRICT src, const uint8_t *DVL_RESTRICT tbl)",devilution::RenderLeftTrapezoidFull,engine/render/dun_render.cpp,794,800,d630f4b48b785ad252a8723606732f606d1820fe03338ce3873ed06793a2435b,
"engine/render/dun_render.cpp|devilution::RenderLeftTrapezoidClipVertical(uint8_t *DVL_RESTRICT dst, uint16_t dstPitch, const uint8_t *DVL_RESTRICT src, const uint8_t *DVL_RESTRICT tbl, Clip clip)",devilution::RenderLeftTrapezoidClipVertical,engine/render/dun_render.cpp,802,810,fd41dce0ce3465bd4e323aff6a94b10c82e2553f7d5742177c841f559c784ed9,
"engine/render/dun_render.cpp|devilution::RenderLeftTrapezoidClipLeftAndVertical(uint8_t *DVL_RESTRICT dst, uint16_t dstPitch, const uint8_t *DVL_RESTRICT src, const uint8_t *DVL_RESTRICT tbl, Clip clip)",devilution::RenderLeftTrapezoidClipLeftAndVertical,engine/render/dun_render.cpp,812,820,4ea1e72f654645c2e9d6a5b5afd06f88e8b606c0ccbae4864348d7fd839e1154,
"engine/render/dun_render.cpp|devilution::RenderLeftTrapezoidClipRightAndVertical(uint8_t *DVL_RESTRICT dst, uint16_t dstPitch, const uint8_t *DVL_RESTRICT src, const uint8_t *DVL_RESTRICT tbl, Clip clip)",devilution::RenderLeftTrapezoidClipRightAndVertical,engine/render/dun_render.cpp,822,830,2927aab5b929cfcd2f29e50623f6965636529e1448bedc5536640127d78fd35b,
"engine/render/dun_render.cpp|devilution::RenderLeftTrapezoid(uint8_t *DVL_RESTRICT dst, uint16_t dstPitch, const uint8_t *DVL_RESTRICT src, const uint8_t *DVL_RESTRICT tbl, Clip clip)",devilution::RenderLeftTrapezoid,engine/render/dun_render.cpp,832,846,83b890370957f44152d34381dd3fb1a76d0a103909e36de8d877da3c54d49a64,
"engine/render/dun_render.cpp|devilution::RenderRightTrapezoidFull(uint8_t *DVL_RESTRICT dst, uint16_t dstPitch, const uint8_t *DVL_RESTRICT src, const uint8_t *DVL_RESTRICT tbl)",devilution::RenderRightTrapezoidFull,engine/render/dun_render.cpp,848,853,a2526abca7eb684f507facb8defa9b6f04bfe13a9040ac700c48e750b529b8af,
"engine/render/dun_render.cpp|devilution::RenderRightTrapezoidClipVertical(uint8_t *DVL_RESTRICT dst, uint16_t dstPitch, const uint8_t *DVL_RESTRICT src, const uint8_t *DVL_RESTRICT tbl, Clip clip)",devilution::RenderRightTrapezoidClipVertical,engine/render/dun_render.cpp,855,862,c21dc829bde997c6b6687d5c86272578443397707846cc3a70bd311e7de8a281,
"engine/render/dun_render.cpp|devilution::RenderRightTrapezoidClipLeftAndVertical(uint8_t *DVL_RESTRICT dst, uint16_t dstPitch, const uint8_t *DVL_RESTRICT src, const uint8_t *DVL_RESTRICT tbl, Clip clip)",devilution::RenderRightTrapezoidClipLeftAndVertical,engine/render/dun_render.cpp,864,871,a03f9e13daa44b81ae0e6c32a8b23a77c47d0809f9a4671c98e34f926c400ccb,
"engine/render/dun_render.cpp|devilution::RenderRightTrapezoidClipRightAndVertical(uint8_t *DVL_RESTRICT dst, uint16_t dstPitch, const uint8_t *DVL_RESTRICT src, const uint8_t *DVL_RESTRICT tbl, Clip clip)",devilution::RenderRightTrapezoidClipRightAndVertical,engine/render/dun_render.cpp,873,880,108f79b6a99118fac65139f28ab9b3bc980d7ee53f136eba20fac95afb08f369,
"engine/render/dun_render.cpp|devilution::RenderRightTrapezoid(uint8_t *DVL_RESTRICT dst, uint16_t dstPitch, const uint8_t *DVL_RESTRICT src, const uint8_t *DVL_RESTRICT tbl, Clip clip)",devilution::RenderRightTrapezoid,engine/render/dun_render.cpp,882,896,42afa3125501c0a9b14f75a87ffd63fe5717e648da3313a1906b4607bfbbdedd,
"engine/render/dun_render.cpp|devilution::RenderTileType(TileType tile, uint8_t *DVL_RESTRICT dst, uint16_t dstPitch, const uint8_t *DVL_RESTRICT src, const uint8_t *DVL_RESTRICT tbl, Clip clip)",devilution::RenderTileType,engine/render/dun_render.cpp,898,921,7171c3a790ed8feae1543aa14363135fef0f043c75d8cb36c16305b47112acf2,
"engine/render/dun_render.cpp|devilution::RenderTransparentSquareDispatch(uint8_t *DVL_RESTRICT dst, uint16_t dstPitch, const uint8_t *DVL_RESTRICT src, const uint8_t *DVL_RESTRICT tbl, Clip clip)",devilution::RenderTransparentSquareDispatch,engine/render/dun_render.cpp,923,933,3655e16b0597a85ef51b207b29d08b244269a370e349300be1651afc2f2c1dd0,
"engine/render/dun_render.cpp|devilution::RenderLeftTrapezoidOrTransparentSquare(TileType tile, uint8_t *DVL_RESTRICT dst, uint16_t dstPitch, const uint8_t *DVL_RESTRICT src, const uint8_t *DVL_RESTRICT tbl, Clip clip)",devilution::RenderLeftTrapezoidOrTransparentSquare,engine/render/dun_render.cpp,935,948,c101da540be4f71681427366e267ee7767eaa4e66d348b34662206336e60f6f7,
"engine/render/dun_render.cpp|devilution::RenderRightTrapezoidOrTransparentSquare(TileType tile, uint8_t *DVL_RESTRICT dst, uint16_t dstPitch, const uint8_t *DVL_RESTRICT src, const uint8_t *DVL_RESTRICT tbl, Clip clip)",devilution::RenderRightTrapezoidOrTransparentSquare,engine/render/dun_render.cpp,950,963,c01302425ab3cfc5d8d6d8a1b65df8dedd5b5d212e580c9bdb58bc21baf82171,
"engine/render/dun_render.cpp|devilution::RenderLeftTrapezoidOrTransparentSquareDispatch(TileType tile, uint8_t *DVL_RESTRICT dst, uint16_t dstPitch, const uint8_t *DVL_RESTRICT src, const uint8_t *DVL_RESTRICT tbl, Clip clip)",devilution::RenderLeftTrapezoidOrTransparentSquareDispatch,engine/render/dun_render.cpp,965,975,dcdd5920826dad984d0b5711c0eac53b7fc2eff7491e4a0e5f1ea53a888bdbb6,
"engine/render/dun_render.cpp|devilution::RenderRightTrapezoidOrTransparentSquareDispatch(TileType tile, uint8_t *DVL_RESTRICT dst, uint16_t dstPitch, const uint8_t *DVL_RESTRICT src, const uint8_t *DVL_RESTRICT tbl, Clip clip)",devilution::RenderRightTrapezoidOrTransparentSquareDispatch,engine/render/dun_render.cpp,977,987,497adcedcfaf5398f806b5062c6c44b05586aecf0228509aea527865fa293947,
"engine/render/dun_render.cpp|devilution::RenderTileDispatch(TileType tile, uint8_t *DVL_RESTRICT dst, uint16_t dstPitch, const uint8_t *DVL_RESTRICT src, const uint8_t *DVL_RESTRICT tbl, Clip clip)",devilution::RenderTileDispatch,engine/render/dun_render.cpp,989,999,d60659b551f0f9584ab06e7401d2d1e42c44da968f0268432654f213f4b5b2b3,
"engine/render/dun_render.cpp|devilution::RenderBlackTileClipLeftAndVertical(uint8_t *DVL_RESTRICT dst, uint16_t dstPitch, int sx, DiamondClipY clipY)",devilution::RenderBlackTileClipLeftAndVertical,engine/render/dun_render.cpp,1002,1030,c42d9a7285adcb963c86f37004322c305ce60e94b8e7bf12fa27b0a9057de284,
"engine/render/dun_render.cpp|devilution::RenderBlackTileClipRightAndVertical(uint8_t *DVL_RESTRICT dst, uint16_t dstPitch, int_fast16_t maxWidth, DiamondClipY clipY)",devilution::RenderBlackTileClipRightAndVertical,engine/render/dun_render.cpp,1033,1056,2f940184805319512d11403738dbe219a61633034a1774c1c38fbfc4f6702d52,
"engine/render/dun_render.cpp|devilution::RenderBlackTileClipY(uint8_t *DVL_RESTRICT dst, uint16_t dstPitch, DiamondClipY clipY)",devilution::RenderBlackTileClipY,engine/render/dun_render.cpp,1059,1073,9b68d15f1efa19955222b9c09cca3cc795ce25ec063967fbd99ac0631ad2119a,
"engine/render/dun_render.cpp|devilution::RenderBlackTileFull(uint8_t *DVL_RESTRICT dst, uint16_t dstPitch)",devilution::RenderBlackTileFull,engine/render/dun_render.cpp,1076,1089,d7d44028f65aacce3fa813df02861395bd348cbc4cf8323a01e6ca9aa381db4c,
"engine/render/dun_render.cpp|devilution::RenderTile(const Surface &out, Point position, LevelCelBlock levelCelBlock, MaskType maskType, const uint8_t *tbl)",devilution::RenderTile,engine/render/dun_render.cpp,1127,1180,6e3cce83055c2b13cc813fdc16136600a4e04f33477ec537b29c9195fe100a6c,
"engine/render/dun_render.cpp|devilution::world_draw_black_tile(const Surface &out, int sx, int sy)",devilution::world_draw_black_tile,engine/render/dun_render.cpp,1182,1209,b4ed31c0ba10648d336d9a00d04db00a6e0dcfcdf16f02cf57d53a2cb5d995f6,
engine/render/dun_render.hpp|devilution::LevelCelBlock::LevelCelBlock(uint16_t data),devilution::LevelCelBlock::LevelCelBlock,engine/render/dun_render.hpp,213,216,0ffe2caf2936f5815e491bbad6e1fab33e9c32aa1925ad1223687c78b3b220da,
engine/render/dun_render.hpp|devilution::LevelCelBlock::hasValue(),devilution::LevelCelBlock::hasValue,engine/render/dun_render.hpp,218,221,36cc189fc14d332f6a2d29727cf6f6146f53a7c593e9ebdf7533f3daea03af97,
engine/render/dun_render.hpp|devilution::LevelCelBlock::type(),devilution::LevelCelBlock::type,engine/render/dun_render.hpp,223,226,185cf6ae0d9790a79f388545e23e2f1aa2a1224c2f5c83748e1ccd276ee7b396,
engine/render/dun_render.hpp|devilution::LevelCelBlock::frame(),devilution::LevelCelBlock::frame,engine/render/dun_render.hpp,228,231,c5939dbd592839800fea9459dec216805b0f40142a3de098ef4bbbbc919ffd05,
engine/render/scrollrt.cpp|devilution::PointHash::operator()(),devilution::PointHash::operator(),engine/render/scrollrt.cpp,81,84,f94d65b1c760b007275753c2139c238ea39827bd5ee99043c867d801e50d3327,
"engine/render/scrollrt.cpp|devilution::CouldMissileCollide(Point tile, bool checkPlayerAndMonster)",devilution::CouldMissileCollide,engine/render/scrollrt.cpp,95,107,d341617dd974ea0daca473ae374e6dc3d8899dd87a14757979e1dcdcbe3ff5eb,
"engine/render/scrollrt.cpp|devilution::UpdateMissilePositionForRendering(Missile &m, int progress)",devilution::UpdateMissilePositionForRendering,engine/render/scrollrt.cpp,109,120,f3c2aa31fd92c53849ed6a355d3e4e68c9b94ff980ed3b508eb6fba2afdc2b12,
engine/render/scrollrt.cpp|devilution::UpdateMissileRendererData(Missile &m),devilution::UpdateMissileRendererData,engine/render/scrollrt.cpp,122,162,4fb1fbfaafe401647b3b5f90a40998e2657a49deeaf37ae91ea01baf9cf6b755,
engine/render/scrollrt.cpp|devilution::UpdateMissilesRendererData(),devilution::UpdateMissilesRendererData,engine/render/scrollrt.cpp,164,172,9a93f30568e6c8def5926e6b95cbac73fcd94e6e1a1a7c2871dbe2d394a58f55,
"engine/render/scrollrt.cpp|devilution::BlitCursor(uint8_t *dst, uint32_t dstPitch, uint8_t *src, uint32_t srcPitch, uint32_t srcWidth, uint32_t srcHeight)",devilution::BlitCursor,engine/render/scrollrt.cpp,198,203,8cb8c3ba4a80ac35fa1bfe91633fe9a406ee7cb6dc22e7a877651da9a5a13fff,
engine/render/scrollrt.cpp|devilution::UndrawCursor(const Surface &out),devilution::UndrawCursor,engine/render/scrollrt.cpp,208,213,4a9304dcaac933eddcf1ff7fcf47f05bf354565d5814d0f3c8b29041fa85e3d3,
engine/render/scrollrt.cpp|devilution::ShouldShowCursor(),devilution::ShouldShowCursor,engine/render/scrollrt.cpp,215,227,0bae49b7358f7183dc711f3ed7ec09f33333e8e5003cefb6b75e7899fefd279b,
engine/render/scrollrt.cpp|devilution::DrawCursor(const Surface &out),devilution::DrawCursor,engine/render/scrollrt.cpp,232,283,fcea68df858e7afe57c50416f93f60d3e993428393a8771fc08bc2aa3c37df0f,
"engine/render/scrollrt.cpp|devilution::DrawMissilePrivate(const Surface &out, const Missile &missile, Point targetBufferPosition, bool pre)",devilution::DrawMissilePrivate,engine/render/scrollrt.cpp,292,305,8193696efe2b62a5b50c2e2984146eb517779c9b14a822f38c1946425d6734e5,
"engine/render/scrollrt.cpp|devilution::DrawMissile(const Surface &out, Point tilePosition, Point targetBufferPosition, bool pre)",devilution::DrawMissile,engine/render/scrollrt.cpp,314,320,5d78f9703ae44d1220d3e313fc21c0a65b36f4f8f0ba28bd657686b86bf9871c,
"engine/render/scrollrt.cpp|devilution::DrawMonster(const Surface &out, Point tilePosition, Point targetBufferPosition, const Monster &monster)",devilution::DrawMonster,engine/render/scrollrt.cpp,329,353,5015372b01c8de828e17daa4835a18f895cc1757645013470700d052de68f0c6,
"engine/render/scrollrt.cpp|devilution::DrawPlayerIconHelper(const Surface &out, MissileGraphicID missileGraphicId, Point position, bool lighting, bool infraVision)",devilution::DrawPlayerIconHelper,engine/render/scrollrt.cpp,358,375,3d567921ddf5be2a99070d1609b55d659dfb2f219c0cd13c9d551153b60bf214,
"engine/render/scrollrt.cpp|devilution::DrawPlayerIcons(const Surface &out, const Player &player, Point position, bool infraVision)",devilution::DrawPlayerIcons,engine/render/scrollrt.cpp,384,390,e6de88cec8c440b69852ad4b09c6751d0acb0bcc89d22cea2c40c98122d45821,
"engine/render/scrollrt.cpp|devilution::DrawPlayer(const Surface &out, const Player &player, Point tilePosition, Point targetBufferPosition)",devilution::DrawPlayer,engine/render/scrollrt.cpp,399,434,a143b94d108f6d3a599ad43f20cca67cfba675db0cec4282898fc3f537ee227e,
"engine/render/scrollrt.cpp|devilution::DrawDeadPlayer(const Surface &out, Point tilePosition, Point targetBufferPosition)",devilution::DrawDeadPlayer,engine/render/scrollrt.cpp,442,453,d2e9c8aa92c8d8465857b3ba53c30ab899c89fb146372a58c7946b034225f3e2,
"engine/render/scrollrt.cpp|devilution::DrawObject(const Surface &out, Point tilePosition, Point targetBufferPosition, bool pre)",devilution::DrawObject,engine/render/scrollrt.cpp,462,495,9eee4c3494e549204722212afff0757ce7c081107d84834ccad31d0f3db0da5a,
"engine/render/scrollrt.cpp|devilution::DrawCell(const Surface &out, Point tilePosition, Point targetBufferPosition)",devilution::DrawCell,engine/render/scrollrt.cpp,505,610,df4fd05992beebffdf6f6aaeecf6629fe50d176cbf76dc440efbc1048efa570f,
"engine/render/scrollrt.cpp|devilution::DrawFloor(const Surface &out, Point tilePosition, Point targetBufferPosition)",devilution::DrawFloor,engine/render/scrollrt.cpp,618,643,6d1d73f7f405ea3d63bed4bf6933229ed1922833a9899818c7de6bfe405b06c3,
"engine/render/scrollrt.cpp|devilution::DrawItem(const Surface &out, Point tilePosition, Point targetBufferPosition, bool pre)",devilution::DrawItem,engine/render/scrollrt.cpp,652,672,fd104168dc8010e07b5ba6883caeb0f8466d187a960094c381567ac48b7d5d0d,
"engine/render/scrollrt.cpp|devilution::DrawMonsterHelper(const Surface &out, Point tilePosition, Point targetBufferPosition)",devilution::DrawMonsterHelper,engine/render/scrollrt.cpp,680,734,b1311353cfc98280e8d073bcd72bf1158ab9e286b4fe7010fcda68a9f00440ff,
"engine/render/scrollrt.cpp|devilution::DrawPlayerHelper(const Surface &out, const Player &player, Point tilePosition, Point targetBufferPosition)",devilution::DrawPlayerHelper,engine/render/scrollrt.cpp,743,753,ea62b071541421b718e596d5675157d91e1f6c1600d8fa3588ce2745f91c753c,
"engine/render/scrollrt.cpp|devilution::DrawDungeon(const Surface &out, Point tilePosition, Point targetBufferPosition)",devilution::DrawDungeon,engine/render/scrollrt.cpp,761,839,4ef98f53aa1f8e970521901f156766fb63433b79df6f573047fc2fcb29abc5b5,
"engine/render/scrollrt.cpp|devilution::DrawFloor(const Surface &out, Point tilePosition, Point targetBufferPosition, int rows, int columns)",devilution::DrawFloor,engine/render/scrollrt.cpp,849,878,26cde23dce4abc53b5a3224be298592915788243436fb8551de700c3e34c6232,
engine/render/scrollrt.cpp|devilution::IsWall(Point position),devilution::IsWall,engine/render/scrollrt.cpp,880,883,6536e70f32dceb803b4e104d458dd919de1eb297725fd4a33121fabf20a20416,
"engine/render/scrollrt.cpp|devilution::DrawTileContent(const Surface &out, Point tilePosition, Point targetBufferPosition, int rows, int columns)",devilution::DrawTileContent,engine/render/scrollrt.cpp,893,937,f832252d86205f3218c74aa819deea26ceae680f3b0ec6b2d4e3f58ad4fda303,
engine/render/scrollrt.cpp|devilution::Zoom(const Surface &out),devilution::Zoom,engine/render/scrollrt.cpp,942,992,9884904db9225a337632d54655813e5753834e624fad3d7149a2294c902f7851,
"engine/render/scrollrt.cpp|devilution::CalcFirstTilePosition(Point &position, Displacement &offset)",devilution::CalcFirstTilePosition,engine/render/scrollrt.cpp,999,1042,a3de13e4e723f6a17928cd832fb87be0b9e7c0b7567c87d669b2a2b3c9d9df20,
"engine/render/scrollrt.cpp|devilution::DrawGame(const Surface &fullOut, Point position, Displacement offset)",devilution::DrawGame,engine/render/scrollrt.cpp,1050,1122,dc4ed1fb117d33cbb7712755c799d0e94e7b6f82b9a22a2ef9e7d87a104babce,
"engine/render/scrollrt.cpp|devilution::DrawView(const Surface &out, Point startPosition)",devilution::DrawView,engine/render/scrollrt.cpp,1129,1261,f2935d3b6f0b46b5d414b9e5bc28dd220ebf6308a12d4f53b1d6d5485f699219,
engine/render/scrollrt.cpp|devilution::DrawFPS(const Surface &out),devilution::DrawFPS,engine/render/scrollrt.cpp,1266,1291,17942c1ff9a858d00e61b19a7275b9c9a02a106dd595b2ee36d8acdf017b9003,
"engine/render/scrollrt.cpp|devilution::DoBlitScreen(int x, int y, int w, int h)",devilution::DoBlitScreen,engine/render/scrollrt.cpp,1300,1313,c9e263ad0e44c079e12d2a6c2f775a9ee24eea6b297c2bd4716697710a830203,
"engine/render/scrollrt.cpp|devilution::DrawMain(const Surface &out, int dwHgt, bool drawDesc, bool drawHp, bool drawMana, bool drawSbar, bool drawBtn)",devilution::DrawMain,engine/render/scrollrt.cpp,1325,1373,47a5ca932f3ac30644bcaa208d7ce33571f94dabf5c3e51d4f7b2fc28d13ca8e,
"engine/render/scrollrt.cpp|devilution::GetOffsetForWalking(const AnimationInfo &animationInfo, const Direction dir, bool cameraMode)",devilution::GetOffsetForWalking,engine/render/scrollrt.cpp,1377,1397,5a6c2143c7c0c85e3c7f2d585acf2a8025dd92431fbd7cee24d8e7f67c4e2c28,
engine/render/scrollrt.cpp|devilution::ClearCursor(),devilution::ClearCursor,engine/render/scrollrt.cpp,1399,1402,40d3851f94fa449436d72c6864af49bb189a6d42e86349770382ddc60ce26920,
"engine/render/scrollrt.cpp|devilution::ShiftGrid(int *x, int *y, int horizontal, int vertical)",devilution::ShiftGrid,engine/render/scrollrt.cpp,1404,1408,8169f5dcdeb8da77cdf8100f555f1fdcbd75b7643b592c89fe3995731c4df109,
engine/render/scrollrt.cpp|devilution::RowsCoveredByPanel(),devilution::RowsCoveredByPanel,engine/render/scrollrt.cpp,1410,1423,c5a53537879cf8c6bab56e91f1335bec19478edc7a0bd7bcfab5d64c5bc11475,
"engine/render/scrollrt.cpp|devilution::CalcTileOffset(int *offsetX, int *offsetY)",devilution::CalcTileOffset,engine/render/scrollrt.cpp,1425,1448,a7cddbc6e038229fdb7c461d0a17a596919e6562fe725f834b1d8b4bfa43d705,
"engine/render/scrollrt.cpp|devilution::TilesInView(int *rcolumns, int *rrows)",devilution::TilesInView,engine/render/scrollrt.cpp,1450,1478,0b6889af04341b78caa63c029dc9776441ed96ce24e07fb5a010f5ee04b817d3,
engine/render/scrollrt.cpp|devilution::CalcViewportGeometry(),devilution::CalcViewportGeometry,engine/render/scrollrt.cpp,1480,1525,ba0b7590c962ae91daac68f3bfed2848872ad5704b157925ce2bff0a91d7a24a,
engine/render/scrollrt.cpp|devilution::ClearScreenBuffer(),devilution::ClearScreenBuffer,engine/render/scrollrt.cpp,1529,1536,a4409be5c4f2d00a127c71d42fabda2d481d8f9eb799e7c2b867c09c22abff14,
engine/render/scrollrt.cpp|devilution::EnableFrameCount(),devilution::EnableFrameCount,engine/render/scrollrt.cpp,1599,1603,06f27cd5752aa1aed1d3f27b59746da2fc4aa54b6222470c98971661938bc546,
engine/render/scrollrt.cpp|devilution::scrollrt_draw_game_screen(),devilution::scrollrt_draw_game_screen,engine/render/scrollrt.cpp,1605,1623,f3aadc9b278ca8e82c63e7060b9d6bcb8752a2fad88a3b286726214165b44dbd,
engine/render/scrollrt.cpp|devilution::DrawAndBlit(),devilution::DrawAndBlit,engine/render/scrollrt.cpp,1625,1702,fcaa87269b0a506044bbe299caaf894129209b9a8c10a447b336cec8c15e5e2d,
engine/render/text_render.cpp|devilution::GetSizeFromFlags(UiFlags flags),devilution::GetSizeFromFlags,engine/render/text_render.cpp,71,85,16ef9e35d2816a5b350a24e43be56d724c1a2760a189d50eabdad0a12e60e526,
engine/render/text_render.cpp|devilution::GetColorFromFlags(UiFlags flags),devilution::GetColorFromFlags,engine/render/text_render.cpp,87,119,06d7fca1441090418ee2c4846759658f61c86601ffe9017f4d131c11d4226ab7,
engine/render/text_render.cpp|devilution::GetUnicodeRow(char32_t codePoint),devilution::GetUnicodeRow,engine/render/text_render.cpp,121,124,06b69873c065bd3d440ce8639e0581ec45fdd65e62478319a8e433abb2fc6f90,
engine/render/text_render.cpp|devilution::IsCJK(uint16_t row),devilution::IsCJK,engine/render/text_render.cpp,126,129,f4429a2e61db28a14601c0d5dd233c40ca77bf7614066161ca19496c1ec1bb29,
engine/render/text_render.cpp|devilution::IsHangul(uint16_t row),devilution::IsHangul,engine/render/text_render.cpp,131,134,4ec6cbb3f00ecd5be26d9cff9c7e6023f54e4b2a4b60197e134503c124c32fd8,
engine/render/text_render.cpp|devilution::IsSmallFontTallRow(uint16_t row),devilution::IsSmallFontTallRow,engine/render/text_render.cpp,136,139,d4b72f371a946f88ebcf64791badacf83518929998a0ea48c6bd8940acbdf532,
"engine/render/text_render.cpp|devilution::GetFontPath(GameFontTables size, uint16_t row, string_view ext, char *out)",devilution::GetFontPath,engine/render/text_render.cpp,141,144,c79e35b671721dc520022315aae0693c5a9027a2100e9d11ab7ed3fbb526704b,0x140128b40;0x140129300
"engine/render/text_render.cpp|devilution::GetFontId(GameFontTables size, uint16_t row)",devilution::GetFontId,engine/render/text_render.cpp,146,149,7ec33e5b881a21f1acaba211ecac4ed796e724df2ee8f326eef0a4b6128b855e,
"engine/render/text_render.cpp|devilution::LoadFont(GameFontTables size, text_color color, uint16_t row)",devilution::LoadFont,engine/render/text_render.cpp,151,184,dc0dae314048287c86f0dc99ff5c3a6a588334b349044779930f5a6882d769b9,
"engine/render/text_render.cpp|devilution::CurrentFont::load(GameFontTables size, text_color color, char32_t next)",devilution::CurrentFont::load,engine/render/text_render.cpp,190,202,5bcf1fa7353fc5daeb1e7da97c80d9dd1b4f6d64f6afb7aeb4aa1efecb6d32ad,
engine/render/text_render.cpp|devilution::CurrentFont::clear(),devilution::CurrentFont::clear,engine/render/text_render.cpp,204,207,ccde7c236b5420cf55695c15f86446bf522faaa07c47899cb9802ab789f1f4c9,
"engine/render/text_render.cpp|devilution::DrawFont(const Surface &out, Point position, const ClxSpriteList font, text_color color, int frame, bool outline)",devilution::DrawFont,engine/render/text_render.cpp,214,225,e01aab6c0fa4bce710aa6d739687368683d0eb2ab249bad4c129fe175ef9c716,
engine/render/text_render.cpp|devilution::IsWhitespace(char32_t c),devilution::IsWhitespace,engine/render/text_render.cpp,227,230,2ecffc1828befbd727171d54ca23931bfe802c3ce6816f1f0ff937fdc100f4e7,
engine/render/text_render.cpp|devilution::IsFullWidthPunct(char32_t c),devilution::IsFullWidthPunct,engine/render/text_render.cpp,232,235,1c2d2ca850dde7b4468ae7f516dd0271e169f6a9973d1f4748dbfc355ebdbaa0,
"engine/render/text_render.cpp|devilution::IsBreakAllowed(char32_t codepoint, char32_t nextCodepoint)",devilution::IsBreakAllowed,engine/render/text_render.cpp,237,240,82f817a7009212f9a1b5eff1d4040c37380a7c18c9da8bc33663973f66b49745,
"engine/render/text_render.cpp|devilution::CountNewlines(string_view fmt, const DrawStringFormatArg *args, std::size_t argsLen)",devilution::CountNewlines,engine/render/text_render.cpp,242,250,bc5dc071a1c8625641231195abe5de177df486cd8671ee6a8c610e69ea2fd4d2,
"engine/render/text_render.cpp|devilution::FmtArgParser::FmtArgParser(string_view fmt, DrawStringFormatArg *args, size_t len, size_t offset = 0)",devilution::FmtArgParser::FmtArgParser,engine/render/text_render.cpp,254,263,5a252d4ca0c3dc2c64cd07d27fea18edaa1baf61aba68ce8064d38b73a7c152e,
engine/render/text_render.cpp|devilution::FmtArgParser::operator()(),devilution::FmtArgParser::operator(),engine/render/text_render.cpp,265,301,310621332799e7c3cc0347b5138ffef9165184c8273142ca19a72a0034069e30,
engine/render/text_render.cpp|devilution::FmtArgParser::offset(),devilution::FmtArgParser::offset,engine/render/text_render.cpp,303,306,583d8ad1b8dc45c6784a30ff43fca16523ac0764a75d60c74b3c38931aab57a6,
engine/render/text_render.cpp|devilution::ContainsSmallFontTallCodepoints(string_view text),devilution::ContainsSmallFontTallCodepoints,engine/render/text_render.cpp,315,327,96cd409065f2aa850764f9a9cca4c3259748aaddc344084a2b76c4dbe1e46f41,
"engine/render/text_render.cpp|devilution::GetLineHeight(string_view fmt, DrawStringFormatArg *args, std::size_t argsLen, GameFontTables fontIndex)",devilution::GetLineHeight,engine/render/text_render.cpp,329,362,2739343e601ae459cc3bbbd2781589aadb09a800e284d1d1d5acc7b7c2ed8df6,
"engine/render/text_render.cpp|devilution::ClipSurface(const Surface &out, Rectangle rect)",devilution::ClipSurface,engine/render/text_render.cpp,364,372,bb7fc239923be7811f9b933ffa678b696d353982cb2c09d23f7f9db4a291e76d,
"engine/render/text_render.cpp|devilution::MaybeWrap(Point &characterPosition, int characterWidth, int rightMargin, int initialX, int lineHeight)",devilution::MaybeWrap,engine/render/text_render.cpp,374,380,e69cc4096035f927fd1d2fd6def75571d4cb071378e65108d26b55bb6b46cfb9,
"engine/render/text_render.cpp|devilution::GetLineStartX(UiFlags flags, const Rectangle &rect, int lineWidth)",devilution::GetLineStartX,engine/render/text_render.cpp,382,389,7e2475e0af635fb398185f48ea400ddc5a7ec294e0298e4fe6edeeb618112831,
"engine/render/text_render.cpp|devilution::DoDrawString(const Surface &out, string_view text, Rectangle rect, Point &characterPosition, int spacing, int lineHeight, int lineWidth, int rightMargin, int bottomMargin, UiFlags flags, GameFontTables size, text_color color, bool outline)",devilution::DoDrawString,engine/render/text_render.cpp,391,436,0c8915e7cdd21e8ed58f4c01cb9d38e8cff132c04ef692da41356fb92569e612,
engine/render/text_render.cpp|devilution::LoadSmallSelectionSpinner(),devilution::LoadSmallSelectionSpinner,engine/render/text_render.cpp,440,443,337bdd528ebc98dd1e7b7b17a50e3575ddadee82c0256152335290660e9eea9c,
engine/render/text_render.cpp|devilution::UnloadFonts(),devilution::UnloadFonts,engine/render/text_render.cpp,445,448,808bc27a97213caa32862f507396cd81b21bfe86e685db0a554d850ee6f5ecb2,
"engine/render/text_render.cpp|devilution::GetLineWidth(string_view text, GameFontTables size, int spacing, int *charactersInLine)",devilution::GetLineWidth,engine/render/text_render.cpp,450,481,ed9b2ba637194d84c7be69a12ee4154df960266a89360f6d3b618599f4f9955e,
"engine/render/text_render.cpp|devilution::GetLineWidth(string_view fmt, DrawStringFormatArg *args, std::size_t argsLen, size_t argsOffset, GameFontTables size, int spacing, int *charactersInLine)",devilution::GetLineWidth,engine/render/text_render.cpp,483,534,240b61c0e71390faccf83e91286daf53476489b5c31116105d08e0069f42942c,
"engine/render/text_render.cpp|devilution::GetLineHeight(string_view text, GameFontTables fontIndex)",devilution::GetLineHeight,engine/render/text_render.cpp,536,542,ab44d5de66359f9983f621a30000e1ef125f55f942b8ff50e8d739e3409984a3,
"engine/render/text_render.cpp|devilution::AdjustSpacingToFitHorizontally(int &lineWidth, int maxSpacing, int charactersInLine, int availableWidth)",devilution::AdjustSpacingToFitHorizontally,engine/render/text_render.cpp,544,553,15cfb422760f73bcd062b712d1b7cd0689921217e1f677e547c92465c8e453de,
"engine/render/text_render.cpp|devilution::WordWrapString(string_view text, unsigned width, GameFontTables size, int spacing)",devilution::WordWrapString,engine/render/text_render.cpp,555,636,daf9c49065ea914a534f0b2939854df51a405f3b3a49625811cf96f3d95b2441,0x140137e20
"engine/render/text_render.cpp|devilution::DrawString(const Surface &out, string_view text, const Rectangle &rect, UiFlags flags, int spacing, int lineHeight)",devilution::DrawString,engine/render/text_render.cpp,641,689,ffe5c534949a4f92c8603aae78d5426167c3b1920e12fb4540ed8b7ed143251b,0x140131250
"engine/render/text_render.cpp|devilution::DrawStringWithColors(const Surface &out, string_view fmt, DrawStringFormatArg *args, std::size_t argsLen, const Rectangle &rect, UiFlags flags, int spacing, int lineHeight)",devilution::DrawStringWithColors,engine/render/text_render.cpp,691,791,a2a49d77af5ab3e5a051653368112239345e27fbfa4ff833ca884053cf30df7a,
engine/render/text_render.cpp|devilution::PentSpn2Spin(),devilution::PentSpn2Spin,engine/render/text_render.cpp,793,796,de637fff1e1c1602e0e3e4c030e89808655b0a6347b1f2a7ac6cc3a9a5c5c131,
"engine/render/text_render.hpp|devilution::DrawStringFormatArg::DrawStringFormatArg(string_view value, UiFlags flags)",devilution::DrawStringFormatArg::DrawStringFormatArg,engine/render/text_render.hpp,65,70,0a9122ddffaac6c0f943b4c471ab94284fea34536d34fe37b4875eebcdbbb91d,
"engine/render/text_render.hpp|devilution::DrawStringFormatArg::DrawStringFormatArg(int value, UiFlags flags)",devilution::DrawStringFormatArg::DrawStringFormatArg,engine/render/text_render.hpp,72,77,700ceccb49edcc4f6efae0b7cb78abdee9f76f5e5b2b02e557f6954af846efed,
engine/render/text_render.hpp|devilution::DrawStringFormatArg::GetType(),devilution::DrawStringFormatArg::GetType,engine/render/text_render.hpp,79,82,565abba537bed7593722d38e2117226cf2bc760b298f08f8dc77ba55e8b04db4,
engine/render/text_render.hpp|devilution::DrawStringFormatArg::GetFormatted(),devilution::DrawStringFormatArg::GetFormatted,engine/render/text_render.hpp,84,89,319cb5945293b6a8ee1f8768b6bc0075e66136efcccc97dfffb0d6c98a0f900e,
engine/render/text_render.hpp|devilution::DrawStringFormatArg::SetFormatted(std::string &&value),devilution::DrawStringFormatArg::SetFormatted,engine/render/text_render.hpp,91,94,09364a1eb615df559443fbbe0ee8275069a872b44d0c5765d961e91962c2b01f,
engine/render/text_render.hpp|devilution::DrawStringFormatArg::HasFormatted(),devilution::DrawStringFormatArg::HasFormatted,engine/render/text_render.hpp,96,99,bb184db050dc4765fd93f900310c7de0117db13ac280a188a3b13106e914fac9,
engine/render/text_render.hpp|devilution::DrawStringFormatArg::GetIntValue(),devilution::DrawStringFormatArg::GetIntValue,engine/render/text_render.hpp,101,104,eeebe852f528245fd90bc5088bbfa3a92fcb9f5c4d112c4611388f5310badeca,
engine/render/text_render.hpp|devilution::DrawStringFormatArg::GetFlags(),devilution::DrawStringFormatArg::GetFlags,engine/render/text_render.hpp,106,109,0815bbc39fe602ece951e602ceea1b5e618b85427b6e353fdc52eaf3e712761a,
"engine/render/text_render.hpp|devilution::DrawString(const Surface &out, string_view text, const Point &position, UiFlags flags = UiFlags::None, int spacing = 1, int lineHeight = -1)",devilution::DrawString,engine/render/text_render.hpp,206,209,d82146c1d2616d11240a1e46d5cde0fa27d93024ff102b9bf920913210632de4,
"engine/render/text_render.hpp|devilution::DrawStringWithColors(const Surface &out, string_view fmt, std::vector<DrawStringFormatArg> args, const Rectangle &rect, UiFlags flags = UiFlags::None, int spacing = 1, int lineHeight = -1)",devilution::DrawStringWithColors,engine/render/text_render.hpp,228,231,fd3da154b5f00e2896c84b7241de9fef77a330594c234af5512a91654c49c935,
"engine/size.hpp|devilution::SizeOf::SizeOf(SizeT width, SizeT height)",devilution::SizeOf::SizeOf,engine/size.hpp,16,20,1d07d9bba240ab6a06d07eb713a978a96e55026a75a2c116dde58b28784bdc3f,
engine/size.hpp|devilution::SizeOf::SizeOf(SizeT size),devilution::SizeOf::SizeOf,engine/size.hpp,22,26,937f485300689f7ef98b1bdddac8cfcef12cf89c23694861c02c7b12108bd77c,
engine/size.hpp|devilution::SizeOf::operator==(const SizeOf<SizeT> &other),devilution::SizeOf::operator==,engine/size.hpp,28,31,134a9aba4747c25e9739aedcb748fe511b95ae05702133d7183423223bcb91b5,
engine/size.hpp|devilution::SizeOf::operator!=(const SizeOf<SizeT> &other),devilution::SizeOf::operator!=,engine/size.hpp,33,36,431ab8c257642c16d75cd2a17959c0b3fd8b4acb929b4e3ecb1172ba92d8fbc7,
engine/size.hpp|devilution::SizeOf::operator+=(SizeT factor),devilution::SizeOf::operator+=,engine/size.hpp,38,43,87bffdc0704549acce8a5c7a74e9d2bac435cc4131e0bba57a557e4f0ed6b4d0,
engine/size.hpp|devilution::SizeOf::operator-=(SizeT factor),devilution::SizeOf::operator-=,engine/size.hpp,45,48,331ab53817529be96d860937761208c9bab87d1a66b5da5696d019557ce1d263,
engine/size.hpp|devilution::SizeOf::operator*=(SizeT factor),devilution::SizeOf::operator*=,engine/size.hpp,50,55,9a7af38b45abb7c832414d2bc7345fff3f274338982baef62f6f9f753fd0b394,
engine/size.hpp|devilution::SizeOf::operator*=(float factor),devilution::SizeOf::operator*=,engine/size.hpp,57,62,dc082fb2463e29fd56aeddab09de20f7aab4a45203f5cd9a2915302dc0e558f8,
engine/size.hpp|devilution::SizeOf::operator/=(SizeT factor),devilution::SizeOf::operator/=,engine/size.hpp,64,69,1328b6ef69b83d1a4e5b00a3b873fb1ecfccb8f6be5f1211ba14dcb3742c68d1,
"engine/size.hpp|devilution::SizeOf::operator+(SizeOf<SizeT> a, SizeT factor)",devilution::SizeOf::operator+,engine/size.hpp,71,75,c854846e8a4ebb9f4202e8a050d642118ef5f1d5d4d0a179aac901d533085b3f,
"engine/size.hpp|devilution::SizeOf::operator-(SizeOf<SizeT> a, SizeT factor)",devilution::SizeOf::operator-,engine/size.hpp,77,81,7a04787667f350d3e7c341a2683f2aeb108cec62d7e67b8d825b96af90ff8405,
"engine/size.hpp|devilution::SizeOf::operator*(SizeOf<SizeT> a, SizeT factor)",devilution::SizeOf::operator*,engine/size.hpp,83,87,a2c99f5a09fa19e3dc5c834b0255a1f90e4031feb026ae807dad5982227388e4,
"engine/size.hpp|devilution::SizeOf::operator/(SizeOf<SizeT> a, SizeT factor)",devilution::SizeOf::operator/,engine/size.hpp,89,93,7a2c26fe86a3b4df860f1601a230e36da71adee804363d36d2d3764c6f631057,
engine/sound.cpp|devilution::GetMp3Path(const char *path),devilution::GetMp3Path,engine/sound.cpp,41,47,aab3e25f01780ea1c6ce8b5896997465a8fb68d33d17b6ad7c92987b7ff86a8d,
"engine/sound.cpp|devilution::LoadAudioFile(const char *path, bool stream, bool errorDialog, SoundSample &result)",devilution::LoadAudioFile,engine/sound.cpp,49,105,fa35a4c368274a47fd3db994d67431b848efe5ab80b84f968ecb70780742ae95,0x140164e40
engine/sound.cpp|devilution::DuplicateSound(const SoundSample &sound),devilution::DuplicateSound,engine/sound.cpp,110,128,fb9c4623227ff8a627ec21fe1ea5bb175f4ad815a65625f5f6a55918363138ae,
engine/sound.cpp|devilution::CapVolume(int volume),devilution::CapVolume,engine/sound.cpp,153,156,40ca9933b0a89797b7515e3f665f8cf3bfd532ce2b40f405ec38277786540dd2,
engine/sound.cpp|devilution::ClearDuplicateSounds(),devilution::ClearDuplicateSounds,engine/sound.cpp,160,164,6f6d279ee71cc0e4e90dc7469b75e0a07b1e58b3a04b2acf427dc01c8f27a97c,
"engine/sound.cpp|devilution::snd_play_snd(TSnd *pSnd, int lVolume, int lPan)",devilution::snd_play_snd,engine/sound.cpp,166,186,46b6227f84479547559dcb7c4bec2e74862457136ecaa612d1f2f486bec3feeb,
"engine/sound.cpp|devilution::sound_file_load(const char *path, bool stream)",devilution::sound_file_load,engine/sound.cpp,188,196,9d40015ed0b366a3ac505e79cbf2fe4c7fc4ffdb441129238941a24d8500d11b,
engine/sound.cpp|devilution::TSnd::~TSnd(),devilution::TSnd::~TSnd,engine/sound.cpp,198,203,f9d05af49c933771b16c34c6fa469e4da0a4fefdf2ad6833e9bcdf900906eefb,
engine/sound.cpp|devilution::snd_init(),devilution::snd_init,engine/sound.cpp,205,226,b1cf5c3d6a0a1161d966252f4b2a498a08f2074d5072a496f073bda8e55f86c0,0x140161410
engine/sound.cpp|devilution::snd_deinit(),devilution::snd_deinit,engine/sound.cpp,228,236,44476d98898a464645127bd64c3e047d63b2f4ff83d2fdb726114cc4929462c4,
engine/sound.cpp|devilution::GetLevelMusic(dungeon_type dungeonType),devilution::GetLevelMusic,engine/sound.cpp,238,258,4a69ce93eb81707398356be06e00d72c20cd4fc0273e27510f6033742c09fea2,
engine/sound.cpp|devilution::music_stop(),devilution::music_stop,engine/sound.cpp,260,264,a7e7bd63668086ded85603fdc7755faee4c31cf3f9a7382f1dcce4c3d1a94b80,
engine/sound.cpp|devilution::music_start(_music_id nTrack),devilution::music_start,engine/sound.cpp,266,299,cacb53bedc691b4be3a35871f8a6dea26fb90e1b9f99ccbc0d402812b63f7adb,
engine/sound.cpp|devilution::sound_disable_music(bool disable),devilution::sound_disable_music,engine/sound.cpp,301,308,f1a3c758e0a81bfa34c443f61a9d28ee26a70c38fd19e22162a2c7b5e2200212,
engine/sound.cpp|devilution::sound_get_or_set_music_volume(int volume),devilution::sound_get_or_set_music_volume,engine/sound.cpp,310,321,99f8d367ff164537a580aff7600e8e22aa6f72fa6a91cf580110bf5c0b7697a4,
engine/sound.cpp|devilution::sound_get_or_set_sound_volume(int volume),devilution::sound_get_or_set_sound_volume,engine/sound.cpp,323,331,7448d3517a4d22b15e35ff312f4fd6e485c42641cd852bf66760f12ab57e3d17,
engine/sound.cpp|devilution::music_mute(),devilution::music_mute,engine/sound.cpp,333,337,8bead310bd8a603cb6d8f4f6858e3b223edb51c2778ac4ac9bd6606d6fc27f2d,
engine/sound.cpp|devilution::music_unmute(),devilution::music_unmute,engine/sound.cpp,339,343,24f73a80e39124dac4f613b975a460b5ad02271736949aa070658da070ea16a8,
engine/sound.h|devilution::TSnd::isPlaying(),devilution::TSnd::isPlaying,engine/sound.h,39,42,bcd891dec0ee928922be649775b5edc29ea469dc9bb6966aae79c44c8933f952,
"engine/sound_position.cpp|devilution::CalculateSoundPosition(Point soundPosition, int *plVolume, int *plPan)",devilution::CalculateSoundPosition,engine/sound_position.cpp,8,24,cf1bb18ba2f4a86c9869b2238d2106b55d939289b59b9dd3fd552488c1310356,
engine/sound_stubs.cpp|devilution::ClearDuplicateSounds(),devilution::ClearDuplicateSounds,engine/sound_stubs.cpp,14,14,34a552c5d482be86876075cd0e072afdf1555216ae6c98bbcbd7606cefb8a96a,
"engine/sound_stubs.cpp|devilution::snd_play_snd(TSnd *pSnd, int lVolume, int lPan)",devilution::snd_play_snd,engine/sound_stubs.cpp,15,15,3fdb4e384dc66eecc02638f3e12be335a04cf9f65a37940524a0a0618c98199f,
"engine/sound_stubs.cpp|devilution::sound_file_load(const char *path, bool stream)",devilution::sound_file_load,engine/sound_stubs.cpp,16,16,9627505b60dac037382611b94b157289c659cfee66fffe95cceb2bb17a3f63e2,
engine/sound_stubs.cpp|devilution::TSnd::~TSnd(),devilution::TSnd::~TSnd,engine/sound_stubs.cpp,17,19,43ac21aad775f49785984eaff88c92ab34b4e05ba37e68349fddd958f25d304a,
engine/sound_stubs.cpp|devilution::snd_init(),devilution::snd_init,engine/sound_stubs.cpp,20,20,e9ad31c49cea99f76e7b86ae89eb8776c0f6b379f108518b510462c2e04da1f9,
engine/sound_stubs.cpp|devilution::snd_deinit(),devilution::snd_deinit,engine/sound_stubs.cpp,21,21,c7e30bd5163971553702d8eba854ba8d0ead3ccc5dbb326750297e6cbbaa20cf,
engine/sound_stubs.cpp|devilution::music_stop(),devilution::music_stop,engine/sound_stubs.cpp,22,22,fd289d59e977d81ef9dfee7d755a346cb3fa00f01d6df16d8d855ee6cbc8b11f,
engine/sound_stubs.cpp|devilution::music_start(_music_id nTrack),devilution::music_start,engine/sound_stubs.cpp,23,23,68d2527359cde003b69c9f5810b286fe17d73e2242c0e32a43593ca811900da1,
engine/sound_stubs.cpp|devilution::sound_disable_music(bool disable),devilution::sound_disable_music,engine/sound_stubs.cpp,24,24,5a1dc41434c0581def82eba3c41a952630b791eff0a4ad95e6db522f5866c883,
engine/sound_stubs.cpp|devilution::sound_get_or_set_music_volume(int volume),devilution::sound_get_or_set_music_volume,engine/sound_stubs.cpp,25,25,2c8a9060115598c4e7fa47b090fc22ab1ec022d238ee5e6fdd9ded7fdb7b0441,
engine/sound_stubs.cpp|devilution::sound_get_or_set_sound_volume(int volume),devilution::sound_get_or_set_sound_volume,engine/sound_stubs.cpp,26,26,06e548e36493a60625737d60f7c0b3af1ec25e34c584b2b831b769c2a926c999,
engine/sound_stubs.cpp|devilution::music_mute(),devilution::music_mute,engine/sound_stubs.cpp,27,27,2ed9d11f450fbd7ebdff866643367faa33868e602642d4cacb872f3ae4cf755b,
engine/sound_stubs.cpp|devilution::music_unmute(),devilution::music_unmute,engine/sound_stubs.cpp,28,28,d313c2e4deb24fd0fe3f4bd0544e4c9dc6a74c8603b32a40eec8d99bb5b02e99,
engine/sound_stubs.cpp|devilution::GetLevelMusic(dungeon_type dungeonType),devilution::GetLevelMusic,engine/sound_stubs.cpp,29,29,e72002c133ae33799f41812647668c6dbe1c241ed4f0ccbf3c483058008243dd,
"engine/surface.cpp|devilution::SurfaceBlit(const Surface &src, SDL_Rect srcRect, const Surface &dst, Point dstPosition)",devilution::SurfaceBlit,engine/surface.cpp,10,40,d32b10ddb32cb6f5ed124458c1c42407a96e018d3665f024d4b7e9c6b9c1e8e6,
"engine/surface.cpp|devilution::Surface::BlitFrom(const Surface &src, SDL_Rect srcRect, Point targetPosition)",devilution::Surface::BlitFrom,engine/surface.cpp,44,47,407c7adb6ca8ce287c05799957fc03bd71716985f1727363ac9dc5c530dce1e6,
"engine/surface.cpp|devilution::Surface::BlitFromSkipColorIndexZero(const Surface &src, SDL_Rect srcRect, Point targetPosition)",devilution::Surface::BlitFromSkipColorIndexZero,engine/surface.cpp,49,52,b83dafdc08348d656fca4aefc3c1c16fcfb623a284d8091387a165775e1efd9d,
engine/surface.hpp|devilution::Surface::Surface(),devilution::Surface::Surface,engine/surface.hpp,29,33,0ea94f15291d57acf0ba2cd20531ed36b0e814e3c0a89c4c9ed91431fdf7656b,
engine/surface.hpp|devilution::Surface::Surface(SDL_Surface *surface),devilution::Surface::Surface,engine/surface.hpp,35,39,c63e6d1fdb231487bc484dd96f8cf12e9afe2888501748f3237d5f113051df51,
"engine/surface.hpp|devilution::Surface::Surface(SDL_Surface *surface, SDL_Rect region)",devilution::Surface::Surface,engine/surface.hpp,41,45,009ed1a55ced2adcde5e3b8f31ef425204596eb5d027aa67b31de7739dc2bff5,
engine/surface.hpp|devilution::Surface::w(),devilution::Surface::w,engine/surface.hpp,50,53,023d1c394c6b239c02b3fc752554d76a16924ef8594a49b5053776da6a3b2fb3,
engine/surface.hpp|devilution::Surface::h(),devilution::Surface::h,engine/surface.hpp,54,57,0749dcf112d846858e1785b217ad5953231d02ddf2b86f451ae52d6313626ab4,
engine/surface.hpp|devilution::Surface::operator[](Point p),devilution::Surface::operator[],engine/surface.hpp,59,62,4b0170e87571db263dd536880c1fcdfa3e75262cb7455bff00be2d86eb36ece3,
"engine/surface.hpp|devilution::Surface::at(int x, int y)",devilution::Surface::at,engine/surface.hpp,64,67,b34cc8cedd0d06f7df85a5d84be71660e9f7001afc9ccba5bbefabce6cf80600,
engine/surface.hpp|devilution::Surface::begin(),devilution::Surface::begin,engine/surface.hpp,69,72,d7de6a4c33a84e6fbeec3a1f7fff015dacce4d191a6f09006031b41164fa499e,
engine/surface.hpp|devilution::Surface::end(),devilution::Surface::end,engine/surface.hpp,73,76,f560f52e4a6d30bce9925e1f4c60844cd2924abb5fc2a7127e78ce3b11ba98ce,
"engine/surface.hpp|devilution::Surface::SetPixel(Point position, std::uint8_t col)",devilution::Surface::SetPixel,engine/surface.hpp,83,87,0e78738e2193b07f4892592aa2cbfa1b62c26a4749368063a8634776ec18f578,
engine/surface.hpp|devilution::Surface::pitch(),devilution::Surface::pitch,engine/surface.hpp,93,96,889c6aa91ecbd3389a77aa4379f4c1ed4346083e9fa7527990105cc649415833,
engine/surface.hpp|devilution::Surface::InBounds(Point position),devilution::Surface::InBounds,engine/surface.hpp,98,101,99fc6856ed8f6d5d11e5bacced7adc65d6bb740e714a846c4b911cd635100d51,
"engine/surface.hpp|devilution::Surface::subregion(int x, int y, int w, int h)",devilution::Surface::subregion,engine/surface.hpp,106,109,d2cbe6f935ff6b65be7ac14385ceca23e18998f442a38aba41f8cb9203a531c9,
"engine/surface.hpp|devilution::Surface::subregionY(int y, int h)",devilution::Surface::subregionY,engine/surface.hpp,114,120,301b98823c00522582dc50bc89a7d720ae917196ac9b0001dd1245bc3e284941,
"engine/surface.hpp|devilution::Surface::Clip(SDL_Rect *srcRect, Point *targetPosition)",devilution::Surface::Clip,engine/surface.hpp,125,143,ca9dd732e238d096973816a3730f69f62379e16f447815b19b997b3872c60694,
engine/surface.hpp|devilution::OwnedSurface::OwnedSurface(SDLSurfaceUniquePtr surface),devilution::OwnedSurface::OwnedSurface,engine/surface.hpp,161,165,01785992ac9cdf8532642854e2428e1b6c4433fcd65aa2238cbdbb3cd9052e01,
"engine/surface.hpp|devilution::OwnedSurface::OwnedSurface(int width, int height)",devilution::OwnedSurface::OwnedSurface,engine/surface.hpp,167,170,eb82ae44d4103e9efbbe357862f69d39268e2af0e667a9f5d39a0a9abe9cd324,
engine/surface.hpp|devilution::OwnedSurface::OwnedSurface(Size size),devilution::OwnedSurface::OwnedSurface,engine/surface.hpp,172,175,0057acc3c307029817a055cde769ebc37d2a9539356fdcc0cb300e861b2a261e,
engine/trn.cpp|devilution::GetInfravisionTRN(),devilution::GetInfravisionTRN,engine/trn.cpp,16,19,429a3d6fd40b1bc4501cf65221d2bb5089c432a5a3ff3d8eb7a8de037c98a38c,
engine/trn.cpp|devilution::GetStoneTRN(),devilution::GetStoneTRN,engine/trn.cpp,21,24,9b7c6f770bfbc52f9df50a864fbe415d7c0b43095c90246903b76bc70dd83aaf,
engine/trn.cpp|devilution::GetPauseTRN(),devilution::GetPauseTRN,engine/trn.cpp,26,29,af251da542948219a48b8a1c9e9c03f05296c830709d77c5d6245d623a0ca02a,
engine/trn.cpp|devilution::GetClassTRN(Player &player),devilution::GetClassTRN,engine/trn.cpp,31,66,a8321050bde9f4e7d89ac4dbd9aad59e24750213683f4b5dacd967cbc0d9693c,
engine/world_tile.hpp|std::hash::operator()(),std::hash::operator(),engine/world_tile.hpp,29,32,025bca9111269261fcc7b2ead3fd5c9bb2d083cc0ec8805acef148a2621db5b3,
error.cpp|devilution::InitNextLines(),devilution::InitNextLines,error.cpp,35,51,b8b6f0cc83aedcb49dcd9b490548fb08d29877de65b584723149beb530496764,
"error.cpp|devilution::InitDiabloMsg(diablo_message e, uint32_t duration)",devilution::InitDiabloMsg,error.cpp,114,117,52ffe072d69cea5441d0f9ef23756b928a3034a820066d03b16ee21bfb1f65ed,
"error.cpp|devilution::InitDiabloMsg(string_view msg, uint32_t duration)",devilution::InitDiabloMsg,error.cpp,119,134,1e0a3e5c9b17c8e97413a13798bb6934cfd91bd838bbfbfadb35757b61261720,
error.cpp|devilution::IsDiabloMsgAvailable(),devilution::IsDiabloMsgAvailable,error.cpp,136,139,11996ccecad91e244f1bfb6756a7b18d78e1dd0a964d489fb48a9e4f66bc88a0,
error.cpp|devilution::CancelCurrentDiabloMsg(),devilution::CancelCurrentDiabloMsg,error.cpp,141,150,4c86e6f52f4d4e0ea71afcd89959f66ebff61fa91e53134bd6c8c1f1cb8b073c,
error.cpp|devilution::ClrDiabloMsg(),devilution::ClrDiabloMsg,error.cpp,152,155,460743a08a5f9c890d31f695f56e32de9fa0e85a82e712fdf2ecc6127f234884,
error.cpp|devilution::DrawDiabloMsg(const Surface &out),devilution::DrawDiabloMsg,error.cpp,157,200,adba68699339870e708964eda0305e21e3eff31c98ea048b666507dc025a0a4c,
gamemenu.cpp|devilution::GamemenuUpdateSingle(),devilution::GamemenuUpdateSingle,gamemenu.cpp,80,87,0ab2c6871d076cb93005ba7693ed0c0d9ab02612994a2a86fd195c605d68883a,
gamemenu.cpp|devilution::GamemenuUpdateMulti(),devilution::GamemenuUpdateMulti,gamemenu.cpp,89,92,8221ce05a32ee5160950eed930e7a2dcf1a9307f14c032942acfe22fd3544d85,
gamemenu.cpp|devilution::GamemenuPrevious(bool),devilution::GamemenuPrevious,gamemenu.cpp,94,97,9c16cebe425a4e8936f01d4e443bc80de61a6712abef6729cb13dab0a7b32193,
gamemenu.cpp|devilution::GamemenuNewGame(bool),devilution::GamemenuNewGame,gamemenu.cpp,99,114,0b18eb0395ce0c7a0742bcfdc46f7163f9c7745f7ab1db87b7df6f008b652152,
gamemenu.cpp|devilution::GamemenuRestartTown(bool),devilution::GamemenuRestartTown,gamemenu.cpp,116,119,f21210cbd0db60d4a1816d286a2047a0fe72399ba918927bf969e9668f77c179,
"gamemenu.cpp|devilution::GamemenuSoundMusicToggle(const char *const *names, TMenuItem *menuItem, int volume)",devilution::GamemenuSoundMusicToggle,gamemenu.cpp,121,133,ca8df1f19f9c45a47ed7ec1ef7a53036c1d0648dd556fd611bce92aebb71937e,
gamemenu.cpp|devilution::GamemenuSliderMusicSound(TMenuItem *menuItem),devilution::GamemenuSliderMusicSound,gamemenu.cpp,135,138,0252c12824a67de09cd0fa8b4804a4108f7fa0248bb05cdff1bd33ea406473ed,
gamemenu.cpp|devilution::GamemenuGetMusic(),devilution::GamemenuGetMusic,gamemenu.cpp,140,143,5eb2df46b3768a44318349aa1fd81dd8420a192b6d84608f0228221123080726,
gamemenu.cpp|devilution::GamemenuGetSound(),devilution::GamemenuGetSound,gamemenu.cpp,145,148,6378caea11c5a461da28fd380052dc1cc2c003d6dcb6e4bc9f664f0fe765e2ba,
gamemenu.cpp|devilution::GamemenuGetGamma(),devilution::GamemenuGetGamma,gamemenu.cpp,150,154,7b21c91c7aa11d4319154d21284ea5dcc4208e7974c309ad9f58709a687a48e2,
gamemenu.cpp|devilution::GamemenuGetSpeed(),devilution::GamemenuGetSpeed,gamemenu.cpp,156,176,6bf2469846b297d53b336d69444bc6ffa45f052aecd30871f1b01ca611935902,
gamemenu.cpp|devilution::GamemenuSliderGamma(),devilution::GamemenuSliderGamma,gamemenu.cpp,178,181,f3cd09e27f0262c37c83b2cee7d2bfc2e3215c84da8f4d852e7d50d92b874c63,
gamemenu.cpp|devilution::GamemenuOptions(bool),devilution::GamemenuOptions,gamemenu.cpp,183,190,3d559b9882d3da64e7f1e4d3c81e65b15896bd0edb9b06576c79745253606881,
gamemenu.cpp|devilution::GamemenuMusicVolume(bool bActivate),devilution::GamemenuMusicVolume,gamemenu.cpp,192,219,d3c025ca8ec6bc17d5b45848c2530ec791f3e341fb0159b763324ee090afdeed,
gamemenu.cpp|devilution::GamemenuSoundVolume(bool bActivate),devilution::GamemenuSoundVolume,gamemenu.cpp,221,246,254f44bfc409c58236aae0ff3b14e603f14ac58ba9c7ab7865dcbbd45dc9f437,
gamemenu.cpp|devilution::GamemenuGamma(bool bActivate),devilution::GamemenuGamma,gamemenu.cpp,248,263,f864f1b72de488330622e892fb2143ba6af784818abec3ad16c9420382511828,
gamemenu.cpp|devilution::GamemenuSpeed(bool bActivate),devilution::GamemenuSpeed,gamemenu.cpp,265,279,009717494d8b72e90b34205edf05b90d6ae44fd266377d597d8642a65e4d8463,
gamemenu.cpp|devilution::gamemenu_quit_game(bool bActivate),devilution::gamemenu_quit_game,gamemenu.cpp,283,291,123e2d3df316b7c26c993d930a45aea6289e7d36d8e680c4a968c842dce1702d,
gamemenu.cpp|devilution::gamemenu_load_game(bool),devilution::gamemenu_load_game,gamemenu.cpp,293,314,31d5785055887e0219cb71045dc645083e333620e6a632247486248bfcc5647c,
gamemenu.cpp|devilution::gamemenu_save_game(bool),devilution::gamemenu_save_game,gamemenu.cpp,316,344,de798347419abdd59144dd35fffcbcd8ada7f32ce523ae2749ed11c3a02d8fab,
gamemenu.cpp|devilution::gamemenu_on(),devilution::gamemenu_on,gamemenu.cpp,346,354,85f64fd2e9b246d908a2acf4000b8baa8d08bc7db6ba20d7bc68f84409121d37,
gamemenu.cpp|devilution::gamemenu_off(),devilution::gamemenu_off,gamemenu.cpp,356,359,3d003cf3a5f89936d3ac54f52562b19a319273139b4c432dccebb02157f2fc25,
gamemenu.cpp|devilution::gamemenu_handle_previous(),devilution::gamemenu_handle_previous,gamemenu.cpp,361,367,21f8a16be66579debcc262c278bd396eece66ab9be151d105e703a222dc8685f,
gmenu.cpp|devilution::GmenuUpDown(bool isDown),devilution::GmenuUpDown,gmenu.cpp,61,87,fa26b5d9e5b5575f906ee51516e54082ae01582a076bdfa56d33b05d7409b436,
gmenu.cpp|devilution::GmenuLeftRight(bool isRight),devilution::GmenuLeftRight,gmenu.cpp,89,106,131c4f8f4fd1b76974055395a245cde8a55c6cc4706a346c7cfeabeb7ab447f0,
gmenu.cpp|devilution::GmenuGetLineWidth(TMenuItem *pItem),devilution::GmenuGetLineWidth,gmenu.cpp,108,114,007bc52be2caf87b9b8385058330b4d38e854111a8175a68d23e388d44680fe7,
"gmenu.cpp|devilution::GmenuDrawMenuItem(const Surface &out, TMenuItem *pItem, int y)",devilution::GmenuDrawMenuItem,gmenu.cpp,116,138,09300a70573b0e32ff5292214cde0535a24a3bf40b54879aecf9f2a86d2769e3,
gmenu.cpp|devilution::GameMenuMove(),devilution::GameMenuMove,gmenu.cpp,140,148,b7cf2a06b9c063fb00013686434fd6d0e721977032750d6e18f44d21510b56e7,
gmenu.cpp|devilution::GmenuMouseIsOverSlider(),devilution::GmenuMouseIsOverSlider,gmenu.cpp,150,160,76b5abbfe4d0e560ab5c893bab133bb35e5b9b7ce4f06d5e8be2e2f87448e744,
gmenu.cpp|devilution::GmenuGetSliderFill(),devilution::GmenuGetSliderFill,gmenu.cpp,162,165,df862df468855961dd1d2b1d9d8ca098a8ae8fec54d6d6d83e9e5bdd6cbd4c3d,
gmenu.cpp|devilution::gmenu_draw_pause(const Surface &out),devilution::gmenu_draw_pause,gmenu.cpp,171,179,906297f4fa873c5032cd31515c94c754994e6cfcf943c1d298214c47a11b4efc,
gmenu.cpp|devilution::FreeGMenu(),devilution::FreeGMenu,gmenu.cpp,181,187,45f4881c34f956dc0c9c7ff9bfd8d9bc20dfb23a62f6f1ed4f2499dad2fb27f4,
gmenu.cpp|devilution::gmenu_init_menu(),devilution::gmenu_init_menu,gmenu.cpp,189,208,0efa57d381d869c7e95e43364794161be95340f333c5fe0ecdd556088336b272,
gmenu.cpp|devilution::gmenu_is_active(),devilution::gmenu_is_active,gmenu.cpp,210,213,7fb7d8109c04647b885ead19ed4509a7908793947a644e25b008cb3019bd0014,
"gmenu.cpp|devilution::gmenu_set_items(TMenuItem *pItem, void (*gmFunc)())",devilution::gmenu_set_items,gmenu.cpp,215,235,9a266eb33e0eb0a3cab03e62b39a9a4d9bff651de7e3489cbe2a6dbaab0a078d,
gmenu.cpp|devilution::gmenu_draw(const Surface &out),devilution::gmenu_draw,gmenu.cpp,237,265,eae75bc2ea192cef521b7bb13a0ee31d413bd78813fa2158948f0aa10610baef,
gmenu.cpp|devilution::gmenu_presskeys(SDL_Keycode vkey),devilution::gmenu_presskeys,gmenu.cpp,267,301,02e2781dcc80cff672256bc76e9bc688a8c32b1e6fba98ad22dfb22001983bd7,
gmenu.cpp|devilution::gmenu_on_mouse_move(),devilution::gmenu_on_mouse_move,gmenu.cpp,303,313,ac2c84524ae83a9c70d6e3a1099d36d811bed0f000744918c76ebed9ed7a1596,
gmenu.cpp|devilution::gmenu_left_mouse(bool isDown),devilution::gmenu_left_mouse,gmenu.cpp,315,360,e2c148e97542c1ffee5027c94bf3480b4bfae2a92c496221116c98d4d99cdb59,
"gmenu.cpp|devilution::gmenu_slider_set(TMenuItem *pItem, int min, int max, int value)",devilution::gmenu_slider_set,gmenu.cpp,362,367,5bdd1f6b09f364c1822c32947106abf6717bb05618a10779830340759ef14c63,
"gmenu.cpp|devilution::gmenu_slider_get(TMenuItem *pItem, int min, int max)",devilution::gmenu_slider_get,gmenu.cpp,369,374,aaaf8de5dd2325b42f0b3e551784c5311a63098edf04cc950ee3c2eae9996c23,
"gmenu.cpp|devilution::gmenu_slider_steps(TMenuItem *pItem, int steps)",devilution::gmenu_slider_steps,gmenu.cpp,376,380,79fef71e22d3de1ec3fb9b233a5e0f6cebe7e7948f03d9810f19462ba890bded,
gmenu.h|devilution::TMenuItem::enabled(),devilution::TMenuItem::enabled,gmenu.h,22,25,e25d301d59523ddf0055fb82d20b620303b595810967f86dce34590a0e545700,
gmenu.h|devilution::TMenuItem::isSlider(),devilution::TMenuItem::isSlider,gmenu.h,27,30,c648202c7008fb7c9628b085d2a4e514c71455c1be22e2df4d000f5024c6c2ac,
gmenu.h|devilution::TMenuItem::sliderStep(),devilution::TMenuItem::sliderStep,gmenu.h,32,35,c424679fdebac46fb635b98207ba660095bf64d354cccae7b783bd2ea79df70d,
gmenu.h|devilution::TMenuItem::setSliderStep(uint16_t step),devilution::TMenuItem::setSliderStep,gmenu.h,37,41,d4d8a74bf62e153b21d9038a4d6fb619b60e9640823fe191ba8795725e6aa017,
gmenu.h|devilution::TMenuItem::sliderSteps(),devilution::TMenuItem::sliderSteps,gmenu.h,43,46,bb8b4febe88285f88d59f0650e0e8ff07df317d303816c65caa59d1cbe02a3fc,
gmenu.h|devilution::TMenuItem::setSliderSteps(uint16_t steps),devilution::TMenuItem::setSliderSteps,gmenu.h,48,51,2bebadf73a9b44dd9d5a6d0eb401992e220923a65ef4870d737c0d810fcb698c,
gmenu.h|devilution::TMenuItem::addFlags(uint32_t flags),devilution::TMenuItem::addFlags,gmenu.h,53,56,b672c51e2fa7fe1c551b177fed01a8bc81594cd165eea6784da678a021b3d1c2,
gmenu.h|devilution::TMenuItem::removeFlags(uint32_t flags),devilution::TMenuItem::removeFlags,gmenu.h,58,61,f3d21e00741b8f6617469c374cb2c89ef31ffa92a571e523f70fa9ea83309277,
gmenu.h|devilution::TMenuItem::setEnabled(bool enabled),devilution::TMenuItem::setEnabled,gmenu.h,63,70,a7fcfb380665f029946e15e533d22a10a0e66515db42c2cecaf35607886b7bbb,
help.cpp|devilution::LineHeight(),devilution::LineHeight,help.cpp,107,110,146a08880dcb957ab7e0cd34cfd1b434758d03ed906b98699b374d4a71937415,
help.cpp|devilution::BlankLineHeight(),devilution::BlankLineHeight,help.cpp,112,115,7eb85db69677d929e31d0e2befe58e31d5f1e81ada10cda52dcc1953868f4402,
help.cpp|devilution::DividerLineMarginY(),devilution::DividerLineMarginY,help.cpp,117,120,759262e39b0ffe1a85ed869d1aa1e7a9f12373987a19f1bb01c8a7d4a1c3689b,
help.cpp|devilution::HeaderHeight(),devilution::HeaderHeight,help.cpp,122,125,ad90c7dcb33a8700dade10b8cf1f1ea3e76c152841274eaa47b6768eedcde4a5,
help.cpp|devilution::ContentPaddingY(),devilution::ContentPaddingY,help.cpp,127,130,6326feeaccde3310bd0902d7543e8100e9f4d142781d840c9376fef24c1a6db3,
help.cpp|devilution::ContentsTextHeight(),devilution::ContentsTextHeight,help.cpp,132,135,fe2e80b10f6441ef38925101972ffb3746592c34540ce682685e9e36624ad5ee,
help.cpp|devilution::NumVisibleLines(),devilution::NumVisibleLines,help.cpp,137,140,b6aed970e150d850814e3627158e69dc74f5b3bcbc6102b3018b9245d4e89264,
help.cpp|devilution::DrawHelpSlider(const Surface &out),devilution::DrawHelpSlider,help.cpp,142,162,513229b1901d8671df53a55af7e4ce358eac50691ec2bec7b6740380440e7287,
help.cpp|devilution::InitHelp(),devilution::InitHelp,help.cpp,166,188,8abbbc5576befec406e8b2f508cdeabc80cf7ff42a79763b6434ce62e7d22a99,
help.cpp|devilution::DrawHelp(const Surface &out),devilution::DrawHelp,help.cpp,190,238,e916cc3688057362272fbeca4a785e97990bc6e602f05c710e2cd805bfb4cbbf,0x14003afe0
help.cpp|devilution::DisplayHelp(),devilution::DisplayHelp,help.cpp,240,245,fa98ebca9c3e26a33a0e40c7d22cf4270d0bd338645627e79a777cd6359a7b33,
help.cpp|devilution::HelpScrollUp(),devilution::HelpScrollUp,help.cpp,247,251,5a9a4f87d444082d40f9a7844d9d227d88662eaeeff898991193d7592a48946b,
help.cpp|devilution::HelpScrollDown(),devilution::HelpScrollDown,help.cpp,253,257,c5ed939a2772ffe6d66c247d4cd1febcfd1facc9d908d5d297be096521992bcc,
hwcursor.cpp|devilution::ScaledSize(Size size),devilution::ScaledSize,hwcursor.cpp,35,45,5eb2a49199f1bc46d2f5b719120c355cbbf452a2a01162ea8e834f87d1ab2273,
hwcursor.cpp|devilution::IsCursorSizeAllowed(Size size),devilution::IsCursorSizeAllowed,hwcursor.cpp,47,54,1ed850143c76a9266e2861114fe86d2f29daf1db2124c25009857930c68df5c0,
"hwcursor.cpp|devilution::GetHotpointPosition(const SDL_Surface &surface, HotpointPosition position)",devilution::GetHotpointPosition,hwcursor.cpp,56,65,b6e3ef3ccd74c98960068028997960533249991f1f3c2eb953f8393a2a519118,
hwcursor.cpp|devilution::ShouldUseBilinearScaling(),devilution::ShouldUseBilinearScaling,hwcursor.cpp,67,70,8f004b4b6b4d5121be3dc077bad3e1021b54ba896830be9e81415450cdb6f9b3,
"hwcursor.cpp|devilution::SetHardwareCursorFromSurface(SDL_Surface *surface, HotpointPosition hotpointPosition)",devilution::SetHardwareCursorFromSurface,hwcursor.cpp,72,113,b1df6b80e04a0f2bdb6b4f3b140045ee0badb49dd909a1415b6957669082e386,0x140039cc0
"hwcursor.cpp|devilution::SetHardwareCursorFromClxSprite(ClxSprite sprite, HotpointPosition hotpointPosition)",devilution::SetHardwareCursorFromClxSprite,hwcursor.cpp,115,122,761ef5417016dc6b23067c3714078e41af604e263878aa10802acbd560502b5a,
hwcursor.cpp|devilution::SetHardwareCursorFromSprite(int pcurs),devilution::SetHardwareCursorFromSprite,hwcursor.cpp,124,152,cc330c151ee70a0bf07c67c267fc20dfcdba2cacc1d191676a3cbe4f3215606a,
hwcursor.cpp|devilution::GetCurrentCursorInfo(),devilution::GetCurrentCursorInfo,hwcursor.cpp,157,160,92d1374145fc731393271bc6deaa9df9402f64766868b9c428ff9fdba1f1efd6,
hwcursor.cpp|devilution::SetHardwareCursor(CursorInfo cursorInfo),devilution::SetHardwareCursor,hwcursor.cpp,162,194,2f47de8d20f76380d00ff6568c78c62cde2283f7c96a35a71ee65409f7f1dc5a,
hwcursor.hpp|devilution::IsHardwareCursorEnabled(),devilution::IsHardwareCursorEnabled,hwcursor.hpp,21,28,668c047b0c60d4e4e012e5c39d3cc53fc0e424ddf425e3ac005aa351c010e038,
hwcursor.hpp|devilution::CursorInfo::UserInterfaceCursor(),devilution::CursorInfo::UserInterfaceCursor,hwcursor.hpp,40,43,9d38d3af76f333631db63e2657cb0e7591c72a4a1c5350dca87ba426e123b937,
hwcursor.hpp|devilution::CursorInfo::GameCursor(int gameSpriteId),devilution::CursorInfo::GameCursor,hwcursor.hpp,45,48,a2b08a754c14e5ad25d2881187f2497b889832373e3972507a4e451f9610e0a7,
hwcursor.hpp|devilution::CursorInfo::UnknownCursor(),devilution::CursorInfo::UnknownCursor,hwcursor.hpp,50,53,3ea8cb3a61e493b1b42b610776265ac7cf7ec0b005be218aaa14f9dada5500d9,
hwcursor.hpp|devilution::CursorInfo::type(),devilution::CursorInfo::type,hwcursor.hpp,55,58,9228eeaa7ca68e73cf12461f0e62ab60c8a2cd75a8a36f9fcc11f448e0ac5f45,
hwcursor.hpp|devilution::CursorInfo::id(),devilution::CursorInfo::id,hwcursor.hpp,60,63,63a7a2dc4cc8fea73c78be717652a4009a8e3ad53137f2c48e296787eb1d706a,
hwcursor.hpp|devilution::CursorInfo::Enabled(),devilution::CursorInfo::Enabled,hwcursor.hpp,65,68,caee0fe24fdc96699f75b1056d4630ef541b0aed8aceb0c6b7235a92d96c446a,
hwcursor.hpp|devilution::CursorInfo::SetEnabled(bool value),devilution::CursorInfo::SetEnabled,hwcursor.hpp,70,78,a992974e2cc8f99d272082185cf30b82d274de355d329bebb2e867d1f73044ae,
hwcursor.hpp|devilution::CursorInfo::needsReinitialization(),devilution::CursorInfo::needsReinitialization,hwcursor.hpp,80,83,5b4dc4fa2970f01f37e52cdd2d2304c76f2fe11b76970c59fa630dd36d453660,
hwcursor.hpp|devilution::CursorInfo::setNeedsReinitialization(bool value),devilution::CursorInfo::setNeedsReinitialization,hwcursor.hpp,85,93,4700d40895ab46de8d0fa11f26670f26016065a43a8f883e48afe061ee75191a,
hwcursor.hpp|devilution::CursorInfo::operator==(const CursorInfo &other),devilution::CursorInfo::operator==,hwcursor.hpp,95,98,7d2fd23b3ec2864629eda9d611870958ad6fcc0a687e019c5751fc26c6d49a6d,
hwcursor.hpp|devilution::CursorInfo::operator!=(const CursorInfo &other),devilution::CursorInfo::operator!=,hwcursor.hpp,99,102,60082eb46c4fe0b984cc874e082cdd29605eb08b1df9c2e9fd38ae24c155bb24,
"hwcursor.hpp|devilution::CursorInfo::CursorInfo(CursorType type, int id = 0)",devilution::CursorInfo::CursorInfo,hwcursor.hpp,105,110,8e7b8769b2be9b7e831cbb9392a30c2c3e48d2e1bff4fd3ebd2a47d0f2e6a0ac,
hwcursor.hpp|devilution::IsHardwareCursor(),devilution::IsHardwareCursor,hwcursor.hpp,125,128,16e8b299bfb50aaa83a533dc4d3788c3cc0587e70eb7179d4e65d8d1a76018fb,
hwcursor.hpp|devilution::DoReinitializeHardwareCursor(),devilution::DoReinitializeHardwareCursor,hwcursor.hpp,132,138,91ddd064d2e60e3ca84a53c1b76374ccd014d8c0effaf749a79551bafb7b95e2,
hwcursor.hpp|devilution::IsHardwareCursorVisible(),devilution::IsHardwareCursorVisible,hwcursor.hpp,140,147,d82a2b1d1451871150ea208f9d5a0fe385e58edb58a01e4a5e2d10b06ac950c6,
hwcursor.hpp|devilution::SetHardwareCursorVisible(bool visible),devilution::SetHardwareCursorVisible,hwcursor.hpp,149,165,fd1ec9879f3c34a1b9e29d314e4082e60d86f3037560888a932fc1d90b5b6b22,
hwcursor.hpp|devilution::ReinitializeHardwareCursor(),devilution::ReinitializeHardwareCursor,hwcursor.hpp,167,174,5bee9d406bb9910824fc1ff757df8b4e0dbed783333dbe7544b9207ebb2337dc,
"init.cpp|devilution::LoadMPQ(const std::vector<std::string> &paths, string_view mpqName)",devilution::LoadMPQ,init.cpp,97,117,6fe5ebe9f7798b263f20f7f8258d9782b39426abf6c7e86b6342656236688be1,0x140041d90
init.cpp|devilution::GetMPQSearchPaths(),devilution::GetMPQSearchPaths,init.cpp,120,172,645427a4725e6c47df82917a9298d9c4c9ba8ebdd91473e490c8e013d8b87008,0x140040ed0
init.cpp|devilution::CheckExtraFontsVersion(AssetRef &&ref),devilution::CheckExtraFontsVersion,init.cpp,174,186,acb6a60b97502be4edd8a3ef58f7807563811be3dae2bd45efb64f50b87f40cd,
init.cpp|devilution::AreExtraFontsOutOfDate(MpqArchive &archive),devilution::AreExtraFontsOutOfDate,init.cpp,201,213,39a45c471f4e648094aff02d58fabd9379ce6a7579e930d81b7fad0035aae66f,
init.cpp|devilution::init_cleanup(),devilution::init_cleanup,init.cpp,216,244,5a8c9df9e635870675dde2da2cafed7749f3cf3becc1f081bf37b4919f3f562f,
init.cpp|devilution::LoadCoreArchives(),devilution::LoadCoreArchives,init.cpp,246,259,7feb8d207a9a10a3fb8043f1d665ae3a119133dadca215fe56cb721b4c890e0b,
init.cpp|devilution::LoadLanguageArchive(),devilution::LoadLanguageArchive,init.cpp,261,279,278631069c4d49a482a08f345a613b42cf95dcde747627e1286565d2f15c622c,
init.cpp|devilution::LoadGameArchives(),devilution::LoadGameArchives,init.cpp,281,360,690a456e7972a07d1176e7343d6eee8bee42d71dc00662b23768c9e1922cdff0,0x140042a60
init.cpp|devilution::init_create_window(),devilution::init_create_window,init.cpp,362,371,f22c6cbbf437683c8f42e1b6f8ffbaf556e89c231e996db36a0cbbe954ba296b,
init.cpp|devilution::MainWndProc(const SDL_Event &event),devilution::MainWndProc,init.cpp,373,420,445c8066f620d854d7c0aca6d163ce5085fb1aba1c6c7df04df92be75af65d8f,0x14003b830
init.h|devilution::HaveSpawn(),devilution::HaveSpawn,init.h,50,57,5b2b46b5e4605e08b94277ee19c03cc3d4ec7ae8eba818e523b04756fb10ac35,
init.h|devilution::HaveDiabdat(),devilution::HaveDiabdat,init.h,59,66,c49a7817a879d9b325d2c8695441dfaed59530b24f3d1d8cb9201c0156093b5d,
init.h|devilution::HaveHellfire(),devilution::HaveHellfire,init.h,68,75,efe988bceb743b456af71fe9382a094810aa200c1fd226862692d9a5067bfca0,
init.h|devilution::HaveExtraFonts(),devilution::HaveExtraFonts,init.h,77,84,0c5708d81b7722a105786baaa1e3f28cf5f5fc42b94cc34c3462119455054cba,
init.h|devilution::AreExtraFontsOutOfDate(),devilution::AreExtraFontsOutOfDate,init.h,92,99,8a90eb765465be13e72115c9203bb22f09e2cece6aa9ebc1fa351da515df1505,
interfac.cpp|devilution::GetCutSceneFromLevelType(dungeon_type type),devilution::GetCutSceneFromLevelType,interfac.cpp,52,72,5ee35348253546f077cd2a47db73ce2bf49251873b501f0fe05aedfdfd9f0d7e,
interfac.cpp|devilution::PickCutscene(interface_mode uMsg),devilution::PickCutscene,interfac.cpp,74,110,ed2b1325f0fb4a189c40f3c3dad0ee14036bff8db5d13682a5c18687fe3f097b,
interfac.cpp|devilution::LoadCutsceneBackground(interface_mode uMsg),devilution::LoadCutsceneBackground,interfac.cpp,112,191,2122060a6ca9d5c6747af8539ad4a914332dd484da8de121cf1d1f28b12ac3a8,
interfac.cpp|devilution::FreeCutsceneBackground(),devilution::FreeCutsceneBackground,interfac.cpp,193,197,6c04ddf273b7aaf57b099f1caa5dd974865eff085c17a26febac927eda4738f2,
interfac.cpp|devilution::DrawCutsceneBackground(),devilution::DrawCutsceneBackground,interfac.cpp,199,209,300932b1f1983663965f3fd27fd9c8c1fd55ba8d00b9a800fbc3be6054c13eb8,
interfac.cpp|devilution::DrawCutsceneForeground(),devilution::DrawCutsceneForeground,interfac.cpp,211,226,9240c9e040954b377d022e3f3abedef577bb6616c4687b447bc1ba7e533feeb4,
interfac.cpp|devilution::RegisterCustomEvents(),devilution::RegisterCustomEvents,interfac.cpp,230,235,7e23f7824752282bcfda8dbf0118c22dd36617d09e0a71ddb06ac4363503094f,
interfac.cpp|devilution::IsCustomEvent(uint32_t eventType),devilution::IsCustomEvent,interfac.cpp,237,240,2cad1429a2110aa58c32c07d1567ccf608e89cadf8fabbe66cb2d882c0c76d41,
interfac.cpp|devilution::GetCustomEvent(uint32_t eventType),devilution::GetCustomEvent,interfac.cpp,242,245,d242169368527d9f9bce3f0c758d0568675ff09bfbc9c04929e1a507154afa4f,
interfac.cpp|devilution::CustomEventToSdlEvent(interface_mode eventType),devilution::CustomEventToSdlEvent,interfac.cpp,247,250,6ec8afc192165836920315315d7a88405018267d885905e7797cc91533ccb7d0,
interfac.cpp|devilution::interface_msg_pump(),devilution::interface_msg_pump,interfac.cpp,252,261,5eeb37fedeb0944f842e69a34837a2ef14968d3f6ef54b763515966708fd03fe,
interfac.cpp|devilution::IncProgress(),devilution::IncProgress,interfac.cpp,263,274,2d12429a234516584bfde7237b3072adcaffe006700d2629d88ea62dfd2e999f,
interfac.cpp|devilution::CompleteProgress(),devilution::CompleteProgress,interfac.cpp,276,284,c2ac725d78a7aa29c61a4aee99d079298c121ccb27f0b683567cecc25862359b,
interfac.cpp|devilution::ShowProgress(interface_mode uMsg),devilution::ShowProgress,interfac.cpp,286,511,378b091c3a2a8407ca8fb5b367312f71a794644afe85221935ea6823b0bef0d9,0x14003bb80
"inv.cpp|devilution::AddItemToInvGrid(Player &player, int invGridIndex, int invListIndex, Size itemSize)",devilution::AddItemToInvGrid,inv.cpp,136,152,915212e2ee33f4b657c0d15bd4f0d72ff1107258d938cee97dbe145a256b3be9,
inv.cpp|devilution::FitsInBeltSlot(const Item &item),devilution::FitsInBeltSlot,inv.cpp,159,162,a4b02fe75a4c03fbe4333afcd32bb326c8d693f69ca9538ae25335b0ce0d63ec,
inv.cpp|devilution::CanEquip(const Item &item),devilution::CanEquip,inv.cpp,170,174,d6fedd7bba563e8167830200f448d4472b57d17afcdd6d335d88a61b22e3cc03,
"inv.cpp|devilution::CanWield(Player &player, const Item &item)",devilution::CanWield,inv.cpp,184,219,e209881ac89ccd3505075f6559eb129be2466a7eb3683dfb26d4212db7657d04,
"inv.cpp|devilution::CanEquip(Player &player, const Item &item, inv_body_loc bodyLocation)",devilution::CanEquip,inv.cpp,229,256,a0e255c2b785b9d96259831053d51e588bf093f942b1c1c1e2f6e70aa00b3407,
"inv.cpp|devilution::ChangeEquipment(Player &player, inv_body_loc bodyLocation, const Item &item)",devilution::ChangeEquipment,inv.cpp,258,265,b476b7829d744a75415cc2441f35bfaa83e070cb9f630218c9f79c1f0c2b3da7,
"inv.cpp|devilution::AutoEquip(Player &player, const Item &item, inv_body_loc bodyLocation, bool persistItem)",devilution::AutoEquip,inv.cpp,267,284,dfb78b6c086694b57cf5f92942d25208b03f971f25ffc338537a6f96258018ad,
"inv.cpp|devilution::FindTargetSlotUnderItemCursor(Point cursorPosition, Size itemSize)",devilution::FindTargetSlotUnderItemCursor,inv.cpp,286,325,52fb55e3d18373233497f74df6c4251eb510a5dbf306ccd5f18044b667672368,
"inv.cpp|devilution::CheckInvPaste(Player &player, Point cursorPosition)",devilution::CheckInvPaste,inv.cpp,327,560,d6dc96564f0e1a60ddd5dd82749370eac7a323d624a8de2204f49f0e1b0b8387,
"inv.cpp|devilution::CheckInvCut(Player &player, Point cursorPosition, bool automaticMove, bool dropItem)",devilution::CheckInvCut,inv.cpp,562,828,8ef208ed7bd1df0c18a751c8d091729a818a864a74db64fff6501b8763f2ee12,
"inv.cpp|devilution::TryCombineNaKrulNotes(Player &player, Item &noteItem)",devilution::TryCombineNaKrulNotes,inv.cpp,830,858,bfac8abd8580c3b9c2fc52c1fc478a116f31ec176fca909165a99f070a274485,
"inv.cpp|devilution::CheckQuestItem(Player &player, Item &questItem)",devilution::CheckQuestItem,inv.cpp,860,918,d455866e939d8dc398355ba3883f9171d22c9bac6981ebc956906213b086063c,
inv.cpp|devilution::CleanupItems(int ii),devilution::CleanupItems,inv.cpp,920,944,2249f539da2710c53475491fbdd53459d6fc22e38f0552f725bac64a452015c7,
"inv.cpp|devilution::CanUseStaff(Item &staff, SpellID spell)",devilution::CanUseStaff,inv.cpp,946,952,5869f339261da65b2febe4532e2bf748be9ee66c88038d82041da5773a356c7e,
inv.cpp|devilution::StartGoldDrop(),devilution::StartGoldDrop,inv.cpp,954,977,6220c410040d5072f413ad46e15c7b117e82164a07095fd39aa3e11e2637ea0e,
"inv.cpp|devilution::CreateGoldItemInInventorySlot(Player &player, int slotIndex, int value)",devilution::CreateGoldItemInInventorySlot,inv.cpp,979,996,21641f60c30d8e57b9104d85e22d50c7a5bafa5fc10e3a168fe067b8da957fd8,
"inv.cpp|devilution::InvDrawSlotBack(const Surface &out, Point targetPosition, Size size, item_quality itemQuality)",devilution::InvDrawSlotBack,inv.cpp,1000,1029,1a54479446df07bbd75ebdef91ed5565bd250e538bbe1506954a9c80c0b9f2e2,
inv.cpp|devilution::CanBePlacedOnBelt(const Item &item),devilution::CanBePlacedOnBelt,inv.cpp,1031,1037,859f44f09b1a14b96301941478d2fc4f4ad8d637a1e54bb2981f78cbba836054,
inv.cpp|devilution::FreeInvGFX(),devilution::FreeInvGFX,inv.cpp,1039,1042,2f0a2b8569c7801a5c1543d25c2abe9e8df9b030d8cee5cf3c05c30fe5a241a0,
inv.cpp|devilution::InitInv(),devilution::InitInv,inv.cpp,1044,1062,32268a08eff25c5f018dd454b184ec0a240855ae903ce748dfe2de62bc98cc5a,0x14003cce0
inv.cpp|devilution::DrawInv(const Surface &out),devilution::DrawInv,inv.cpp,1064,1152,fccb8c630765c303a075dc2db0d1f20775a54f7e3e25b3e0999ec9614edc97c9,
inv.cpp|devilution::DrawInvBelt(const Surface &out),devilution::DrawInvBelt,inv.cpp,1154,1190,7c66068a19ab50ecdb1c211ead57f667c1ddd3f7a9e67effa407a4c2e18c2ad6,
"inv.cpp|devilution::RemoveEquipment(Player &player, inv_body_loc bodyLocation, bool hiPri)",devilution::RemoveEquipment,inv.cpp,1192,1199,06404a9a24c72e57a02779211889141bb457f5fbe2a8a0feffd64199edff7da1,
"inv.cpp|devilution::AutoPlaceItemInBelt(Player &player, const Item &item, bool persistItem)",devilution::AutoPlaceItemInBelt,inv.cpp,1201,1224,0f957dd7d7177e96f5cd61374b064ed4bc2ef8e581a75ce817ca1b0ab9ae0763,
"inv.cpp|devilution::AutoEquip(Player &player, const Item &item, bool persistItem)",devilution::AutoEquip,inv.cpp,1226,1239,767ef08c31993734dd1a687dfe6b9e316e0b804f878a37eae792706f6423a914,
"inv.cpp|devilution::AutoEquipEnabled(const Player &player, const Item &item)",devilution::AutoEquipEnabled,inv.cpp,1241,1266,c46004a12b5d551dbbbd92f3d349aba9cad860e87beb463aac17bbc3f1a3d1bb,
"inv.cpp|devilution::AutoPlaceItemInInventory(Player &player, const Item &item, bool persistItem)",devilution::AutoPlaceItemInInventory,inv.cpp,1268,1326,30407c299b08fc1ef45d4607de3d4f41e0aef56edc517a707679b185534c3e9a,0x14003d540
"inv.cpp|devilution::AutoPlaceItemInInventorySlot(Player &player, int slotIndex, const Item &item, bool persistItem)",devilution::AutoPlaceItemInInventorySlot,inv.cpp,1328,1356,daf832e2ef26ef0d9e2bb010ce0b9e58b01ad8dfee09c0599e001cf8b3e30c8a,
inv.cpp|devilution::RoomForGold(),devilution::RoomForGold,inv.cpp,1358,1379,0a6d3919e8e1851d40c511342210e3d20bb347304f41bde8dc65347fa6020629,
"inv.cpp|devilution::AddGoldToInventory(Player &player, int value)",devilution::AddGoldToInventory,inv.cpp,1381,1415,975c5b037853c72db5af7f686e3488e16828bdc05a0f2bd5cc34747ed70caf67,
"inv.cpp|devilution::GoldAutoPlace(Player &player, Item &goldStack)",devilution::GoldAutoPlace,inv.cpp,1417,1425,528725348e1a9ba7a1f7620af24554b283997e095a642d706e94597039ce29ba,
"inv.cpp|devilution::CheckInvSwap(Player &player, inv_body_loc bLoc)",devilution::CheckInvSwap,inv.cpp,1427,1438,82f1aac8eafdc0336cb162b309b9adbfdaaded80920f0c9578637ee5eadfeda3,
"inv.cpp|devilution::inv_update_rem_item(Player &player, inv_body_loc iv)",devilution::inv_update_rem_item,inv.cpp,1440,1445,abfe4d69250122deddb844178d6c170d51fc7a4e2dd3647b9cae1a128015c28b,
"inv.cpp|devilution::CheckInvSwap(Player &player, const Item &item, int invGridIndex)",devilution::CheckInvSwap,inv.cpp,1447,1487,6d6e13974e25d9205ce42009a47f7d873145518a2c1964beaf8cbf80263a17fa,
"inv.cpp|devilution::CheckInvRemove(Player &player, int invGridIndex)",devilution::CheckInvRemove,inv.cpp,1489,1496,98f001364a0fb250bb1b3febd48714666805bca0694d2db06081a3807462fee2,
"inv.cpp|devilution::TransferItemToStash(Player &player, int location)",devilution::TransferItemToStash,inv.cpp,1498,1519,d40fb6072ad0532778628bc1da789381149f870bccb4470f8d35c506dedc4105,
"inv.cpp|devilution::CheckInvItem(bool isShiftHeld, bool isCtrlHeld)",devilution::CheckInvItem,inv.cpp,1521,1532,aacf1d932035a0c014eb33313e107992a3897fe22db76c8e554056cc27656506,
"inv.cpp|devilution::CheckInvScrn(bool isShiftHeld, bool isCtrlHeld)",devilution::CheckInvScrn,inv.cpp,1534,1541,a3d6bc63c26fbe94fd2e9c66cd38b695747f14a900530552e3a7a7dfa7542204,
"inv.cpp|devilution::InvGetItem(Player &player, int ii)",devilution::InvGetItem,inv.cpp,1543,1579,815f9b73da73ae0b08e17fe9ab244b1d2d63ef23cd07af5c9131b9bdb645f35e,
"inv.cpp|devilution::FindAdjacentPositionForItem(Point origin, Direction facing)",devilution::FindAdjacentPositionForItem,inv.cpp,1581,1614,a13c7301a7c83a09b020ffe21888d0236eebb4247316537f7cb847bb06fbe2f0,
"inv.cpp|devilution::AutoGetItem(Player &player, Item *itemPointer, int ii)",devilution::AutoGetItem,inv.cpp,1616,1668,f2c7ce2a77615a43179c68e2ebea96860205ef4a17a959cc122e7ec1b428e867,
"inv.cpp|devilution::FindGetItem(uint32_t iseed, _item_indexes idx, uint16_t createInfo)",devilution::FindGetItem,inv.cpp,1670,1680,44eb36d02b6c593e49b9428db96036b84ee32b15122b2b1559668bdafac741f0,
"inv.cpp|devilution::SyncGetItem(Point position, uint32_t iseed, _item_indexes idx, uint16_t ci)",devilution::SyncGetItem,inv.cpp,1682,1711,c47c1205065d4cee1db207ecbe40a31b3cd60d14faf089febbe3990454c2f4c4,
inv.cpp|devilution::CanPut(Point position),devilution::CanPut,inv.cpp,1713,1741,ad19156902c13424a48d2b1e8931ed27745f87903a2f126976bdb22070f646b8,
"inv.cpp|devilution::ClampDurability(const Item &item, int durability)",devilution::ClampDurability,inv.cpp,1743,1749,82377ac66375529814d678366bb6247ef65cec8db50b9f8a05dfed00699a0efd,
"inv.cpp|devilution::ClampToHit(const Item &item, int16_t toHit)",devilution::ClampToHit,inv.cpp,1751,1757,18586eacac5816fb73e93b29e588d295223d38939390b57e4d969cdab6cf7a6a,
"inv.cpp|devilution::ClampMaxDam(const Item &item, uint8_t maxDam)",devilution::ClampMaxDam,inv.cpp,1759,1765,531f9e9f87d4842f6ad22731ac6bd08a0326b591bb8f8938d73b4ad9a9fc9ef8,
"inv.cpp|devilution::SyncDropItem(Point position, _item_indexes idx, uint16_t icreateinfo, int iseed, int id, int dur, int mdur, int ch, int mch, int ivalue, uint32_t ibuff, int toHit, int maxDam)",devilution::SyncDropItem,inv.cpp,1767,1788,bd504e82cefc96f29dd8db39cf51f45f1ef8e2415fe02bc24ec502555e8d6612,
"inv.cpp|devilution::SyncDropEar(Point position, uint16_t icreateinfo, uint32_t iseed, uint8_t cursval, string_view heroname)",devilution::SyncDropEar,inv.cpp,1790,1799,accf86f0042f611d4e0f5f593ad4aa1e22ad56a23241ce18e9aa56bb34c80713,
inv.cpp|devilution::CheckInvHLight(),devilution::CheckInvHLight,inv.cpp,1801,1884,631be0ffc8b2365ec73ad67350d9794205a9e3b51ec725c888b911f75a60ef8e,
inv.cpp|devilution::ConsumeScroll(Player &player),devilution::ConsumeScroll,inv.cpp,1886,1917,9fe7f337378a6f50ca5a25e939b2897c23307786d3b36b330be34724a58ffe22,
"inv.cpp|devilution::CanUseScroll(Player &player, SpellID spell)",devilution::CanUseScroll,inv.cpp,1919,1927,80513d266e36886d9a5f6bd8e557d5a9e7f3480ccf64d7b7c6951aba034f6f1b,
inv.cpp|devilution::ConsumeStaffCharge(Player &player),devilution::ConsumeStaffCharge,inv.cpp,1929,1938,846481b893eacbf02c1ec13e6dccb0bce14bbed9201deaa1b636d5ab87e9c997,
"inv.cpp|devilution::CanUseStaff(Player &player, SpellID spellId)",devilution::CanUseStaff,inv.cpp,1940,1943,124b9c060abe3438157e66a94f2d2b2e9c70292a2a83eb7e75293b7733afe1fb,
"inv.cpp|devilution::GetInventoryItem(Player &player, int location)",devilution::GetInventoryItem,inv.cpp,1945,1954,3f6220c7865e853f24c50e58b891790b5885f8f241a0fafe44cd77eed6048279,
inv.cpp|devilution::UseInvItem(int cii),devilution::UseInvItem,inv.cpp,1956,2095,af3318a0ee0896255a769911b1e76f5d5ae289dd0449cb28f4f24deb04d391ed,
inv.cpp|devilution::CloseInventory(),devilution::CloseInventory,inv.cpp,2097,2102,304dc3585d0fc1d93facce242a80743c3382c4cb2900c5442a3995c298a8086c,
inv.cpp|devilution::CloseStash(),devilution::CloseStash,inv.cpp,2104,2129,40ba1c319ef76d03fc7808a338d3e82aff59fc255a2533a18a107fa884ed98f7,0x140046580
inv.cpp|devilution::DoTelekinesis(),devilution::DoTelekinesis,inv.cpp,2131,2143,9c70d6cc180dac29a06f7c98ff87b1b897500949d8a21f9b9c7872f909afc039,
inv.cpp|devilution::CalculateGold(Player &player),devilution::CalculateGold,inv.cpp,2145,2155,e34ab17ee279c8c0ec74638838b4087d3e1244ac4456d5c76ad5df389f5f2054,
inv.cpp|devilution::GetInventorySize(const Item &item),devilution::GetInventorySize,inv.cpp,2157,2163,24ba44a15646a988a6dade1089e130bf7b9586f9ec4a35534d3ea10bb49f84a2,
"inv.h|devilution::HasInventoryItem(Player &player, Predicate &&predicate)",devilution::HasInventoryItem,inv.h,249,254,ba1706bff52457704254bce7374f8286a58963e220e6a85f5655e6c278df5532,
"inv.h|devilution::HasBeltItem(Player &player, Predicate &&predicate)",devilution::HasBeltItem,inv.h,259,264,e6e0b8b27283fba73c057e2d5221512f0b48d130b0eec1f3c9341d2d95683885,
"inv.h|devilution::HasInventoryOrBeltItem(Player &player, Predicate &&predicate)",devilution::HasInventoryOrBeltItem,inv.h,269,273,c8db1c36042129b000fce70435e584e44dd78e1924351716dff6efdb7e602b92,
"inv.h|devilution::HasInventoryItemWithId(Player &player, _item_indexes id)",devilution::HasInventoryItemWithId,inv.h,278,283,53deeeb17facea139da1f910ce823214b2be72759bb5a3f142fbec106afbf3f1,
"inv.h|devilution::HasBeltItemWithId(Player &player, _item_indexes id)",devilution::HasBeltItemWithId,inv.h,288,293,672f09c22884a1ef182c3746b550aabf569402927da0d9919df347ddfc29635e,
"inv.h|devilution::HasInventoryOrBeltItemWithId(Player &player, _item_indexes id)",devilution::HasInventoryOrBeltItemWithId,inv.h,298,301,42881cf2159d98b83d79b8b39dfad3df339ad8f93595d82c063a3a5f60cc0d72,
"inv.h|devilution::RemoveInventoryItem(Player &player, Predicate &&predicate)",devilution::RemoveInventoryItem,inv.h,308,317,53f17008c059ad13f6ee24269a3df5a63029ddd0f64e8c825f4252640c82ceb3,
"inv.h|devilution::RemoveBeltItem(Player &player, Predicate &&predicate)",devilution::RemoveBeltItem,inv.h,324,333,6afe0be792d0eff335befe1a367d8aff686e0f9f51285a719ff727205aaf0550,
"inv.h|devilution::RemoveInventoryOrBeltItem(Player &player, Predicate &&predicate)",devilution::RemoveInventoryOrBeltItem,inv.h,340,344,412e26950379e7c49f3d2af2a78e1f3d7206feaa6620c3432a30d84eee1062e4,
"inv.h|devilution::RemoveInventoryItemById(Player &player, _item_indexes id)",devilution::RemoveInventoryItemById,inv.h,351,356,fc5d7a903557f5cb4ff390ba9aa9f48461d34f47eab2478cce8eb86cc70caa64,
"inv.h|devilution::RemoveBeltItemById(Player &player, _item_indexes id)",devilution::RemoveBeltItemById,inv.h,363,368,244c48387ca372ebb5b752ef73ba73e8e2b82c60f11a0a2c716986eae5638da7,
"inv.h|devilution::RemoveInventoryOrBeltItemById(Player &player, _item_indexes id)",devilution::RemoveInventoryOrBeltItemById,inv.h,375,378,68e0e1b27ea1e8c9d78a4ac2ed4bb739d8008ed00caeef773f4223ff174b2b72,
"inv_iterators.hpp|devilution::ItemsContainerRange::Iterator::Iterator(Item *items, std::size_t count, std::size_t index)",devilution::ItemsContainerRange::Iterator::Iterator,inv_iterators.hpp,28,34,a60a93c69f329725de9fc9818cf6fa0506ced03a08c360754630cb01b14705c1,
inv_iterators.hpp|devilution::ItemsContainerRange::Iterator::operator->(),devilution::ItemsContainerRange::Iterator::operator->,inv_iterators.hpp,36,39,f2cebeb8f11498a1b71476498cdbfd337cde59d5b9bcd586ac86267020217380,
inv_iterators.hpp|devilution::ItemsContainerRange::Iterator::operator*(),devilution::ItemsContainerRange::Iterator::operator*,inv_iterators.hpp,41,44,ff30d890c216231065b516431396c82c0dcb0026e9938f19cf98f2a82055d547,
inv_iterators.hpp|devilution::ItemsContainerRange::Iterator::operator++(),devilution::ItemsContainerRange::Iterator::operator++,inv_iterators.hpp,46,51,4f88b16b63bf2e748d8621620d075794e3382ad957d84734cef42dc2a965e173,
inv_iterators.hpp|devilution::ItemsContainerRange::Iterator::operator++(int),devilution::ItemsContainerRange::Iterator::operator++,inv_iterators.hpp,53,58,abcba385b233df1e6134ffe0597938a56edf32a256cf2b96af204e01d607a8ff,
inv_iterators.hpp|devilution::ItemsContainerRange::Iterator::operator==(const Iterator &other),devilution::ItemsContainerRange::Iterator::operator==,inv_iterators.hpp,60,63,39559c2aa8daed5a3c9d9094f34ccb1c5692feb615724f15f11373db6618afd8,
inv_iterators.hpp|devilution::ItemsContainerRange::Iterator::operator!=(const Iterator &other),devilution::ItemsContainerRange::Iterator::operator!=,inv_iterators.hpp,65,68,bcf2dfbd95bf4ec5c1f7d527562f928493f095a433934be1c10272253d7fc711,
inv_iterators.hpp|devilution::ItemsContainerRange::Iterator::atEnd(),devilution::ItemsContainerRange::Iterator::atEnd,inv_iterators.hpp,70,73,88243e85e2ca4f8491a1e2404e0a5b1d928999b8f2a575995ecf8c8a3c02dae2,
inv_iterators.hpp|devilution::ItemsContainerRange::Iterator::index(),devilution::ItemsContainerRange::Iterator::index,inv_iterators.hpp,75,78,671188bc2b63c1848ed9845224644362c427cbda1be30774991e640c71e62df6,
inv_iterators.hpp|devilution::ItemsContainerRange::Iterator::advancePastEmpty(),devilution::ItemsContainerRange::Iterator::advancePastEmpty,inv_iterators.hpp,81,86,d22f92ac468dbc8f9679146202712ff50d4fb470f433a307e143aa6106816ad0,
"inv_iterators.hpp|devilution::ItemsContainerRange::ItemsContainerRange(Item *items, std::size_t count)",devilution::ItemsContainerRange::ItemsContainerRange,inv_iterators.hpp,93,97,dd1a2ee555e779c6c9b7114331cbb3d6cde3a562157b10bfe1fc8cd00f7b9009,
inv_iterators.hpp|devilution::ItemsContainerRange::begin(),devilution::ItemsContainerRange::begin,inv_iterators.hpp,99,102,9a1aaa0480eaf3f46c700b4f7fdd3fe6a7652b6d05cb245ed9a1c1eff6bdf6f6,
inv_iterators.hpp|devilution::ItemsContainerRange::end(),devilution::ItemsContainerRange::end,inv_iterators.hpp,104,107,d3abcbe61f6fa5a03ea8e547a2b1af1679bba55c82e7693bfe747ec7493f4fd8,
inv_iterators.hpp|devilution::ItemsContainerListRange::Iterator::Iterator(std::vector<ItemsContainerRange::Iterator> iterators),devilution::ItemsContainerListRange::Iterator::Iterator,inv_iterators.hpp,129,133,62e74f20eb243ccc2fc26f7d6dd24492a420855d15ba83790b6161ef407d0592,
inv_iterators.hpp|devilution::ItemsContainerListRange::Iterator::operator->(),devilution::ItemsContainerListRange::Iterator::operator->,inv_iterators.hpp,135,138,3fc8cb847a9ed1a3dd471045f23c4149807000ed75273ddf9270f6d7693dcc71,
inv_iterators.hpp|devilution::ItemsContainerListRange::Iterator::operator*(),devilution::ItemsContainerListRange::Iterator::operator*,inv_iterators.hpp,140,143,c9f408de0e9d0b35f8b048406fad2003a7b1f9a9df4b96c220e54c51df985759,
inv_iterators.hpp|devilution::ItemsContainerListRange::Iterator::operator++(),devilution::ItemsContainerListRange::Iterator::operator++,inv_iterators.hpp,145,150,df6039d0bd34c59a60b99cdb63d554c1fdabd387fd0bc299f7a805fbe36d42d1,
inv_iterators.hpp|devilution::ItemsContainerListRange::Iterator::operator++(int),devilution::ItemsContainerListRange::Iterator::operator++,inv_iterators.hpp,152,157,abcba385b233df1e6134ffe0597938a56edf32a256cf2b96af204e01d607a8ff,
inv_iterators.hpp|devilution::ItemsContainerListRange::Iterator::operator==(const Iterator &other),devilution::ItemsContainerListRange::Iterator::operator==,inv_iterators.hpp,159,162,4692d30bbae6ac77ba6f463803018a1322ce87524a2ade301cdddfb2a9c1d285,
inv_iterators.hpp|devilution::ItemsContainerListRange::Iterator::operator!=(const Iterator &other),devilution::ItemsContainerListRange::Iterator::operator!=,inv_iterators.hpp,163,166,bcf2dfbd95bf4ec5c1f7d527562f928493f095a433934be1c10272253d7fc711,
inv_iterators.hpp|devilution::ItemsContainerListRange::Iterator::advancePastEmpty(),devilution::ItemsContainerListRange::Iterator::advancePastEmpty,inv_iterators.hpp,169,174,e2a9e914433c81a1403051812e72987a1de8c13697563fa682bbe27cc597551c,
inv_iterators.hpp|devilution::EquippedPlayerItemsRange::EquippedPlayerItemsRange(Player &player),devilution::EquippedPlayerItemsRange::EquippedPlayerItemsRange,inv_iterators.hpp,186,189,7b5019dcd8ec9894091694c7bee8f81f36bb5d9d5c2d1903b176a800d8d9c85e,
inv_iterators.hpp|devilution::EquippedPlayerItemsRange::begin(),devilution::EquippedPlayerItemsRange::begin,inv_iterators.hpp,191,194,026210a8e71ca1834a7f78db6981d8888b0d08fd5c8b38388a60b4d54604648d,
inv_iterators.hpp|devilution::EquippedPlayerItemsRange::end(),devilution::EquippedPlayerItemsRange::end,inv_iterators.hpp,196,199,68b455c936c0d07fc2abe00d88e63ad1594e20a12529a27c9dc5d75bb2982a27,
inv_iterators.hpp|devilution::EquippedPlayerItemsRange::containerSize(),devilution::EquippedPlayerItemsRange::containerSize,inv_iterators.hpp,202,205,58638fcaa5a7300510933f9429ca7b01f10caa0fc7d3d5bf77d6fceecb81e6ce,
inv_iterators.hpp|devilution::InventoryPlayerItemsRange::InventoryPlayerItemsRange(Player &player),devilution::InventoryPlayerItemsRange::InventoryPlayerItemsRange,inv_iterators.hpp,215,218,02ed78bbb985f9df7939b77f0f94d42e9c47fd79ce62d9a41eb0b4b234871afc,
inv_iterators.hpp|devilution::InventoryPlayerItemsRange::begin(),devilution::InventoryPlayerItemsRange::begin,inv_iterators.hpp,220,223,a4d903b9367f22f6df2b8282f013fa7ac9998a8bb1f1095a6b7607d88fa3abf1,
inv_iterators.hpp|devilution::InventoryPlayerItemsRange::end(),devilution::InventoryPlayerItemsRange::end,inv_iterators.hpp,225,228,68b455c936c0d07fc2abe00d88e63ad1594e20a12529a27c9dc5d75bb2982a27,
inv_iterators.hpp|devilution::InventoryPlayerItemsRange::containerSize(),devilution::InventoryPlayerItemsRange::containerSize,inv_iterators.hpp,231,234,d8046c781b0236c20fed01476d27ec1d047db99f84854c400bd78ebc00411dca,
inv_iterators.hpp|devilution::BeltPlayerItemsRange::BeltPlayerItemsRange(Player &player),devilution::BeltPlayerItemsRange::BeltPlayerItemsRange,inv_iterators.hpp,244,247,1054992a19c70a4ae3a6d01457882f409277ab4ec615a028b3236e549545b591,
inv_iterators.hpp|devilution::BeltPlayerItemsRange::begin(),devilution::BeltPlayerItemsRange::begin,inv_iterators.hpp,249,252,f08437aa55e23cc6fd54e28e6568edf92787f5ffa0c87b0e4a8f8f26ae9d6a02,
inv_iterators.hpp|devilution::BeltPlayerItemsRange::end(),devilution::BeltPlayerItemsRange::end,inv_iterators.hpp,254,257,68b455c936c0d07fc2abe00d88e63ad1594e20a12529a27c9dc5d75bb2982a27,
inv_iterators.hpp|devilution::BeltPlayerItemsRange::containerSize(),devilution::BeltPlayerItemsRange::containerSize,inv_iterators.hpp,260,263,0c9ea4a6a0b949363fb6dec12cf1495a7ea2f860631510a96f3e460d4c9bad25,
inv_iterators.hpp|devilution::InventoryAndBeltPlayerItemsRange::InventoryAndBeltPlayerItemsRange(Player &player),devilution::InventoryAndBeltPlayerItemsRange::InventoryAndBeltPlayerItemsRange,inv_iterators.hpp,273,276,3b25dcc2d453976e826ae7e1d05f1cc3457d7129332f773db423f376a94f55d9,
inv_iterators.hpp|devilution::InventoryAndBeltPlayerItemsRange::begin(),devilution::InventoryAndBeltPlayerItemsRange::begin,inv_iterators.hpp,278,284,89e24635604e9d27e8faf900614b3aa92c1d54646515cd5244685a58729fbe97,
inv_iterators.hpp|devilution::InventoryAndBeltPlayerItemsRange::end(),devilution::InventoryAndBeltPlayerItemsRange::end,inv_iterators.hpp,286,292,d2f3854ac165ed208393f5e8536399809d613453ce3e0b81e3a49bbf40b895f0,
inv_iterators.hpp|devilution::PlayerItemsRange::PlayerItemsRange(Player &player),devilution::PlayerItemsRange::PlayerItemsRange,inv_iterators.hpp,303,306,ca538238e46a604a2c2022d0921717928e4a1e34eb3c90a7bf3790c5a71454b2,
inv_iterators.hpp|devilution::PlayerItemsRange::begin(),devilution::PlayerItemsRange::begin,inv_iterators.hpp,308,315,827fca3102aa67f7c6e6139417b592d92565b6deff538c58a6f9f74ea19e490e,
inv_iterators.hpp|devilution::PlayerItemsRange::end(),devilution::PlayerItemsRange::end,inv_iterators.hpp,317,324,89534a07b1b686e5dcebe1d5c1b1c78b61daa08105e023651181db9ac9f098da,
itemdat.cpp|devilution::ItemTypeToString(ItemType itemType),devilution::ItemTypeToString,itemdat.cpp,12,47,2b74680bd0dce21730f6285ee2babd74195fb097ced69ed32673f779898ac6e3,
"items.cpp|devilution::IsPrefixValidForItemType(int i, AffixItemType flgs, bool hellfireItem)",devilution::IsPrefixValidForItemType,items.cpp,357,370,3e1c3c3e9eeb103c377d6ff0738b385d10efdc435b9e47f632f3c988bf8322b7,
"items.cpp|devilution::IsSuffixValidForItemType(int i, AffixItemType flgs, bool hellfireItem)",devilution::IsSuffixValidForItemType,items.cpp,372,390,6a1c7fe586ad12941e1ab810a9848adbe35aefa020d68502396751b28f128815,
items.cpp|devilution::ItemsGetCurrlevel(),devilution::ItemsGetCurrlevel,items.cpp,392,416,cd96a7b82af494d9c739805ac5d88791a07f8fe9ae2dc9ea5939204fea03c301,
items.cpp|devilution::ItemPlace(Point position),devilution::ItemPlace,items.cpp,418,434,9d7e7f3ade0b7b29ced9fbb28c43c3999b30efab91af0cb3f2aaab135d610048,
items.cpp|devilution::GetRandomAvailableItemPosition(),devilution::GetRandomAvailableItemPosition,items.cpp,436,444,c935e6805dca8b044bb6f562fea85ed6cd7000b8aa717dc695de38726c693c71,
items.cpp|devilution::AddInitItems(),devilution::AddInitItems,items.cpp,446,471,af539dbe3afcaccbcb8418e99792a9d59f9c0d17699217f0ed65c6ef749852fe,
items.cpp|devilution::SpawnNote(),devilution::SpawnNote,items.cpp,473,491,c976289b29a620d08979b46da0c2f064a31180deb680da51452a59dc39a444be,
items.cpp|devilution::CalcSelfItems(Player &player),devilution::CalcSelfItems,items.cpp,493,535,3a35027a6ed0cea4470c66c0dcf33d2833de9cdc5a560a8b95b5c8a4890042b5,
"items.cpp|devilution::GetItemSpace(Point position, int8_t inum)",devilution::GetItemSpace,items.cpp,537,585,e389900dd7993bbc28abb4841099456b0c11f14ba58bd8c7f6d63de85c55d297,
"items.cpp|devilution::GetSuperItemSpace(Point position, int8_t inum)",devilution::GetSuperItemSpace,items.cpp,587,605,5f1930545ce1aaa2ba1dc466b11f4f9161240f50ff3871cff12034be54e70dfc,
items.cpp|devilution::CalcItemValue(Item &item),devilution::CalcItemValue,items.cpp,607,618,8ae6e254fb8c28811ab9ae63b3717418f11b8004007e5eacf698c5724dc60d3a,
"items.cpp|devilution::GetBookSpell(Item &item, int lvl)",devilution::GetBookSpell,items.cpp,620,675,80760f7a4d0fd2ad37422340131caefd8dc3a59878cbc6f45458870e9141307f,
"items.cpp|devilution::RndPL(int param1, int param2)",devilution::RndPL,items.cpp,677,680,31fb1f2514e3aa087a560b731240c340fc35b9b147028ee40fdd6d0c88b24f7b,
items.cpp|devilution::CalculateToHitBonus(int level),devilution::CalculateToHitBonus,items.cpp,682,710,d74e9aafe356c99a4524015d38453823682b22c038d7ea0f97af4aeb9c6af734,0x140044280
"items.cpp|devilution::SaveItemPower(const Player &player, Item &item, ItemPower &power)",devilution::SaveItemPower,items.cpp,712,1053,22714669ee1aef0f818172c0fe64ed87be0e8d4d4e676d3332ecb0b83e54d261,
items.cpp|devilution::StringInPanel(const char *str),devilution::StringInPanel,items.cpp,1055,1058,ca35ec0294b485f0e54084c5aaf7fb90ba7d97513e4acc1d2f76c197d1912210,
"items.cpp|devilution::PLVal(int pv, int p1, int p2, int minv, int maxv)",devilution::PLVal,items.cpp,1060,1067,c200ef1b7c9e56fe225b8c5b3ed0d1fffe3fc3d89d82f204d8ef23020603c438,
"items.cpp|devilution::SaveItemAffix(const Player &player, Item &item, const PLStruct &affix)",devilution::SaveItemAffix,items.cpp,1069,1082,e54f8d342e0de4c161cf43235ff0c4dd6257a8b1f3dd71dca40daaaf9a43643b,
"items.cpp|devilution::GetStaffPrefixId(int lvl, bool onlygood, bool hellfireItem)",devilution::GetStaffPrefixId,items.cpp,1084,1107,96088a231de0e43e9528cd18fc03b657c9e90cb87ecddcf55c139648d5a7a06f,
"items.cpp|devilution::GenerateStaffName(const ItemData &baseItemData, SpellID spellId, bool translate)",devilution::GenerateStaffName,items.cpp,1109,1120,b361268c46203883f89825ff1ec439f2ef3f25a7dac8aa387148c769c4fb4120,
"items.cpp|devilution::GenerateStaffNameMagical(const ItemData &baseItemData, SpellID spellId, int preidx, bool translate, std::optional<bool> forceNameLengthCheck)",devilution::GenerateStaffNameMagical,items.cpp,1122,1135,7a326de5bc075d7da54dea6a4b143ca730e51ace623ad9a69019238c51b21c73,
"items.cpp|devilution::GetStaffPower(const Player &player, Item &item, int lvl, SpellID bs, bool onlygood)",devilution::GetStaffPower,items.cpp,1137,1158,d071538380cae974f265a7da0ad3139f2139e8ca130e51c162f3a80d77faf82a,
"items.cpp|devilution::GenerateMagicItemName(const string_view &baseNamel, const PLStruct *pPrefix, const PLStruct *pSufix, bool translate)",devilution::GenerateMagicItemName,items.cpp,1160,1174,1c35ca6cf8b3e958578dba24e7fbfd0d6c0cb9fc2e1f29f3bf9f6193b932c1fd,0x14004b360
"items.cpp|devilution::GetItemPowerPrefixAndSuffix(int minlvl, int maxlvl, AffixItemType flgs, bool onlygood, bool hellfireItem, tl::function_ref<void(const PLStruct &prefix)> prefixFound, tl::function_ref<void(const PLStruct &suffix)> suffixFound)",devilution::GetItemPowerPrefixAndSuffix,items.cpp,1176,1236,db4712086e0aaea5ef1a29315a040ab0f6f3d1742f7c54e1a47c4f0b39796c89,
"items.cpp|devilution::GetItemPower(const Player &player, Item &item, int minlvl, int maxlvl, AffixItemType flgs, bool onlygood)",devilution::GetItemPower,items.cpp,1238,1263,d6647d5db5334983bb14a2ea13ee8de7f2c6cee397f76b90860a7e2bbd660505,
"items.cpp|devilution::GetStaffSpell(const Player &player, Item &item, int lvl, bool onlygood)",devilution::GetStaffSpell,items.cpp,1265,1309,adc6119d9e1f1da380781013fd6461557ad79386f1767a8f3efb6ecf64251ffe,
"items.cpp|devilution::GetOilType(Item &item, int maxLvl)",devilution::GetOilType,items.cpp,1311,1336,9ccd4ae061275afd80b20e9075fa3333e276c72cf50f651047b58c896a5a355b,
"items.cpp|devilution::GetItemBonus(const Player &player, Item &item, int minlvl, int maxlvl, bool onlygood, bool allowspells)",devilution::GetItemBonus,items.cpp,1338,1376,7a5803795072c8a63692a8f714fe490ead6dcaff7095595950d4c1edb5114bc2,
"items.cpp|devilution::GetItemIndexForDroppableItem(bool considerDropRate, tl::function_ref<bool(const ItemData &item)> isItemOkay)",devilution::GetItemIndexForDroppableItem,items.cpp,1378,1402,3ac49943e63846cf2d3fb7bd9ee5489501397aafa5a16b197f55d53c4701e5ab,
items.cpp|devilution::RndUItem(Monster *monster),devilution::RndUItem,items.cpp,1404,1418,8f5408adb8e3a76961b2f73ee8b1b22a64579fdbdbe28a5310a1fac8f35f83b8,
items.cpp|devilution::RndAllItems(),devilution::RndAllItems,items.cpp,1420,1431,1b0d003edaa848dfc230585e65186126fd895f4a8547d739aecc41f1a9abed95,
"items.cpp|devilution::RndTypeItems(ItemType itemType, int imid, int lvl)",devilution::RndTypeItems,items.cpp,1433,1445,5ad2c00e8f322fd83af147183bb9fdbe905d85bc9df664bafda8e520718eae67,
"items.cpp|devilution::CheckUnique(Item &item, int lvl, int uper, bool recreate)",devilution::CheckUnique,items.cpp,1447,1479,d3f880ff4d22f5a082ce3f7495d27651ac3bed008673212100af5eda855bc5bf,
"items.cpp|devilution::GetUniqueItem(const Player &player, Item &item, _unique_items uid)",devilution::GetUniqueItem,items.cpp,1481,1500,860b8effacc9f0259483c40a7c1aa25cb846fb4fc982158f0b3d4a8b5f1cb5e2,
items.cpp|devilution::ItemRndDur(Item &item),devilution::ItemRndDur,items.cpp,1502,1506,1385ba2fb2ad0355fd95414e02c1ff3342f8c78752177248a0d241368a953a71,
"items.cpp|devilution::GetItemBLevel(int lvl, item_misc_id miscId, bool onlygood, bool uper15)",devilution::GetItemBLevel,items.cpp,1508,1520,4bb89bdad1f18692a8e8c5556a35089051e757a570befc1d3be26401bf89df04,
"items.cpp|devilution::SetupAllItems(const Player &player, Item &item, _item_indexes idx, uint32_t iseed, int lvl, int uper, bool onlygood, bool recreate, bool pregen)",devilution::SetupAllItems,items.cpp,1522,1562,07a209bb018fc96b27ae4970d0856adb563501f1edb16d3fd5cc6ffb4a05b84d,
"items.cpp|devilution::SetupBaseItem(Point position, _item_indexes idx, bool onlygood, bool sendmsg, bool delta, bool spawn = false)",devilution::SetupBaseItem,items.cpp,1564,1582,66a6f68c57bae17912928e4333b15e42aa4ddb1e5b2bd2132a2dcdd0a381ba78,
"items.cpp|devilution::SetupAllUseful(Item &item, int iseed, int lvl)",devilution::SetupAllUseful,items.cpp,1584,1625,395640714f324db54df044d30b895e52678159cb0ba1bf8f46a08451b1180540,
items.cpp|devilution::Char2int(uint8_t input),devilution::Char2int,items.cpp,1627,1634,3337a2d173b3ea12524f6dbaf3d85d48de7e9d6ce9bd24f54051d6f93d983c17,
"items.cpp|devilution::Hex2bin(const char *src, int bytes, uint8_t *target)",devilution::Hex2bin,items.cpp,1636,1641,e3ea77849186841d0887d15763313d1e564aa91fc9d8862ea5fe764d6974ea49,
items.cpp|devilution::SpawnRock(),devilution::SpawnRock,items.cpp,1643,1674,110c0df70278e6e95e3a3ffce3a8eab36975ccdf9b9e33e35d0b84ede14caa72,
items.cpp|devilution::ItemDoppel(),devilution::ItemDoppel,items.cpp,1676,1694,5aaebd08589baf8c01ce19e26ae601789dec24d321e9c0dc4eadca6e12ca7c46,
items.cpp|devilution::PrintItemOil(char iDidx),devilution::PrintItemOil,items.cpp,1696,1786,e331ec95b27aeb5b5d14146ec213d4f5eab60558bfe0416a9307f08cc0a0130d,0x1400477e0
items.cpp|devilution::DrawUniqueInfoWindow(const Surface &out),devilution::DrawUniqueInfoWindow,items.cpp,1788,1792,43c3a340be4e4557f3c0a8471049c3cb241cb260d89b346bc44cdb18269176b7,
"items.cpp|devilution::printItemMiscKBM(const Item &item, const bool isOil, const bool isCastOnTarget)",devilution::printItemMiscKBM,items.cpp,1794,1806,b75e75f66aa69762c1d86350d1516bcf8e2b95a2532abc403011cbfa30f0b694,
"items.cpp|devilution::printItemMiscGenericGamepad(const Item &item, const bool isOil, bool isCastOnTarget)",devilution::printItemMiscGenericGamepad,items.cpp,1808,1824,84aaed01f9707028c2bc76da82115d5f43e8f79ce277d91d663fedb93662bd2b,0x140282900
"items.cpp|devilution::printItemMiscGamepad(const Item &item, bool isOil, bool isCastOnTarget)",devilution::printItemMiscGamepad,items.cpp,1826,1862,81fe3e7eaf0effcc502eda8731f11cf84e36948bf9acce8fbc682a27a021a902,
items.cpp|devilution::PrintItemMisc(const Item &item),devilution::PrintItemMisc,items.cpp,1864,1894,ea54e4d7938a3e904a0b105a7c9ecff7a16219385f25d75d57cb35749705be65,
items.cpp|devilution::PrintItemInfo(const Item &item),devilution::PrintItemInfo,items.cpp,1896,1912,03aa48fee6fcca218b5b1f8117e1d55af06013763049405503e3b8d4f94d8697,
"items.cpp|devilution::SmithItemOk(const Player &player, const ItemData &item)",devilution::SmithItemOk,items.cpp,1914,1928,9220197eb06f66d290b866488ccfab28ea8b54ae67166922fdbe13be27d9143a,
"items.cpp|devilution::RndVendorItem(const Player &player, int minlvl, int maxlvl)",devilution::RndVendorItem,items.cpp,1930,1940,c2b3eb89d0a3ae9cfb2704d0d1dc584ebb18fd4c435ad75d0add7f680ca81f05,
"items.cpp|devilution::RndSmithItem(const Player &player, int lvl)",devilution::RndSmithItem,items.cpp,1942,1945,954363c6410d604725d54b907770d003b7282053d5d36a52f0da61ec84b878a3,
items.cpp|devilution::SortVendor(Item *itemList),devilution::SortVendor,items.cpp,1947,1958,8be6c80fd60d5845f4f79ee884127d089848d2e7650966460efcdc66afe77ecb,
"items.cpp|devilution::PremiumItemOk(const Player &player, const ItemData &item)",devilution::PremiumItemOk,items.cpp,1960,1979,bfe04e634ef7d82bb4a0ba24c05ebb7152f65a229c7d5698afc31ef955f7c6b1,
"items.cpp|devilution::RndPremiumItem(const Player &player, int minlvl, int maxlvl)",devilution::RndPremiumItem,items.cpp,1981,1984,d4deb0e29ab08bb9b4c1f7c12ffdf69e514ec75ac214390162c10ef8484c5d3d,
"items.cpp|devilution::SpawnOnePremium(Item &premiumItem, int plvl, const Player &player)",devilution::SpawnOnePremium,items.cpp,1986,2057,c1da2b3a34334fa8bb13a91e878e337c2835c27cdb7cd28f0aaaa105c17b68ba,
"items.cpp|devilution::WitchItemOk(const Player &player, const ItemData &item)",devilution::WitchItemOk,items.cpp,2059,2081,7d8e0fae19e6e1c9ebf274f59be063e59266503226609e431458d3ad899e35b2,
"items.cpp|devilution::RndWitchItem(const Player &player, int lvl)",devilution::RndWitchItem,items.cpp,2083,2086,1e4b17b6ca0e04dd6dfc8aa57beed523f138d4fee68ea8b812a3300fdb697d20,
"items.cpp|devilution::RndBoyItem(const Player &player, int lvl)",devilution::RndBoyItem,items.cpp,2088,2091,cbffb54be256e2ac746ff8bc294b0ebe1c407463d016e69057e2b18927a921f6,
"items.cpp|devilution::HealerItemOk(const Player &player, const ItemData &item)",devilution::HealerItemOk,items.cpp,2093,2120,a67b1a897d0d911667cb5a93fd8c364123d15aa66cf03593c744133b6209bc7e,
"items.cpp|devilution::RndHealerItem(const Player &player, int lvl)",devilution::RndHealerItem,items.cpp,2122,2125,a8d30bdc546da29fa21221ec509c1a182a91bdcdf70726e1aac3706a61198f27,
"items.cpp|devilution::RecreateSmithItem(const Player &player, Item &item, int lvl, int iseed)",devilution::RecreateSmithItem,items.cpp,2127,2136,0876a0e705d4b747c24ad7950fb8528cb4fcf5facd4c9997e6c0001562d30892,
"items.cpp|devilution::RecreatePremiumItem(const Player &player, Item &item, int plvl, int iseed)",devilution::RecreatePremiumItem,items.cpp,2138,2148,8a88bdc5081ca720a83e3e2cdef61488b5f77c76f2f392820b21b48a5c77ffaf,
"items.cpp|devilution::RecreateBoyItem(const Player &player, Item &item, int lvl, int iseed)",devilution::RecreateBoyItem,items.cpp,2150,2160,2e2442ed5f2431adc6eecee732b7176c57961f4af2074f6860da0e465d8ff37c,
"items.cpp|devilution::RecreateWitchItem(const Player &player, Item &item, _item_indexes idx, int lvl, int iseed)",devilution::RecreateWitchItem,items.cpp,2162,2186,9f258e122f6627c56b26ecf89eddf1eef407c61d57c21b4b51895afd31aa0b92,
"items.cpp|devilution::RecreateHealerItem(const Player &player, Item &item, _item_indexes idx, int lvl, int iseed)",devilution::RecreateHealerItem,items.cpp,2188,2201,2ea4adcdb0b052bd6bc406661a73b61f5a2d4d02d26a0dadcd53ab7a80d34979,
"items.cpp|devilution::RecreateTownItem(const Player &player, Item &item, _item_indexes idx, uint16_t icreateinfo, int iseed)",devilution::RecreateTownItem,items.cpp,2203,2215,2ac79125c0528d5a37845cba09ea69e9b822dc8b4569fc0ca418305827eb199d,
"items.cpp|devilution::CreateMagicItem(Point position, int lvl, ItemType itemType, int imid, int icurs, bool sendmsg, bool delta, bool spawn = false)",devilution::CreateMagicItem,items.cpp,2217,2242,c8f4115aa5aacd185f2ce33489a38175b689e90bbe3ec4bf7bba1e24b6da5c31,
items.cpp|devilution::NextItemRecord(int i),devilution::NextItemRecord,items.cpp,2244,2256,2ba94b24881dfab7cdc29dce2d4856c60ad5bafe39f11488253ee968e31be9e6,
items.cpp|devilution::RndItemForMonsterLevel(int8_t monsterLevel),devilution::RndItemForMonsterLevel,items.cpp,2258,2269,8770a0a9d43d0525052126f4a97945c04fc5bfa99b8c36f3063598d778176284,
items.cpp|devilution::GetTranslatedItemName(const Item &item),devilution::GetTranslatedItemName,items.cpp,2271,2297,3cebb4b8668de9fa99cc4cbc83e274d7fdf05132748930afbdf58b63a5713d0f,0x140059f50
"items.cpp|devilution::GetTranslatedItemNameMagical(const Item &item, bool hellfireItem, bool translate, std::optional<bool> forceNameLengthCheck)",devilution::GetTranslatedItemNameMagical,items.cpp,2299,2429,7d78b46d72a6d8f72babb70e74ccb22492e2fe533332361bb072129a78e96df7,
items.cpp|devilution::IsItemAvailable(int i),devilution::IsItemAvailable,items.cpp,2433,2461,39837543614306840e9892f0d35378bc435870d6b2c4f8cbbf04846696c79618,
"items.cpp|devilution::GetOutlineColor(const Item &item, bool checkReq)",devilution::GetOutlineColor,items.cpp,2463,2475,97ec5ea5fd4cf1ccbc869f34ba63e18755415c6f9380d4a32d491bb27affa2b6,
items.cpp|devilution::IsUniqueAvailable(int i),devilution::IsUniqueAvailable,items.cpp,2477,2480,9b439b2736a525f4396cec0d4a8853b5e8aa37625cfa6f95204c008e518a3fb2,
items.cpp|devilution::InitItemGFX(),devilution::InitItemGFX,items.cpp,2482,2492,4c1a0ab30db40192aab73fe37b157c940318412d7bc6544ae891c38367625036,
items.cpp|devilution::InitItems(),devilution::InitItems,items.cpp,2494,2538,38ec7b3b95ac6725a488e77236c6f9c5740cdd721bb239ee11b916e8880e44d9,
"items.cpp|devilution::CalcPlrItemVals(Player &player, bool loadgfx)",devilution::CalcPlrItemVals,items.cpp,2540,2884,0002c7b1127eae1fdfe4d213ebcd742e23abd3f2da7c447b66ea82c151e269ba,
"items.cpp|devilution::CalcPlrInv(Player &player, bool loadgfx)",devilution::CalcPlrInv,items.cpp,2886,2911,92539ac5c278a1cfc0645bda4c5ab792afe17e7d55a62ff3a182783553242c91,
"items.cpp|devilution::InitializeItem(Item &item, _item_indexes itemData)",devilution::InitializeItem,items.cpp,2913,2950,6c94d59f655ae2497674d605bf699944183d6df62ded6229bc48dde49ddc1369,
items.cpp|devilution::GenerateNewSeed(Item &item),devilution::GenerateNewSeed,items.cpp,2952,2955,84e11645a96eb3fa734927e07746dce0ccf7e0be50f42b2c88e8e31ebebd4897,
items.cpp|devilution::GetGoldCursor(int value),devilution::GetGoldCursor,items.cpp,2957,2966,b0c35edd4a3b76aff87a597e620468bd7f0a8059112408a23751d14902891415,
items.cpp|devilution::SetPlrHandGoldCurs(Item &gold),devilution::SetPlrHandGoldCurs,items.cpp,2968,2971,5039c168ee920f0fbc6afe10aa098fb944e0079ac97915b083e48a6cc5f52246,
items.cpp|devilution::CreatePlrItems(Player &player),devilution::CreatePlrItems,items.cpp,2973,3079,f0854f84933f1060e04198386b8cbba71119efd7b338cec7670bffe91a10712e,
items.cpp|devilution::ItemSpaceOk(Point position),devilution::ItemSpaceOk,items.cpp,3081,3108,bdd025582e84541bda781f11642fb72dc2d2a5785ccc5a4595c6eef347602dee,
items.cpp|devilution::AllocateItem(),devilution::AllocateItem,items.cpp,3110,3120,ae1f39369d838cfa8c79db81ead0f613855735db607616a1ce170fcca3c0f313,
"items.cpp|devilution::PlaceItemInWorld(Item &&item, WorldTilePosition position)",devilution::PlaceItemInWorld,items.cpp,3122,3142,2bef1dd3d1ba87812733cf8a9b4b8e602c6c3818b110f567fcc362ba0a6098a5,
items.cpp|devilution::GetSuperItemLoc(Point position),devilution::GetSuperItemLoc,items.cpp,3144,3149,1d27b800e6f0baed78cf223de54793bc8cbff4cb241ac83e9d437c7e74732108,
"items.cpp|devilution::GetItemAttrs(Item &item, _item_indexes itemData, int lvl)",devilution::GetItemAttrs,items.cpp,3151,3207,ee4809770885adba12204090aa3499e8e3705eaea22cd8a04d80870b6aa93f34,
items.cpp|devilution::SetupItem(Item &item),devilution::SetupItem,items.cpp,3209,3213,40287ffee5b60f9ceb93e4522c9aef0530f2b1844efcd8a073c772103b7c7ce4,
"items.cpp|devilution::SpawnUnique(_unique_items uid, Point position, std::optional<int> level , bool sendmsg , bool exactPosition)",devilution::SpawnUnique,items.cpp,3215,3252,ef7a8d20ae90cebbb4eb52087ef5f46611e3ccd0b36d8112dff12480f2aa8f9e,
"items.cpp|devilution::SpawnItem(Monster &monster, Point position, bool sendmsg, bool spawn)",devilution::SpawnItem,items.cpp,3254,3313,56302edbaa36b79f9449f2e3fd293704a22a275bf481a8ac5551b139d42e5b09,
"items.cpp|devilution::CreateRndItem(Point position, bool onlygood, bool sendmsg, bool delta)",devilution::CreateRndItem,items.cpp,3315,3320,f595379376f15efe8f66dcf15c2a8e72a94d162cf1bac6e38fa40e58d5253307,
"items.cpp|devilution::CreateRndUseful(Point position, bool sendmsg)",devilution::CreateRndUseful,items.cpp,3322,3335,f8fe8d5fd992383ea5f4b77d12dd8c427914b563872d15a65d589c286454ab75,
"items.cpp|devilution::CreateTypeItem(Point position, bool onlygood, ItemType itemType, int imisc, bool sendmsg, bool delta, bool spawn)",devilution::CreateTypeItem,items.cpp,3337,3348,44289a9e8b67683155117623eceac9876f74949d85c183e3121c6360512397a9,
"items.cpp|devilution::RecreateItem(const Player &player, Item &item, _item_indexes idx, uint16_t icreateinfo, uint32_t iseed, int ivalue, bool isHellfire)",devilution::RecreateItem,items.cpp,3350,3400,15027c1fb6211215e5505dc8dfb38a6759a83053132b554b3f781e3357e0dcfe,
"items.cpp|devilution::RecreateEar(Item &item, uint16_t ic, uint32_t iseed, uint8_t bCursval, string_view heroName)",devilution::RecreateEar,items.cpp,3402,3415,dadb9f472bea74cf7cce578f593ed37c9417a6b8177db8eb05bb0e17a3506256,
items.cpp|devilution::CornerstoneSave(),devilution::CornerstoneSave,items.cpp,3417,3432,8033ddaf0284ccc30334bdf48a1355948ba7425e121951f0977a41ddfd34b99a,
items.cpp|devilution::CornerstoneLoad(Point position),devilution::CornerstoneLoad,items.cpp,3434,3469,d217938d7b0d4b907b3d54585432bbdb887d89df14e848f5e675df08718bf034,
"items.cpp|devilution::SpawnQuestItem(_item_indexes itemid, Point position, int randarea, int selflag, bool sendmsg)",devilution::SpawnQuestItem,items.cpp,3471,3523,96824ce770ac738f4848e34112b536b33658953487f8f25a6f86ba31b95313a9,
"items.cpp|devilution::SpawnRewardItem(_item_indexes itemid, Point position, bool sendmsg)",devilution::SpawnRewardItem,items.cpp,3525,3546,a3d51c3dcae27d1badd3ffb48e774b30b3acd378fccb14d6cdd049f3ebc700d9,
"items.cpp|devilution::SpawnMapOfDoom(Point position, bool sendmsg)",devilution::SpawnMapOfDoom,items.cpp,3548,3551,0d54907762090c30e5ce18c0cdf56174e3a142a51929c57d90288161a867f1c3,
"items.cpp|devilution::SpawnRuneBomb(Point position, bool sendmsg)",devilution::SpawnRuneBomb,items.cpp,3553,3556,5686b7993a89c6b5b2025bf9ce3eb85d82346133cc8ed16318391b84204a86ac,
"items.cpp|devilution::SpawnTheodore(Point position, bool sendmsg)",devilution::SpawnTheodore,items.cpp,3558,3561,4efbf6c9db628f6a4436d71ee439b499858693d393e8a45b08a0e996b024c981,
"items.cpp|devilution::RespawnItem(Item &item, bool flipFlag)",devilution::RespawnItem,items.cpp,3563,3577,913ee5cf68282f8392fedcb652e9b3701a3c579523f197c206c70ab551ec11dd,
items.cpp|devilution::DeleteItem(int i),devilution::DeleteItem,items.cpp,3579,3593,88a384d601b0616075306ede3cae83b183e843f16397dbc41db3719292385524,
items.cpp|devilution::ProcessItems(),devilution::ProcessItems,items.cpp,3595,3620,754807b8b429fe655be010570c0be90b09aef88eb8e515d3dba126cadf6aeaeb,
items.cpp|devilution::FreeItemGFX(),devilution::FreeItemGFX,items.cpp,3622,3627,ff3c6c606a44200922fa5caf108aef82a99a77b8b873afbf2a9db0e3481dd618,
items.cpp|devilution::GetItemFrm(Item &item),devilution::GetItemFrm,items.cpp,3629,3634,89020c4f1bd045dd62972da01b4f39a4d5943c5381a1be44feb2a3d98686c972,
items.cpp|devilution::GetItemStr(Item &item),devilution::GetItemStr,items.cpp,3636,3645,b8cb79f5bf9703f73476a71274501301c59983f0c753a2817e247db1b04fbd2c,
"items.cpp|devilution::CheckIdentify(Player &player, int cii)",devilution::CheckIdentify,items.cpp,3647,3658,cacca1d50b409ef7e042841d0bbb4415ea64f7ca6821bf4297e758df4c4bfe2a,
"items.cpp|devilution::DoRepair(Player &player, int cii)",devilution::DoRepair,items.cpp,3660,3674,475451427ced4ab6bff267478c954a3c04a2ac2808bf8ec4e575e0fa91815f1f,
"items.cpp|devilution::DoRecharge(Player &player, int cii)",devilution::DoRecharge,items.cpp,3676,3688,4cbd62dcdcb91e08a65757575a1aaffc55dbf13ce9d753a23b310b6b77321f0a,
"items.cpp|devilution::DoOil(Player &player, int cii)",devilution::DoOil,items.cpp,3690,3702,d82cb939d916cb5955fbf2100f95bef7c2d3585009b4b81c026796b0fe1748e1,
"items.cpp|devilution::PrintItemPower(char plidx, const Item &item)",devilution::PrintItemPower,items.cpp,3704,3911,2f070c8a6c5f92f046f20be30c567fe3f1e6219a8d60593f6ae5c4385dd3e059,0x140058200
items.cpp|devilution::DrawUniqueInfo(const Surface &out),devilution::DrawUniqueInfo,items.cpp,3913,3937,f1ccd89d11547f979f7d90680dc837c55da0c2233ca0e5b6c898795bb4b4b405,
items.cpp|devilution::PrintItemDetails(const Item &item),devilution::PrintItemDetails,items.cpp,3939,3978,b746923962e20df74ee2c41593d6303b6c35e9c6404d4dffe06a2d2971ecd9ad,
items.cpp|devilution::PrintItemDur(const Item &item),devilution::PrintItemDur,items.cpp,3980,4017,21855e273b3c5682b68cd3a08078a64b9e8aa043854e9e99ac98f8c8bf27a128,
"items.cpp|devilution::UseItem(size_t pnum, item_misc_id mid, SpellID spellID, int spellFrom)",devilution::UseItem,items.cpp,4019,4185,098c2e1c3fbdf8860c6d59311c50487cf1bf15a40bebcd514d2fa8a79daee410,
"items.cpp|devilution::UseItemOpensHive(const Item &item, Point position)",devilution::UseItemOpensHive,items.cpp,4187,4197,b8a2e9405189a33dae9b3e92d0a78839f554a1a729c7179384f88c0fc7d568a3,
"items.cpp|devilution::UseItemOpensGrave(const Item &item, Point position)",devilution::UseItemOpensGrave,items.cpp,4199,4209,17e6c3da82c27abca73d2ca98eb86b4f8bb0ed1e565ff30104b692811c2d2075,
items.cpp|devilution::SpawnSmith(int lvl),devilution::SpawnSmith,items.cpp,4211,4241,2272c581dc4b5ebb30d9c049dd92312bc7c42ba8fbbfa04fd6358fc85bb25bb3,
items.cpp|devilution::SpawnPremium(const Player &player),devilution::SpawnPremium,items.cpp,4243,4274,3f0cc76847115f513dc5f45a01cb6134a091e7099aea86028f6ba43329db1441,
items.cpp|devilution::SpawnWitch(int lvl),devilution::SpawnWitch,items.cpp,4276,4342,29cd81a83d581e24f70b93fca94eb32bce0c75b4f2258cf74ad832e2f3573d0a,
items.cpp|devilution::SpawnBoy(int lvl),devilution::SpawnBoy,items.cpp,4344,4456,8ac4798f46cfebf0016bdb76701204b24f5f73256c1bc067a5c578b85bef1777,0x1400c8010
items.cpp|devilution::SpawnHealer(int lvl),devilution::SpawnHealer,items.cpp,4458,4490,a22c86fc59eeee58d971a0fb2d5e67364ab97aef8ebf35b85b5dfccf18bd516d,
"items.cpp|devilution::MakeGoldStack(Item &goldItem, int value)",devilution::MakeGoldStack,items.cpp,4492,4499,2f647d732db73a14ff59c3e2d8ba20c5ae96251f37c617293a43b4edafa32d07,
items.cpp|devilution::ItemNoFlippy(),devilution::ItemNoFlippy,items.cpp,4501,4509,66a8571f8ece1e9e5a57a6ffe9d2e5d587f582b144e8ef5ee03b9a26ae96e54e,
"items.cpp|devilution::CreateSpellBook(Point position, SpellID ispell, bool sendmsg, bool delta)",devilution::CreateSpellBook,items.cpp,4511,4541,f79f6b1bdf543d5466a2561731eba6be4ced28dcbb4c62d04d423e9ae4699ec9,
"items.cpp|devilution::CreateMagicArmor(Point position, ItemType itemType, int icurs, bool sendmsg, bool delta)",devilution::CreateMagicArmor,items.cpp,4543,4547,63c621de4e5e90bc554f8faf5f2cd88fa017295bdf2ec3bdb3ae8a827c6ad751,
"items.cpp|devilution::CreateAmulet(Point position, int lvl, bool sendmsg, bool delta, bool spawn)",devilution::CreateAmulet,items.cpp,4549,4552,120db09398fbbe0f221659b2cf6d4fd75fc6de4d026f04ab82b0b15c6a83a1f7,
"items.cpp|devilution::CreateMagicWeapon(Point position, ItemType itemType, int icurs, bool sendmsg, bool delta)",devilution::CreateMagicWeapon,items.cpp,4554,4563,ffc230967e4b9b1c58a0913fe254d64d6c71a94b4cc04e2bd60bc596126c25b1,
"items.cpp|devilution::GetItemRecord(uint32_t nSeed, uint16_t wCI, int nIndex)",devilution::GetItemRecord,items.cpp,4565,4580,c9548a42d78a8007dc212b6cab8dafb3c0a6764abf3fc8c270bec963992ef74d,
"items.cpp|devilution::SetItemRecord(uint32_t nSeed, uint16_t wCI, int nIndex)",devilution::SetItemRecord,items.cpp,4582,4595,2d8314e321f0b243799e0236e34eb97acec166dfafb44cb23987519957a93604,
"items.cpp|devilution::PutItemRecord(uint32_t nSeed, uint16_t wCI, int nIndex)",devilution::PutItemRecord,items.cpp,4597,4610,5badfe5bd9d321f9e02903bd136f0016e43d642bd23ed4da287ef1b4a70144ad,
items.cpp|devilution::Item::isUsable(),devilution::Item::isUsable,items.cpp,4744,4749,d42b87cd4c51c607bc8d2d466f966d896681547ff2677d39146234d724b3986b,
items.cpp|devilution::Item::setNewAnimation(bool showAnimation),devilution::Item::setNewAnimation,items.cpp,4751,4770,5fefb71e2b283135df2a6dddd8178ca24b20fd3d45979f9c469ab3a17fc729dc,
items.cpp|devilution::Item::updateRequiredStatsCacheForPlayer(const Player &player),devilution::Item::updateRequiredStatsCacheForPlayer,items.cpp,4772,4787,c1adc545a0987e65d322d661640710ded6ebea9aa3db8ebdebcbcea7bf4bd869,
items.cpp|devilution::Item::getName(),devilution::Item::getName,items.cpp,4789,4800,9a6a32b4b730b5aaaebae9871965f62b1281c5ec860f14a3a8a548d5035ff5a8,
items.cpp|devilution::CornerStoneStruct::isAvailable(),devilution::CornerStoneStruct::isAvailable,items.cpp,4802,4805,ac75cd3cda7119ac33c23ec8050daf0bbd3461c7579e2d1c2e87834e395e95aa,
items.cpp|devilution::initItemGetRecords(),devilution::initItemGetRecords,items.cpp,4807,4811,898a3860c7116d189f37bc4713c1bb7ee52b26c730ccdf70f08911f5a887ea7e,
"items.cpp|devilution::RepairItem(Item &item, int lvl)",devilution::RepairItem,items.cpp,4813,4835,db684af98341120025dcc0d1a5a60151dfeb7f6e7b9602c9984cba4bd411fcec,
"items.cpp|devilution::RechargeItem(Item &item, Player &player)",devilution::RechargeItem,items.cpp,4837,4874,1ec32798b152d6791c42e0d2ee09864cf4f0adbd133573c06509830f02678704,
"items.cpp|devilution::ApplyOilToItem(Item &item, Player &player)",devilution::ApplyOilToItem,items.cpp,4876,4983,80c0a1967d51b68c4ce7e1c13cf7fd4fc7bb55c6d041ec1e9a723889b4fa8554,
"items.cpp|devilution::UpdateHellfireFlag(Item &item, const char *identifiedItemName)",devilution::UpdateHellfireFlag,items.cpp,4985,5010,80d5b717a76ba90e31f346002f32dd47144fa7ccbf1161423887a14fa2825785,
items.h|devilution::Item::pop(),devilution::Item::pop,items.h,252,257,0f91f5182dd17af0c0bdb2d6ccf4311e8f1d81a4b83f590eb5f517f46ff2a704,
items.h|devilution::Item::clear(),devilution::Item::clear,items.h,262,265,1643fed50bad4abf9c3b9aed6bec3a1d8e14d1e6da504702a4b47f715e8b4bc3,
items.h|devilution::Item::isEmpty(),devilution::Item::isEmpty,items.h,271,274,5b1c0fa437f491ea24073d6955f171b2313445f204cefe92e90bbc87dbef71b1,
items.h|devilution::Item::isEquipment(),devilution::Item::isEquipment,items.h,280,298,f3e34a5347d85469e3290414c33c9fbbc80b05299c10c30b64ba9f5027261b04,
items.h|devilution::Item::isWeapon(),devilution::Item::isWeapon,items.h,304,321,cffb72000084a09c6bebd1611a0cbb703e966428830c030e50bf565278946a26,
items.h|devilution::Item::isArmor(),devilution::Item::isArmor,items.h,327,342,9002669fc2d4eccd704bf19a635aac3895e5abdb3df9a269cb415db85c7c3152,
items.h|devilution::Item::isHelm(),devilution::Item::isHelm,items.h,348,351,ac3c3abf0bf2588eaa6ba740ab9c5beef2598d4e208788a41db7e5e44e003aea,
items.h|devilution::Item::isShield(),devilution::Item::isShield,items.h,357,360,ab714161120e15b83c21dff6b940ef040d7c0038524d51438f1198a17a742ce1,
items.h|devilution::Item::isJewelry(),devilution::Item::isJewelry,items.h,366,380,439c015cd9399c63e80c2547ace09ff7e28c6bf54587d66fc978373f8d0a39f3,
items.h|devilution::Item::isScroll(),devilution::Item::isScroll,items.h,382,385,0ae7c65233090395d6c23e4973140af633b9c6249fce0a857dafaeb85cb8fc19,
items.h|devilution::Item::isScrollOf(SpellID spellId),devilution::Item::isScrollOf,items.h,387,390,34e49400e661d75d61cb91cc40d36f7f51444a5b8a89f947e95634239a163529,
items.h|devilution::Item::isRune(),devilution::Item::isRune,items.h,392,395,751b60db97cd2c167f03e7a69cb4aec1735eb67c208910861bc0b2e5d05bff58,
items.h|devilution::Item::isRuneOf(SpellID spellId),devilution::Item::isRuneOf,items.h,397,415,ba7a8b6b33940c5b0d58dfae7263318e50332926a79a9b38f28a7f83f88c04ec,
"items.h|devilution::Item::keyAttributesMatch(uint32_t seed, _item_indexes itemIndex, uint16_t createInfo)",devilution::Item::keyAttributesMatch,items.h,419,422,dbbcc003ed39c67000fb4785561a793cacc896e31e8f6569cce69e0ef0a3185b,
items.h|devilution::Item::getTextColor(),devilution::Item::getTextColor,items.h,424,434,4c84182a8518dee3a92b267f3e7b885492861b70e8966a04ba49eb821d4c5c03,
items.h|devilution::Item::getTextColorWithStatCheck(),devilution::Item::getTextColorWithStatCheck,items.h,436,441,0b535365d4ecb8467ecf5eb4e6e0582d623e962f6939204124c22ddd5b69ad0b,
levels/crypt.cpp|devilution::ApplyCryptShadowsPatterns(),devilution::ApplyCryptShadowsPatterns,levels/crypt.cpp,488,610,63a24b12d5c30bd413e26ccaeb11db06690655edbd4ba339bf57264dc5837923,
"levels/crypt.cpp|devilution::PlaceMiniSetRandom1x1(uint8_t search, uint8_t replace, int rndper)",devilution::PlaceMiniSetRandom1x1,levels/crypt.cpp,612,615,6a343fa7f3452c0fa5342326c18f01e7ecd97fda743921d6641fdd3e17ef6bff,
levels/crypt.cpp|devilution::CryptCracked(int rndper),devilution::CryptCracked,levels/crypt.cpp,617,622,79098732cd6a90c5cca16f05e7c582f5449013ba06e24d851ac2f69649c53ee3,
levels/crypt.cpp|devilution::CryptBroken(int rndper),devilution::CryptBroken,levels/crypt.cpp,624,629,2fb3931cad0935c963fc3824ef87ebc0d44d424cf98647d905ccc87b3e16c7dd,
levels/crypt.cpp|devilution::CryptLeaking(int rndper),devilution::CryptLeaking,levels/crypt.cpp,631,636,0a984f7e9509e3471cd9bf5329a0d9d41bfc434a019fb79f56d5c678f8ebe12f,
levels/crypt.cpp|devilution::CryptSubstitions1(int rndper),devilution::CryptSubstitions1,levels/crypt.cpp,638,643,5047c302ee2017536dd06c35d0f9716ec2f18564c278e96c75e721d5350f7c49,
levels/crypt.cpp|devilution::CryptSubstitions2(int rndper),devilution::CryptSubstitions2,levels/crypt.cpp,645,657,b7d93666af77c7acb7c7400c032971fe9df650e8458dd38bfb34068240b933bb,
levels/crypt.cpp|devilution::CryptFloor(int rndper),devilution::CryptFloor,levels/crypt.cpp,659,664,81f8344fa5daa75bd1902794b761e22a27d032bab2122b2504689d530a00c6ec,
levels/crypt.cpp|devilution::InitCryptPieces(),devilution::InitCryptPieces,levels/crypt.cpp,668,679,1c39f1ebd954655faccaee82ad992326bc040f1bae4c17eaae7144ec46985cfd,
levels/crypt.cpp|devilution::SetCryptRoom(),devilution::SetCryptRoom,levels/crypt.cpp,681,695,bb37cbc9ad99c9f207c58de68a9eee726367f9c95c635c82d3c84217e5d63ed4,
levels/crypt.cpp|devilution::SetCornerRoom(),devilution::SetCornerRoom,levels/crypt.cpp,697,706,5462fcc33d9f6b77cdd4622aff5586c19ab71a4e47803c4b47c233b01211e439,
levels/crypt.cpp|devilution::FixCryptDirtTiles(),devilution::FixCryptDirtTiles,levels/crypt.cpp,708,724,ff6841f4ad9e9711c9e233aee31726dca50843e4fa2fa6fe432b00b3b7bd90c1,
levels/crypt.cpp|devilution::PlaceCryptStairs(lvl_entry entry),devilution::PlaceCryptStairs,levels/crypt.cpp,726,749,5ce0ec93a21b353b125ce131288f54d9895ec362781d60f7d31dfa718b7a7b95,
levels/crypt.cpp|devilution::CryptSubstitution(),devilution::CryptSubstitution,levels/crypt.cpp,751,800,38050a2a335321b4ded2cfe8cf4a3c45e3ea070790ad96e9747ab57d266cb973,
levels/crypt.cpp|devilution::SetCryptSetPieceRoom(),devilution::SetCryptSetPieceRoom,levels/crypt.cpp,802,815,6014b4350c632249b5506356afff69b710dd1ee355756cfe4029bad3cb6dda44,
levels/crypt.cpp|devilution::PlaceCryptLights(),devilution::PlaceCryptLights,levels/crypt.cpp,817,838,eb027cf47d113609a261d8b94e893f5627964ec95310b1a5043071ce57325e63,
levels/drlg_l1.cpp|devilution::ApplyShadowsPatterns(),devilution::ApplyShadowsPatterns,levels/drlg_l1.cpp,282,344,bcf3bf38e0da65cfcac05e69b999cb569dd91de64070b041bf114be1c7a6b7da,
"levels/drlg_l1.cpp|devilution::CanReplaceTile(uint8_t replace, Point tile)",devilution::CanReplaceTile,levels/drlg_l1.cpp,346,366,6747ae25d79618783c681c3bbbaeb52c36416fe1cdbd45804967e5c75038f147,
levels/drlg_l1.cpp|devilution::FillFloor(),devilution::FillFloor,levels/drlg_l1.cpp,368,382,1d38d24626e32aeedc03f916422267ed974194a5134329e6c47c406bf9262f77,
levels/drlg_l1.cpp|devilution::LoadQuestSetPieces(),devilution::LoadQuestSetPieces,levels/drlg_l1.cpp,384,393,54e9cbcdf3c6f9b2e4839f472506092d7d490476e3b1adef3fe6c6299b51ee6c,0x140132580
levels/drlg_l1.cpp|devilution::InitDungeonPieces(),devilution::InitDungeonPieces,levels/drlg_l1.cpp,395,418,cdb76ae1e31e50d14dead2902395adabe2ae7fd4a3a61a1647d7822be1a36c8b,
levels/drlg_l1.cpp|devilution::InitDungeonFlags(),devilution::InitDungeonFlags,levels/drlg_l1.cpp,420,425,6facb2f3ac47ee096a87cd98af0f37984399a1a14023033cb689b3f4230374f8,
levels/drlg_l1.cpp|devilution::MapRoom(Rectangle room),devilution::MapRoom,levels/drlg_l1.cpp,427,434,8ba37e9cd2b03d7a15cac1b853fa628fed87d487f25590f47218fc57046efdff,
levels/drlg_l1.cpp|devilution::CheckRoom(Rectangle room),devilution::CheckRoom,levels/drlg_l1.cpp,436,450,a7355a01d2885c7e060692c627556c24fb806f8c99ccafac355f0d203e63d44c,
"levels/drlg_l1.cpp|devilution::GenerateRoom(Rectangle area, bool verticalLayout)",devilution::GenerateRoom,levels/drlg_l1.cpp,452,495,b1c86947da818675833d9a4348593a8fba4d8c005aa7aa16bb39a27647722e36,
levels/drlg_l1.cpp|devilution::FirstRoom(),devilution::FirstRoom,levels/drlg_l1.cpp,500,544,6e5d7436c5c53e0cc6fbaaea38bf633f494996fd7ec31671cbf909e37ef99699,
levels/drlg_l1.cpp|devilution::FindArea(),devilution::FindArea,levels/drlg_l1.cpp,549,552,595ffa766da0c99a6a512323fde5f51f5cce45aa14ca916266771f9d64b50e3b,
levels/drlg_l1.cpp|devilution::MakeDmt(),devilution::MakeDmt,levels/drlg_l1.cpp,554,574,c5c2d20c0fd9200b7c8559ee2ad1d54d7a62d7482d8617f277be1cfc4ce16878,
levels/drlg_l1.cpp|devilution::HorizontalWallOk(Point position),devilution::HorizontalWallOk,levels/drlg_l1.cpp,576,593,66da8a239fb1643c81edfc6321fbdaa6a979208bb8eadde9da79f2d2c4c7c1c0,
levels/drlg_l1.cpp|devilution::VerticalWallOk(Point position),devilution::VerticalWallOk,levels/drlg_l1.cpp,595,612,578c5c913b897d503e8552f8cda7769e7ea8d063e2d057cf8a17e1b72b9a4514,
"levels/drlg_l1.cpp|devilution::HorizontalWall(Point position, Tile start, int maxX)",devilution::HorizontalWall,levels/drlg_l1.cpp,614,654,b34380d9f6cf02c208cd84eb2a4a7fb5667a5e84ccaffe2a8e3f8aef50fe0f81,
"levels/drlg_l1.cpp|devilution::VerticalWall(Point position, Tile start, int maxY)",devilution::VerticalWall,levels/drlg_l1.cpp,656,696,1028e52b71813276cd3b5731d7f0e646b7b0ae9ac1f7aece679b060093df3836,
levels/drlg_l1.cpp|devilution::AddWall(),devilution::AddWall,levels/drlg_l1.cpp,698,749,e79d1a3e595a0feb554e525d60f7cfc480e5d9f8995d7159f60388a9d8376fdc,
"levels/drlg_l1.cpp|devilution::GenerateChamber(Point position, bool connectPrevious, bool connectNext, bool verticalLayout)",devilution::GenerateChamber,levels/drlg_l1.cpp,751,805,55781ab198bc8feb232934eb484c74d3bb74a7e98d00971e1dfcb74a7edf3d6e,
"levels/drlg_l1.cpp|devilution::GenerateHall(Point start, int length, bool verticalLayout)",devilution::GenerateHall,levels/drlg_l1.cpp,807,820,2754c2ae11b72b077e7d1649e11d436893253ae7fd622b04cd90eeddfa1ee698,
levels/drlg_l1.cpp|devilution::FixTilesPatterns(),devilution::FixTilesPatterns,levels/drlg_l1.cpp,822,941,38c3d38a20d46bb110ee12e94f24c2e05416e1ba9e7355263511a291123e9b2f,
levels/drlg_l1.cpp|devilution::Substitution(),devilution::Substitution,levels/drlg_l1.cpp,943,981,98a3d8772c7e6512c2404399f741c9deee28171ec10a6a53931fd21305f4e2b3,
levels/drlg_l1.cpp|devilution::FillChambers(),devilution::FillChambers,levels/drlg_l1.cpp,983,1021,8ded03c77107e20ada2ec9636f32246c7af79fc24e29eaa95829741da4465762,
levels/drlg_l1.cpp|devilution::FixTransparency(),devilution::FixTransparency,levels/drlg_l1.cpp,1023,1056,808c8241d395091f4235aa15d61ec0fdaf805ba180b729df0455afe762d9db57,
levels/drlg_l1.cpp|devilution::FixDirtTiles(),devilution::FixDirtTiles,levels/drlg_l1.cpp,1058,1082,6e75014efd3ae39a4598bf60b89557885e6d071fe7d19dc0cb3be461e29e2ad7,
levels/drlg_l1.cpp|devilution::FixCornerTiles(),devilution::FixCornerTiles,levels/drlg_l1.cpp,1084,1100,29ce226b6cba9bd127982b907b57d82e7debcb358245690bd80c3a88a4c5b46d,
levels/drlg_l1.cpp|devilution::PlaceCathedralStairs(lvl_entry entry),devilution::PlaceCathedralStairs,levels/drlg_l1.cpp,1102,1148,4b7e18fe496b7b0f354b74c64ba5f8507b3686237f8b96f7691851d13ede5d81,
levels/drlg_l1.cpp|devilution::PlaceStairs(lvl_entry entry),devilution::PlaceStairs,levels/drlg_l1.cpp,1150,1157,dacea5aea0982b7c1c526143fbb832b2474c7884fc8f496aa3e3b2fc5cdbad15,
levels/drlg_l1.cpp|devilution::GenerateLevel(lvl_entry entry),devilution::GenerateLevel,levels/drlg_l1.cpp,1159,1230,d65ee567dc504247179d94246b3df51030e7a3d1bfbd6321575f2d9f298a2354,
levels/drlg_l1.cpp|devilution::Pass3(),devilution::Pass3,levels/drlg_l1.cpp,1232,1240,c26d01e980fb059bb6fe69dfa9495f3af314bdaf2bede552c115d4907482b63c,
"levels/drlg_l1.cpp|devilution::PlaceMiniSetRandom(const Miniset &miniset, int rndper)",devilution::PlaceMiniSetRandom,levels/drlg_l1.cpp,1244,1261,558b1dd50f468b7a51398f7599cf8414145c0921b2eba94dd616454c93dc787d,
levels/drlg_l1.cpp|devilution::SelectChamber(),devilution::SelectChamber,levels/drlg_l1.cpp,1263,1289,9e1bbabd5733a93d25abdd7a7045fd93260f024387aa57fc6212f15c2e90f3b8,
"levels/drlg_l1.cpp|devilution::CreateL5Dungeon(uint32_t rseed, lvl_entry entry)",devilution::CreateL5Dungeon,levels/drlg_l1.cpp,1291,1306,3f8e2449de0eb71227cadc1d0f435e970a548964d3bdabd8c367f3437c809e28,
levels/drlg_l1.cpp|devilution::LoadPreL1Dungeon(const char *path),devilution::LoadPreL1Dungeon,levels/drlg_l1.cpp,1308,1319,f4d52fc6c5cdc69b39a4fdbe669b8a121a3db39b96aa7782d171c49eb3d4a626,
"levels/drlg_l1.cpp|devilution::LoadL1Dungeon(const char *path, Point spawn)",devilution::LoadL1Dungeon,levels/drlg_l1.cpp,1321,1336,52380786e215e6ad46cc884e9269f62abe01ab455a1c0420076421211e66d322,
levels/drlg_l2.cpp|devilution::ApplyShadowsPatterns(),devilution::ApplyShadowsPatterns,levels/drlg_l2.cpp,1562,1595,99d4630d6aa937d89ad55d6121a2e2f851289bc7d7cfc72e231630b443c93ef8,
"levels/drlg_l2.cpp|devilution::PlaceMiniSetRandom(const Miniset &miniset, int rndper)",devilution::PlaceMiniSetRandom,levels/drlg_l2.cpp,1597,1624,e1be7e4fe7d90149a9ad124cb470edacfbb475e3396691d4794509300417f24b,
"levels/drlg_l2.cpp|devilution::PlaceMiniSetRandom1x1(uint8_t search, uint8_t replace, int rndper)",devilution::PlaceMiniSetRandom1x1,levels/drlg_l2.cpp,1626,1629,6a343fa7f3452c0fa5342326c18f01e7ecd97fda743921d6641fdd3e17ef6bff,
levels/drlg_l2.cpp|devilution::LoadQuestSetPieces(),devilution::LoadQuestSetPieces,levels/drlg_l2.cpp,1631,1640,6e15cfad3511f4135e7b827f5d274007da6ff97991e93fb3a83fa518e9d877ea,0x140134ec0
levels/drlg_l2.cpp|devilution::InitDungeonPieces(),devilution::InitDungeonPieces,levels/drlg_l2.cpp,1642,1668,0926587f345e358b0448e3bf2abf7e3b820d85d04669773947c4d12c4cb654ff,
levels/drlg_l2.cpp|devilution::InitDungeonFlags(),devilution::InitDungeonFlags,levels/drlg_l2.cpp,1670,1674,89826cdd0770ec0be6a9db46b12b757a4716382a1436fe4107298b4dd15c1f7d,
"levels/drlg_l2.cpp|devilution::MapRoom(int x1, int y1, int x2, int y2)",devilution::MapRoom,levels/drlg_l2.cpp,1676,1691,49a5ae987da567df3bfabe25a84c2b7f24e32f93e7d7283f707abb0e607a9c50,
"levels/drlg_l2.cpp|devilution::DefineRoom(Point topLeft, Point bottomRight, bool forceHW)",devilution::DefineRoom,levels/drlg_l2.cpp,1693,1724,c5f4bb723def1040c5d251a0b1fa63a4c3b25fef9360734369019c2cc186eae3,
levels/drlg_l2.cpp|devilution::CreateDoorType(Point position),devilution::CreateDoorType,levels/drlg_l2.cpp,1726,1740,becbcf171bb35203f0f482d8f42e301c1aca9e565d091d86d315163b6936d674,
levels/drlg_l2.cpp|devilution::PlaceHallExt(Point position),devilution::PlaceHallExt,levels/drlg_l2.cpp,1742,1746,233ca12c5d4421097e748787f3d05caa3028d85b963fdef91c9f867cd0d213f2,
"levels/drlg_l2.cpp|devilution::CreateRoom(WorldTilePosition topLeft, WorldTilePosition bottomRight, int nRDest, HallDirection nHDir, std::optional<WorldTileSize> size)",devilution::CreateRoom,levels/drlg_l2.cpp,1756,1852,e3a1685cc0c5f01aaa79f4c4aa5d4d5e1785e3f9236356a7e0b1a8c71ddd11f8,
levels/drlg_l2.cpp|devilution::ConnectHall(const HallNode &node),devilution::ConnectHall,levels/drlg_l2.cpp,1854,1967,4a49def67e38936c098db108e094dda97a718e8e4cd0cd316a85d06570044669,
"levels/drlg_l2.cpp|devilution::DoPatternCheck(int i, int j)",devilution::DoPatternCheck,levels/drlg_l2.cpp,1969,2036,618bb8eda7d0e5cb7f095b8c468def4402b35127c448e6090605bf4a69380e28,
levels/drlg_l2.cpp|devilution::FixTilesPatterns(),devilution::FixTilesPatterns,levels/drlg_l2.cpp,2038,2059,3d35cbcd86bd2d307e9e2dfe8608c34c1313cf1af864ddd613512781e66d42d0,
levels/drlg_l2.cpp|devilution::Substitution(),devilution::Substitution,levels/drlg_l2.cpp,2061,2099,912d81a42e34413ea1b7ec1235f96178ab7b7416602d2dcc637f776c15862bc0,
levels/drlg_l2.cpp|devilution::CountEmptyTiles(),devilution::CountEmptyTiles,levels/drlg_l2.cpp,2101,2113,9f7369a2a5a6ff3f3c57b2fc5a9d756e14e2318a2d186ab14684194631227807,
"levels/drlg_l2.cpp|devilution::KnockWalls(int x1, int y1, int x2, int y2)",devilution::KnockWalls,levels/drlg_l2.cpp,2115,2145,56dd42e147ad5bf382ba2dec3a62b1334cc41419f5157847eee0b79b4ec863c8,
"levels/drlg_l2.cpp|devilution::FillVoid(bool xf1, bool yf1, bool xf2, bool yf2, int xx, int yy)",devilution::FillVoid,levels/drlg_l2.cpp,2147,2366,bbd527c57676f0b037a3769aae24f748455be0006e34d167e7356d1d19b7bd0e,
levels/drlg_l2.cpp|devilution::FillVoids(),devilution::FillVoids,levels/drlg_l2.cpp,2368,2425,66641c31345a3c46cb606b005476229c45f4fb40b80c3749943f82a12a9b3cd4,
levels/drlg_l2.cpp|devilution::CreateDungeon(),devilution::CreateDungeon,levels/drlg_l2.cpp,2427,2490,ed5358a4a86c34acbf3c39419058c9490892b6b9cc09ed163119a3af847c712f,
levels/drlg_l2.cpp|devilution::FixTransparency(),devilution::FixTransparency,levels/drlg_l2.cpp,2492,2525,f36f64d4421ac4f66dc03fb5c066fe2209fc6068ede9dea04fef7213a6c5d9da,
levels/drlg_l2.cpp|devilution::FixDirtTiles(),devilution::FixDirtTiles,levels/drlg_l2.cpp,2527,2551,44dfb7969ec695b6b072e818c86c25199b4874b76feb8eb44df1e2de77fc998c,
levels/drlg_l2.cpp|devilution::FixLockout(),devilution::FixLockout,levels/drlg_l2.cpp,2553,2615,9f8d256f6ef8fcf0c1051dad7214a467ad688d8fc0e5c66ef1181bd64ab08d73,
levels/drlg_l2.cpp|devilution::FixDoors(),devilution::FixDoors,levels/drlg_l2.cpp,2617,2629,3bc2014d6f7353f528e4ca6d66664e3371c2caeb2cda5616d58b5274f8fee130,
levels/drlg_l2.cpp|devilution::PlaceStairs(lvl_entry entry),devilution::PlaceStairs,levels/drlg_l2.cpp,2631,2659,7a08f4509b4f4ccb77233cfeb297e6a5c4dce4197a8b9d0a8c91598d8f3fb938,
levels/drlg_l2.cpp|devilution::GenerateLevel(lvl_entry entry),devilution::GenerateLevel,levels/drlg_l2.cpp,2661,2801,c18641fdba357cb1d09cdf10db9e6bbe3e8b8d7c1dd6baed09e0ad60de175356,
levels/drlg_l2.cpp|devilution::Pass3(),devilution::Pass3,levels/drlg_l2.cpp,2803,2808,6de62187b5c5a05310ac04b6194e73f3da55ec8986ec1e61d88bb0582a4c787a,
"levels/drlg_l2.cpp|devilution::CreateL2Dungeon(uint32_t rseed, lvl_entry entry)",devilution::CreateL2Dungeon,levels/drlg_l2.cpp,2812,2819,8ec843373c9c167d3120947644a267ae99f0eaf20bff59971a70c90986bd9ff9,
levels/drlg_l2.cpp|devilution::LoadPreL2Dungeon(const char *path),devilution::LoadPreL2Dungeon,levels/drlg_l2.cpp,2821,2829,14451230b17275077a94f7ed343eab2ec1d04c7d1ac5b16cacf695a7018e0f3e,
"levels/drlg_l2.cpp|devilution::LoadL2Dungeon(const char *path, Point spawn)",devilution::LoadL2Dungeon,levels/drlg_l2.cpp,2831,2838,0931cf8f6e57f57b6f3c47ffbc94f5a7428db946974be456e265dbed20877d74,
levels/drlg_l3.cpp|devilution::InitDungeonFlags(),devilution::InitDungeonFlags,levels/drlg_l3.cpp,705,709,cd2587d7b2027e03fd0043f5682ff0e1103c734ba72ad5b9eafb89da5de2126a,
"levels/drlg_l3.cpp|devilution::FillRoom(int x1, int y1, int x2, int y2)",devilution::FillRoom,levels/drlg_l3.cpp,711,751,c7bf0962000044780af7f6c660434b098020428f6b407ccf4b39b63512c759a0,
"levels/drlg_l3.cpp|devilution::CreateBlock(int x, int y, int obs, int dir)",devilution::CreateBlock,levels/drlg_l3.cpp,753,837,e71d84de7bc596eb947fee31e283a7f5cf0d5583394f5bc735508aabfda1da2e,
"levels/drlg_l3.cpp|devilution::FloorArea(int x1, int y1, int x2, int y2)",devilution::FloorArea,levels/drlg_l3.cpp,839,846,e8eec3090f36efd9e029f6593b6daf2ccab876eba8b1a63c7915ce20a39d3623,
levels/drlg_l3.cpp|devilution::FillDiagonals(),devilution::FillDiagonals,levels/drlg_l3.cpp,848,869,9971233298b2a901eb34e2c49a5d1652110838a0d9716fd7afce79c42a52bfb8,
levels/drlg_l3.cpp|devilution::FillSingles(),devilution::FillSingles,levels/drlg_l3.cpp,871,883,b1689725215065a7f703c2473fadae3d520dfac322d5ace1a038e8455c81302b,
levels/drlg_l3.cpp|devilution::FillStraights(),devilution::FillStraights,levels/drlg_l3.cpp,885,966,642a1dd83d486aece7bdf16060a060d8aa8b455fd090665f2c932bde23ce55c0,
levels/drlg_l3.cpp|devilution::Edges(),devilution::Edges,levels/drlg_l3.cpp,968,976,fa9a7138ca35f8a483e20b232cecb8d8fd64570b29a741a883eca996c3cb8fa0,
levels/drlg_l3.cpp|devilution::GetFloorArea(),devilution::GetFloorArea,levels/drlg_l3.cpp,978,989,344688a2a7916b708291b570d854160e42b23b8e04efc592616a6852f7f7db2d,
levels/drlg_l3.cpp|devilution::MakeMegas(),devilution::MakeMegas,levels/drlg_l3.cpp,991,1009,00cfd11b85cfe12fb4ede21f6fb6ebcd95118277f1367f0eb8c6997f2d5a7d94,
levels/drlg_l3.cpp|devilution::River(),devilution::River,levels/drlg_l3.cpp,1011,1260,6f76c6af19fca0a07d94eefabb84fa3710bd38d6a4bcee50477b6fd96989d914,
"levels/drlg_l3.cpp|devilution::SpawnEdge(int x, int y, int *totarea)",devilution::SpawnEdge,levels/drlg_l3.cpp,1264,1311,64d73cb9d6f8287f658fbe7677410323b17f11a9313331fdaf76b2e3b9e8b2b1,
"levels/drlg_l3.cpp|devilution::Spawn(int x, int y, int *totarea)",devilution::Spawn,levels/drlg_l3.cpp,1313,1363,efc2f9eeea02844d19668690346a9937084f24218c6b8ce63cde727cc82f4d5b,
"levels/drlg_l3.cpp|devilution::CanReplaceTile(uint8_t replace, Point tile)",devilution::CanReplaceTile,levels/drlg_l3.cpp,1365,1385,7cfb72a7616084188957fe83072f0e89f7b213bdacf82eb43e65070fd1a085e9,
"levels/drlg_l3.cpp|devilution::PlaceMiniSetRandom(const Miniset &miniset, int rndper)",devilution::PlaceMiniSetRandom,levels/drlg_l3.cpp,1391,1412,522345a03c3c3503a37fb0191e2f408ce9a6f0ce77e227798b10c2efb038dc68,
"levels/drlg_l3.cpp|devilution::PlaceMiniSetRandom1x1(uint8_t search, uint8_t replace, int rndper)",devilution::PlaceMiniSetRandom1x1,levels/drlg_l3.cpp,1414,1417,6a343fa7f3452c0fa5342326c18f01e7ecd97fda743921d6641fdd3e17ef6bff,
levels/drlg_l3.cpp|devilution::PlaceSlimePool(),devilution::PlaceSlimePool,levels/drlg_l3.cpp,1419,1433,3522dc7af7f6e3d1202e07e9717dc7cfb34426d183dd90f4c74042506f76db69,
levels/drlg_l3.cpp|devilution::PlaceLavaPool(),devilution::PlaceLavaPool,levels/drlg_l3.cpp,1440,1493,5dbcb26b3db43521b13f42cd36b590ee0e3a5532ea7dfd36c219161f08741798,
levels/drlg_l3.cpp|devilution::PlacePool(),devilution::PlacePool,levels/drlg_l3.cpp,1495,1502,54f884982b3ad4dba639c9b2645cb6b98f389ddde0e9cdd08e49d73057d9e145,
levels/drlg_l3.cpp|devilution::PoolFix(),devilution::PoolFix,levels/drlg_l3.cpp,1507,1526,542c46b92f2edc5f696d6297f56a7b4ed36c33c415777797d07cc0cf1be11ca1,
"levels/drlg_l3.cpp|devilution::FenceVerticalUp(int i, int y)",devilution::FenceVerticalUp,levels/drlg_l3.cpp,1528,1538,f8bfa76708f13e1278e832c633c4a6b81909bf4949ff03b38a3cfd9e75a3faca,
"levels/drlg_l3.cpp|devilution::FenceVerticalDown(int i, int y)",devilution::FenceVerticalDown,levels/drlg_l3.cpp,1540,1550,bf0325c06a9585d7a6f9a894ff98b3b1efa5d5e47573c3d94a77d8ff38462524,
"levels/drlg_l3.cpp|devilution::FenceHorizontalLeft(int x, int j)",devilution::FenceHorizontalLeft,levels/drlg_l3.cpp,1552,1562,5e6eaf410cc4e33dc18d7dcd25d0452b772b0a14d7ed00e10f1e5ebf7e02ebc7,
"levels/drlg_l3.cpp|devilution::FenceHorizontalRight(int x, int j)",devilution::FenceHorizontalRight,levels/drlg_l3.cpp,1564,1574,7f48c29d9d8274ad0a77382253b43ef0830f14ceaa7259ffc97419342c7fe0ba,
levels/drlg_l3.cpp|devilution::AddFenceDoors(),devilution::AddFenceDoors,levels/drlg_l3.cpp,1576,1596,da936d83adff8e5b1d866d1cbad57ee616ee58fa5aec625dea7508f54a20c2a5,
levels/drlg_l3.cpp|devilution::FenceDoorFix(),devilution::FenceDoorFix,levels/drlg_l3.cpp,1598,1630,dff627c70823049e2f0480d5a699e58bba05b9d361da6e6b1c6af5f08a040a3f,
levels/drlg_l3.cpp|devilution::Fence(),devilution::Fence,levels/drlg_l3.cpp,1632,1797,aa1d687f6b84b1424a8fd174156633ee66aadf1154cc65ab23dba852a713f63c,
levels/drlg_l3.cpp|devilution::LoadQuestSetPieces(),devilution::LoadQuestSetPieces,levels/drlg_l3.cpp,1799,1803,4e682b1e8d9fe74c0dfc0b7d7eb414c463ed15587d8d6bf0e733a9304e625efa,
levels/drlg_l3.cpp|devilution::PlaceAnvil(),devilution::PlaceAnvil,levels/drlg_l3.cpp,1805,1848,b368644d6152e0e63a3e3cc503261a49ea5fba8e2e3953d4a24c7f6b51019760,
levels/drlg_l3.cpp|devilution::Warp(),devilution::Warp,levels/drlg_l3.cpp,1850,1866,c9e27dffe968bde097654adb3da8f32427dad584d5dfcc26fc315892dc485763,
levels/drlg_l3.cpp|devilution::HallOfHeroes(),devilution::HallOfHeroes,levels/drlg_l3.cpp,1868,1891,6d6bdbbdb10336c2eb7b8f99933e454869bd53aa734be72b156c92827f70acea,
"levels/drlg_l3.cpp|devilution::LockRectangle(int x, int y)",devilution::LockRectangle,levels/drlg_l3.cpp,1893,1905,470e6c89a8882df42356c0e19c523f9b5c8155425304b8f63ce6848dd84acd5c,
levels/drlg_l3.cpp|devilution::Lockout(),devilution::Lockout,levels/drlg_l3.cpp,1907,1930,efb69e1cc1f503ff78693fb19e555b2231b83ab8ad8ac94ce6f8060e16f0662c,
levels/drlg_l3.cpp|devilution::PlaceCaveStairs(lvl_entry entry),devilution::PlaceCaveStairs,levels/drlg_l3.cpp,1932,1960,f48d32d52d2189f69ef6ca7df74e6cad7e9bd0286d1ae5edfa525f3fecf34580,
levels/drlg_l3.cpp|devilution::PlaceNestStairs(lvl_entry entry),devilution::PlaceNestStairs,levels/drlg_l3.cpp,1962,1983,827ed70ed170121c13f2a2c12c6cddf1a340ce4de11385184381613e605100e0,
levels/drlg_l3.cpp|devilution::PlaceStairs(lvl_entry entry),devilution::PlaceStairs,levels/drlg_l3.cpp,1985,1992,598361cf26be99f5f34d27fe0417647ab9a97a0ca5210e67a973173687064d54,
levels/drlg_l3.cpp|devilution::GenerateLevel(lvl_entry entry),devilution::GenerateLevel,levels/drlg_l3.cpp,1994,2146,1e4221d50987323b46fa1a5a1d8daa32e2b98a8dfb39ded8ec80becac61cee38,
levels/drlg_l3.cpp|devilution::Pass3(),devilution::Pass3,levels/drlg_l3.cpp,2148,2151,8c3950eb0af84bffc5e28afd14a577c6797698c1dee69144fe567f7770813b41,
levels/drlg_l3.cpp|devilution::PlaceCaveLights(),devilution::PlaceCaveLights,levels/drlg_l3.cpp,2153,2166,383964d8a9945840e9fcf7791e206b8f23e3c5b69e7a5168208e4ce4bb8a96e4,
levels/drlg_l3.cpp|devilution::PlaceHiveLights(),devilution::PlaceHiveLights,levels/drlg_l3.cpp,2168,2177,3e90cbae8223c4942318b5a2c9f4eeb703f36f6914bb929cd2788c6747299905,
levels/drlg_l3.cpp|devilution::PlaceLights(),devilution::PlaceLights,levels/drlg_l3.cpp,2179,2187,10d39f926abb23079604b9b33c73ff06daedd6115bd347056df988345bd634d2,
"levels/drlg_l3.cpp|devilution::CreateL3Dungeon(uint32_t rseed, lvl_entry entry)",devilution::CreateL3Dungeon,levels/drlg_l3.cpp,2191,2199,ab1271ab85f7db1ff7f5c175695cd46f05f30d59a66120386a85a093e5ca8add,
levels/drlg_l3.cpp|devilution::LoadPreL3Dungeon(const char *path),devilution::LoadPreL3Dungeon,levels/drlg_l3.cpp,2201,2209,d1e02f5147a521fd57546edce6a248e4fedc2435253271f3d7eb28122b72599b,
"levels/drlg_l3.cpp|devilution::LoadL3Dungeon(const char *path, Point spawn)",devilution::LoadL3Dungeon,levels/drlg_l3.cpp,2211,2220,a4a036ecdd144f6f38eaeee0dc5fe5187cad1a0e9a9493105915ce145aa2f6b8,
levels/drlg_l4.cpp|devilution::ApplyShadowsPatterns(),devilution::ApplyShadowsPatterns,levels/drlg_l4.cpp,144,159,701eb3721a22ce5bb68e4bf70fe38b69192755763f1acce88a67df27647f5f69,
levels/drlg_l4.cpp|devilution::LoadQuestSetPieces(),devilution::LoadQuestSetPieces,levels/drlg_l4.cpp,161,168,38c01fac151b504490578a2b89de88201234e9a632ef448202558b56c4d24ded,
levels/drlg_l4.cpp|devilution::InitDungeonFlags(),devilution::InitDungeonFlags,levels/drlg_l4.cpp,170,175,ea106e02c62a5d16c0b9c182d94add79e941606d7ba5b0fc8a30030637b17baf,
levels/drlg_l4.cpp|devilution::MapRoom(WorldTileRectangle room),devilution::MapRoom,levels/drlg_l4.cpp,177,184,61a6b9bb12ff707b07d759a8f2c51df51c58fd94db74cb2efda3cf292e01934e,
levels/drlg_l4.cpp|devilution::CheckRoom(WorldTileRectangle room),devilution::CheckRoom,levels/drlg_l4.cpp,186,204,d9b3ec5b665f5412edfb62ced5f6ef9eea5a08d07647004ff05aa82e32f3e184,
"levels/drlg_l4.cpp|devilution::GenerateRoom(WorldTileRectangle area, bool verticalLayout)",devilution::GenerateRoom,levels/drlg_l4.cpp,206,249,0a3e5be4d7f8bf1789cf260a088d77c1f3198aacc5a0b51db648f155939bb806,
levels/drlg_l4.cpp|devilution::FirstRoom(),devilution::FirstRoom,levels/drlg_l4.cpp,251,285,750483f5996281c2d6a03b86f98e72a833e840d9bfbd584664caf563cb80729f,
levels/drlg_l4.cpp|devilution::MirrorDungeonLayout(),devilution::MirrorDungeonLayout,levels/drlg_l4.cpp,290,301,90f9397d1d9a3a19ab836574f30c5d6c9466b6505eec0772f86c4e30bff04f0b,
levels/drlg_l4.cpp|devilution::MakeDmt(),devilution::MakeDmt,levels/drlg_l4.cpp,303,311,b94db29f196e501fb0d6774de5de5291987117d8173d8bbfed509c1dd1f9b837,
"levels/drlg_l4.cpp|devilution::HorizontalWallOk(int i, int j)",devilution::HorizontalWallOk,levels/drlg_l4.cpp,313,332,8f0bd8aae52c5702b25384b1d0c2efda35f152320860c126c727fb72c66f52d3,
"levels/drlg_l4.cpp|devilution::VerticalWallOk(int i, int j)",devilution::VerticalWallOk,levels/drlg_l4.cpp,334,353,1686c46b140d83a575a0a5ccc4d18a7846fb0c7abfad7b2038a4c3d356be6dcb,
"levels/drlg_l4.cpp|devilution::HorizontalWall(int i, int j, int dx)",devilution::HorizontalWall,levels/drlg_l4.cpp,355,395,fc4f0556b9e155d3c5b96a7e250419e5e8f518daaf5d9f93e0ea34ebb83da97a,
"levels/drlg_l4.cpp|devilution::VerticalWall(int i, int j, int dy)",devilution::VerticalWall,levels/drlg_l4.cpp,397,440,9d8f50d3017c7ab293d2911bbb6a1028fd29ffd3e52711a7d2b51de156163996,
levels/drlg_l4.cpp|devilution::AddWall(),devilution::AddWall,levels/drlg_l4.cpp,442,469,ac309c22f222ac29b7eb927a58764c3f7051e03045cc72d8a78bc2fe92f620b9,
levels/drlg_l4.cpp|devilution::FixTilesPatterns(),devilution::FixTilesPatterns,levels/drlg_l4.cpp,471,818,88dbf40882d0271a636b1d85e6619d9a79ad06410179969eb62ffbc37eabbff7,
levels/drlg_l4.cpp|devilution::Substitution(),devilution::Substitution,levels/drlg_l4.cpp,820,854,57d7822ae664bc6417058e41a1be835b6a41206dc00a708be29f6368e6e8783b,
levels/drlg_l4.cpp|devilution::PrepareInnerBorders(),devilution::PrepareInnerBorders,levels/drlg_l4.cpp,859,926,53565c501e82c7f9e1f23ff082a3ec67be3c21f4e6161bf89948b9221882f7d3,
levels/drlg_l4.cpp|devilution::FindArea(),devilution::FindArea,levels/drlg_l4.cpp,931,936,e749bf07bdada7018175ff7225abb20dd725654d39ff157573b4d6bb2716b1ad,
levels/drlg_l4.cpp|devilution::ProtectQuads(),devilution::ProtectQuads,levels/drlg_l4.cpp,938,948,b6f15eae19345117cbb7d510bf71b0a74ff9ec18f571cd3e0650276ccd51437a,
levels/drlg_l4.cpp|devilution::LoadDiabQuads(bool preflag),devilution::LoadDiabQuads,levels/drlg_l4.cpp,950,972,b1538e4e27c9e581a86a660522605a1214c0390d769fd39a59e21d3bc96e97c9,0x14013c800
levels/drlg_l4.cpp|devilution::IsDURightWall(char d),devilution::IsDURightWall,levels/drlg_l4.cpp,974,987,0664dc9096c362595e2408c1c5d84e6a7cacb02145b3857052581d69e673d1f5,
levels/drlg_l4.cpp|devilution::IsDLLeftWall(char dd),devilution::IsDLLeftWall,levels/drlg_l4.cpp,989,1002,9df2679e1f63f577b0aab5392c042dc2b36792c04b6a27db41d7bee9559abbbe,
levels/drlg_l4.cpp|devilution::FixTransparency(),devilution::FixTransparency,levels/drlg_l4.cpp,1004,1045,3d6e84d8cfba91517fca2c727c91342508687ff71519c896b2cf92bcb8c5d6d2,
levels/drlg_l4.cpp|devilution::FixCornerTiles(),devilution::FixCornerTiles,levels/drlg_l4.cpp,1047,1058,f53581a1c6aa05fbceb515d58326d1f928346c5c1d79e5fc592ec4ae73640276,
levels/drlg_l4.cpp|devilution::CloseOuterBorders(),devilution::CloseOuterBorders,levels/drlg_l4.cpp,1063,1071,b55d0492561f82af3afeae6d8ae0b49af4d3be55543234efe054e54ae64e33b6,
levels/drlg_l4.cpp|devilution::GeneralFix(),devilution::GeneralFix,levels/drlg_l4.cpp,1073,1082,04a1a49dad2477453e5d2aba24e020176c9486ee419caee0c289d84de32e5dac,
levels/drlg_l4.cpp|devilution::PlaceStairs(lvl_entry entry),devilution::PlaceStairs,levels/drlg_l4.cpp,1084,1129,984e80a32b8ad63c8ae78dc7174f881e6bde6e3552966ecf9e3ae3445d5d3b13,
levels/drlg_l4.cpp|devilution::GenerateLevel(lvl_entry entry),devilution::GenerateLevel,levels/drlg_l4.cpp,1131,1205,2c6d9781c4e0ee82180995fbe7f57a90d62910cbbc3cb8a8a65f612d8800cae0,
levels/drlg_l4.cpp|devilution::Pass3(),devilution::Pass3,levels/drlg_l4.cpp,1207,1210,afd01e5e778920a6e3bb540640f727bfb6f7746a652eade17b45c0e85f27ff50,
"levels/drlg_l4.cpp|devilution::CreateL4Dungeon(uint32_t rseed, lvl_entry entry)",devilution::CreateL4Dungeon,levels/drlg_l4.cpp,1214,1221,3a2aa6be0aef79c90ab801190e259422a5c09f6a6e9cdf3c86bcf9b62de0d634,
levels/drlg_l4.cpp|devilution::LoadPreL4Dungeon(const char *path),devilution::LoadPreL4Dungeon,levels/drlg_l4.cpp,1223,1231,43ddead43ddccbba788a0af498d6ee6f3f0c67c90172ad6620ec8fb175d9570d,
"levels/drlg_l4.cpp|devilution::LoadL4Dungeon(const char *path, Point spawn)",devilution::LoadL4Dungeon,levels/drlg_l4.cpp,1233,1238,3ef2a603bd84f942387537c08f82a54f7a9b311c6042cdf90612696eb7480504,
levels/gendung.cpp|devilution::LoadMinData(size_t &tileCount),devilution::LoadMinData,levels/gendung.cpp,57,79,fdc86926ed6bb274fe0c13a815dc9ed6d2fa4ae4b8175eb68f810c97ddb02a64,0x14013c140
"levels/gendung.cpp|devilution::GetSizeForThemeRoom(uint8_t floor, WorldTilePosition origin, WorldTileCoord minSize, WorldTileCoord maxSize)",devilution::GetSizeForThemeRoom,levels/gendung.cpp,93,138,55ca3fc26b3b9c6eab29149a31acbb90b8a172b93d45e3d51f53e45a7f3d9834,
levels/gendung.cpp|devilution::CreateThemeRoom(int themeIndex),devilution::CreateThemeRoom,levels/gendung.cpp,140,226,84f0cde2a7156544c2faf5abe29991509e1efc743da6be18a01a5912b8874782,
"levels/gendung.cpp|devilution::IsFloor(Point p, uint8_t floorID)",devilution::IsFloor,levels/gendung.cpp,228,237,0ebe0fc3f6541302a7414b8f350ed55c0d33b9a159e9c8899792c1ead0393ec2,
"levels/gendung.cpp|devilution::FillTransparencyValues(Point floor, uint8_t floorID)",devilution::FillTransparencyValues,levels/gendung.cpp,239,261,83d84167052a53d5ad2ed6c8ee753decc2db74fed2a5d63719af1c3c170905ad,
"levels/gendung.cpp|devilution::FindTransparencyValues(Point floor, uint8_t floorID)",devilution::FindTransparencyValues,levels/gendung.cpp,263,331,d9b2825decf82488180542b769bb3d2846458a4e146d0968a552f004800f7bc9,
levels/gendung.cpp|devilution::InitGlobals(),devilution::InitGlobals,levels/gendung.cpp,333,355,36f527fa9f1f765289c9a30b8f93efe634db580756cff111381c93c39b13f3b7,
levels/gendung.cpp|devilution::GetLevelType(int level),devilution::GetLevelType,levels/gendung.cpp,366,384,463b28fb246e812be942aaffa58302c668fb30028ecc27bedd5816972b42103b,
"levels/gendung.cpp|devilution::CreateDungeon(uint32_t rseed, lvl_entry entry)",devilution::CreateDungeon,levels/gendung.cpp,386,413,c16bba2351e0f2da088f21ff4e499b7770214bbf66cd304cb68ea4f9459dc54f,
"levels/gendung.cpp|devilution::TileHasAny(int tileId, TileProperties property)",devilution::TileHasAny,levels/gendung.cpp,415,418,9f6e85afc2ff01c6c8b499e8686840412e657129482661add4500026caddfc88,
levels/gendung.cpp|devilution::LoadLevelSOLData(),devilution::LoadLevelSOLData,levels/gendung.cpp,420,476,9554e0202e82e21cc340e734a92ec39ecbc7df7a009c7fcf98a86245f24f608b,0x14013bf70
levels/gendung.cpp|devilution::SetDungeonMicros(),devilution::SetDungeonMicros,levels/gendung.cpp,478,500,153f7818b05e2711e3e9243ad09ad1d0aa7573c6006db537b4491f689d5c042f,
levels/gendung.cpp|devilution::DRLG_InitTrans(),devilution::DRLG_InitTrans,levels/gendung.cpp,502,507,6706f194072d10b740df158fb224fae54875c0cd99c9defc42a7845b944be665,
levels/gendung.cpp|devilution::DRLG_RectTrans(WorldTileRectangle area),devilution::DRLG_RectTrans,levels/gendung.cpp,509,521,be25ade10a93ad1d7ba0fafea4b9a893236fb825623583272420366dafb5a400,
levels/gendung.cpp|devilution::DRLG_MRectTrans(WorldTileRectangle area),devilution::DRLG_MRectTrans,levels/gendung.cpp,523,526,89c75ae28729421d03b842c53b4ff9584f65b454ce8e68f7128c10aa529833d6,
"levels/gendung.cpp|devilution::DRLG_MRectTrans(WorldTilePosition origin, WorldTilePosition extent)",devilution::DRLG_MRectTrans,levels/gendung.cpp,528,531,143ce76f70fd4e31523c586785645bd510cff357b9fff3f9a93da67d7a48ed62,
"levels/gendung.cpp|devilution::DRLG_CopyTrans(int sx, int sy, int dx, int dy)",devilution::DRLG_CopyTrans,levels/gendung.cpp,533,536,b67e13f7e3a5c83d410b25c073b8230d9032a2ebafe1676bdff198ce4fa2c9c3,
levels/gendung.cpp|devilution::LoadTransparency(const uint16_t *dunData),devilution::LoadTransparency,levels/gendung.cpp,538,557,e637350f561c3f10a755056787be7428b197f078c7b05071265b44f849db8bb6,
"levels/gendung.cpp|devilution::LoadDungeonBase(const char *path, Point spawn, int floorId, int dirtId)",devilution::LoadDungeonBase,levels/gendung.cpp,559,573,1c1aa35d52d7f7bb1ea138cb7b90b9f13bfc141da76abf9a65d0ca253c73f9f4,
levels/gendung.cpp|devilution::Make_SetPC(WorldTileRectangle area),devilution::Make_SetPC,levels/gendung.cpp,575,585,7c9f71e12d71d7476051d14a4a70f8e9c2c04c44e757f389afeebb131b06743f,
"levels/gendung.cpp|devilution::PlaceMiniSet(const Miniset &miniset, int tries, bool drlg1Quirk)",devilution::PlaceMiniSet,levels/gendung.cpp,587,629,8ef8ac409bb47fcecc51c9d6bcd7cd6c4037c0484f149adecd6e547d4fb3ab99,
"levels/gendung.cpp|devilution::PlaceDunTiles(const uint16_t *dunData, Point position, int floorId)",devilution::PlaceDunTiles,levels/gendung.cpp,631,649,9f9e8cbea02308302ef05f2e2385aebd9fc96d4e9e9fabe58487a60bb1f9be50,
"levels/gendung.cpp|devilution::DRLG_PlaceThemeRooms(int minSize, int maxSize, int floor, int freq, bool rndSize)",devilution::DRLG_PlaceThemeRooms,levels/gendung.cpp,651,687,bfefd57387ef20f878cc15ade6c52f9572acc3e6c4bcf8f5c507db4bb5c8ba1f,
levels/gendung.cpp|devilution::DRLG_HoldThemeRooms(),devilution::DRLG_HoldThemeRooms,levels/gendung.cpp,689,703,90b630d405e91f558e86dd55708d2ab4a3a568564f09673bb1ad3885248760ab,
"levels/gendung.cpp|devilution::SetSetPieceRoom(WorldTilePosition position, int floorId)",devilution::SetSetPieceRoom,levels/gendung.cpp,705,712,c23006ba6126f0896d58dc333e580cfa4dbfdb955418da20b6a98851e96f6aed,
levels/gendung.cpp|devilution::FreeQuestSetPieces(),devilution::FreeQuestSetPieces,levels/gendung.cpp,714,717,eacb1a5699de2e0fd6fb473c07271f0ac71262d634551a2e4047b80541cc3e61,
levels/gendung.cpp|devilution::DRLG_LPass3(int lv),devilution::DRLG_LPass3,levels/gendung.cpp,719,752,f5548ffa07720256ea3cdad27e4fc45c25e19950a52e1970b4d6c571e886faf6,
levels/gendung.cpp|devilution::IsNearThemeRoom(WorldTilePosition testPosition),devilution::IsNearThemeRoom,levels/gendung.cpp,754,762,7cad24f9f33ecb7d93a0f10ab0a7d9f2ae4b996bffc2de01887a815526125af9,
levels/gendung.cpp|devilution::InitLevels(),devilution::InitLevels,levels/gendung.cpp,764,769,a7653bb1ae65a458c6982f3938dd3c49a00c87bb6bcefe4140686259b17c0265,
levels/gendung.cpp|devilution::FloodTransparencyValues(uint8_t floorID),devilution::FloodTransparencyValues,levels/gendung.cpp,771,785,26dc2803af1a3201f12a1d1d02e24c42cde8adcf5fb92b4131fd30098c396703,
levels/gendung.h|devilution::IsArenaLevel(_setlevels setLevel),devilution::IsArenaLevel,levels/gendung.h,49,59,2aac6ab36da47523908d381ca156871bd78ef466fd45ce382fbda6c471e86a04,
levels/gendung.h|devilution::InDungeonBounds(Point position),devilution::InDungeonBounds,levels/gendung.h,239,242,9be2294a5ba163ad2216886385dd2802d9c8d95feea3776408c9153cb22d679b,
levels/gendung.h|devilution::TileContainsMissile(Point position),devilution::TileContainsMissile,levels/gendung.h,249,252,9eb4609f76a9257cbf296b95ad08787a926e73d7e4760cf0918a64f38e360c42,
levels/gendung.h|devilution::TileContainsDeadPlayer(Point position),devilution::TileContainsDeadPlayer,levels/gendung.h,259,262,171dd2f14f8882d1420dce9e69066bb06a0e338e22976ad555c87940e8797a05,
levels/gendung.h|devilution::TileContainsSetPiece(Point position),devilution::TileContainsSetPiece,levels/gendung.h,272,275,97be2be21c0af767fabcafbe33af7ccd602cd3e5a6a04bb4cf70907c1a1b758d,
levels/gendung.h|devilution::IsTileVisible(Point position),devilution::IsTileVisible,levels/gendung.h,285,288,263b2d02a1c0b8fb112df6c323dcaf60997fd6dd920f96f586795588ba7e9a71,
levels/gendung.h|devilution::IsTileLit(Point position),devilution::IsTileLit,levels/gendung.h,295,298,fd368f94b97f561038606045777205b041a7e814f5fc6969a203bec9ad34d1dc,
"levels/gendung.h|devilution::Miniset::matches(WorldTilePosition position, bool respectProtected = true)",devilution::Miniset::matches,levels/gendung.h,310,321,c3c46e61ee7c54068f4ca82929d352f27f186d3cf6b32a320455f2b72473224a,
"levels/gendung.h|devilution::Miniset::place(WorldTilePosition position, bool protect = false)",devilution::Miniset::place,levels/gendung.h,323,334,380d4a1e27a1626acab5fd592d3b73ff72ea70a09420098b493387204e4d6cfe,
levels/setmaps.cpp|devilution::AddSKingObjs(),devilution::AddSKingObjs,levels/setmaps.cpp,39,52,478114886257132fec5bea6baf53e6e6d6dfa33a70d93520981d48486eca5038,
levels/setmaps.cpp|devilution::AddSChamObjs(),devilution::AddSChamObjs,levels/setmaps.cpp,54,58,d2f9cf532abba5019bbb8a6fff9fd51ffb03c7e30ce778be53cab95187c503bc,
levels/setmaps.cpp|devilution::AddVileObjs(),devilution::AddVileObjs,levels/setmaps.cpp,60,65,341e0bcd6e6dfbd058e0de9e7db73928f188c0bedb422cbf409fec55ddc9c462,
levels/setmaps.cpp|devilution::SetMapTransparency(const char *path),devilution::SetMapTransparency,levels/setmaps.cpp,67,71,dc049a9efb514c8b218fc02ce748683ec62e0f642211290c7659fab15f0d42bc,
"levels/setmaps.cpp|devilution::LoadCustomMap(const char *path, Point viewPosition)",devilution::LoadCustomMap,levels/setmaps.cpp,73,95,7a9d78514767d64494b91feacbef3f8bf684e1d8a9f96539f62b516d4ca16d67,
"levels/setmaps.cpp|devilution::LoadArenaMap(const char *path, Point viewPosition, Point exitTrigger)",devilution::LoadArenaMap,levels/setmaps.cpp,97,104,9c70b9855b8f4521d940dcbe71d7f265eed0933d6d047759e05cab5beb7e1c31,
levels/setmaps.cpp|devilution::LoadSetMap(),devilution::LoadSetMap,levels/setmaps.cpp,108,170,ecb3aab4113b1c25e64e17e7a9f8f8b6f356fb67dcaf91e55d86eff75be14bbd,
levels/themes.cpp|devilution::TFit_Shrine(int i),devilution::TFit_Shrine,levels/themes.cpp,43,86,e0653f3ab61684dfd37a5584f84e8b586c2eef892f01f96583534706d2f1b2b5,
"levels/themes.cpp|devilution::CheckThemeObj5(Point origin, int8_t regionId)",devilution::CheckThemeObj5,levels/themes.cpp,88,102,d2b27f544de4088d9af30b33f9a0cdf49b9de9ebe5e256aa14f873c0632b452e,
levels/themes.cpp|devilution::TFit_Obj5(int t),devilution::TFit_Obj5,levels/themes.cpp,104,126,7d117c8dc2c0c30b2d520e24b466015b3499d22eecfc79a0f16dcee0298e8ef5,
levels/themes.cpp|devilution::TFit_SkelRoom(int t),devilution::TFit_SkelRoom,levels/themes.cpp,127,141,5d19b3743d23e7786150b4794aeb74628e2640c5e53a50ad3628f1d1e1638d89,
levels/themes.cpp|devilution::TFit_GoatShrine(int t),devilution::TFit_GoatShrine,levels/themes.cpp,143,153,ae576ab34601365a309117a4ca7063f9ab399fcfe8657e8584357fcb4efe9e08,
"levels/themes.cpp|devilution::CheckThemeObj3(Point origin, int8_t regionId, unsigned frequency = 0)",devilution::CheckThemeObj3,levels/themes.cpp,155,177,ed6128061eb946f6f8f57f4c9a75fc6bc81bc27d6700414f1b668504f7405fa7,
levels/themes.cpp|devilution::TFit_Obj3(int8_t regionId),devilution::TFit_Obj3,levels/themes.cpp,179,194,4f76ac60863fd97dbb014488de8317c7210591c377e4047891e5ee1576352d78,
levels/themes.cpp|devilution::CheckThemeReqs(theme_id t),devilution::CheckThemeReqs,levels/themes.cpp,196,221,b2a33bbc5c53efbfb4c5406e87fe0915f6bad0ed2a04e566e080c7955ecb1553,
"levels/themes.cpp|devilution::SpecialThemeFit(int i, theme_id t)",devilution::SpecialThemeFit,levels/themes.cpp,223,302,8c44a36d072fab73f5ab580f96cec50c3ef9561c9b9531d2a080dd86a8d752b8,
levels/themes.cpp|devilution::CheckThemeRoom(int tv),devilution::CheckThemeRoom,levels/themes.cpp,304,342,c8538a500cd9e1d6c2562f82c1eeaf59fc14ccba8586e087d9c3c889a608e7fa,
"levels/themes.cpp|devilution::PlaceThemeMonsts(int t, int f)",devilution::PlaceThemeMonsts,levels/themes.cpp,350,371,268b591c759fe7b43c4c2ad6ba746e13492cc9b4906be5de7159c4a86f86f26e,
levels/themes.cpp|devilution::Theme_Barrel(int t),devilution::Theme_Barrel,levels/themes.cpp,378,394,dc92b5147a9d978e5ee849c5453a6494b4ee3bc7f848a5bd64f755790c51f52f,
levels/themes.cpp|devilution::Theme_Shrine(int t),devilution::Theme_Shrine,levels/themes.cpp,401,416,007e95f8ecae0765f646867ec22bd9fcb332955829c9fd1e365fcb2c62b7cdfb,
levels/themes.cpp|devilution::Theme_MonstPit(int t),devilution::Theme_MonstPit,levels/themes.cpp,423,448,aceb55486d730d505c6ff56612a050c09fc0e08d2e2218f134a7786ee0f8abc4,
"levels/themes.cpp|devilution::SpawnObjectOrSkeleton(unsigned frequency, _object_id objectType, Point tile)",devilution::SpawnObjectOrSkeleton,levels/themes.cpp,450,459,2a87ebbd816771c263876e668f42288096825883b6fd70611308cf994fa5adfb,
levels/themes.cpp|devilution::Theme_SkelRoom(int t),devilution::Theme_SkelRoom,levels/themes.cpp,466,507,2e64a2ab57378940b47f1ae50141263a7b25d4655a9ad24c18f49c6efe504e72,
levels/themes.cpp|devilution::Theme_Treasure(int t),devilution::Theme_Treasure,levels/themes.cpp,514,548,3cca6783c3ee225525d3d4d9203999f3853d44bddcab2780fdc7461698508125,
levels/themes.cpp|devilution::Theme_Library(int t),devilution::Theme_Library,levels/themes.cpp,555,590,e76b96ecd4f0221617e4591848fb06af984b2346a25eb08cf0cf0a0caddbe4cd,
levels/themes.cpp|devilution::Theme_Torture(int t),devilution::Theme_Torture,levels/themes.cpp,597,614,29f16ce3907c4eff04e1713c7c388dab7c4848f42743e1119b7d92fe04371469,
levels/themes.cpp|devilution::Theme_BloodFountain(int t),devilution::Theme_BloodFountain,levels/themes.cpp,620,627,e784ff8690128cb29bde81c80ecdd0126c4c27b52485d02ced46fc7f71efdc7f,
levels/themes.cpp|devilution::Theme_Decap(int t),devilution::Theme_Decap,levels/themes.cpp,634,651,d4dd1f57a12420958a78e397f5af53cc946750b0e5cb0f16510ea31c73122f5b,
levels/themes.cpp|devilution::Theme_PurifyingFountain(int t),devilution::Theme_PurifyingFountain,levels/themes.cpp,658,665,b8518f5d6d7eb8fd9b05fd7daec41c56b6fbd5202b9827fd7a02a862e9e5df4c,
levels/themes.cpp|devilution::Theme_ArmorStand(int t),devilution::Theme_ArmorStand,levels/themes.cpp,672,694,0c6b2b71ab851a44e8e861a713f53fc6f4298dda134fc64a3013a2b82b2d01a9,
levels/themes.cpp|devilution::Theme_GoatShrine(int t),devilution::Theme_GoatShrine,levels/themes.cpp,701,712,f1ab6a91c64824dfb2173b6e3d3856255f3313b1d078f6dd88992855055c4d70,
levels/themes.cpp|devilution::Theme_Cauldron(int t),devilution::Theme_Cauldron,levels/themes.cpp,719,726,44cec75ae27855c0e5be6d14ce0328114c8cd36419b8c1c5a9ba0fec00bcacb5,
levels/themes.cpp|devilution::Theme_MurkyFountain(int t),devilution::Theme_MurkyFountain,levels/themes.cpp,733,740,e3451c36f73b7d6adc929bc33462eb3f98e1b8a73605dac2e806aafb264a8092,
levels/themes.cpp|devilution::Theme_TearFountain(int t),devilution::Theme_TearFountain,levels/themes.cpp,747,754,4c40b3196657206a6af299f41d86cd5316e7a3f272b42b929ff084ec2829e5d3,
levels/themes.cpp|devilution::Theme_BrnCross(int t),devilution::Theme_BrnCross,levels/themes.cpp,761,779,a0afd4e8101be8e8f31ce0ff02633ab537acf5faca685893f633ecbc1494fac5,
levels/themes.cpp|devilution::Theme_WeaponRack(int t),devilution::Theme_WeaponRack,levels/themes.cpp,786,809,aa2264b610bb08fc84bf2f0786e7fa2620e5302227119c4ac2a581f1dcda886a,
levels/themes.cpp|devilution::UpdateL4Trans(),devilution::UpdateL4Trans,levels/themes.cpp,814,823,955223e12767752c00d6d5d68de0de3c90f627b2b4d0fa63616cd18b5e6eed3a,
levels/themes.cpp|devilution::InitThemes(),devilution::InitThemes,levels/themes.cpp,827,887,51846925e0d765acfcb6e4b1cbf56e1fad9d60e9ee775084a6d405c6c70be0e7,
levels/themes.cpp|devilution::HoldThemeRooms(),devilution::HoldThemeRooms,levels/themes.cpp,889,910,30692043c00bf88027e55a873428f72f62a4cf02aa3d82bdbcfc10b26134e873,
levels/themes.cpp|devilution::CreateThemeRooms(),devilution::CreateThemeRooms,levels/themes.cpp,912,980,a0fcf43b1eba1bd5f1e6adf8196ff53c2436ab650a5bcd955ef4bc797c77ce1b,
"levels/town.cpp|devilution::FillSector(const char *path, int xi, int yy)",devilution::FillSector,levels/town.cpp,23,57,9c91a13dd7e2dacd6d90e1559fba53b18098ad7e6becf0ad5537816cafbcb86a,
"levels/town.cpp|devilution::FillTile(int xx, int yy, int t)",devilution::FillTile,levels/town.cpp,65,73,7c51478b8353a2ae9186bbf00a4a444c531129a2449ee78750b496eb76a3dbc1,
levels/town.cpp|devilution::TownCloseHive(),devilution::TownCloseHive,levels/town.cpp,78,129,c7dcee098cc70f27e1b9b629f427544aa8f75240ef83ad93e2044033c81b79bb,
levels/town.cpp|devilution::TownCloseGrave(),devilution::TownCloseGrave,levels/town.cpp,134,146,837561bca181ab779be187b4c8a3f01ee5a79e49eb92277c34daefe8cdd9ee13,
levels/town.cpp|devilution::InitTownPieces(),devilution::InitTownPieces,levels/town.cpp,148,185,669829743d076be7657efe310a9d70c31a2d2f33a7dfeb02994eb7a5375f50e8,
levels/town.cpp|devilution::DrlgTPass3(),devilution::DrlgTPass3,levels/town.cpp,190,246,fb00ddc3b92fd27457fd3ef9c6372fa0caca8ad24a2a669a2a08bfaeb555c414,
levels/town.cpp|devilution::OpensHive(Point position),devilution::OpensHive,levels/town.cpp,250,255,a0d6a501e6ec55d72b9c24d6cdacf44967d4696154997bdc25086c290cfd373a,
levels/town.cpp|devilution::OpensGrave(Point position),devilution::OpensGrave,levels/town.cpp,257,262,d4b64476f771206640c8c326b273aae14d5e4f670fcc856c6573ab2599dac6f9,
levels/town.cpp|devilution::OpenHive(),devilution::OpenHive,levels/town.cpp,264,271,02400d58c343dee986068a960eade9f69e8fd7f96996af576672cd037df10d1e,
levels/town.cpp|devilution::OpenGrave(),devilution::OpenGrave,levels/town.cpp,273,280,cf6f1393c907082af658a5d973a76b45d18b9e837da638cf118fa36aa85e2e50,
levels/town.cpp|devilution::TownOpenHive(),devilution::TownOpenHive,levels/town.cpp,282,332,cad3cca4984da5a7792eb2279ab9417d7c74b09e522bcc3b735deaf7e476a34c,
levels/town.cpp|devilution::TownOpenGrave(),devilution::TownOpenGrave,levels/town.cpp,334,349,f4653d4e1836df65f86102fdddb34a15dd157ca07d3669fa1e92cd8104c59189,
levels/town.cpp|devilution::CleanTownFountain(),devilution::CleanTownFountain,levels/town.cpp,351,356,fa2942b79da238e8f18d9c8bf4c2f6464a5cb178509ec6c519af19cffd0d0654,
levels/town.cpp|devilution::CreateTown(lvl_entry entry),devilution::CreateTown,levels/town.cpp,358,386,6311b52ade6544b65147644c63ab1d6b7bc1e392dc33fcbca12c1126fc14fa44,
levels/trigs.cpp|devilution::InitNoTriggers(),devilution::InitNoTriggers,levels/trigs.cpp,66,70,a3adcb245be11c6d95a0b3b840b104d45273b73ae386456c27cf80456134a08e,
levels/trigs.cpp|devilution::IsWarpOpen(dungeon_type type),devilution::IsWarpOpen,levels/trigs.cpp,72,103,7238668baba263efa4b85ca32090f92b4982caaaa73b6f5a7f25f225f2c7fa88,0x140143300
levels/trigs.cpp|devilution::InitTownTriggers(),devilution::InitTownTriggers,levels/trigs.cpp,105,146,dd0214ad38ab91b9b011bd5d7c6d56fe67b3c74ed1f0ec22139e2d7eb981a55d,
levels/trigs.cpp|devilution::InitL1Triggers(),devilution::InitL1Triggers,levels/trigs.cpp,148,166,b48673bd083d3f00a403a100d7f1b39120f49bae225798ae66ae72acf3d81d2c,
levels/trigs.cpp|devilution::InitL2Triggers(),devilution::InitL2Triggers,levels/trigs.cpp,168,194,aabf1b332467c950eddae4128ef7eeb0584570d7daf3291c6fddc87878999114,
levels/trigs.cpp|devilution::InitL3Triggers(),devilution::InitL3Triggers,levels/trigs.cpp,196,221,e2524b7cf295633b457087138cf7e97b679af2e97e3c799ae2b20d5588e6a117,
levels/trigs.cpp|devilution::InitL4Triggers(),devilution::InitL4Triggers,levels/trigs.cpp,223,259,0fd6037cfac1cc7911043428da0559e42eee17cd00d3859c00202b18500e6663,
levels/trigs.cpp|devilution::InitHiveTriggers(),devilution::InitHiveTriggers,levels/trigs.cpp,261,286,d988c1ccab82d2d7b7af230bb01212e11bf580a4c8dcefb91ffa2fe2682dd645,
levels/trigs.cpp|devilution::InitCryptTriggers(),devilution::InitCryptTriggers,levels/trigs.cpp,288,312,a53b8db872550c944c7cbe03c864d73d4073bfec5763680977e545e327085a16,
levels/trigs.cpp|devilution::InitSKingTriggers(),devilution::InitSKingTriggers,levels/trigs.cpp,314,320,a4f7893479a25551123f0ea174b18047d18179cb8babf324acd50de024abb8c9,
levels/trigs.cpp|devilution::InitSChambTriggers(),devilution::InitSChambTriggers,levels/trigs.cpp,322,328,1c8d29f53c71e71c9bcecd7c73ff2bed902e6fdc07dec6964ce56f2edddcb4b1,
levels/trigs.cpp|devilution::InitPWaterTriggers(),devilution::InitPWaterTriggers,levels/trigs.cpp,330,336,d5ac8f60a5b48caa898fcb50736b48bfd8da8a4b4f4ad2f474a5f49ce328f244,
levels/trigs.cpp|devilution::InitVPTriggers(),devilution::InitVPTriggers,levels/trigs.cpp,338,344,5c304caf38e6ba49f0841d7c8eb8ee0e4606677fa1e36cadd2029577530199b2,
levels/trigs.cpp|devilution::ForceTownTrig(),devilution::ForceTownTrig,levels/trigs.cpp,346,407,eae844793fdee77a652514eb1951f5494945edc951388638b54868d2083f0813,0x140143580
levels/trigs.cpp|devilution::ForceL1Trig(),devilution::ForceL1Trig,levels/trigs.cpp,409,438,c1d228784b4d7a2904493634c7a698924a914626815bc091ccd21a3d66640d31,
levels/trigs.cpp|devilution::ForceL2Trig(),devilution::ForceL2Trig,levels/trigs.cpp,440,489,a5bdf7fe9a689dfbdd00ae4d6f3959f538b5e206838a33cfde1c11cfefea06a5,
levels/trigs.cpp|devilution::ForceL3Trig(),devilution::ForceL3Trig,levels/trigs.cpp,491,541,7e7eff1cc9e381b1e138c6be458a2e2f52025e43491af15b02b147ad2a2747d7,
levels/trigs.cpp|devilution::ForceL4Trig(),devilution::ForceL4Trig,levels/trigs.cpp,543,602,e67d919b383e1ef4518a2bdf5d8efd4293430cd2871555025f6b72c81c0c4e82,
levels/trigs.cpp|devilution::ForceHiveTrig(),devilution::ForceHiveTrig,levels/trigs.cpp,604,650,e2f343675634565fb95dca4a7912d1a26172aef2e8a9863a4d01fb72e9f0d626,
levels/trigs.cpp|devilution::ForceCryptTrig(),devilution::ForceCryptTrig,levels/trigs.cpp,652,699,dcf986c0c44cf6d4304def588afad6eda7307052474db4e764e405dabac784b2,
levels/trigs.cpp|devilution::Freeupstairs(),devilution::Freeupstairs,levels/trigs.cpp,701,713,92ef336676ec42ab64d6e05ec9dbef10626e111acf99e04b3498cf8eaf62a527,
levels/trigs.cpp|devilution::ForceSKingTrig(),devilution::ForceSKingTrig,levels/trigs.cpp,715,727,00410e56f77cc37952c4c74d441e7f13c09d282e81480d8598f2ee9e23f4e926,
levels/trigs.cpp|devilution::ForceSChambTrig(),devilution::ForceSChambTrig,levels/trigs.cpp,729,741,4ef4a7259905d979d8ede1e0f36eb9bdcfe9267472bdc5fbe4c3a417424b762d,
levels/trigs.cpp|devilution::ForcePWaterTrig(),devilution::ForcePWaterTrig,levels/trigs.cpp,743,755,cefabfb6b8b2597121f8c1beb5804fdd72a0a3c5ecbf3c89c2de147ef553da40,
levels/trigs.cpp|devilution::ForceArenaTrig(),devilution::ForceArenaTrig,levels/trigs.cpp,757,802,e31ae0907295e817f7261bc9de6227a4d7cadc54d0ecd7be2fe8b11419ee0238,
levels/trigs.cpp|devilution::CheckTrigForce(),devilution::CheckTrigForce,levels/trigs.cpp,804,858,f36a0ca7cfe7367570b1daa956afc70b2125047cd7e15a1fcc8b68fc21c0b622,
levels/trigs.cpp|devilution::CheckTriggers(),devilution::CheckTriggers,levels/trigs.cpp,860,931,b7efb4836ef262f94b36c839dd970cd43c935c22c81f97f79b977ea224540381,
"levels/trigs.cpp|devilution::EntranceBoundaryContains(Point entrance, Point position)",devilution::EntranceBoundaryContains,levels/trigs.cpp,933,941,0aee7331171fd3a6fa658925519fbbcecba54f2abb9e492db0cabcb65ab4c7d0,0x140143270
"lighting.cpp|devilution::RotateRadius(DisplacementOf<int8_t> &offset, DisplacementOf<int8_t> &dist, DisplacementOf<int8_t> &light, DisplacementOf<int8_t> &block)",devilution::RotateRadius,lighting.cpp,79,95,703952a8fb90cd7e9f6164d0e3214b989d6d4f1762125bb268a1186b0a1a20b1,
"lighting.cpp|devilution::SetLight(Point position, uint8_t v)",devilution::SetLight,lighting.cpp,97,103,016adbeb259ecc61d7e1b436bdd12c3a7b4b3db29df4cadf62182872c54fa6b6,
lighting.cpp|devilution::GetLight(Point position),devilution::GetLight,lighting.cpp,105,111,193351cceae3eb6e3533200876187bcda53140d61e9d89d34659fe0ab9a9d179,
"lighting.cpp|devilution::CrawlFlipsX(Displacement mirrored, tl::function_ref<bool(Displacement)> function)",devilution::CrawlFlipsX,lighting.cpp,113,120,edd1a001de5f2fda8186e008b325354fd229217c5b5377e6cef74c0832d6474f,
"lighting.cpp|devilution::CrawlFlipsY(Displacement mirrored, tl::function_ref<bool(Displacement)> function)",devilution::CrawlFlipsY,lighting.cpp,122,129,642ff7fd83c96958bdbd87e4a22038c79d80420e185a66dc065aa7ecef6d9911,
"lighting.cpp|devilution::CrawlFlipsXY(Displacement mirrored, tl::function_ref<bool(Displacement)> function)",devilution::CrawlFlipsXY,lighting.cpp,131,138,20d7c047cce7465aa34df92d8ed36876f2f7570f92370c1b2b42fe169f9ba9f6,
lighting.cpp|devilution::TileAllowsLight(Point position),devilution::TileAllowsLight,lighting.cpp,140,145,751c6bd6f5410eb4003da886d1bb2b61a533c010fd48300fa37ae84bd3adfe5b,
"lighting.cpp|devilution::DoVisionFlags(Point position, MapExplorationType doAutomap, bool visible)",devilution::DoVisionFlags,lighting.cpp,147,157,7e69dfa2b27bc6e45a888725bbda4cebcca53d44c67fc4111334df1e1d937a68,
"lighting.cpp|devilution::DoCrawl(unsigned radius, tl::function_ref<bool(Displacement)> function)",devilution::DoCrawl,lighting.cpp,161,183,905f039f74e48eb7285eba507dc6d81a7959803e5b2e88412cded54f6efe2617,
"lighting.cpp|devilution::DoCrawl(unsigned minRadius, unsigned maxRadius, tl::function_ref<bool(Displacement)> function)",devilution::DoCrawl,lighting.cpp,185,192,2981d89652f3bf7392f6830ae254292dbacc831a40a6525e4c6c48e8ccd44a43,
"lighting.cpp|devilution::DoUnLight(Point position, uint8_t radius)",devilution::DoUnLight,lighting.cpp,194,205,227b98fb6a37c9b7be2b86889166025d07848b4455d457d669d0cd76ce29065d,
"lighting.cpp|devilution::DoLighting(Point position, uint8_t radius, DisplacementOf<int8_t> offset)",devilution::DoLighting,lighting.cpp,207,269,8e2422ab15d8d60c567f718066d40c10159809dac9a926237d10b3fce3e311fb,
"lighting.cpp|devilution::DoUnVision(Point position, uint8_t radius)",devilution::DoUnVision,lighting.cpp,271,282,bf1f4467fedba10a38d258f866c9988f54059380ac4e2859ecf1b03f6ddf320f,
"lighting.cpp|devilution::DoVision(Point position, uint8_t radius, MapExplorationType doAutomap, bool visible)",devilution::DoVision,lighting.cpp,284,318,6d85efe149df42a342367fce091f310855ec27b38788b64ab475f91167bc3a2f,
lighting.cpp|devilution::MakeLightTable(),devilution::MakeLightTable,lighting.cpp,320,410,9025feb03237c570ccc83ad5c3965c52f535152585c01e6369a6fa3415973ec1,0x1400526a0
lighting.cpp|devilution::InitLighting(),devilution::InitLighting,lighting.cpp,431,443,8aa4ab86800140dfb82c5f62d574492cc2d43bbf55b909d44dbacc9211f2186e,
"lighting.cpp|devilution::AddLight(Point position, uint8_t radius)",devilution::AddLight,lighting.cpp,445,465,30705dfdb6c239a236e41b0bf35e172531dd104c7e6dd07c3ba483d620ee457d,
lighting.cpp|devilution::AddUnLight(int i),devilution::AddUnLight,lighting.cpp,467,479,5625b926d0b30c0fac09cf6b9e63f59427012d36f964f88f511b71d4fc97c3b1,
"lighting.cpp|devilution::ChangeLightRadius(int i, uint8_t radius)",devilution::ChangeLightRadius,lighting.cpp,481,497,8d859710619ed1a597357b0d9f567a485cb4d23a5180e10303ad249b36a9f743,
"lighting.cpp|devilution::ChangeLightXY(int i, Point position)",devilution::ChangeLightXY,lighting.cpp,499,515,5cf25839f36acd710a94409ea0e8b97937200d718c133ec0ef111e0636d71a6c,
"lighting.cpp|devilution::ChangeLightOffset(int i, DisplacementOf<int8_t> offset)",devilution::ChangeLightOffset,lighting.cpp,517,536,b2cb72017f772d031e716bd9d705dafb9d0bd4589224dce1bc672b8176375dcf,
"lighting.cpp|devilution::ChangeLight(int i, Point position, uint8_t radius)",devilution::ChangeLight,lighting.cpp,538,555,259dd894ca7e63540a749484e3687d346e7d7c7fccbefa82bc5f471f1638ee58,
lighting.cpp|devilution::ProcessLightList(),devilution::ProcessLightList,lighting.cpp,557,589,e21d8ffc53b70c5fec49c8fa1993b8006cba4b19bddd72655f75695f0760ed2d,
lighting.cpp|devilution::SavePreLighting(),devilution::SavePreLighting,lighting.cpp,591,594,b6fd7aa72dea11758be80bdf46efb2cf717c61a531228c368c3c2f95bee0c302,
"lighting.cpp|devilution::ActivateVision(Point position, int r, int id)",devilution::ActivateVision,lighting.cpp,596,606,ffbe4629bd3aec1de8266d9586198da9c33ce33f3caa3791ea877c4bb957d8c2,
"lighting.cpp|devilution::ChangeVisionRadius(int id, int r)",devilution::ChangeVisionRadius,lighting.cpp,608,616,493e46c4801fdf45e3a4be489412e632bf20d52bec54c539b68b8f5981c28a8f,
"lighting.cpp|devilution::ChangeVisionXY(int id, Point position)",devilution::ChangeVisionXY,lighting.cpp,618,626,95fc95c9f0ebc0bb6af697972cf81911798f458766fcb8009c237fc441731bf1,
lighting.cpp|devilution::ProcessVisionList(),devilution::ProcessVisionList,lighting.cpp,628,666,3ba1cc3dc446f8be89d2db88d20a005028134c97ed58451539fcbc3d25a77461,
lighting.cpp|devilution::lighting_color_cycling(),devilution::lighting_color_cycling,lighting.cpp,668,674,cb063de70765c534f1fb7e1d29c03dfd4423edc60ddd4366883c5fec23ea972a,
"lighting.h|devilution::Crawl(unsigned radius, F function)",devilution::Crawl,lighting.h,112,121,c1751d96e17063b38172b793dc1a2fa407e2fd9d68f2ac7d9515fa25425cdbfa,
"lighting.h|devilution::Crawl(unsigned minRadius, unsigned maxRadius, F function)",devilution::Crawl,lighting.h,123,132,6d1d7aacbdefc514f4a57770391a0c4bbf2f114a75bf4a95fc604d76b1980495,
loadsave.cpp|devilution::SwapLE(T in),devilution::SwapLE,loadsave.cpp,53,66,18efcad0bc4055e5158621a4bb46bc4476881e7082df58edb0a3c38a1deef660,
loadsave.cpp|devilution::SwapBE(T in),devilution::SwapBE,loadsave.cpp,68,81,21c8cce995f95f9b8bbc5bf0e77765ea0ea13663e455cfcecb0cae02a882bebd,
loadsave.cpp|devilution::LoadHelper::Next(),devilution::LoadHelper::Next,loadsave.cpp,88,100,039f3aae2a90e69ca5e363e5df1dc68a9609e1103e627c1e6029a747bee38a26,
"loadsave.cpp|devilution::LoadHelper::LoadHelper(std::optional<SaveReader> archive, const char *szFileName)",devilution::LoadHelper::LoadHelper,loadsave.cpp,103,109,3a27d756687138848af9a228024728f18429766edf3aa11195c1de5ea752a01f,
loadsave.cpp|devilution::LoadHelper::IsValid(size_t size = 1),devilution::LoadHelper::IsValid,loadsave.cpp,111,115,51a9fba79b4f0b3aa6f5351ccbf9fde2950002f088579d70a21848a43487a36b,
loadsave.cpp|devilution::LoadHelper::Skip(size_t count = 1),devilution::LoadHelper::Skip,loadsave.cpp,117,121,1535a203cd2dc2bdcf9475ce05d41b1e2eb8656b6687039e8c483ff120a54020,
loadsave.cpp|devilution::LoadHelper::Skip(size_t size),devilution::LoadHelper::Skip,loadsave.cpp,123,126,a092d19e44d4236bda2e1625d184442e0f5acd5e7e57f9ccafc1a06d7776384d,
"loadsave.cpp|devilution::LoadHelper::NextBytes(void *bytes, size_t size)",devilution::LoadHelper::NextBytes,loadsave.cpp,128,135,8e461be8bdd701e2fa32cb976cafb25e25cb17ccd2f77832c67353db0eaa8c94,
loadsave.cpp|devilution::LoadHelper::NextLE(),devilution::LoadHelper::NextLE,loadsave.cpp,137,141,0762d7f6d8a1f6fb5ea570dd6740790154e182ec5700b816781583f81007e32b,
loadsave.cpp|devilution::LoadHelper::NextBE(),devilution::LoadHelper::NextBE,loadsave.cpp,143,147,21ef286fff64c3d95f7cba57b365e9bb57df13bc77440ad301982c08a9671a06,
loadsave.cpp|devilution::LoadHelper::NextLENarrow(TSource modifier = 0),devilution::LoadHelper::NextLENarrow,loadsave.cpp,149,155,c2d50cab30e935c24f97df7b3e3c1b7b76ce83cd72eae27dab1ab33a6f0c89a5,
loadsave.cpp|devilution::LoadHelper::NextBool8(),devilution::LoadHelper::NextBool8,loadsave.cpp,157,160,d91e147e0661c28d202c3894a67ff21191db923c95ba57003132e1e229368f40,
loadsave.cpp|devilution::LoadHelper::NextBool32(),devilution::LoadHelper::NextBool32,loadsave.cpp,162,165,c9f7c07a18559dab033d6c265c3d676415ea4d6d7f459f5362411a8ed8628859,
"loadsave.cpp|devilution::SaveHelper::SaveHelper(SaveWriter &mpqWriter, const char *szFileName, size_t bufferLen)",devilution::SaveHelper::SaveHelper,loadsave.cpp,176,182,aa0b3ce77c735bc20f095fdb9113c98185768c43ff61504b639c60f34b737a23,
loadsave.cpp|devilution::SaveHelper::IsValid(size_t len = 1),devilution::SaveHelper::IsValid,loadsave.cpp,184,188,b4ce52ec62c07eb597468befc6bd7d7c31b96293930a68eb8612649c17842c13,
loadsave.cpp|devilution::SaveHelper::Skip(size_t count = 1),devilution::SaveHelper::Skip,loadsave.cpp,190,194,1535a203cd2dc2bdcf9475ce05d41b1e2eb8656b6687039e8c483ff120a54020,
loadsave.cpp|devilution::SaveHelper::Skip(size_t len),devilution::SaveHelper::Skip,loadsave.cpp,196,200,8b529092e3bff9316c4b42e20de14f44f77ebcbbba30f1fed8bb28f8747e807f,
"loadsave.cpp|devilution::SaveHelper::WriteBytes(const void *bytes, size_t len)",devilution::SaveHelper::WriteBytes,loadsave.cpp,202,209,09da0b4b5290454aec45a6ae49c649f1d14e9bb985b8847d68d8b3b17352ed00,
loadsave.cpp|devilution::SaveHelper::WriteLE(T value),devilution::SaveHelper::WriteLE,loadsave.cpp,211,216,6b4422f5bef026b3b4e3491e4722695b443eefd98907c38c40f8dd3e0b643c9e,
loadsave.cpp|devilution::SaveHelper::WriteBE(T value),devilution::SaveHelper::WriteBE,loadsave.cpp,218,223,d563761cc11471167187648abb4de43e0ef8fb1df714c6407e4db920808984bd,
loadsave.cpp|devilution::SaveHelper::~SaveHelper(),devilution::SaveHelper::~SaveHelper,loadsave.cpp,225,231,c7fd1c3f2340bfb492432bf1c36b65296ea3292c4a6845391a112ab1460070ef,
"loadsave.cpp|devilution::LoadItemData(LoadHelper &file, Item &item)",devilution::LoadItemData,loadsave.cpp,244,331,c8a5a1e307d6d6d8ce86709e376d664dfe252fed68e7099dde5d398198f59323,
"loadsave.cpp|devilution::LoadAndValidateItemData(LoadHelper &file, Item &item)",devilution::LoadAndValidateItemData,loadsave.cpp,333,337,893edaa56c2a0f2d42c85802789440be2b0febb00c5b5badb3d197880c79d72b,
"loadsave.cpp|devilution::LoadPlayer(LoadHelper &file, Player &player)",devilution::LoadPlayer,loadsave.cpp,339,588,602e56bf5af0cd8f1ead49e2b8f8b290ef717bb8f94f33a7a6fb9f0da0fc338e,
"loadsave.cpp|devilution::LoadMonster(LoadHelper *file, Monster &monster, MonsterConversionData *monsterConversionData = nullptr)",devilution::LoadMonster,loadsave.cpp,592,697,d39e9ba999faa28d5794ba82ae552401e588489cb7276a3ceff2dfd05a0e2933,
loadsave.cpp|devilution::SyncPackSize(Monster &leader),devilution::SyncPackSize,loadsave.cpp,702,716,1c9e06910bf36eea9a4aeb6102b11b790f5aa643e274f76c13cf25d1417bf236,
loadsave.cpp|devilution::LoadMissile(LoadHelper *file),devilution::LoadMissile,loadsave.cpp,718,770,ac92e5007b07c57267a0e9b238f9c78e63d1e8b06793b23f8a61d8a28cb5e6ae,
loadsave.cpp|devilution::ConvertFromHellfireObject(_object_id type),devilution::ConvertFromHellfireObject,loadsave.cpp,772,809,05252f4cfc1d14ddbc969698b9b1aa7147aa5ae1dfb00a4a0a977722a49cb036,
"loadsave.cpp|devilution::LoadObject(LoadHelper &file, Object &object)",devilution::LoadObject,loadsave.cpp,811,846,228e9bcb6af18aea4a4dff24db45b6a1e0531b39cba57c28f26285bd0579f83b,
"loadsave.cpp|devilution::LoadItem(LoadHelper &file, Item &item)",devilution::LoadItem,loadsave.cpp,848,852,7c998ee5e7604099bbf69f1338aa4fd50a738e78165108cf56f67d563b789089,
"loadsave.cpp|devilution::LoadPremium(LoadHelper &file, int i)",devilution::LoadPremium,loadsave.cpp,854,857,6c254455177aca06f28d897a8a1c1b5d21a9b35312f1a30a3d31bd7ceae1ddce,
"loadsave.cpp|devilution::LoadQuest(LoadHelper *file, int i)",devilution::LoadQuest,loadsave.cpp,859,889,4becfa911ec582272b28480595632626370f5cff568863e451b25729d09ae562,
"loadsave.cpp|devilution::LoadLighting(LoadHelper *file, Light *pLight)",devilution::LoadLighting,loadsave.cpp,891,906,0b93b0439dcfa605197674094b431cdb01c2e43909fd8c12185eb3d18a4bc3c8,
"loadsave.cpp|devilution::LoadPortal(LoadHelper *file, int i)",devilution::LoadPortal,loadsave.cpp,908,920,a5a691c6cc26f57e9dd1a9a1ddb8010c3d88ea73cefa2e111d95e8daf8ef5743,
"loadsave.cpp|devilution::GetLevelNames(string_view prefix, char *out)",devilution::GetLevelNames,loadsave.cpp,922,934,4e2ba42c5b451d604dc283872dd402eaaeadbf55aec727028c30a6fd8e921df9,
loadsave.cpp|devilution::GetTempLevelNames(char *szTemp),devilution::GetTempLevelNames,loadsave.cpp,936,939,aa7a1810d6e2fd9fd23777952dde6b2c4c53de8a76c553b8c6df1c0398aced31,
loadsave.cpp|devilution::GetPermLevelNames(char *szPerm),devilution::GetPermLevelNames,loadsave.cpp,941,944,6050fdd677968bee1dc9eaaaa9742e49cdf92bfcddbe567d3ae676feb77b5f44,
loadsave.cpp|devilution::LevelFileExists(SaveWriter &archive),devilution::LevelFileExists,loadsave.cpp,946,956,548eaf60b0ec5813bddf74167fbda1e1fc6de3dc88deaf2c7323d9040f795514,
loadsave.cpp|devilution::IsShopPriceValid(const Item &item),devilution::IsShopPriceValid,loadsave.cpp,958,974,594e44ee7c25bf0f6c932197ea94f81f87f5b3616e4f657302832fb47e9b4bf1,
"loadsave.cpp|devilution::LoadMatchingItems(LoadHelper &file, const Player &player, const int n, Item *pItem)",devilution::LoadMatchingItems,loadsave.cpp,976,1013,9bf58f9a6cb13b3c6bb35728b01aa228d8138a5143fb59e604381720a720c513,
"loadsave.cpp|devilution::LoadDroppedItems(LoadHelper &file, size_t savedItemCount)",devilution::LoadDroppedItems,loadsave.cpp,1020,1042,85d29cddf187d8548dbd905d40fef0c53f778204c0523c46ca3a6b6162e5df0e,
loadsave.cpp|devilution::getHellfireLevelType(int type),devilution::getHellfireLevelType,loadsave.cpp,1044,1053,ca24f97b4f59935e5e109776662010d58034e9a2b14dd6186415bb130a638a7a,
"loadsave.cpp|devilution::SaveItem(SaveHelper &file, const Item &item)",devilution::SaveItem,loadsave.cpp,1055,1146,a3c48becba9e69002d4729ce940cfdbfc4ea7acb82afb15e1638f4e157038cb3,
"loadsave.cpp|devilution::SavePlayer(SaveHelper &file, const Player &player)",devilution::SavePlayer,loadsave.cpp,1148,1396,2c348f0d2471d531e49a8bdd08bc62986b1738ce27a2ed114e3cebd97931ee21,
"loadsave.cpp|devilution::SaveMonster(SaveHelper *file, Monster &monster, MonsterConversionData *monsterConversionData = nullptr)",devilution::SaveMonster,loadsave.cpp,1398,1505,2e440e3190ff89d894f8f1af36e70ec248b1201c6778c2da8c1967790f12f8c3,
"loadsave.cpp|devilution::SaveMissile(SaveHelper *file, const Missile &missile)",devilution::SaveMissile,loadsave.cpp,1507,1554,8dd26af21e228857435975b7f9cc20a73ccba7f396c933b463e16e648d749f0e,
loadsave.cpp|devilution::ConvertToHellfireObject(_object_id type),devilution::ConvertToHellfireObject,loadsave.cpp,1556,1593,95a776a7af304dbc8d381c2be598f83dff7e8b0a3bd3005a5b174b79105a6473,
"loadsave.cpp|devilution::SaveObject(SaveHelper &file, const Object &object)",devilution::SaveObject,loadsave.cpp,1595,1653,fb67b42b11ac72825fef179d81ef45cb290f15d0230edae2cd79aa36c9d3e35f,
"loadsave.cpp|devilution::SaveQuest(SaveHelper *file, int i)",devilution::SaveQuest,loadsave.cpp,1655,1685,020677923d5289e8d072a0ffaf18452a977c0b47f2e78551bb03609597f115d9,
"loadsave.cpp|devilution::SaveLighting(SaveHelper *file, Light *pLight, bool vision = false)",devilution::SaveLighting,loadsave.cpp,1687,1702,be017759c17b58238196ad9fb0c9a62d13982001f29a4122c42fc07327bfac7e,
"loadsave.cpp|devilution::SavePortal(SaveHelper *file, int i)",devilution::SavePortal,loadsave.cpp,1704,1714,7db96418969511cbb433a6c7aeaf1140d1cb6fd39ea80d3de272ce0113695ae6,
loadsave.cpp|devilution::SaveDroppedItems(SaveHelper &file),devilution::SaveDroppedItems,loadsave.cpp,1722,1736,56778d568a5e4574c81a5dae89c837387ff643d621f5bdbdb9c567744d01e824,
"loadsave.cpp|devilution::SaveDroppedItemLocations(SaveHelper &file, const std::unordered_map<uint8_t, uint8_t> &itemIndexes)",devilution::SaveDroppedItemLocations,loadsave.cpp,1743,1749,0a4c2341d9fbb48c71b822ea0f7f183c396959150716d6b6b7d2fac5d592794b,
loadsave.cpp|devilution::SaveAdditionalMissiles(SaveWriter &saveWriter),devilution::SaveAdditionalMissiles,loadsave.cpp,1753,1770,362391e845d35d4fd4c5c0d7d868872103114981a1c565b8603a6ec5a35e4af2,
loadsave.cpp|devilution::LoadAdditionalMissiles(),devilution::LoadAdditionalMissiles,loadsave.cpp,1772,1790,7780e6f606c55ac137a59ded2b39857b9d855c73e73982dd9e6325f3167a84ad,
"loadsave.cpp|devilution::SaveLevel(SaveWriter &saveWriter, LevelConversionData *levelConversionData)",devilution::SaveLevel,loadsave.cpp,1792,1869,7c2f23bf83ade662bf0903d66c0ed0dd12b2bdd105b8b9a17df47ed9e3aa91ec,
loadsave.cpp|devilution::LoadLevel(LevelConversionData *levelConversionData),devilution::LoadLevel,loadsave.cpp,1871,1971,3c029635e5884273dc3b8f1e1a5a815a3f1ca265230f22e3c478de433a755462,
loadsave.cpp|devilution::ConvertLevels(SaveWriter &saveWriter),devilution::ConvertLevels,loadsave.cpp,1978,2028,1d17b36f53d140a32e323afd18ece5a2f316137ae0989e8e464be70bfbe3f3b3,
loadsave.cpp|devilution::RemoveInvalidItem(Item &item),devilution::RemoveInvalidItem,loadsave.cpp,2030,2045,66f5c5414b0a4ed71e93579832edb3a9771f5f056b80e9154ca59b72a97e4f00,
loadsave.cpp|devilution::RemapItemIdxFromDiablo(_item_indexes i),devilution::RemapItemIdxFromDiablo,loadsave.cpp,2047,2067,ca61ae3c36220444a7054d6a321adcb02d287c45d1c173aa77dbd256df9b2f1f,
loadsave.cpp|devilution::RemapItemIdxToDiablo(_item_indexes i),devilution::RemapItemIdxToDiablo,loadsave.cpp,2069,2089,2c7b3e61041e0a87dc2d72df21f8ef9f9d600fa5940b2e3a6c0dcb126ff02fe1,
loadsave.cpp|devilution::RemapItemIdxFromSpawn(_item_indexes i),devilution::RemapItemIdxFromSpawn,loadsave.cpp,2091,2120,d52799cf14a57e0395f801e03634370e9698cbcb4feff1e5b239aa721d20938e,
loadsave.cpp|devilution::RemapItemIdxToSpawn(_item_indexes i),devilution::RemapItemIdxToSpawn,loadsave.cpp,2122,2151,b5f9bda16a701902a1eea4814852cb49989802d221b556cdd49bd5f03792aef9,
loadsave.cpp|devilution::IsHeaderValid(uint32_t magicNumber),devilution::IsHeaderValid,loadsave.cpp,2153,2172,a7faae10197565a127d596ac2abd34b011d8328e53c9b24c79587c039f811a89,
loadsave.cpp|devilution::HotkeysSize(size_t nHotkeys = NumHotkeys),devilution::HotkeysSize,loadsave.cpp,2175,2179,4bfb2ca80b2a1168ded6821c0da1beb3c0f94a90eb231f9b636d590d7d56cd8c,
loadsave.cpp|devilution::LoadHotkeys(),devilution::LoadHotkeys,loadsave.cpp,2181,2221,3882f2e133c6e137c83de6624d0b10ce9eb3452a4aa979b273890803c1e0e21b,
"loadsave.cpp|devilution::SaveHotkeys(SaveWriter &saveWriter, const Player &player)",devilution::SaveHotkeys,loadsave.cpp,2223,2241,59aadb3340171c03b69117c50eb34e42dc10f20b10c9c5f05fc4da1b43ddcac5,
loadsave.cpp|devilution::LoadHeroItems(Player &player),devilution::LoadHeroItems,loadsave.cpp,2243,2256,45e36be0884c6230b3ed254f300b418b8872636c6767e5d0b46cb28e8c807240,
loadsave.cpp|devilution::LoadStash(),devilution::LoadStash,loadsave.cpp,2260,2297,2e70c7567bf985411d7515c88b623d3d573fe65ba4bc2071cd42a0257d5f07e7,
loadsave.cpp|devilution::RemoveEmptyInventory(Player &player),devilution::RemoveEmptyInventory,loadsave.cpp,2299,2307,c554af3b8fa66bf7b1e8f1da89b6138554e860657b72153081d2b4fa5ef28fbe,
loadsave.cpp|devilution::LoadGame(bool firstflag),devilution::LoadGame,loadsave.cpp,2309,2518,68cf491323aeb546362970c14c909ec6da7973b53353ec802059c33602c124a6,0x140061b50
"loadsave.cpp|devilution::SaveHeroItems(SaveWriter &saveWriter, Player &player)",devilution::SaveHeroItems,loadsave.cpp,2520,2533,98500dc42dea82b83b02426acf1fdc4943418965c5f8ae31d97a04ef38544fe6,
loadsave.cpp|devilution::SaveStash(SaveWriter &stashWriter),devilution::SaveStash,loadsave.cpp,2535,2590,c235525eee924d66856c27ac4e871912887a68f367f41a6f65f89290fbec687b,
loadsave.cpp|devilution::SaveGameData(SaveWriter &saveWriter),devilution::SaveGameData,loadsave.cpp,2592,2754,7a2e8d0b449478a88c342d70cfbffc49947380907b2563939a21594159287e3c,
loadsave.cpp|devilution::SaveGame(),devilution::SaveGame,loadsave.cpp,2756,2761,244eb72f6df56c58507e2e0d6e901c2e9b16ea409a37edc9bcb8ba9755051c0d,
loadsave.cpp|devilution::SaveLevel(SaveWriter &saveWriter),devilution::SaveLevel,loadsave.cpp,2763,2766,fe9c883d739edc3c49adb9e33d83af5758b93eb97205e5ba51713e8028dab147,
loadsave.cpp|devilution::LoadLevel(),devilution::LoadLevel,loadsave.cpp,2768,2771,b3c5d1d2e4a822e04ebcb871974f62a5625495a74544331534e11d4a94a14f42,
main.cpp|__asan_default_options(),__asan_default_options,main.cpp,26,29,53a3a9c0c425a347bd4d6a023e939b2769154cf880cc7e65f294cd50da9b23be,
"main.cpp|main(int argc, char **argv)",main,main.cpp,32,57,6675298b394f44c0647ec5596ae02456d855654533de7f78d4970f5295b6e985,
menu.cpp|devilution::NextTrack(),devilution::NextTrack,menu.cpp,25,45,3cbe51a4e4c66d6aeba76c57820fef951b960a1a30006c7fefe05f872c7c49e9,
menu.cpp|devilution::RefreshMusic(),devilution::RefreshMusic,menu.cpp,47,50,4953033acfd4ad044c5e9c0641e7707670e2353591290ce5f4d1f92d0547c129,
menu.cpp|devilution::InitMenu(_selhero_selections type),devilution::InitMenu,menu.cpp,52,64,c71f2e72dea1ea168b0f816dc416d38d49307a25b40d2b4aea610981b72b0b93,
menu.cpp|devilution::InitSinglePlayerMenu(),devilution::InitSinglePlayerMenu,menu.cpp,66,70,ad6abe7e0dd56320003a5a2161d618f1eb1591ff1c4e460fdec701c2bd6086f6,
menu.cpp|devilution::InitMultiPlayerMenu(),devilution::InitMultiPlayerMenu,menu.cpp,72,76,164680229bcca8bc2c30cf68ccdf05fbec44856082cc19ddc206a3c68fa3dfa9,
menu.cpp|devilution::PlayIntro(),devilution::PlayIntro,menu.cpp,78,86,9fac94c02107c97def3402f1f524c2a8001c212edfe66f7ace06ae81b6507259,
menu.cpp|devilution::DummyGetHeroInfo(_uiheroinfo *),devilution::DummyGetHeroInfo,menu.cpp,88,91,e5c86d4435c8dda1a73a5a07eb6f56979de900f57bded248c07c7504853ebff6,
menu.cpp|devilution::mainmenu_select_hero_dialog(GameData *gameData),devilution::mainmenu_select_hero_dialog,menu.cpp,95,135,93ee1cf1358813ecaded2b59fc77022df45f71f8c6572ea76a978772650c3bb7,
menu.cpp|devilution::mainmenu_wait_for_button_sound(),devilution::mainmenu_wait_for_button_sound,menu.cpp,137,142,1049b4cefeacb550ca6d95bcedb3cda12130fe3d406cfd99f11e39eeb7d47e57,
menu.cpp|devilution::mainmenu_loop(),devilution::mainmenu_loop,menu.cpp,144,192,437ec23951cd116749fc8a118255f1b077289dfe8fbde2cb8ca2849d07477f44,
minitext.cpp|devilution::LoadText(string_view text),devilution::LoadText,minitext.cpp,42,56,6c79083c9f2e23819dd7ba7ba03118c0548e71a5c0ccf4391d18bdf5cdfd4fa1,
minitext.cpp|devilution::CalculateTextSpeed(int nSFX),devilution::CalculateTextSpeed,minitext.cpp,63,80,a2a2c985b7cb531bec2926d48542d3d5bece0525ac91834354e7b87fe22f67c0,
minitext.cpp|devilution::CalculateTextPosition(),devilution::CalculateTextPosition,minitext.cpp,82,93,d024c39ef7ee13f99dc42f9caffa763bb68ae0a38432e2252a7fd694bb4e57c2,
minitext.cpp|devilution::DrawQTextContent(const Surface &out),devilution::DrawQTextContent,minitext.cpp,98,120,84f35e76d7b3bd93d3c5707114218f73863fe647ce084cbb622697b99c8644e5,
minitext.cpp|devilution::FreeQuestText(),devilution::FreeQuestText,minitext.cpp,124,127,4d1371d26244050727b19d3232e71f8f2c15ccc2d8ade4f725aa2206d777c6a9,
minitext.cpp|devilution::InitQuestText(),devilution::InitQuestText,minitext.cpp,129,132,495ac0067b5bde7e46eeba1dd00d9f941fcc83eb4b9d6fe5995bc213fa02d7d2,
minitext.cpp|devilution::InitQTextMsg(_speech_id m),devilution::InitQTextMsg,minitext.cpp,134,171,1624fb3f1f954a0693f72feb984848eb664cbf97944325ef9184cec1952a2d03,
minitext.cpp|devilution::DrawQTextBack(const Surface &out),devilution::DrawQTextBack,minitext.cpp,173,178,e27f21818cb6d37f7f87309ebfef692278b615126c76c79013d982d4c56acca0,
minitext.cpp|devilution::DrawQText(const Surface &out),devilution::DrawQText,minitext.cpp,180,184,f8e4a4e7baaca0b0f456efc733c54ccba85994ff237866ce05e787582877ab1c,
misdat.cpp|devilution::Repeat(uint8_t v),devilution::Repeat,misdat.cpp,146,149,e050c1b243aca740a1acf3d3db4f1bf1b4b231550dfa964065a0fec8f274356f,
misdat.cpp|devilution::MissileFileData::animDelay(uint8_t dir),devilution::MissileFileData::animDelay,misdat.cpp,274,277,b709c845852a7388678f0f7916679507a8717e743d6147c3e9f5b8b364aefeea,
misdat.cpp|devilution::MissileFileData::animLen(uint8_t dir),devilution::MissileFileData::animLen,misdat.cpp,279,282,7712f3171e06a212fddf53e02ee767701637eac65af1ca8cacef06b9964647c8,
misdat.cpp|devilution::MissileFileData::LoadGFX(),devilution::MissileFileData::LoadGFX,misdat.cpp,284,306,c754f1d4c81ea0e81088a4f2ee9ce416094251ab2b30d88eeb9c2c42cceab2c3,
misdat.cpp|devilution::InitMissileGFX(bool loadHellfireGraphics),devilution::InitMissileGFX,misdat.cpp,308,320,7a1819e343e67aca86549104a493d926ba71752ac40bb7a65487ae84e082b66a,
misdat.cpp|devilution::FreeMissileGFX(),devilution::FreeMissileGFX,misdat.cpp,322,327,dc3a9beaef6d3ef06bac9d9ba91a901ee06f558c95f18c2e16615ac31675e83d,
misdat.h|devilution::MissileData::isDrawn(),devilution::MissileData::isDrawn,misdat.h,141,144,f0044e1f16f7aca99c7302a02fed05f0178e0b4533c20447c094db5fbf0655cc,
misdat.h|devilution::MissileData::isArrow(),devilution::MissileData::isArrow,misdat.h,146,149,086b043861862e1dc31e01a24e928e6cc65ebc91d8839f5ee3d6abb1b9c535d7,
misdat.h|devilution::MissileData::damageType(),devilution::MissileData::damageType,misdat.h,151,154,f300ad9de99c1b93c50bc35cd5443a5926a15e8c914ec01891640ec9f3b577df,
misdat.h|devilution::MissileFileData::FreeGFX(),devilution::MissileFileData::FreeGFX,misdat.h,180,183,67f9ef1c4ce81cfce8af0418cb5db3ada36ea2d5ee6948354689f4f64693faea,
misdat.h|devilution::MissileFileData::spritesForDirection(size_t direction),devilution::MissileFileData::spritesForDirection,misdat.h,191,196,489d2a40667eba345bf6ca1b81b6fbe91dab7358c640c0ed4bed513343d69f36,
misdat.h|devilution::GetMissileData(MissileID missileId),devilution::GetMissileData,misdat.h,201,204,08505e02f174738d3a99a0cfb55dfef4c98664b652f7c9cafbf661705a926b82,
misdat.h|devilution::GetMissileSpriteData(MissileGraphicID graphicId),devilution::GetMissileSpriteData,misdat.h,208,211,3d7565a747ec396a5141dc0b26270fa9c0f39d58baca2f5608805ee5244a4bbc,
"missiles.cpp|devilution::AddClassHealingBonus(int hp, HeroClass heroClass)",devilution::AddClassHealingBonus,missiles.cpp,37,50,7778514e3c46c11312c20fe5f675970c1ee03cf524a2e1846f13e28ba39f9063,
"missiles.cpp|devilution::ScaleSpellEffect(int base, int spellLevel)",devilution::ScaleSpellEffect,missiles.cpp,52,59,4e6bf4c5f6811c2d6a501b81a174fc2b987dfd3a25d44a73d1f6c9f4e0e5039b,
"missiles.cpp|devilution::GenerateRndSum(int range, int iterations)",devilution::GenerateRndSum,missiles.cpp,61,69,67de19eee9416109e63632b9c8d4a46b325b63fa647b9b68659bf70894e9bc4a,
"missiles.cpp|devilution::CheckBlock(Point from, Point to)",devilution::CheckBlock,missiles.cpp,71,80,145e15babff2b3157014fe98f8e4e28fc696251d7a951d5486ebbdcfad79246c,
"missiles.cpp|devilution::FindClosest(Point source, int rad)",devilution::FindClosest,missiles.cpp,82,97,4c8d69d44409a60a31b8cb7647e2c6faa2859e5e59d9561f05c9f075fc2afa55,
"missiles.cpp|devilution::Direction16Flip(Direction16 x, Direction16 pivot)",devilution::Direction16Flip,missiles.cpp,99,104,9aef025b3f4bd3c6e5ad94b7c2dc9bdb5af823cc65ff70f9bc38538547bc3111,
"missiles.cpp|devilution::UpdateMissileVelocity(Missile &missile, Point destination, int velocityInPixels)",devilution::UpdateMissileVelocity,missiles.cpp,106,118,9c7605842f1a277759678d27b50413347a252a448f702c5b681da265e807ce36,
missiles.cpp|devilution::PutMissile(Missile &missile),devilution::PutMissile,missiles.cpp,124,144,20cd3776af251f299d06640136763548ca084a4e541a713d58ac11be149b6ca7,
missiles.cpp|devilution::UpdateMissilePos(Missile &missile),devilution::UpdateMissilePos,missiles.cpp,146,157,24da94efabe92ca7c8db0c96034e27f784be46181a878213a4691525d0b595c7,
missiles.cpp|devilution::MoveMissilePos(Missile &missile),devilution::MoveMissilePos,missiles.cpp,166,191,012c7eaf32044ac3bb949263cd956005ccc5b1335cd824bc6679b14005473ca5,
missiles.cpp|devilution::ProjectileMonsterDamage(Missile &missile),devilution::ProjectileMonsterDamage,missiles.cpp,193,197,f91634f6e54a0ea0777a7e4cac793540a8f4ea8338923a149f797b36c291a27f,
missiles.cpp|devilution::ProjectileTrapDamage(Missile &missile),devilution::ProjectileTrapDamage,missiles.cpp,199,202,81e0f5071536c97137046ed7b4a185dc538c09ce07056efdbfb73e256c0c4529,
"missiles.cpp|devilution::MonsterMHit(int pnum, int monsterId, int mindam, int maxdam, int dist, MissileID t, DamageType damageType, bool shift)",devilution::MonsterMHit,missiles.cpp,204,281,f422be56a3630e5334ee45f90eabc0d3f7c8314e2fd3b2c9d8781645d2f9dd85,
"missiles.cpp|devilution::Plr2PlrMHit(const Player &player, int p, int mindam, int maxdam, int dist, MissileID mtype, DamageType damageType, bool shift, bool *blocked)",devilution::Plr2PlrMHit,missiles.cpp,283,383,2a18be85536acde8a3547d0ad1533cf3bf5c989da93edcb2b9a9925b4fbbda0c,
missiles.cpp|devilution::RotateBlockedMissile(Missile &missile),devilution::RotateBlockedMissile,missiles.cpp,385,403,06c9d4d9072e0086b338b67b6ab6bca22187eadf9012ef3d12efb186d2706d51,
"missiles.cpp|devilution::CheckMissileCol(Missile &missile, DamageType damageType, int minDamage, int maxDamage, bool isDamageShifted, Point position, bool dontDeleteOnCollision)",devilution::CheckMissileCol,missiles.cpp,405,477,5e85dda732fbb47ff72b3bfdcacb465c097a495648aa727e34c16d7a7c37aa8d,
"missiles.cpp|devilution::MoveMissile(Missile &missile, tl::function_ref<bool(Point)> checkTile, bool ifCheckTileFailsDontMoveToTile = false)",devilution::MoveMissile,missiles.cpp,479,561,de14db93c34427239b31799ddab51d4d90a191dd37e9241cb00195335b46af98,
"missiles.cpp|devilution::MoveMissileAndCheckMissileCol(Missile &missile, DamageType damageType, int mindam, int maxdam, bool ignoreStart, bool ifCollidesDontMoveToHitTile)",devilution::MoveMissileAndCheckMissileCol,missiles.cpp,563,592,c77606509a7a75abe854abf5e6c009e8c7ed6bcfa195e6ca1427ee1f1cb2fe92,
"missiles.cpp|devilution::SetMissAnim(Missile &missile, MissileGraphicID animtype)",devilution::SetMissAnim,missiles.cpp,594,615,8ac469917c6aa85b84d0eba8b7ec19e3febb1f16b3631ac050b706543314711f,
"missiles.cpp|devilution::AddRune(Missile &missile, Point dst, MissileID missileID)",devilution::AddRune,missiles.cpp,617,647,9fe3483fd28584d2125c9215ddabff999d6ab7e778e1e1d40fae87445487e5ba,
missiles.cpp|devilution::CheckIfTrig(Point position),devilution::CheckIfTrig,missiles.cpp,649,656,fbf43626ef920875f15e6d1456724d297fde01b9a88cdbaba793eeda7ddf0d04,
"missiles.cpp|devilution::GuardianTryFireAt(Missile &missile, Point target)",devilution::GuardianTryFireAt,missiles.cpp,658,683,3eada5a0c28d3417f91f142b63566c48aa7908121636058112de7adb2ccef1d7,
"missiles.cpp|devilution::GrowWall(int playerId, Point position, Point target, MissileID type, int spellLevel, int damage)",devilution::GrowWall,missiles.cpp,685,696,705bc46bcfb1827b31257f41f7b24ee1a600dfd3850d1ee6fe0ba2e3276ce2b8,
"missiles.cpp|devilution::SyncPositionWithParent(Missile &missile, const AddMissileParameter &parameter)",devilution::SyncPositionWithParent,missiles.cpp,699,707,514e7f258c870c3b0eeb38c4e42b03b5edab1f3d77e52423e6cefe410fd63774,
"missiles.cpp|devilution::SpawnLightning(Missile &missile, int dam)",devilution::SpawnLightning,missiles.cpp,709,755,484430dce2607acf35c5c29ad7e2758d0fda4586b0db9b2db28b19373a8c9308,
missiles.cpp|devilution::IsMissileBlockedByTile(Point tile),devilution::IsMissileBlockedByTile,missiles.cpp,766,779,4445096dd84ab2c4179ee0bef08f215ca6a363411ec96af7fe9bd4fa609d4376,
"missiles.cpp|devilution::GetDamageAmt(SpellID i, int *mind, int *maxd)",devilution::GetDamageAmt,missiles.cpp,781,903,3697038672d2cb4bd0ceb04f1476c7f56d2a301348a211c6ff57c11ff19793b3,
"missiles.cpp|devilution::GetDirection16(Point p1, Point p2)",devilution::GetDirection16,missiles.cpp,905,939,dad943e1186d30dc39029a400665fcc7a8086f92e205591dab811d5466f64a89,
"missiles.cpp|devilution::MonsterTrapHit(int monsterId, int mindam, int maxdam, int dist, MissileID t, DamageType damageType, bool shift)",devilution::MonsterTrapHit,missiles.cpp,941,979,271dbf05b470dce998b5ed2288affca18d09fe0f8d3da1ba896d401cc47c8970,
"missiles.cpp|devilution::PlayerMHit(int pnum, Monster *monster, int dist, int mind, int maxd, MissileID mtype, DamageType damageType, bool shift, DeathReason deathReason, bool *blocked)",devilution::PlayerMHit,missiles.cpp,981,1118,3ded5607fd4ef976229a2d04af744622039e9550482b295be2d04adf290df165,
"missiles.cpp|devilution::SetMissDir(Missile &missile, int dir)",devilution::SetMissDir,missiles.cpp,1120,1124,917f5c38d488731e3696f6e94d2dfea35f89aa17ef703385e22a395f3f202499,
missiles.cpp|devilution::InitMissiles(),devilution::InitMissiles,missiles.cpp,1126,1161,faf14ff9d9e12bfa953af2d7b2b3d35b9677e75312f904de598c4e1bad2f99b0,
"missiles.cpp|devilution::AddOpenNest(Missile &missile, AddMissileParameter &parameter)",devilution::AddOpenNest,missiles.cpp,1163,1171,182f1568ad2fac312ac814080f146a53ddac1f3ad73bc89101480fa531f446df,
"missiles.cpp|devilution::AddRuneOfFire(Missile &missile, AddMissileParameter &parameter)",devilution::AddRuneOfFire,missiles.cpp,1173,1176,1b75f3bc16f7fd3448bf23f533ffc5d03642e2bd73bef5a87dc416b99d77af68,
"missiles.cpp|devilution::AddRuneOfLight(Missile &missile, AddMissileParameter &parameter)",devilution::AddRuneOfLight,missiles.cpp,1178,1184,1452676141a0f75c81c751794463e1142b31aea1b386ab2bcd921a3f71c9052a,
"missiles.cpp|devilution::AddRuneOfNova(Missile &missile, AddMissileParameter &parameter)",devilution::AddRuneOfNova,missiles.cpp,1186,1189,dc6f8912a7d8bfa274770b1ed0a5c726d644398d8fbe4fc42149651a8411f69e,
"missiles.cpp|devilution::AddRuneOfImmolation(Missile &missile, AddMissileParameter &parameter)",devilution::AddRuneOfImmolation,missiles.cpp,1191,1194,749b84c8e11f762fd9fbd263f605edaef49c68c4b04e52ee5a315a3779a63dff,
"missiles.cpp|devilution::AddRuneOfStone(Missile &missile, AddMissileParameter &parameter)",devilution::AddRuneOfStone,missiles.cpp,1196,1199,06e8cfa7397f33ff9246048b951d474dedaed59c2e893f95d4e789abcfe1ff79,
"missiles.cpp|devilution::AddReflect(Missile &missile, AddMissileParameter &)",devilution::AddReflect,missiles.cpp,1201,1216,2681e31f095a4f811c67d7af802eaa1c43a18409ab16db337b348410609a9b52,
"missiles.cpp|devilution::AddBerserk(Missile &missile, AddMissileParameter &parameter)",devilution::AddBerserk,missiles.cpp,1218,1267,44b55a7c384a8d2ab35d5b3326354f73232f2ef0523a6e2ffba68de636f55a91,
"missiles.cpp|devilution::AddHorkSpawn(Missile &missile, AddMissileParameter &parameter)",devilution::AddHorkSpawn,missiles.cpp,1269,1275,0e7789e6e0a1f89d39963a8b055b4d559566a54ab9deda8b074610d2744912bb,
"missiles.cpp|devilution::AddJester(Missile &missile, AddMissileParameter &parameter)",devilution::AddJester,missiles.cpp,1277,1313,c3438117ee0dafd334676a88e2039ef281e0369398e6a2e4350a94c3e84ad54a,
"missiles.cpp|devilution::AddStealPotions(Missile &missile, AddMissileParameter &)",devilution::AddStealPotions,missiles.cpp,1315,1380,1845310e4a364c17902c1c5cb21ed9ab0939155d255236b5604249cba49fc454,
"missiles.cpp|devilution::AddStealMana(Missile &missile, AddMissileParameter &)",devilution::AddStealMana,missiles.cpp,1382,1401,654aa6584018fcb940ba912ce5391350edf580c945e8c2cf2fcdf3ad38d65fc7,
"missiles.cpp|devilution::AddSpectralArrow(Missile &missile, AddMissileParameter &parameter)",devilution::AddSpectralArrow,missiles.cpp,1403,1429,62a379e27f219a413f36acaeb017886af6ac14748f7f5cb3b2e9fa6e84a1428b,
"missiles.cpp|devilution::AddWarp(Missile &missile, AddMissileParameter &parameter)",devilution::AddWarp,missiles.cpp,1431,1504,60eecf6b7704f030a6563d34a8a6c443b3d58bb37d987565be871686c9409b22,0x14006f5f0
"missiles.cpp|devilution::AddLightningWall(Missile &missile, AddMissileParameter &parameter)",devilution::AddLightningWall,missiles.cpp,1506,1525,816bff6259b7731a75d31947a4ee89db0101fb8401bad303e9184cbf63eca5cc,
"missiles.cpp|devilution::AddBigExplosion(Missile &missile, AddMissileParameter &)",devilution::AddBigExplosion,missiles.cpp,1527,1542,da49c753e19608249d90d92aca71b5326bbf14ed3f26002a5e18d7a917daf7d6,
"missiles.cpp|devilution::AddImmolation(Missile &missile, AddMissileParameter &parameter)",devilution::AddImmolation,missiles.cpp,1544,1558,05e074de097b6867b726aa6259e6db80ca24f2514187eec46d643a5847dbfc01,
"missiles.cpp|devilution::AddLightningBow(Missile &missile, AddMissileParameter &parameter)",devilution::AddLightningBow,missiles.cpp,1560,1577,c5f22368ae2eb990ea66cff7bd3c5b10690b02f23c7e214c027678a6240479e4,
"missiles.cpp|devilution::AddMana(Missile &missile, AddMissileParameter &)",devilution::AddMana,missiles.cpp,1579,1602,c64fbd08a4eee8b89a2736d205ddf3cb587265fc9a5c4a39434a39f1a0b9a460,
"missiles.cpp|devilution::AddMagi(Missile &missile, AddMissileParameter &)",devilution::AddMagi,missiles.cpp,1604,1612,5d3a852edab00eb7fbaecf0306bffca56ad3c35a899f1febbae1f4cf8d9c6e12,
"missiles.cpp|devilution::AddRingOfFire(Missile &missile, AddMissileParameter &)",devilution::AddRingOfFire,missiles.cpp,1614,1619,acdfed8af06c90b8a58b42d7bf403047b02cab81c23aefe9730211bc59313586,
"missiles.cpp|devilution::AddSearch(Missile &missile, AddMissileParameter &)",devilution::AddSearch,missiles.cpp,1621,1642,4383702713f3f51f530cb16add0adb5f9ff00948a7095476274a74cdcd604d03,
"missiles.cpp|devilution::AddChargedBoltBow(Missile &missile, AddMissileParameter &parameter)",devilution::AddChargedBoltBow,missiles.cpp,1644,1661,8d01b37e300b7b1afb79297f2f9df146cc97fb834948cfde9f44cf3cee49c381,
"missiles.cpp|devilution::AddElementalArrow(Missile &missile, AddMissileParameter &parameter)",devilution::AddElementalArrow,missiles.cpp,1663,1698,dea68575c1fe2bd6ed523fa98a0c886516d37c283a676b87dfb5a31b7006b82a,
"missiles.cpp|devilution::AddArrow(Missile &missile, AddMissileParameter &parameter)",devilution::AddArrow,missiles.cpp,1700,1732,db4f796d015beafdd471c32f7dc5bf00d58176486ccb100b101d7d4437d90ac3,
"missiles.cpp|devilution::UpdateVileMissPos(Missile &missile, Point dst)",devilution::UpdateVileMissPos,missiles.cpp,1734,1748,36cded5772c1f7122a35b3383faa142e4b71102797c145c824148b215bbfaf26,
"missiles.cpp|devilution::AddPhasing(Missile &missile, AddMissileParameter &parameter)",devilution::AddPhasing,missiles.cpp,1750,1786,724a949f8e3741bd7f12f821eb619276953fa381bf8d3351627d88be23831f64,
"missiles.cpp|devilution::AddFirebolt(Missile &missile, AddMissileParameter &parameter)",devilution::AddFirebolt,missiles.cpp,1788,1822,ddc833c07def39f037276938497a5375357413eebf423be502dd61edfba729ce,
"missiles.cpp|devilution::AddMagmaBall(Missile &missile, AddMissileParameter &parameter)",devilution::AddMagmaBall,missiles.cpp,1824,1850,dad03426d9f29ca5dc7628edca4c2e0088031972db1dfaf73bb30b69cc83c3fe,
"missiles.cpp|devilution::AddTeleport(Missile &missile, AddMissileParameter &parameter)",devilution::AddTeleport,missiles.cpp,1852,1870,98f50763320fee85f399ebb06bb876c239cfad5727d7af0406dd12b8550808bf,
"missiles.cpp|devilution::AddNovaBall(Missile &missile, AddMissileParameter &parameter)",devilution::AddNovaBall,missiles.cpp,1872,1880,ace8dec0fe0c5cef69fbc789961aea8034161af2d3632ced8106a2eb22d2cbb0,
"missiles.cpp|devilution::AddFireWall(Missile &missile, AddMissileParameter &parameter)",devilution::AddFireWall,missiles.cpp,1882,1896,0fbe02cea79c6d69f568d89c101c39b4548bba61ceae97ed0cef3fb16cac85a7,
"missiles.cpp|devilution::AddFireball(Missile &missile, AddMissileParameter &parameter)",devilution::AddFireball,missiles.cpp,1898,1918,87566a209caacd891fcc4ce2b2fe059f67c307f937821062abfb39986e5614f2,
"missiles.cpp|devilution::AddLightningControl(Missile &missile, AddMissileParameter &parameter)",devilution::AddLightningControl,missiles.cpp,1920,1927,51a265ca5cb21f116ed924d6b2368efc34cfe270b28177f1e1b88d930b53d756,
"missiles.cpp|devilution::AddLightning(Missile &missile, AddMissileParameter &parameter)",devilution::AddLightning,missiles.cpp,1929,1946,46618df4e444bf33844bcfe065e91b581de06dde91ac75aeaa2c513133eaff7d,
"missiles.cpp|devilution::AddMissileExplosion(Missile &missile, AddMissileParameter &parameter)",devilution::AddMissileExplosion,missiles.cpp,1948,1976,83ebfcf1b9750da23e6e88ac6cc60a0eaf48091c22e56da8acad141d29b6c123,
"missiles.cpp|devilution::AddWeaponExplosion(Missile &missile, AddMissileParameter &parameter)",devilution::AddWeaponExplosion,missiles.cpp,1978,1986,5bfade68c97e40dea8f1de8ef56bd6aa5ffbddc179adae05a51f74563a05ce0d,
"missiles.cpp|devilution::AddTownPortal(Missile &missile, AddMissileParameter &parameter)",devilution::AddTownPortal,missiles.cpp,1988,2040,771ba22b559088f38343994c9564f2d263ac451900e8dcdc42fdde374ea445b4,
"missiles.cpp|devilution::AddFlashBottom(Missile &missile, AddMissileParameter &)",devilution::AddFlashBottom,missiles.cpp,2042,2060,5bbc210b5adeb4d328aafafebe06b9d03d3cfd9a308236ba3bb9d3a1234daf9d,
"missiles.cpp|devilution::AddFlashTop(Missile &missile, AddMissileParameter &)",devilution::AddFlashTop,missiles.cpp,2062,2076,bba935b31fa638c919ce7744b9735b697a072c2a0725db913c526aa5074af3ff,
"missiles.cpp|devilution::AddManaShield(Missile &missile, AddMissileParameter &parameter)",devilution::AddManaShield,missiles.cpp,2078,2092,6286e55c8a411c42a42adcafc7539c70f6a2aebacda66e434a1816c1e8878be5,
"missiles.cpp|devilution::AddFlameWave(Missile &missile, AddMissileParameter &parameter)",devilution::AddFlameWave,missiles.cpp,2094,2103,c49d3d51a1f35251e97f27e42b05a953a0a174a157539c333a54dd797fb18562,
"missiles.cpp|devilution::AddGuardian(Missile &missile, AddMissileParameter &parameter)",devilution::AddGuardian,missiles.cpp,2105,2154,323f4cc42338de03fc185bb13a7be5ab27252dd26b9be9bf01478f50352ce59c,
"missiles.cpp|devilution::AddChainLightning(Missile &missile, AddMissileParameter &parameter)",devilution::AddChainLightning,missiles.cpp,2156,2161,54b4504253e7a05d94e09f6eafdec99aa2a9fcedc0f1526f6e90b1529bea1d01,
"missiles.cpp|devilution::InitMissileAnimationFromMonster(Missile &mis, Direction midir, const Monster &mon, MonsterGraphic graphic)",devilution::InitMissileAnimationFromMonster,missiles.cpp,2164,2181,619a9d4fad2bde7b9b186567fcd65e8284a1df40bad2a72f52b9224fee75fd95,
"missiles.cpp|devilution::AddRhino(Missile &missile, AddMissileParameter &parameter)",devilution::AddRhino,missiles.cpp,2184,2202,99238125ee26a2d00ce0a07a66f592a04369320516c9a2dd9d84f3ffce39721a,
"missiles.cpp|devilution::AddGenericMagicMissile(Missile &missile, AddMissileParameter &parameter)",devilution::AddGenericMagicMissile,missiles.cpp,2204,2246,fd0a0b595fd56d4497264fd1907a0969fa3662e04824d5dd4f8a56dad7c0ded0,
"missiles.cpp|devilution::AddAcid(Missile &missile, AddMissileParameter &parameter)",devilution::AddAcid,missiles.cpp,2248,2273,18215281d4ac5e49c231eb62a9205f2a79422f4c32096623db7be52622b254d3,
"missiles.cpp|devilution::AddAcidPuddle(Missile &missile, AddMissileParameter &)",devilution::AddAcidPuddle,missiles.cpp,2275,2281,cc3dae34ecdf698e33b80b4028374a520d42bf06e59b9f6a92284839a50e5c71,
"missiles.cpp|devilution::AddStoneCurse(Missile &missile, AddMissileParameter &parameter)",devilution::AddStoneCurse,missiles.cpp,2283,2337,bfbc69663015e3bc161e741cbd605fe17e6e94f0a9fe1b098dcbef2f3a3a8df2,
"missiles.cpp|devilution::AddGolem(Missile &missile, AddMissileParameter &parameter)",devilution::AddGolem,missiles.cpp,2339,2361,dfc71c0c3334a9f4a98d41a32bd97211b4a8f6b1f18b39f0b94a8999ac3ffc5e,
"missiles.cpp|devilution::AddApocalypseBoom(Missile &missile, AddMissileParameter &parameter)",devilution::AddApocalypseBoom,missiles.cpp,2363,2368,1d0e52b4a8f3e5934db1b7ee52b6f05f70b2c5dd96e91bc4170d2849803b995a,
"missiles.cpp|devilution::AddHealing(Missile &missile, AddMissileParameter &)",devilution::AddHealing,missiles.cpp,2370,2390,9190aa908e30102d10f3e00471f4d70db2bd4db8848660313bbd09d1a37a6fec,
"missiles.cpp|devilution::AddHealOther(Missile &missile, AddMissileParameter &)",devilution::AddHealOther,missiles.cpp,2392,2402,350cb0190be180a7abdbbbefc7ac8609b3ef61d401ca5e053f4d42c112b7a140,
"missiles.cpp|devilution::AddElemental(Missile &missile, AddMissileParameter &parameter)",devilution::AddElemental,missiles.cpp,2404,2424,b35fdf436ad0cd0302385b8a822f5918d223cc3cf2d833820990a1679c56226a,
"missiles.cpp|devilution::AddIdentify(Missile &missile, AddMissileParameter &)",devilution::AddIdentify,missiles.cpp,2428,2443,f578197aba519ae6e6290c60a207419fe6a47d7e3bbaa744e7e2d936759c7397,
"missiles.cpp|devilution::AddFireWallControl(Missile &missile, AddMissileParameter &parameter)",devilution::AddFireWallControl,missiles.cpp,2445,2467,cfe4a5a3200da1056ac6b7507cc46a94f62d3b3e09c6b7c403419760da0359a6,
"missiles.cpp|devilution::AddInfravision(Missile &missile, AddMissileParameter &)",devilution::AddInfravision,missiles.cpp,2469,2472,c42feb2c341799986a4c8cabaddd8c47f6769dd1a49edc0f897839b7a7611549,
"missiles.cpp|devilution::AddFlameWaveControl(Missile &missile, AddMissileParameter &parameter)",devilution::AddFlameWaveControl,missiles.cpp,2474,2480,c8b01fa369402a47adeb3a640cf4b18ce3238f3c2f8dddbc5c386331f3486811,
"missiles.cpp|devilution::AddNova(Missile &missile, AddMissileParameter &parameter)",devilution::AddNova,missiles.cpp,2482,2496,5936d1716ba36fd136b16bc4812a3460e2947f43e441c08a42c1b84b23cb97c3,
"missiles.cpp|devilution::AddRage(Missile &missile, AddMissileParameter &parameter)",devilution::AddRage,missiles.cpp,2498,2517,2d8351b966d4440173f760d78e27bb8aa9917bc252e6903deb93a78808b7ad33,
"missiles.cpp|devilution::AddItemRepair(Missile &missile, AddMissileParameter &)",devilution::AddItemRepair,missiles.cpp,2519,2534,855c8bbf035ec151e52257f8fc39742734655bf3e6bf9e467e51df09a6b065f1,
"missiles.cpp|devilution::AddStaffRecharge(Missile &missile, AddMissileParameter &)",devilution::AddStaffRecharge,missiles.cpp,2536,2551,b86f061ce662313ac28c8dee9cc63a46ab93ee5c3913c768a73e544c71d2800f,
"missiles.cpp|devilution::AddTrapDisarm(Missile &missile, AddMissileParameter &)",devilution::AddTrapDisarm,missiles.cpp,2553,2567,957ed6a1b3368a614709354d0b264bbe79fcc1ad669388cedc6a319588b53e3c,
"missiles.cpp|devilution::AddApocalypse(Missile &missile, AddMissileParameter &)",devilution::AddApocalypse,missiles.cpp,2569,2582,3ca93c0bbc6b0beaa6f347925ba628c1e452b5dbf7326d9104feef2f3248239c,
"missiles.cpp|devilution::AddInferno(Missile &missile, AddMissileParameter &parameter)",devilution::AddInferno,missiles.cpp,2584,2600,9baa823acb57f4122ec8ec7b0fc78e37b6a7c70fedd4f3a5f40e013991a4937d,
"missiles.cpp|devilution::AddInfernoControl(Missile &missile, AddMissileParameter &parameter)",devilution::AddInfernoControl,missiles.cpp,2602,2612,9903da8d708d663f45e6fe0878d228e8759912d16da94e04a0f161ec4cd6bb6d,
"missiles.cpp|devilution::AddChargedBolt(Missile &missile, AddMissileParameter &parameter)",devilution::AddChargedBolt,missiles.cpp,2614,2630,1b4025a2c348506d5f9a691f5c71e0fd97697ffa0dd319611e87ba20b86fd820,
"missiles.cpp|devilution::AddHolyBolt(Missile &missile, AddMissileParameter &parameter)",devilution::AddHolyBolt,missiles.cpp,2632,2652,ee52bc50023749cb284a0844e647002be64ad3ac36645f3c6ac20a3dd05d646d,
"missiles.cpp|devilution::AddResurrect(Missile &missile, AddMissileParameter &)",devilution::AddResurrect,missiles.cpp,2654,2664,f4aa02ca4b65997a097966e033bbf5d75e9c55a1b1e7b7ba9ec79a5ce82fbd6c,
"missiles.cpp|devilution::AddResurrectBeam(Missile &missile, AddMissileParameter &parameter)",devilution::AddResurrectBeam,missiles.cpp,2666,2671,2911df54ca37f687f2011e5fa68fed049ecd28d81d2033bde7bc7e8802805894,
"missiles.cpp|devilution::AddTelekinesis(Missile &missile, AddMissileParameter &)",devilution::AddTelekinesis,missiles.cpp,2673,2680,b51571b8bc30fde19451debc91eafa403508988dd95f5603450d3fc0c173079c,
"missiles.cpp|devilution::AddBoneSpirit(Missile &missile, AddMissileParameter &parameter)",devilution::AddBoneSpirit,missiles.cpp,2682,2696,445d3d640c5c6af86b6962ce9d531d6fcd92d95688fd32b0339de8ae72725f8c,
"missiles.cpp|devilution::AddRedPortal(Missile &missile, AddMissileParameter &)",devilution::AddRedPortal,missiles.cpp,2698,2703,94756a7979dfcd03b13e9432794d764556b36adfc82939907475cfaf557b0a81,
"missiles.cpp|devilution::AddDiabloApocalypse(Missile &missile, AddMissileParameter &)",devilution::AddDiabloApocalypse,missiles.cpp,2705,2716,683407ba8b46a8fac6c6e05818a863509241a494c9511d4115221eb2ebb57b61,
"missiles.cpp|devilution::AddMissile(Point src, Point dst, Direction midir, MissileID mitype, mienemy_type micaster, int id, int midam, int spllvl, Missile *parent, std::optional<_sfx_id> lSFX)",devilution::AddMissile,missiles.cpp,2718,2771,47b7b237fcbdcfa7ad2274a0c1a8fc7c17ce16369888a79e1f444cbf87ae36c8,
missiles.cpp|devilution::ProcessElementalArrow(Missile &missile),devilution::ProcessElementalArrow,missiles.cpp,2773,2855,af769ca545d1021350afeb9439b6370e95c9fcb9136c841030ef50f27fdf1ff6,0x14006f970
missiles.cpp|devilution::ProcessArrow(Missile &missile),devilution::ProcessArrow,missiles.cpp,2857,2886,d58998aad449ceed2bf3623b6a1dbb4a6a237d3783ae3c13be9cd7cbdd17628c,
missiles.cpp|devilution::ProcessGenericProjectile(Missile &missile),devilution::ProcessGenericProjectile,missiles.cpp,2888,2938,beb2720f19c9ddb484f4d5cb488786876d65e3fbec02a6337309f82d16d955a5,
missiles.cpp|devilution::ProcessNovaBall(Missile &missile),devilution::ProcessNovaBall,missiles.cpp,2940,2958,014c75ff499a46c64d403a4c59e200b35b47d452931b170552de93d3e106a201,
missiles.cpp|devilution::ProcessAcidPuddle(Missile &missile),devilution::ProcessAcidPuddle,missiles.cpp,2960,2975,93007f9c48651d2b1c6b8e8933006423e459c3a4ca606e3b25a7c3744d1a80f3,
missiles.cpp|devilution::ProcessFireWall(Missile &missile),devilution::ProcessFireWall,missiles.cpp,2977,3003,d82d6acfd8ccd2ba7b21ab85ce8fcbd2229b1245c0b9c9d2325185736f7e478c,
missiles.cpp|devilution::ProcessFireball(Missile &missile),devilution::ProcessFireball,missiles.cpp,3005,3072,035c3bbf3821443963cc83ff19cf026b65dde1b4f236149a2df524ed2c93f73c,
missiles.cpp|devilution::ProcessHorkSpawn(Missile &missile),devilution::ProcessHorkSpawn,missiles.cpp,3074,3100,307d41b5b3cfe312fcf7900f317ccccdcbb02957a9d5af817ee6c4e94736222a,
missiles.cpp|devilution::ProcessRune(Missile &missile),devilution::ProcessRune,missiles.cpp,3102,3118,333dff0bbb5177ea99efbd55d575b472935ea37c667c329598a47403a1b6bfb7,
missiles.cpp|devilution::ProcessLightningWall(Missile &missile),devilution::ProcessLightningWall,missiles.cpp,3120,3130,bf4825d0b39de644d59a35caa0f0e9488b2f3bc54df13d60483d27d7ef593691,
missiles.cpp|devilution::ProcessBigExplosion(Missile &missile),devilution::ProcessBigExplosion,missiles.cpp,3132,3140,1616d9fe7bf2907bd368efb25380a8c3d14527c3f27ed03189a9c3954b1cc71d,
missiles.cpp|devilution::ProcessLightningBow(Missile &missile),devilution::ProcessLightningBow,missiles.cpp,3142,3145,aecdba4ec4495874f67908f7aa833c65ac23d0e755bd84a3b44d20a3894b2709,
missiles.cpp|devilution::ProcessRingOfFire(Missile &missile),devilution::ProcessRingOfFire,missiles.cpp,3147,3176,69752cc00356f8f42354f329d39988326742761035b2b8c4666cecb49d916d4a,
missiles.cpp|devilution::ProcessSearch(Missile &missile),devilution::ProcessSearch,missiles.cpp,3178,3190,497e546e610a28a379ca078a9de7bc3542d620cba7a783b0f6ee3e3a54346a98,
missiles.cpp|devilution::ProcessLightningWallControl(Missile &missile),devilution::ProcessLightningWallControl,missiles.cpp,3192,3227,5355fb2a02611f0e93202fcc20cb4225a3822ddbb258c739435103e2fceab29d,
"missiles.cpp|devilution::ProcessNovaCommon(Missile &missile, MissileID projectileType)",devilution::ProcessNovaCommon,missiles.cpp,3229,3251,34ab394d0ce3dd52c36357f63d566c9e4a00a87451eed41e6cf08da5439a6ee5,
missiles.cpp|devilution::ProcessImmolation(Missile &missile),devilution::ProcessImmolation,missiles.cpp,3253,3256,7a013effad8ab520d5d387da54d2d71c8d7bf079b01b8a8b7306b6b8d3530694,
missiles.cpp|devilution::ProcessNova(Missile &missile),devilution::ProcessNova,missiles.cpp,3258,3261,942d55394ba311a50bda82c2a1abbacf04f8a84602e319d9b70fe610f6784a71,
missiles.cpp|devilution::ProcessSpectralArrow(Missile &missile),devilution::ProcessSpectralArrow,missiles.cpp,3263,3301,761d9febdf8b4e550ce969b6db50e43b0f38dca14f09dd9c78f278b8d94f31c1,
missiles.cpp|devilution::ProcessLightningControl(Missile &missile),devilution::ProcessLightningControl,missiles.cpp,3303,3320,9f962fe2e748510e313ff7aaf185aa261a2ab126e89dba3207329725b1a31e1b,
missiles.cpp|devilution::ProcessLightning(Missile &missile),devilution::ProcessLightning,missiles.cpp,3322,3335,697168342074fa732fbcffd6b15272a4ac97f2f62f374c081d301cfa7751fa55,
missiles.cpp|devilution::ProcessTownPortal(Missile &missile),devilution::ProcessTownPortal,missiles.cpp,3337,3367,463dc7386b2b4868bdefde1075a7cd59c0b0a0dc28737f74257ad223aa2151bf,
missiles.cpp|devilution::ProcessFlashBottom(Missile &missile),devilution::ProcessFlashBottom,missiles.cpp,3369,3396,c309bbbddfad6eab63a9d5e97f196ae4937b58dc2868789764bf5e78199f02c9,
missiles.cpp|devilution::ProcessFlashTop(Missile &missile),devilution::ProcessFlashTop,missiles.cpp,3398,3422,85a6201bb74c505411b03d76abe136aa571ae80c90e6afe6a6f655f519a248f4,
missiles.cpp|devilution::ProcessFlameWave(Missile &missile),devilution::ProcessFlameWave,missiles.cpp,3424,3461,01ad1b769751ea9a3743f06eb3e70dc100ae3adf28cf95da66f7bc8645e2299d,
missiles.cpp|devilution::ProcessGuardian(Missile &missile),devilution::ProcessGuardian,missiles.cpp,3463,3532,f45c58f083bfae5d44fed99acf6b6d16160e5ec57450c5a0f385e4bdc19cdb1d,
missiles.cpp|devilution::ProcessChainLightning(Missile &missile),devilution::ProcessChainLightning,missiles.cpp,3534,3553,a9ba4585d11b1f3c1f7b375a4f7c0f7597e53b02eefc44b0f7ce848e9e7037f4,
missiles.cpp|devilution::ProcessWeaponExplosion(Missile &missile),devilution::ProcessWeaponExplosion,missiles.cpp,3555,3589,5798c2a3b1c5287a4d4d9dd98b6c769fe338d732ea20378d76aeafbc7f2366df,
missiles.cpp|devilution::ProcessMissileExplosion(Missile &missile),devilution::ProcessMissileExplosion,missiles.cpp,3591,3607,a7d575fa51b937842c9ff3473416eb3091048ac7a2e67e99a8a729d7ba614bfe,
missiles.cpp|devilution::ProcessAcidSplate(Missile &missile),devilution::ProcessAcidSplate,missiles.cpp,3609,3624,cfdbd9dc280a9b7f00c0600d228041cdee09d30ada7d01b9c0527771e222cfb1,
missiles.cpp|devilution::ProcessTeleport(Missile &missile),devilution::ProcessTeleport,missiles.cpp,3626,3661,c3576046312a7d49a12d68bcadae74adbe7d6fbb7dc6a4799ce9025b1668f409,
missiles.cpp|devilution::ProcessStoneCurse(Missile &missile),devilution::ProcessStoneCurse,missiles.cpp,3663,3689,43c0b74c7677d35fad3128116072dd0893e429014c00a4d399bdaa7859caf5e4,
missiles.cpp|devilution::ProcessApocalypseBoom(Missile &missile),devilution::ProcessApocalypseBoom,missiles.cpp,3691,3701,52f6732c0502e16bd46c79d431d6ed2ddf74a064eb254cc1d969003a57a0142f,
missiles.cpp|devilution::ProcessRhino(Missile &missile),devilution::ProcessRhino,missiles.cpp,3703,3738,409d9846e31471724e68feba45ca7b747cd46bc528955db93ed69fa67554fb46,
missiles.cpp|devilution::ProcessFireWallControl(Missile &missile),devilution::ProcessFireWallControl,missiles.cpp,3740,3773,9cd9e84bda82d09330fee5a8db972e5fa1228d0686761a87dfb51200fe2885b6,
missiles.cpp|devilution::ProcessInfravision(Missile &missile),devilution::ProcessInfravision,missiles.cpp,3775,3784,a5a2999dde967a8091d45e778f5808cc01dd10da970e81e21f5d0bea950d9495,
missiles.cpp|devilution::ProcessApocalypse(Missile &missile),devilution::ProcessApocalypse,missiles.cpp,3786,3809,8d96cd8a519bc1c1b5604aa82ee9b454b3d73490afcd944d083cb407be3948b0,
missiles.cpp|devilution::ProcessFlameWaveControl(Missile &missile),devilution::ProcessFlameWaveControl,missiles.cpp,3811,3852,7dd0a88bbb8e0576ed49830423a53c7a2d8dce7f76f9b819734355363d8df42e,
missiles.cpp|devilution::ProcessRage(Missile &missile),devilution::ProcessRage,missiles.cpp,3854,3881,a78ee50235c7c3592e1bd83c1157ae4767e3522c534bbddf651478c9da33aa2a,
missiles.cpp|devilution::ProcessInferno(Missile &missile),devilution::ProcessInferno,missiles.cpp,3883,3905,f9e5ad114e918c7b01ce026e4798a94095d6eb48e04c11031e1b318839f99060,
missiles.cpp|devilution::ProcessInfernoControl(Missile &missile),devilution::ProcessInfernoControl,missiles.cpp,3907,3934,483e5a546fb8bb12e190e87fa96891d9acd6a311a1984532d0d8e3a2a3e44723,
missiles.cpp|devilution::ProcessChargedBolt(Missile &missile),devilution::ProcessChargedBolt,missiles.cpp,3936,3975,b140e84b2b3e8fea794e854a8e93a09b65589b3bcf2da2884aa75b3d91240198,
missiles.cpp|devilution::ProcessHolyBolt(Missile &missile),devilution::ProcessHolyBolt,missiles.cpp,3977,4003,8e0bd98904e278f7578d4e9eda8cf99cbc976ee04240de5fee2845522cf14aac,
missiles.cpp|devilution::ProcessElemental(Missile &missile),devilution::ProcessElemental,missiles.cpp,4005,4065,9fcc569171551719d6866295748f19392bdaf937c5f689709222196da1c6e2b4,
missiles.cpp|devilution::ProcessBoneSpirit(Missile &missile),devilution::ProcessBoneSpirit,missiles.cpp,4067,4109,cb9866a38b56ca21ad28b6ce07bcc450bf804dbf27f111327b325b1f19300819,
missiles.cpp|devilution::ProcessResurrectBeam(Missile &missile),devilution::ProcessResurrectBeam,missiles.cpp,4111,4117,0378eefd1784a9fd15100f625807094712ae34acdd8faeba1cb65bbb79554a9c,
missiles.cpp|devilution::ProcessRedPortal(Missile &missile),devilution::ProcessRedPortal,missiles.cpp,4119,4139,bdc55dc79527da95e62f982157f578a8518ec70aa50e5c4231438bdf6f3d8fec,
missiles.cpp|devilution::DeleteMissiles(),devilution::DeleteMissiles,missiles.cpp,4141,4144,26976cea4b07b3c79c08c512fff401d88891cabce58dff702500480dc746f79c,
missiles.cpp|devilution::ProcessManaShield(),devilution::ProcessManaShield,missiles.cpp,4146,4153,7fcd479926628803c51c6b685b683ecd07f5bef0bca467f2a044051cff876113,
missiles.cpp|devilution::ProcessMissiles(),devilution::ProcessMissiles,missiles.cpp,4155,4191,4311b64c8ea998ba0b36fe1ecf4345e9567b60212b3c3b91c9bfb5e7f78065dc,
missiles.cpp|devilution::missiles_process_charge(),devilution::missiles_process_charge,missiles.cpp,4193,4212,8233cb99dfb67dde594f449b19999e557cbeec3d945550d0c733ed297d2d74ed,
missiles.cpp|devilution::RedoMissileFlags(),devilution::RedoMissileFlags,missiles.cpp,4214,4219,daaf5645f635e91f4b6dc0e8a744d61319d4fd71ddf7ad71535ba31db5beb6a6,
missiles.h|devilution::MissilePosition::StopMissile(),devilution::MissilePosition::StopMissile,missiles.h,46,51,5aeff0e82b5dd8ad72d7fc5df99bddcfaaeca27076f2ec1be7f43a4e813f2ae6,
missiles.h|devilution::Missile::IsTrap(),devilution::Missile::IsTrap,missiles.h,142,145,61aa47a68e1e3b01b37c9d0c849ffecfe47887802c39cee7accafcd16e61732f,
missiles.h|devilution::Missile::sourcePlayer(),devilution::Missile::sourcePlayer,missiles.h,147,152,739ea88a7a8f623e4790640570068beeeab2983fc10648b3b490c0cbb722d51b,
missiles.h|devilution::Missile::sourceMonster(),devilution::Missile::sourceMonster,missiles.h,154,159,e5598b74116a4dff19101dd71aae88cc734ca4fda89cd37bb9809a5003e38eae,
missiles.h|devilution::Missile::isSameSource(Missile &missile),devilution::Missile::isSameSource,missiles.h,161,164,645817269f33bedd379d87733bfae39715d730a4f843f897b8926fc70eee4a56,
missiles.h|devilution::Missile::sourceType(),devilution::Missile::sourceType,missiles.h,166,173,bfd684b81013992a3514c1f288cbfa90a9171a69079c5b7d2f229a1492c18830,
"missiles.h|devilution::SetMissDir(Missile &missile, Direction dir)",devilution::SetMissDir,missiles.h,221,224,85d99e7ff129ca6e2a6590b8e98acc0af13fca04d650ebc6ac631c6d30bf70e9,
"missiles.h|devilution::SetMissDir(Missile &missile, Direction16 dir)",devilution::SetMissDir,missiles.h,231,234,56ec96b7471ec3d29c0dc230d3fabd413b13df4c5427b5723c26c726037755e7,
monstdat.cpp|devilution::Uniq(_unique_items item),devilution::Uniq,monstdat.cpp,20,23,cf0d7f0276a413fa692ca68e792f079f6f6387c607dc572173b6fa42268a7702,
monster.cpp|devilution::GetNumAnims(const MonsterData &monsterData),devilution::GetNumAnims,monster.cpp,94,97,d53071f06e90f9ce2edbffda8883f0978d57810bc1d564c62b0b08dc6107f314,
monster.cpp|devilution::InitMonsterTRN(CMonster &monst),devilution::InitMonsterTRN,monster.cpp,99,120,603bb740fe656898a3b7dfac40d89213d146575584ee8eea0492d1d83c700f27,
"monster.cpp|devilution::InitMonster(Monster &monster, Direction rd, size_t typeIndex, Point position)",devilution::InitMonster,monster.cpp,122,206,ef7aa1795a005254e6be23b015cef35bc646c7ece44f3224ea023b91505a6534,
monster.cpp|devilution::CanPlaceMonster(Point position),devilution::CanPlaceMonster,monster.cpp,208,216,33d5318776e7cbf9170e03be7faef58c1a14cc284b0cd13cb427dbb7d5a913d7,
"monster.cpp|devilution::PlaceMonster(int i, size_t typeIndex, Point position)",devilution::PlaceMonster,monster.cpp,218,231,3b470661faee64f3f900651f695653199e8ac1770de3cc60d9ff61b45fdbab1e,
"monster.cpp|devilution::PlaceGroup(size_t typeIndex, unsigned num, Monster *leader = nullptr, bool leashed = false)",devilution::PlaceGroup,monster.cpp,233,305,256c3ac00bd7ea5de55b9618bee0433322f0f2198f29090f74510685ed6e367d,
monster.cpp|devilution::GetMonsterTypeIndex(_monster_id type),devilution::GetMonsterTypeIndex,monster.cpp,307,314,295065ba38437a18ed5fbf3d3bf6fdec54afdbc98c1b62b1a21723fd60d44790,
"monster.cpp|devilution::PlaceUniqueMonst(UniqueMonsterType uniqindex, size_t minionType, int bosspacksize)",devilution::PlaceUniqueMonst,monster.cpp,316,401,30c3cfe0ee7bc92f8972920491b47b0d1be28c582d17922cf230b4e24a9c80c3,
"monster.cpp|devilution::AddMonsterType(_monster_id type, placeflag placeflag)",devilution::AddMonsterType,monster.cpp,403,418,6c09ce415ef692325d6e8cf3029df83502cd73d0a50fb76be1ab67edb17dcf54,
"monster.cpp|devilution::AddMonsterType(UniqueMonsterType uniqueType, placeflag placeflag)",devilution::AddMonsterType,monster.cpp,420,423,3a9631404a4c3012d4523c01497d5245992cfb13ab6eb959ddb957d99f462b56,
monster.cpp|devilution::ClearMVars(Monster &monster),devilution::ClearMVars,monster.cpp,425,431,1679d123a80f681b51e1013e325e69ffbd37ac056cb8feca16a057e7dfad0365,
monster.cpp|devilution::ClrAllMonsters(),devilution::ClrAllMonsters,monster.cpp,433,451,d88c1e03491fc09aa93919c8526bfc2e4c8bca2342c4e5bb50e89ce9853b43d0,
monster.cpp|devilution::PlaceUniqueMonsters(),devilution::PlaceUniqueMonsters,monster.cpp,453,477,2c60f004dea6beb3958f7d5acd52f8e90cd24e0814c004763b1274a141335838,
monster.cpp|devilution::PlaceQuestMonsters(),devilution::PlaceQuestMonsters,monster.cpp,479,551,6154d6a0e7f8b76a53b1fa527d7915ddb16125530a9a8bdab758592a2c0c3b72,
monster.cpp|devilution::LoadDiabMonsts(),devilution::LoadDiabMonsts,monster.cpp,553,571,45666da821c57dc77d6bf88a727823c92ebfb42051a82890ca8d423e551c4f37,
monster.cpp|devilution::DeleteMonster(size_t activeIndex),devilution::DeleteMonster,monster.cpp,573,582,d0d21ac18a7d3ff94187fb328faf6835c412e18d8146d3e17bbca5f9caac6c5f,
"monster.cpp|devilution::NewMonsterAnim(Monster &monster, MonsterGraphic graphic, Direction md, AnimationDistributionFlags flags = AnimationDistributionFlags::None, int8_t numSkippedFrames = 0, int8_t distributeFramesBeforeFrame = 0)",devilution::NewMonsterAnim,monster.cpp,584,590,1dc31ec71c59e8372f2453a5ace44fa5e7dd754879cc177a1810ee4eeb701be8,
monster.cpp|devilution::StartMonsterGotHit(Monster &monster),devilution::StartMonsterGotHit,monster.cpp,592,604,4d9389638bc772be0705d263879ff2c01e1b86e2616a24c1bba54b9e89c2cd17,
monster.cpp|devilution::IsRanged(Monster &monster),devilution::IsRanged,monster.cpp,606,609,87e5df96090a46067e71ed27c6eea366d6d2386f167da2ec3a776d33696c7b2f,
monster.cpp|devilution::UpdateEnemy(Monster &monster),devilution::UpdateEnemy,monster.cpp,611,680,8b2517a07b7252248b33253b4310a69cfd8f276567df49f67b0a8e4adc712c95,
"monster.cpp|devilution::AiDelay(Monster &monster, int len)",devilution::AiDelay,monster.cpp,687,699,491c9896ae0118d3a54b693e84da0f2feccdeed002ebd35570917f6da95c262f,
monster.cpp|devilution::GetMonsterDirection(Monster &monster),devilution::GetMonsterDirection,monster.cpp,704,707,c6dcfffa16a730859fe633b9b46cd71a0125fc68e46179adca3636db8f53d3b7,
"monster.cpp|devilution::StartSpecialStand(Monster &monster, Direction md)",devilution::StartSpecialStand,monster.cpp,709,715,bd1a4be685b8ad96fa3636c8b5ff6dd501f9b3bdffa8f2e88dd6734b3902bb32,
"monster.cpp|devilution::WalkNorthwards(Monster &monster, int xadd, int yadd, Direction endDir)",devilution::WalkNorthwards,monster.cpp,717,730,1dfe08ce7b16ab1c81fad04140bfe6b3474633f6da86c914b9b2cb0f9f960a90,
"monster.cpp|devilution::WalkSouthwards(Monster &monster, int xoff, int yoff, int xadd, int yadd, Direction endDir)",devilution::WalkSouthwards,monster.cpp,732,749,6ce536cadabc609f54495cc94938c7986d7b391917c20f2eb204ebfd0f9210d6,
"monster.cpp|devilution::WalkSideways(Monster &monster, int xoff, int yoff, int xadd, int yadd, int mapx, int mapy, Direction endDir)",devilution::WalkSideways,monster.cpp,751,771,da0256c921e10abda61af8149f19df6f73cbc3ce6eafefdb3b02fb91cc49f565,
monster.cpp|devilution::StartAttack(Monster &monster),devilution::StartAttack,monster.cpp,773,780,04c2fd9fa4746362936ae843c69ed7520b3cd80b1ec4796ccf5bdf237696c71e,
"monster.cpp|devilution::StartRangedAttack(Monster &monster, MissileID missileType, int dam)",devilution::StartRangedAttack,monster.cpp,782,791,1b8ee4957dc4499fb86688f9a81609122ec4b42a84e56ef256581fbe9c52618c,
"monster.cpp|devilution::StartRangedSpecialAttack(Monster &monster, MissileID missileType, int dam)",devilution::StartRangedSpecialAttack,monster.cpp,793,806,9a9e3e2fa42d78bc652cd79f3f394e2a0366fccb8cc34e4436e9c3a0fe6582c0,
monster.cpp|devilution::StartSpecialAttack(Monster &monster),devilution::StartSpecialAttack,monster.cpp,808,815,501ba0116edef939f16d32e5852239ed5571e57d069cdbb8fd4934a1957e7ad8,
monster.cpp|devilution::StartEating(Monster &monster),devilution::StartEating,monster.cpp,817,823,328fb3e352a3042a256cf73ae990be34049a0c747dac8fb201ceb7897c21c46b,
"monster.cpp|devilution::DiabloDeath(Monster &diablo, bool sendmsg)",devilution::DiabloDeath,monster.cpp,825,860,6a9c4e5082f65f24d305ac941ad829ef2be6f667cfda2e3ee78e510afbf0ed72,
"monster.cpp|devilution::SpawnLoot(Monster &monster, bool sendmsg)",devilution::SpawnLoot,monster.cpp,862,896,12c1d04ca7b0433233562e86295c809baa2e98928fe392e14583547b926c8549,
monster.cpp|devilution::GetTeleportTile(const Monster &monster),devilution::GetTeleportTile,monster.cpp,898,918,3af978e998fcae6527ccff8b574040e5b5d37497b29717a9ab1a4114c6d343b9,
monster.cpp|devilution::Teleport(Monster &monster),devilution::Teleport,monster.cpp,920,938,867c30cae9941a51d2b7f541c9aea147f72c4e64a5cf1f975775c4ab8bbbaf3b,
"monster.cpp|devilution::IsHardHit(Monster &target, unsigned dam)",devilution::IsHardHit,monster.cpp,940,951,c943ece9eb6f19e0b7445fea30504b21063d8694856104921695ca3f4fa2f10d,
"monster.cpp|devilution::MonsterHitMonster(Monster &attacker, Monster &target, int dam)",devilution::MonsterHitMonster,monster.cpp,953,960,ee7f7653fd4b426bf2332798f86c90f526d9219df3cd74572c92aa1e61ff1bdc,
"monster.cpp|devilution::StartDeathFromMonster(Monster &attacker, Monster &target)",devilution::StartDeathFromMonster,monster.cpp,962,969,9cd9f9cce23d4d9982d79831bc195bd1916558b943b769b5fb04db229612542f,
"monster.cpp|devilution::StartFadein(Monster &monster, Direction md, bool backwards)",devilution::StartFadein,monster.cpp,971,982,f9f36ac325936960b94a26947d68e3704ee332978568b603ab8a5096b731dc86,
"monster.cpp|devilution::StartFadeout(Monster &monster, Direction md, bool backwards)",devilution::StartFadeout,monster.cpp,984,994,e3f0a828622cfe0831498ba6c6c6eedb25a1ce74dbb4a0ca1b6d1fb944d911cd,
monster.cpp|devilution::StartHeal(Monster &monster),devilution::StartHeal,monster.cpp,1005,1012,a40734ecfbff0702a92cadce610db9c0024fce04657ed5f99e257e32c368296a,
monster.cpp|devilution::SyncLightPosition(Monster &monster),devilution::SyncLightPosition,monster.cpp,1014,1021,72140cde3e43f83c1057088db8932962073a2555311b6982cd50c3e7c97100b0,
monster.cpp|devilution::MonsterIdle(Monster &monster),devilution::MonsterIdle,monster.cpp,1023,1035,0d36eacb78d86a56c80b27aba44871961ca6fc321d87c1930b9803da46690b12,
"monster.cpp|devilution::MonsterWalk(Monster &monster, MonsterMode variant)",devilution::MonsterWalk,monster.cpp,1040,1078,cdafc4565f46c60e1792dc89c435a5a5734062242c12877f03571bec0989d7d4,
"monster.cpp|devilution::MonsterAttackMonster(Monster &attacker, Monster &target, int hper, int mind, int maxd)",devilution::MonsterAttackMonster,monster.cpp,1080,1112,b1f74ab454cd18e17e49b598816ac118a2a5fb25790a997c8b12b7f1cbb0fb17,
"monster.cpp|devilution::CheckReflect(Monster &monster, Player &player, int dam)",devilution::CheckReflect,monster.cpp,1114,1128,ed2df343e47fa482d1069b808113ee89d78f65b20493b2ed0a1d2c4549dac4f6,
monster.cpp|devilution::GetMinHit(),devilution::GetMinHit,monster.cpp,1130,1142,409ef5617b4485a4e97624946a8c1d1c6bb31826009c50db6edc571cb9e8fe7e,
"monster.cpp|devilution::MonsterAttackPlayer(Monster &monster, Player &player, int hit, int minDam, int maxDam)",devilution::MonsterAttackPlayer,monster.cpp,1144,1239,0a1981c8d50d82cdf16872121fb1ecb58a8476810e7db932cde773fd8975afdc,
"monster.cpp|devilution::MonsterAttackEnemy(Monster &monster, int hit, int minDam, int maxDam)",devilution::MonsterAttackEnemy,monster.cpp,1241,1247,34228de71f8df38f9f5097082e512e29e3c1f666f30eabb143675854522c7bfd,
monster.cpp|devilution::MonsterAttack(Monster &monster),devilution::MonsterAttack,monster.cpp,1249,1274,3ec44dad9d5aeef6a27e0a9a27cc476f739ed6370335e34c8793d9c4b70bd0a7,
monster.cpp|devilution::MonsterRangedAttack(Monster &monster),devilution::MonsterRangedAttack,monster.cpp,1276,1305,9feaaa115c30db08600d8493ac2f992ad0e8102395ac4ccba9112658b88e465b,
monster.cpp|devilution::MonsterRangedSpecialAttack(Monster &monster),devilution::MonsterRangedSpecialAttack,monster.cpp,1307,1338,f6a46d32524f91c9e29dd494a2f0523ed59cd177f0974930013840181c97a19d,
monster.cpp|devilution::MonsterSpecialAttack(Monster &monster),devilution::MonsterSpecialAttack,monster.cpp,1340,1352,02e55b4dc90e0be512163eaa9327866b69286beb9eeae267e430e859a052a15f,
monster.cpp|devilution::MonsterFadein(Monster &monster),devilution::MonsterFadein,monster.cpp,1354,1365,5d8a749cf03890b03c69eb997b381d8dcd2ba9fe808639ccf2c423858c33e14a,
monster.cpp|devilution::MonsterFadeout(Monster &monster),devilution::MonsterFadeout,monster.cpp,1367,1380,d516fe5a07cfad3a1a3a68d4e7c55f22d567905aed14e4e339ca815abb3a3a8d,
monster.cpp|devilution::MonsterHeal(Monster &monster),devilution::MonsterHeal,monster.cpp,1390,1403,2591fe1ae1ece8f7d9b3fc320e8179d7f177fdd9044f36a50eae0de24ed16e11,
monster.cpp|devilution::MonsterTalk(Monster &monster),devilution::MonsterTalk,monster.cpp,1405,1446,1fc73b7b8e873ecf0ad3d2893d509d2ba97ed2a9a0a5193da414e85fd1c8d394,0x140083bf0
monster.cpp|devilution::MonsterGotHit(Monster &monster),devilution::MonsterGotHit,monster.cpp,1448,1457,910d0aee7e9cc22f40b3a01e9e64819afc32984da8a3ca706efdd777dec89d19,
monster.cpp|devilution::ReleaseMinions(const Monster &leader),devilution::ReleaseMinions,monster.cpp,1459,1467,188e31418a42aa7afe093f800e7ce3ede3b8a962308eef06bb0e7f333683e824,
monster.cpp|devilution::ShrinkLeaderPacksize(const Monster &monster),devilution::ShrinkLeaderPacksize,monster.cpp,1469,1474,ce48c5594dfce0273a73157d48674815c2880b069adb9f38f8e8a734598fd064,
monster.cpp|devilution::MonsterDeath(Monster &monster),devilution::MonsterDeath,monster.cpp,1476,1505,74534602a7652a4e8768baa1f4503ccae06640655a2667ad88de0bd6c78e727d,
monster.cpp|devilution::MonsterSpecialStand(Monster &monster),devilution::MonsterSpecialStand,monster.cpp,1507,1518,d8a2fed4fcd23710a314b68f42f113cc48045557f0db8690b81180f8724040a6,
monster.cpp|devilution::MonsterDelay(Monster &monster),devilution::MonsterDelay,monster.cpp,1520,1536,7755eb6e6314832c8cd4e989052e45176b4a89eb83bd20c3ec54030600f16c36,
monster.cpp|devilution::MonsterPetrified(Monster &monster),devilution::MonsterPetrified,monster.cpp,1538,1544,ca9c7cf5422f4484c6e2f1bcb143334393fc917a603c866ec414e818c53ec196,
"monster.cpp|devilution::AddSkeleton(Point position, Direction dir, bool inMap)",devilution::AddSkeleton,monster.cpp,1546,1562,7163a7424b81e1af9326ba5960108bb969a5b2eec85cddc4d5ea94a5fcdd1937,
"monster.cpp|devilution::SpawnSkeleton(Point position, Direction dir)",devilution::SpawnSkeleton,monster.cpp,1564,1569,468129c5c0505973594b64d608650af7e4346f9c1cd096d748045f793294bddc,
"monster.cpp|devilution::IsLineNotSolid(Point startPoint, Point endPoint)",devilution::IsLineNotSolid,monster.cpp,1571,1574,a39b7c426cd9a4cd9590185b752f8e9ed7fe28b821477351302bfb4886756f21,
monster.cpp|devilution::FollowTheLeader(Monster &monster),devilution::FollowTheLeader,monster.cpp,1576,1590,184b8905d4d6cbf4028f343aebe0eb9bc0bb89775ddb9b1e4393475504357402,
monster.cpp|devilution::GroupUnity(Monster &monster),devilution::GroupUnity,monster.cpp,1592,1625,ef9cad4c452af2a0a26f81bd1b74daa338adca49f31c08557370a56867ac4da5,
"monster.cpp|devilution::RandomWalk(Monster &monster, Direction md)",devilution::RandomWalk,monster.cpp,1627,1648,01e2b8629a104d5106ef762ae67cb28bd4eaf3e7a5ec8c55d53dbf179aa9883b,
"monster.cpp|devilution::RandomWalk2(Monster &monster, Direction md)",devilution::RandomWalk2,monster.cpp,1650,1666,521c2c037ad93931303784a199addea695ff4600ee5716be51d2dba7d69eb28d,
"monster.cpp|devilution::IsTileSafe(const Monster &monster, Point position)",devilution::IsTileSafe,monster.cpp,1671,1681,ef170d6fdbdbd05f8d2e5badb4de9a0f5cc35b67c742c8d06fe210d32b76e6ab,
monster.cpp|devilution::IsTileAvailable(Point position),devilution::IsTileAvailable,monster.cpp,1686,1695,60f6068f485a4f38a9076f3693d479f99d633b92470b632917dae369da5b5401,
"monster.cpp|devilution::IsTileAccessible(const Monster &monster, Point position)",devilution::IsTileAccessible,monster.cpp,1700,1709,9b55753aaba87809c5965aeb42bab7f9ba58f0fc5e7ea4a029be0e379c40fcf4,
monster.cpp|devilution::AiPlanWalk(Monster &monster),devilution::AiPlanWalk,monster.cpp,1711,1724,09e5bd3d7403cb94fef233faf9cdc50191b05c2064a64c3df2a5131ed24119e8,
"monster.cpp|devilution::Turn(Direction direction, bool turnLeft)",devilution::Turn,monster.cpp,1726,1729,d29116210c262028ada37e720c889bf6cd7167987e847663d3421e8a77506946,
"monster.cpp|devilution::RoundWalk(Monster &monster, Direction direction, int8_t *dir)",devilution::RoundWalk,monster.cpp,1731,1754,e67ee9744330e96f7d9022af2a2977bb1265814cf30b69d484243e46830110f6,
monster.cpp|devilution::AiPlanPath(Monster &monster),devilution::AiPlanPath,monster.cpp,1756,1787,bd9fa6a76315108342b7dcef7fbcb2cc261e1449d0cf67f6039f22c52390511e,
monster.cpp|devilution::AiAvoidance(Monster &monster),devilution::AiAvoidance,monster.cpp,1789,1834,1787b9170300fa9875a47a22413acc8b8825d8369b9023c0d86541c8d8e7ba9c,
monster.cpp|devilution::GetMissileType(MonsterAIID ai),devilution::GetMissileType,monster.cpp,1836,1870,f8ba49f2076f17c7734dc8ceec8d45f0572e2d64c1e4b50e3f9147014d42e642,
monster.cpp|devilution::AiRanged(Monster &monster),devilution::AiRanged,monster.cpp,1872,1907,185e693ae9dd6b5c8fdd6cc906040e53baaeb9fbab62c7776744faa27705320c,
monster.cpp|devilution::AiRangedAvoidance(Monster &monster),devilution::AiRangedAvoidance,monster.cpp,1909,1963,489427ed455d6c3b8b9f248e419c496a642b513c7334acf78b42452113dcd282,
monster.cpp|devilution::ZombieAi(Monster &monster),devilution::ZombieAi,monster.cpp,1965,1993,9d5f4fd1b6e23e15ace689ea527738c4f5961b79b0c92e5025265981b9bf807a,
monster.cpp|devilution::OverlordAi(Monster &monster),devilution::OverlordAi,monster.cpp,1995,2018,6a3c8f0e9cd2899b7c37b5c4fc9135768e091d5c5c4125ce6ff60022d7762b51,
monster.cpp|devilution::SkeletonAi(Monster &monster),devilution::SkeletonAi,monster.cpp,2020,2043,e0579c8b18701da378e8da09ec6ce718385f4f580ea20bae99217236fcc6a9d8,
monster.cpp|devilution::SkeletonBowAi(Monster &monster),devilution::SkeletonBowAi,monster.cpp,2045,2074,13486e06f2335bb181d675c28e2ba86c17988cb560075e96c0820bd1dbfcd379,
monster.cpp|devilution::ScavengerFindCorpse(const Monster &scavenger),devilution::ScavengerFindCorpse,monster.cpp,2076,2096,3bbabba5a0b89f0c120a9000ca79f4cc2b22b8c27a29615ab6e6cfd8826c18b7,
monster.cpp|devilution::ScavengerAi(Monster &monster),devilution::ScavengerAi,monster.cpp,2098,2151,c55e42de196be7424b729e0fa07c82e7c85fc4ebc3ff420bc6879fac636d94c9,
monster.cpp|devilution::RhinoAi(Monster &monster),devilution::RhinoAi,monster.cpp,2153,2210,6c848aaf609f69d889695d32ca4bf7ef7f3889749931205dfeeb2cf7ff0cf918,
monster.cpp|devilution::FallenAi(Monster &monster),devilution::FallenAi,monster.cpp,2212,2269,4b9cd2322e008e2ba196d03f492521428048bbada7128ba0f204625854513f0f,
monster.cpp|devilution::LeoricAi(Monster &monster),devilution::LeoricAi,monster.cpp,2271,2324,6d3318699ad04f80ed30e2808a9155e801cb78fe5796e105138b17eb2a5aee41,
monster.cpp|devilution::BatAi(Monster &monster),devilution::BatAi,monster.cpp,2326,2373,5c9b7cddf34259125ee3cdc646d110ae14e09d9f7fa02cac336dd9612b368366,
monster.cpp|devilution::GargoyleAi(Monster &monster),devilution::GargoyleAi,monster.cpp,2375,2402,4050f58057a3b3ca8ca9637f80963d175e870c44ccede6a7a2222dcaa82204b9,
monster.cpp|devilution::ButcherAi(Monster &monster),devilution::ButcherAi,monster.cpp,2404,2419,ee850a3a0bba706e4507c250ef893e5c8643c262b475b4919d22582d47a9d2c8,
monster.cpp|devilution::SneakAi(Monster &monster),devilution::SneakAi,monster.cpp,2421,2474,5508e89e3cd0b66e8be393d453c188ad828696504924ae1eb2964ad42df1c491,
monster.cpp|devilution::GharbadAi(Monster &monster),devilution::GharbadAi,monster.cpp,2476,2526,d48490bfdc99e9e8784f85cebf4dae3e3fbf1b9aacf142aee6336b60f2b115f6,
monster.cpp|devilution::SnotSpilAi(Monster &monster),devilution::SnotSpilAi,monster.cpp,2528,2565,6a260993150511ed3afedc1026c6ce02144a7e35b618b434c86d44fbe3e0f4f0,
monster.cpp|devilution::SnakeAi(Monster &monster),devilution::SnakeAi,monster.cpp,2567,2620,13467609fc48436e14ecba313b987edf5963554a034cbb88d32cd424de4dae46,
monster.cpp|devilution::CounselorAi(Monster &monster),devilution::CounselorAi,monster.cpp,2622,2681,880f483e4546063069b5bbfefbe26be66c3fac15a372ef8cacf498e0479dd618,
monster.cpp|devilution::ZharAi(Monster &monster),devilution::ZharAi,monster.cpp,2683,2713,cb7cf68141edc0e6278a5c6b0053c9052806c63c5fd174db7476d03e004c032d,
monster.cpp|devilution::MegaAi(Monster &monster),devilution::MegaAi,monster.cpp,2715,2773,f35ce043602403a85ea54766adfd3169676767adc4420e50c13fdfef31f9bb22,
monster.cpp|devilution::LazarusAi(Monster &monster),devilution::LazarusAi,monster.cpp,2775,2822,a69e303ea21057a8f372b6ce8c680a2e95bc842be4c6ed06830f2c043c865002,0x14007f3b0
monster.cpp|devilution::LazarusMinionAi(Monster &monster),devilution::LazarusMinionAi,monster.cpp,2824,2846,08661161809e1705f3bcfc5ea75fbe3bf8cf3a4ec236e3b4e80f48c92a8f0d00,
monster.cpp|devilution::LachdananAi(Monster &monster),devilution::LachdananAi,monster.cpp,2848,2877,68e0f44f3e82611eda921872f4d4b565cb029ea7208b39e86d452442b278783a,
monster.cpp|devilution::WarlordAi(Monster &monster),devilution::WarlordAi,monster.cpp,2879,2902,cfea4588caa440093b5b40b9a6f34ac32dfbefb66402de3f36c8a4bcb5a898e9,
monster.cpp|devilution::HorkDemonAi(Monster &monster),devilution::HorkDemonAi,monster.cpp,2904,2959,5cf87f7997d952d69bc09bf81acdb2af2979b5b1d84c32b50cd605f789a39abc,
monster.cpp|devilution::GetMonsterTypeText(const MonsterData &monsterData),devilution::GetMonsterTypeText,monster.cpp,2961,2973,ba16707329fe0956b014ddf47d6e49ae173295d1a25f4773544219f99bf7d1af,0x140284550
"monster.cpp|devilution::ActivateSpawn(Monster &monster, Point position, Direction dir)",devilution::ActivateSpawn,monster.cpp,2975,2982,a445a80748abc726a78c84f65b23c954fc8311940e79646ed15e741d54147ea6,
"monster.cpp|devilution::IsRelativeMoveOK(const Monster &monster, Point position, Direction mdir)",devilution::IsRelativeMoveOK,monster.cpp,3028,3046,c97adb0ddd611b4ce4dc9641dcd33c299f378a54ec0285336ad4dd039f5eb734,
monster.cpp|devilution::IsMonsterAvalible(const MonsterData &monsterData),devilution::IsMonsterAvalible,monster.cpp,3048,3057,6b9dd6935cd50790c081783f61ec082bc6cd1b802511bb2658ea7b7e37be7d4c,
monster.cpp|devilution::UpdateModeStance(Monster &monster),devilution::UpdateModeStance,monster.cpp,3059,3102,807bfc8400e41dc66499b21355182d582fb5c8d77523ee2799e82886349765a1,
monster.cpp|devilution::InitTRNForUniqueMonster(Monster &monster),devilution::InitTRNForUniqueMonster,monster.cpp,3106,3111,ccbf565e8f1e0dbbe4dc781d91e61c5a07ec414bbbb06d285235c654beeae323,
"monster.cpp|devilution::PrepareUniqueMonst(Monster &monster, UniqueMonsterType monsterType, size_t minionType, int bosspacksize, const UniqueMonsterData &uniqueMonsterData)",devilution::PrepareUniqueMonst,monster.cpp,3113,3203,606c44241ea0afddee3165566830ec4140a18aa593c2caa3db7a6435cb9faef2,
monster.cpp|devilution::InitLevelMonsters(),devilution::InitLevelMonsters,monster.cpp,3205,3223,9b9680018f073a0af47c9d588a6d022aca2ecc9e92e5a7da10cf8b0aaa0b11c7,
monster.cpp|devilution::GetLevelMTypes(),devilution::GetLevelMTypes,monster.cpp,3225,3308,006942ab0895a3acc4096e9f1b73fd865fa41e52736993083c6a5dea0beb0ec2,
monster.cpp|devilution::InitMonsterSND(CMonster &monsterType),devilution::InitMonsterSND,monster.cpp,3310,3336,88ad6b8273c66c76b877b810bd811163b2daf80798ea899162dd2b4dc9f6df9e,
monster.cpp|devilution::InitMonsterGFX(CMonster &monsterType),devilution::InitMonsterGFX,monster.cpp,3338,3451,55ed694adfd09de8015956b3dfbbd307134b4f227cee15402d0e6b1bfca11189,
monster.cpp|devilution::WeakenNaKrul(),devilution::WeakenNaKrul,monster.cpp,3453,3465,5fdaa968323afec2a96413b936c57f102e68c309dfdc9ae099f7e0039725acfb,
monster.cpp|devilution::InitGolems(),devilution::InitGolems,monster.cpp,3467,3473,00db0fcabe001b163d56438c57582840e801fe3c2038f8bf1e0377cd7fa2deb7,
monster.cpp|devilution::InitMonsters(),devilution::InitMonsters,monster.cpp,3475,3532,56a659bb0bce000d331a672d4dcbdf580678c88b9ebd55f0eeb092bfc5599f5c,
"monster.cpp|devilution::SetMapMonsters(const uint16_t *dunData, Point startPosition)",devilution::SetMapMonsters,monster.cpp,3534,3570,cea3518cd34e09b7d1e9e0296a9d5ffbddb29b93c83a2a4cb77bf0ec3b9f4845,
"monster.cpp|devilution::AddMonster(Point position, Direction dir, size_t typeIndex, bool inMap)",devilution::AddMonster,monster.cpp,3572,3583,1437ff6edc6264a7e06efc021c01d1e7acbaee1f6574fa47607ac487f688a203,
monster.cpp|devilution::AddDoppelganger(Monster &monster),devilution::AddDoppelganger,monster.cpp,3585,3598,0c2dac99d3dc7aba4426dfe54016736dcc07a5d971f1c3d060a8519a7106279a,
"monster.cpp|devilution::ApplyMonsterDamage(DamageType damageType, Monster &monster, int damage)",devilution::ApplyMonsterDamage,monster.cpp,3600,3614,f193c0ff78fff0af2cd6b6d22bdc4d19613a5f0d63268f00b2806afc40841a27,
monster.cpp|devilution::M_Talker(const Monster &monster),devilution::M_Talker,monster.cpp,3616,3619,724a334aea9ade8112f39d2e762a4e6eb26a7ff8a7413cc448ddd1f7a10d37d5,
"monster.cpp|devilution::M_StartStand(Monster &monster, Direction md)",devilution::M_StartStand,monster.cpp,3621,3634,28472ce683fd0277dbf16feb8834f04e8bfdcf2aa48ee08f4e4692a4ca07608e,
monster.cpp|devilution::M_ClearSquares(const Monster &monster),devilution::M_ClearSquares,monster.cpp,3636,3642,25bbaa448ea0b225c9d05e2e7637fe0284bd66835c83295c454f2f2c891171d2,
monster.cpp|devilution::M_GetKnockback(Monster &monster),devilution::M_GetKnockback,monster.cpp,3644,3654,cb4ab971a19c5aa380249d99c248e16455d133511278af32d7056e2525440e69,
"monster.cpp|devilution::M_StartHit(Monster &monster, int dam)",devilution::M_StartHit,monster.cpp,3656,3672,4eecaea6a2044f58c6e49f33b9f90b8ef0e8ed5840b6d2282ce82224311e0c8e,
"monster.cpp|devilution::M_StartHit(Monster &monster, const Player &player, int dam)",devilution::M_StartHit,monster.cpp,3674,3687,cde68394bc8f7671c33509c2ba1e7888aa4e20702337a412b80400c10f9505e9,
"monster.cpp|devilution::MonsterDeath(Monster &monster, Direction md, bool sendmsg)",devilution::MonsterDeath,monster.cpp,3689,3724,1b1e2988c969d1379d91aa5f2c676914035cb1cdbdf1a9294da6352f318136d6,
"monster.cpp|devilution::StartMonsterDeath(Monster &monster, const Player &player, bool sendmsg)",devilution::StartMonsterDeath,monster.cpp,3726,3731,4d504bc4710459102aa5ca975fc15ab19fb20c12f5f32418a3dda75526727658,
monster.cpp|devilution::KillMyGolem(),devilution::KillMyGolem,monster.cpp,3733,3739,7dcdea95efed8457838cf19ada283349e0d04d02e88db57729a7ee16a5315ee5,
"monster.cpp|devilution::M_StartKill(Monster &monster, const Player &player)",devilution::M_StartKill,monster.cpp,3741,3744,0ae95462c9bf10487f31ddb23a80f20fde606cbff0fbc77538f375c48305055c,
"monster.cpp|devilution::M_SyncStartKill(Monster &monster, Point position, const Player &player)",devilution::M_SyncStartKill,monster.cpp,3746,3759,1fee15739878f82f24e5087c6734721a22ca2a0f4ff2b60b5fd5416cbdfb552a,
monster.cpp|devilution::M_UpdateRelations(const Monster &monster),devilution::M_UpdateRelations,monster.cpp,3761,3767,26eba119ee4049b498446b0f02aab8886d7cee1c6bee1caee4ce1e92b9b2748c,
monster.cpp|devilution::DoEnding(),devilution::DoEnding,monster.cpp,3769,3813,d67e21189601ff1f71962d50122e8cae6f347e83ebc5f57274a3a109c948d2cb,
monster.cpp|devilution::PrepDoEnding(),devilution::PrepDoEnding,monster.cpp,3815,3836,7437c1d258ddef21039959ab14a170ffc8d295b38dae970b22a66569999b915f,
"monster.cpp|devilution::Walk(Monster &monster, Direction md)",devilution::Walk,monster.cpp,3838,3873,16ae11f4edc9a09d13f20290d4152fb8d9674ad8f9315c1875bdb1e274213d05,
monster.cpp|devilution::GolumAi(Monster &golem),devilution::GolumAi,monster.cpp,3875,3935,824a9d2d9e36b2a8df0949baa82427469e1b18dea00341843a7759455f6d8abf,
monster.cpp|devilution::DeleteMonsterList(),devilution::DeleteMonsterList,monster.cpp,3937,3959,84e47223f4984617986de8cc44e353a87f8c5325fce7bb77074701b84bd56682,
monster.cpp|devilution::ProcessMonsters(),devilution::ProcessMonsters,monster.cpp,3961,4033,a1d03653ab265712c60dfd44b77a209f34b6788d0689865b6391de5ef51dad69,
monster.cpp|devilution::FreeMonsters(),devilution::FreeMonsters,monster.cpp,4035,4049,924991731d908815d1ff242bbe90ae9d29cd22e7c7be0be7e3fb2a90b62f52f9,
"monster.cpp|devilution::DirOK(const Monster &monster, Direction mdir)",devilution::DirOK,monster.cpp,4051,4077,b75745c2f65c990f4c78626e40b8ac6dddef07602c3eb08e1d8d2c00885c463c,
monster.cpp|devilution::PosOkMissile(Point position),devilution::PosOkMissile,monster.cpp,4079,4082,b0a31b6eb0f119150cc09ba4ab6594c2cdc7caa9134ea53b6b87a85577bf6bb1,
"monster.cpp|devilution::LineClearMissile(Point startPoint, Point endPoint)",devilution::LineClearMissile,monster.cpp,4084,4087,1976c3defdbf04c44eadd4cfd5088ba7bb82bddd1e56ee3faed193c5982e34b3,
"monster.cpp|devilution::LineClear(tl::function_ref<bool(Point)> clear, Point startPoint, Point endPoint)",devilution::LineClear,monster.cpp,4089,4161,d0d824b1895cf8e448643ff6a58b1a351eff53c0f473265f1fe22e57a8a1787f,
monster.cpp|devilution::SyncMonsterAnim(Monster &monster),devilution::SyncMonsterAnim,monster.cpp,4163,4216,497bbb536156e06bc3f034e24366853ed106fad0b9d7de29cda6e14db754db91,
monster.cpp|devilution::M_FallenFear(Point position),devilution::M_FallenFear,monster.cpp,4218,4236,0e01f19e072789a6ecdb1f53a65de6dbcc3596952daacdb89da79b331adce0a3,
monster.cpp|devilution::PrintMonstHistory(int mt),devilution::PrintMonstHistory,monster.cpp,4238,4304,9e79eaf1a345ba6485e3d63228dbdafb386a7eb09b1fe20aef5d5f29dbf43220,
monster.cpp|devilution::PrintUniqueHistory(),devilution::PrintUniqueHistory,monster.cpp,4306,4328,0596522c9d825286b41763cdd7dfadfe731032bface1e065e1dd1d784967c323,
"monster.cpp|devilution::PlayEffect(Monster &monster, MonsterSound mode)",devilution::PlayEffect,monster.cpp,4330,4352,1fda96402f120b7d8365d10ba8c3bc216e8570f719e1a3d0aa7b86042d9503aa,
"monster.cpp|devilution::MissToMonst(Missile &missile, Point position)",devilution::MissToMonst,monster.cpp,4354,4414,eaa1fc298beb323bdbf88ef29d4f8c5195faf75fd1a44560476939850c076537,
"monster.cpp|devilution::FindMonsterAtPosition(Point position, bool ignoreMovingMonsters)",devilution::FindMonsterAtPosition,monster.cpp,4416,4430,a85a9d3efb5ecfaa8eb1ec964f29dc9c0d5e9201119a6ff96ece6ae3f4cf95fb,
monster.cpp|devilution::FindUniqueMonster(UniqueMonsterType monsterType),devilution::FindUniqueMonster,monster.cpp,4432,4441,b6ccb67ca31a89d6bd18d79321a8e77ce318b19cc1709a8f36addd4a715ff9fa,
"monster.cpp|devilution::IsTileAvailable(const Monster &monster, Point position)",devilution::IsTileAvailable,monster.cpp,4443,4449,f34ce8d1fce4c734cf4b1d41b199855e203309a74edb78a7a72cc90a1eedb5e2,
monster.cpp|devilution::IsSkel(_monster_id mt),devilution::IsSkel,monster.cpp,4451,4454,eab3fc1ccba53d1b8e8f890aebee6799257361d3d9a8dc1c395d2d7d0b150d6d,
monster.cpp|devilution::IsGoat(_monster_id mt),devilution::IsGoat,monster.cpp,4456,4461,73df7ee6c5f2c8926a5a27d06804ad22126b532809d5b344b2b78e9c59faaf46,
"monster.cpp|devilution::ActivateSkeleton(Monster &monster, Point position)",devilution::ActivateSkeleton,monster.cpp,4463,4497,a34b843f9ad69f3faefa3eb07ac6d98ccbbfd9f8fe87d4e7eb612458556ba420,
monster.cpp|devilution::PreSpawnSkeleton(),devilution::PreSpawnSkeleton,monster.cpp,4499,4506,f5d491a0b3fb758bc13d361e001f81f3fb5a03ebaa047e745701c6c8806b22b0,
"monster.cpp|devilution::TalktoMonster(Player &player, Monster &monster)",devilution::TalktoMonster,monster.cpp,4508,4561,65265d84b96220e64fa1c3eb95bd3f78cc4d6da6398bdfe5cee5b15cacbfb4f3,
"monster.cpp|devilution::SpawnGolem(Player &player, Monster &golem, Point position, Missile &missile)",devilution::SpawnGolem,monster.cpp,4563,4588,5969adc4635a9c8089ef8dec0506909d51dd2af1ab9796c8d4e575983eb9902d,
monster.cpp|devilution::CanTalkToMonst(const Monster &monster),devilution::CanTalkToMonst,monster.cpp,4590,4593,a46c52871dea19e177b6b1cffaea04d4fcc709c299123b1c2f218e60ec75515b,
monster.cpp|devilution::encode_enemy(Monster &monster),devilution::encode_enemy,monster.cpp,4595,4601,aa8f40c66ae460b8a94a0ba6c74e95e59793ec34e9886f8ac87c3cc4ea9102f3,
"monster.cpp|devilution::decode_enemy(Monster &monster, int enemyId)",devilution::decode_enemy,monster.cpp,4603,4615,b91a439a54830ea10acb33649296246c3dec8479e0940dd1a82c6422efb07489,
monster.cpp|devilution::Monster::getId(),devilution::Monster::getId,monster.cpp,4617,4620,f6025e262a42f1c9a21b4884583cd39ed5bc63ff5bf23124940fa72db5b571dd,
monster.cpp|devilution::Monster::getLeader(),devilution::Monster::getLeader,monster.cpp,4622,4628,f7c3e13032152894d5100aaca9d38b1b6d475dca5f45d60e9feafdce22a22947,
monster.cpp|devilution::Monster::setLeader(const Monster *leader),devilution::Monster::setLeader,monster.cpp,4630,4643,48c348ac4d1e5c715f079c345bcee947faec225c17c3bb05ac5994a126fa9a53,
monster.cpp|devilution::Monster::distanceToEnemy(),devilution::Monster::distanceToEnemy,monster.cpp,4645,4650,53293a04a39baeb2035715754b29858c34dc83685193793f6738058d2899d907,
monster.cpp|devilution::Monster::checkStandAnimationIsLoaded(Direction mdir),devilution::Monster::checkStandAnimationIsLoaded,monster.cpp,4652,4658,d071eab33640fbce737db92db8be398ef340e2c43ac6877da4d6010524db296a,
monster.cpp|devilution::Monster::petrify(),devilution::Monster::petrify,monster.cpp,4660,4664,512d147d475434a88472b91384558e9f13d3d0dcf9f920fa12d614b734466975,
monster.cpp|devilution::Monster::isWalking(),devilution::Monster::isWalking,monster.cpp,4666,4676,d84d130aeb7afbbe7307dcc6bb941273386657287ca07c8604846b9d1ed48bd5,
"monster.cpp|devilution::Monster::isImmune(MissileID missileType, DamageType missileElement)",devilution::Monster::isImmune,monster.cpp,4678,4688,fe2c7616b581270d3022a822a0e9cf49bba670741fae6215bf6f4ab9cdf1a0fc,
"monster.cpp|devilution::Monster::isResistant(MissileID missileType, DamageType missileElement)",devilution::Monster::isResistant,monster.cpp,4690,4699,6ca45d82fb5ea1062272ac673fb75f3e1cc5e6934a9679deb8d5d6e98e41dd0c,
monster.cpp|devilution::Monster::isPlayerMinion(),devilution::Monster::isPlayerMinion,monster.cpp,4701,4704,b5440c18f4303529e30fbd221713ae8ba70cb51872edcc28daa9e08e14f6a80b,
monster.cpp|devilution::Monster::isPossibleToHit(),devilution::Monster::isPossibleToHit,monster.cpp,4706,4713,fb0ccae93c9f3a9a6fd39f6cc8c5628c4c15fc75a13e8b68927672ddb8f41b29,
monster.cpp|devilution::Monster::tag(const Player &tagger),devilution::Monster::tag,monster.cpp,4715,4718,0b970950defe9312978c1e1812f203b0487bd0bef5c9012df37ae02ea2adc94f,
monster.cpp|devilution::Monster::tryLiftGargoyle(),devilution::Monster::tryLiftGargoyle,monster.cpp,4720,4728,57eeb5054176e7895cc1669c45af33e8323d74eaa5bade92b815e0e4cad1d40a,
monster.cpp|devilution::Monster::getVisualMonsterMode(),devilution::Monster::getVisualMonsterMode,monster.cpp,4730,4742,1d03c63af0d2f56830300c943130c47f29dabd63f21b74db55b185945f7a579d,
monster.cpp|devilution::Monster::toHitSpecial(_difficulty difficulty),devilution::Monster::toHitSpecial,monster.cpp,4744,4758,cb47955b3224ed0c899ea90c9b4bf36f13067b5b83bd9259104b3d0782534256,
monster.h|devilution::IsMonsterModeMove(MonsterMode mode),devilution::IsMonsterModeMove,monster.h,97,107,51749a2b4053b2df7388dcd8d2bd56dad49f1c21be22a1a529140967b2f3ba1d,
monster.h|devilution::AnimStruct::spritesForDirection(Direction direction),devilution::AnimStruct::spritesForDirection,monster.h,159,164,04be3b93f61ed1c8b18812912069728854454651f34ad0535fb519df9987a4c8,
monster.h|devilution::CMonster::getAnimData(MonsterGraphic graphic),devilution::CMonster::getAnimData,monster.h,192,195,a2d364e455b76a2296a02fa6b19bfeccde3b753c870cf40f86c75a33a54d5092,
"monster.h|devilution::Monster::changeAnimationData(MonsterGraphic graphic, Direction desiredDirection)",devilution::Monster::changeAnimationData,monster.h,281,287,99df4863abbf2adf34dcf891d6c4e89795a8ea53e66dfb2bee08fdadd409929b,
monster.h|devilution::Monster::changeAnimationData(MonsterGraphic graphic),devilution::Monster::changeAnimationData,monster.h,293,296,c9957ecdb0195ae9594accb71cd4a47076098c150e87110167c47d3f416f3541,
monster.h|devilution::Monster::type(),devilution::Monster::type,monster.h,309,312,b49ad95ec04f77057823c49de67ef633aaedbc79204fb3c3f6a0237b070a6c97,
monster.h|devilution::Monster::data(),devilution::Monster::data,monster.h,314,317,9e72b01d23f6175f2952abebea01b3ae6d9f3e35966000c33a1e9683bf8cee70,
monster.h|devilution::Monster::name(),devilution::Monster::name,monster.h,324,330,4eb516b96c3edbc11a03b6dbb749d36369d8bba02dde473f62b7a3691d10cbf8,
monster.h|devilution::Monster::exp(_difficulty difficulty),devilution::Monster::exp,monster.h,338,353,cdc47f00d80e244724943b42a6363cbbc6cc9ba1c1dffb58699d77093e8ae35b,
monster.h|devilution::Monster::level(_difficulty difficulty),devilution::Monster::level,monster.h,369,392,a6bd9e214f216df80d5bcb21c91abb0c9df0f27b72446e2bccd049e502ee0c06,
monster.h|devilution::Monster::hasLeashedMinions(),devilution::Monster::hasLeashedMinions,monster.h,404,407,d26ca0bad6b0c39a39b05a004d8b2b7ef9cb7a33b54e24f5169f33c799a815a5,
monster.h|devilution::Monster::isUnique(),devilution::Monster::isUnique,monster.h,434,437,c0ec6629b59ef44dc60c77c02de501111ed4fe1ef9d7d5419eb2c980c6fc03db,
"movie.cpp|devilution::play_movie(const char *pszMovie, bool userCanClose)",devilution::play_movie,movie.cpp,27,95,4191acd576f794a9d282c2dca72a5753ce9fe297c7d705e824bade43293bb00f,
movie.cpp|devilution::PlayInGameMovie(const char *pszMovie),devilution::PlayInGameMovie,movie.cpp,97,106,a276f1a0efecda6a6d8af6f9cbfe34845596f69a4561586ad260d3b1f36a916c,
"mpq/mpq_reader.cpp|devilution::MpqArchive::Open(const char *path, int32_t &error)",devilution::MpqArchive::Open,mpq/mpq_reader.cpp,11,21,b0ed14ca59a4438256534d6a05676bdd4bd5a42fcb9e38ff01213542ff2235d1,
mpq/mpq_reader.cpp|devilution::MpqArchive::Clone(int32_t &error),devilution::MpqArchive::Clone,mpq/mpq_reader.cpp,23,30,a4ee963ff7b96f3f2dc4f17a0902f9628e616376844f4933df2cb97bed6b20d2,
mpq/mpq_reader.cpp|devilution::MpqArchive::ErrorMessage(int32_t errorCode),devilution::MpqArchive::ErrorMessage,mpq/mpq_reader.cpp,32,35,0b751f9fb154fdf317f4ad1ac211e975b817d2b1e2e31c818d6d01ad27a420cd,
mpq/mpq_reader.cpp|devilution::MpqArchive::CalculateFileHash(const char *filename),devilution::MpqArchive::CalculateFileHash,mpq/mpq_reader.cpp,37,42,70965a6ed44439b2d05ea170a659c972af602578c8d56b87e6853bbdb25df1c9,
mpq/mpq_reader.cpp|devilution::MpqArchive::operator=(MpqArchive &&other),devilution::MpqArchive::operator=,mpq/mpq_reader.cpp,44,52,f2580e5e80e3462f9e8f356fdfaa77faa206a35bacde036b8582852fad9b2bb8,
mpq/mpq_reader.cpp|devilution::MpqArchive::~MpqArchive(),devilution::MpqArchive::~MpqArchive,mpq/mpq_reader.cpp,54,58,a22d034091023ca505d3648d1d85b0f51d8df78f575a3bbc50cb751436e1d78b,
"mpq/mpq_reader.cpp|devilution::MpqArchive::GetFileNumber(MpqArchive::FileHash fileHash, uint32_t &fileNumber)",devilution::MpqArchive::GetFileNumber,mpq/mpq_reader.cpp,60,63,22fe78b48116cdb23739f37774c4165981da23811a379e9aec7706d485551a12,
"mpq/mpq_reader.cpp|devilution::MpqArchive::ReadFile(const char *filename, std::size_t &fileSize, int32_t &error)",devilution::MpqArchive::ReadFile,mpq/mpq_reader.cpp,65,104,323cb867171f32e82e5abe0b47ddcaca2ba8fa2448e8b5a505461ce7b9ff62e4,
"mpq/mpq_reader.cpp|devilution::MpqArchive::ReadBlock(uint32_t fileNumber, uint32_t blockNumber, uint8_t *out, uint32_t outSize)",devilution::MpqArchive::ReadBlock,mpq/mpq_reader.cpp,106,113,d686e8e34d0458114140e54af2690d34ea07646e128bb5e1eb493f41678a1ee2,
"mpq/mpq_reader.cpp|devilution::MpqArchive::GetUnpackedFileSize(uint32_t fileNumber, int32_t &error)",devilution::MpqArchive::GetUnpackedFileSize,mpq/mpq_reader.cpp,115,120,51f3c458d62f96eb6288938ec43c2b7c3cf476e2ffd45a7ce4ce4af1b489b55c,
"mpq/mpq_reader.cpp|devilution::MpqArchive::GetNumBlocks(uint32_t fileNumber, int32_t &error)",devilution::MpqArchive::GetNumBlocks,mpq/mpq_reader.cpp,122,127,765e17258a62a1cf2a9c81764e25df5fbb906a12e58924784be531c00963097d,
"mpq/mpq_reader.cpp|devilution::MpqArchive::OpenBlockOffsetTable(uint32_t fileNumber, const char *filename)",devilution::MpqArchive::OpenBlockOffsetTable,mpq/mpq_reader.cpp,129,132,c7e2502f3d2896207b577d000760c690d08f8a1ab2feac3036611787535171bf,
mpq/mpq_reader.cpp|devilution::MpqArchive::CloseBlockOffsetTable(uint32_t fileNumber),devilution::MpqArchive::CloseBlockOffsetTable,mpq/mpq_reader.cpp,134,137,6b980835fdc139e0656cbf569916f0608129ded85057b6d89460f05623fa36cc,
"mpq/mpq_reader.cpp|devilution::MpqArchive::GetBlockSize(uint32_t fileNumber, uint32_t blockNumber, int32_t &error)",devilution::MpqArchive::GetBlockSize,mpq/mpq_reader.cpp,140,145,1c66ced1265e1c9a6cc726c01ce47c81cebaa3ac6ba13f7dbedff469931e37df,
mpq/mpq_reader.cpp|devilution::MpqArchive::HasFile(const char *filename),devilution::MpqArchive::HasFile,mpq/mpq_reader.cpp,147,152,21515a09a62c38c474f544d64855e667af665495b2f7904acec87167221000d8,
mpq/mpq_reader.hpp|devilution::MpqArchive::MpqArchive(MpqArchive &&other),devilution::MpqArchive::MpqArchive,mpq/mpq_reader.hpp,31,37,022cdea44bc361e3ceea6a822d20ceebe499219397e3d5add4e3411d8e44faa8,
"mpq/mpq_reader.hpp|devilution::MpqArchive::MpqArchive(std::string path, mpq_archive_s *archive)",devilution::MpqArchive::MpqArchive,mpq/mpq_reader.hpp,65,69,5c2f0346ce331a877eed413a103120d6eaa32a16db3c26f90a9c5464bbefcb7f,
mpq/mpq_reader.hpp|devilution::MpqArchive::GetTemporaryBuffer(std::size_t size),devilution::MpqArchive::GetTemporaryBuffer,mpq/mpq_reader.hpp,71,76,91fd6341b4e26f76183defa2f9f3b27a272470ecd89ce5e501391e3a007be2cf,
mpq/mpq_sdl_rwops.cpp|devilution::GetData(struct SDL_RWops *context),devilution::GetData,mpq/mpq_sdl_rwops.cpp,28,31,ee0f7303af06fec81580aef48699928eeee4697dafb0652b9bdbb75134a9c07b,
"mpq/mpq_sdl_rwops.cpp|devilution::SetData(struct SDL_RWops *context, Data *data)",devilution::SetData,mpq/mpq_sdl_rwops.cpp,33,36,9c07fc96b9c08306077167fd69a488c25bb4e5b4a9b1e5099096c125a3c69406,
mpq/mpq_sdl_rwops.cpp|devilution::MpqFileRwSize(struct SDL_RWops *context),devilution::MpqFileRwSize,mpq/mpq_sdl_rwops.cpp,49,52,12b34d653aaba22b0ac7f722181bbfdefad9beb09314e9694fec3e7b3181ea3f,
"mpq/mpq_sdl_rwops.cpp|devilution::MpqFileRwSeek(struct SDL_RWops *context, OffsetType offset, int whence)",devilution::MpqFileRwSeek,mpq/mpq_sdl_rwops.cpp,55,92,46b426dfb184187d18d0d3ad5c1ae7bcc7285b26207a3d457471c5a660d29849,
"mpq/mpq_sdl_rwops.cpp|devilution::MpqFileRwRead(struct SDL_RWops *context, void *ptr, SizeType size, SizeType maxnum)",devilution::MpqFileRwRead,mpq/mpq_sdl_rwops.cpp,94,141,6d68338f80335f99e53e8740563d140dbaa669fd32bbde171eda713c874b1e47,0x140154990
mpq/mpq_sdl_rwops.cpp|devilution::MpqFileRwClose(struct SDL_RWops *context),devilution::MpqFileRwClose,mpq/mpq_sdl_rwops.cpp,143,150,a08a20b8886e9d5c82b00f032d8d1f623770844b598ca954318765feba19bb8f,
"mpq/mpq_sdl_rwops.cpp|devilution::SDL_RWops_FromMpqFile(MpqArchive &mpqArchive, uint32_t fileNumber, const char *filename, bool threadsafe)",devilution::SDL_RWops_FromMpqFile,mpq/mpq_sdl_rwops.cpp,156,230,6da573d916d53d6e4331df350f797b833c7080d99a93532740fe7243ebd481ba,
mpq/mpq_writer.cpp|devilution::ByteSwapHdr(MpqFileHeader *hdr),devilution::ByteSwapHdr,mpq/mpq_writer.cpp,63,74,d4a042d6d0184db16179e5263d2c1f31d01ce5c4c1c58a8516e19524e52816d6,
mpq/mpq_writer.cpp|devilution::IsAllocatedUnusedBlock(const MpqBlockEntry *block),devilution::IsAllocatedUnusedBlock,mpq/mpq_writer.cpp,76,79,bef67dc53d13ca3be844f31824fa8cec952814e4464f1ec8b5ae3bb38f0b6cf2,
mpq/mpq_writer.cpp|devilution::IsUnallocatedBlock(const MpqBlockEntry *block),devilution::IsUnallocatedBlock,mpq/mpq_writer.cpp,81,84,f32fa8d61cdc6f30d66779b0e9b9e3adc752de8554b8f3210efd10b8a79e41c9,
mpq/mpq_writer.cpp|devilution::MpqWriter::MpqWriter(const char *path),devilution::MpqWriter::MpqWriter,mpq/mpq_writer.cpp,88,162,4b135c651e7a18e184f0befbae0ec0391738694dc18b6d316bbd32126afd9804,0x1401581c0;0x14015c820
mpq/mpq_writer.cpp|devilution::MpqWriter::~MpqWriter(),devilution::MpqWriter::~MpqWriter,mpq/mpq_writer.cpp,164,180,89f8336e4861e79806949dd91a375bb00d57ebc470df730c9b135cf51d667c3e,
mpq/mpq_writer.cpp|devilution::MpqWriter::FetchHandle(const char *filename),devilution::MpqWriter::FetchHandle,mpq/mpq_writer.cpp,182,185,ba3ff8372394dd18041087c8b0104b49efbf1953899a6ae81a62bdcabf2d7bcd,
mpq/mpq_writer.cpp|devilution::MpqWriter::InitDefaultMpqHeader(MpqFileHeader *hdr),devilution::MpqWriter::InitDefaultMpqHeader,mpq/mpq_writer.cpp,187,195,49ebb8fe9b58259a66f9c31fc1da0919202190e6ecbde2692c4e70aa1a799806,
mpq/mpq_writer.cpp|devilution::MpqWriter::IsValidMpqHeader(MpqFileHeader *hdr),devilution::MpqWriter::IsValidMpqHeader,mpq/mpq_writer.cpp,197,208,394cffedf9bc7ac4e26963a1b3d64dfe359b53fb1fa03d7a8c971c21c9ed460e,
mpq/mpq_writer.cpp|devilution::MpqWriter::ReadMPQHeader(MpqFileHeader *hdr),devilution::MpqWriter::ReadMPQHeader,mpq/mpq_writer.cpp,210,222,5f337da332053c6cde77fae115e3a4df0cc4dc93909196f427a251c721dfcbdd,
mpq/mpq_writer.cpp|devilution::MpqWriter::NewBlock(uint32_t *blockIndex),devilution::MpqWriter::NewBlock,mpq/mpq_writer.cpp,224,239,ac4680a9f4d0bbd23571385efe2595c9292d460c78fe0bba040ce99b0d81dd44,
"mpq/mpq_writer.cpp|devilution::MpqWriter::AllocBlock(uint32_t blockOffset, uint32_t blockSize)",devilution::MpqWriter::AllocBlock,mpq/mpq_writer.cpp,241,280,09f262c464b5f327ac9121ce8d1fcacb51daf1851cea9aa46a7ef1e727e8686d,
mpq/mpq_writer.cpp|devilution::MpqWriter::FindFreeBlock(uint32_t size),devilution::MpqWriter::FindFreeBlock,mpq/mpq_writer.cpp,282,306,15b67ab29f62dc4ddb4531d161abbad028cf9d2ae83cd3cfd879727f5728edde,
"mpq/mpq_writer.cpp|devilution::MpqWriter::GetHashIndex(uint32_t index, uint32_t hashA, uint32_t hashB)",devilution::MpqWriter::GetHashIndex,mpq/mpq_writer.cpp,308,325,13164a30d101ab774a39e20f3b4298b3d169c6c133264b0b574959a750d6be64,
mpq/mpq_writer.cpp|devilution::MpqWriter::WriteHeaderAndTables(),devilution::MpqWriter::WriteHeaderAndTables,mpq/mpq_writer.cpp,327,330,d04d210eb68c18d56bd055c9b3f21066e7a0db4ff8eded1322e63935f2eb5e0d,
"mpq/mpq_writer.cpp|devilution::MpqWriter::AddFile(const char *filename, MpqBlockEntry *block, uint32_t blockIndex)",devilution::MpqWriter::AddFile,mpq/mpq_writer.cpp,332,363,d17ec0eff1a09f3d704f5f07d26be52b2c9b7894abab1f0d36f7da4ee4a1613f,0x140155ed0
"mpq/mpq_writer.cpp|devilution::MpqWriter::WriteFileContents(const char *filename, const byte *fileData, size_t fileSize, MpqBlockEntry *block)",devilution::MpqWriter::WriteFileContents,mpq/mpq_writer.cpp,365,445,3ccd5004514e8bfd213527001b51ab2b982c40b570aed23e1bcc25ff4decf07e,
mpq/mpq_writer.cpp|devilution::MpqWriter::WriteHeader(),devilution::MpqWriter::WriteHeader,mpq/mpq_writer.cpp,447,464,f5769464fbaf1efedfc12e6a9e9be6501edd4ee598cad7316047890b9b941c35,
mpq/mpq_writer.cpp|devilution::MpqWriter::WriteBlockTable(),devilution::MpqWriter::WriteBlockTable,mpq/mpq_writer.cpp,466,472,7e2cd3ef332956b270f0f3b37ff383e347a163bc42d802eafdc957356b5fbec4,
mpq/mpq_writer.cpp|devilution::MpqWriter::WriteHashTable(),devilution::MpqWriter::WriteHashTable,mpq/mpq_writer.cpp,474,480,4ee61cddde61b7a6fa8979fe5a186d419ea9dd5214195f666a5881014f36a618,
mpq/mpq_writer.cpp|devilution::MpqWriter::RemoveHashEntry(const char *filename),devilution::MpqWriter::RemoveHashEntry,mpq/mpq_writer.cpp,482,496,ab1277fbd409cbbac7c374330c329f3b406b8b3c1e530b6831a51151a43b67ea,
"mpq/mpq_writer.cpp|devilution::MpqWriter::RemoveHashEntries(bool (*fnGetName)(uint8_t, char *))",devilution::MpqWriter::RemoveHashEntries,mpq/mpq_writer.cpp,498,505,6c450333b20a057d7b25a3af797ed4053186d0d5b3738a3d3420a38949dadfba,
"mpq/mpq_writer.cpp|devilution::MpqWriter::WriteFile(const char *filename, const byte *data, size_t size)",devilution::MpqWriter::WriteFile,mpq/mpq_writer.cpp,507,518,8b1d982e43b9f35a5fbecf9c6ba88e728cc1dce13032a2e462181f3f0c0dca63,
"mpq/mpq_writer.cpp|devilution::MpqWriter::RenameFile(const char *name, const char *newName)",devilution::MpqWriter::RenameFile,mpq/mpq_writer.cpp,520,532,cb83002cb78070341b776e3b7c5cf6efc350bbc6b3d42dd412b87cd607932f1c,
mpq/mpq_writer.cpp|devilution::MpqWriter::HasFile(const char *name),devilution::MpqWriter::HasFile,mpq/mpq_writer.cpp,534,537,e58a5c514a4ac6832c7d4f5c4f8082a3ce56d8f71f22c3b7cf6902937cdcac39,
mpq/mpq_writer.hpp|devilution::MpqWriter::MpqWriter(const std::string &path),devilution::MpqWriter::MpqWriter,mpq/mpq_writer.hpp,18,21,0a912017784e2c1bd9441b9b83de410845bac3bbf038defc3a723e1085a8f2bf,
msg.cpp|devilution::EventFailedPacket(const char *playerName),devilution::EventFailedPacket,msg.cpp,68,72,df53f0382649fbc576ad62d65bf19eaeb58fbdb33c07d14538c7384dd8a0ecc3,
"msg.cpp|devilution::LogFailedPacket(const char *condition, const char *name, T value)",devilution::LogFailedPacket,msg.cpp,74,78,0adcd3d2b04b4f9b631ed2812b972289d9adbd48f2f7e536e328b1588875080c,0x140090b00
"msg.cpp|devilution::LogFailedPacket(const char *condition, const char *name1, T1 value1, const char *name2, T2 value2)",devilution::LogFailedPacket,msg.cpp,80,84,f332781bc6908fbf950807c643c867e7197b3ab9c3d137fcac29c8a9c925b49f,0x140251e80
msg.cpp|devilution::TMegaPkt::TMegaPkt(),devilution::TMegaPkt::TMegaPkt,msg.cpp,192,195,8b96443ee1fdf02f309657161f02334589719ae1a67e462df5a1ca2cf502f07c,
msg.cpp|devilution::LocalLevel::LocalLevel(const uint8_t (&other)[DMAXX][DMAXY]),devilution::LocalLevel::LocalLevel,msg.cpp,220,223,ebb9eb379fba5cc703453044512276904e2b7caf71cb2907af4f477e5b92bef2,
"msg.cpp|devilution::GetLevelForMultiplayer(uint8_t level, bool isSetLevel)",devilution::GetLevelForMultiplayer,msg.cpp,271,276,19e57ef5498a6c33ab8987fb48066bca78fb9bb098a3ff78e5cc389dab7925a9,
msg.cpp|devilution::GetDeltaLevel(uint8_t level),devilution::GetDeltaLevel,msg.cpp,279,288,e378db2a8091c2cff1ef15feb831bca66a87a43379b56a81658d02d0118fba4d,
msg.cpp|devilution::GetDeltaLevel(const Player &player),devilution::GetDeltaLevel,msg.cpp,291,295,22229ddcb466037c5a9c73bfb76d2ac92517c76c1f2229670909bc55ed120b3e,
msg.cpp|devilution::GetItemPosition(Point position),devilution::GetItemPosition,msg.cpp,297,314,d6961298719f3d78ca7fb44faab48e2943d198500e3567ccf15dba3e2f2b9304,
"msg.cpp|devilution::WasPlayerCmdAlreadyRequested(_cmd_id bCmd, Point position = {}, uint16_t wParam1 = 0, uint16_t wParam2 = 0, uint16_t wParam3 = 0, uint16_t wParam4 = 0, uint16_t wParam5 = 0)",devilution::WasPlayerCmdAlreadyRequested,msg.cpp,321,362,caa590dbf90c1960295027e19c175ee67846fa4268d246e8914e0c99fa9883e5,
msg.cpp|devilution::GetNextPacket(),devilution::GetNextPacket,msg.cpp,364,367,eca54b6a8de065d3c914b188dd1ce70eb97f710a4117ad5a6f2b737c859bbcde,
msg.cpp|devilution::FreePackets(),devilution::FreePackets,msg.cpp,369,372,a7c59476178d3c800e7e91107e2105b2022411debd6bb6a9093511e6832fa590,
msg.cpp|devilution::PrePacket(),devilution::PrePacket,msg.cpp,374,413,52e63e648a65f84b0a23d474ce007581f3ec1d222358ee8f4f04d43e027d68dd,
"msg.cpp|devilution::SendPacket(int pnum, const void *packet, size_t dwSize)",devilution::SendPacket,msg.cpp,415,431,de7c84b5aca1993ac2e3772b9cfa0682cf14c5a5074dd3162016aec9face4745,
msg.cpp|devilution::WaitForTurns(),devilution::WaitForTurns,msg.cpp,433,464,cee2958fee9a0a434c7c79f2eb1973283fa43091ab6f0ae4285967eedd168a64,
"msg.cpp|devilution::DeltaExportItem(byte *dst, const TCmdPItem *src)",devilution::DeltaExportItem,msg.cpp,466,478,bacc4cbac1b4885c663c228fecd6b66d8bc8ec738b2412f9c91a494d053d0f01,
"msg.cpp|devilution::DeltaImportItem(const byte *src, TCmdPItem *dst)",devilution::DeltaImportItem,msg.cpp,480,494,eeb9ce76b367eb104f2da6ac27da6c378cfe363966afd6420b416fa33fbccdcb,
"msg.cpp|devilution::DeltaExportObject(byte *dst, const std::unordered_map<WorldTilePosition, DObjectStr> &src)",devilution::DeltaExportObject,msg.cpp,496,506,e8e6bb1a563f6698b87a5e89caa2d44f37aea80f549d13db40d9d98c3d04fd7d,
"msg.cpp|devilution::DeltaImportObjects(const byte *src, std::unordered_map<WorldTilePosition, DObjectStr> &dst)",devilution::DeltaImportObjects,msg.cpp,508,522,8d145491d44ded7a9e96b274b908b595c58cd91305e75a291feb2d44b93b45c2,
"msg.cpp|devilution::DeltaExportMonster(byte *dst, const DMonsterStr *src)",devilution::DeltaExportMonster,msg.cpp,524,536,ce8c4ee96af586e0a626479126bab690a589448cf7d4c0b673fb300d2bee4988,
"msg.cpp|devilution::DeltaImportMonster(const byte *src, DMonsterStr *dst)",devilution::DeltaImportMonster,msg.cpp,538,550,be2179bbcf01425ca6ad3fd3f1e510f0f8e5921e2e64d51e7f8525f7667e5454,
msg.cpp|devilution::DeltaExportJunk(byte *dst),devilution::DeltaExportJunk,msg.cpp,552,579,7f119e1bb99acb11cc5d53f5ca47665b6a2d3724eaabdf035387b93c9d764573,
msg.cpp|devilution::DeltaImportJunk(const byte *src),devilution::DeltaImportJunk,msg.cpp,581,602,e0c047c5e67777568c57f4679ea74c2a8276b8ea4314fd317c02ae9dd55a94b2,
"msg.cpp|devilution::CompressData(byte *buffer, byte *end)",devilution::CompressData,msg.cpp,604,617,218c63c93d4f4dfbcd689db812e012caf9b53597738869e406273822b0331375,
"msg.cpp|devilution::DeltaImportData(_cmd_id cmd, uint32_t recvOffset)",devilution::DeltaImportData,msg.cpp,619,641,8f60cd1d1bb9edda824a877c0e9aacbd7d20ee59c4bd90d7e243aec0318be4f9,0x1400894d0
"msg.cpp|devilution::OnLevelData(int pnum, const TCmd *pCmd)",devilution::OnLevelData,msg.cpp,643,684,6d2b9890216e739662f5abe928aeea18935ded1ed8f96458cece4f6b0b9128cf,
"msg.cpp|devilution::DeltaSyncGolem(const TCmdGolem &message, int pnum, uint8_t level)",devilution::DeltaSyncGolem,msg.cpp,686,697,9d143567ada27523d887410c01a9479a1bb4934942ef33dead40aa5b9ff28d8c,
msg.cpp|devilution::DeltaLeaveSync(uint8_t bLevel),devilution::DeltaLeaveSync,msg.cpp,699,723,53204c4cf5170d395bc7e8999f47a52c721cfd3bead508ec565639b8cadfc495,
"msg.cpp|devilution::DeltaSyncObject(WorldTilePosition position, _cmd_id bCmd, const Player &player)",devilution::DeltaSyncObject,msg.cpp,725,732,61e367e2ded95f0b26ef665a44c9c2546e144c84fef12fde4fc2dbd20513f0dc,
"msg.cpp|devilution::DeltaGetItem(const TCmdGItem &message, uint8_t bLevel)",devilution::DeltaGetItem,msg.cpp,734,790,8c0c4a58110020a5da9e94a58620eb3fa65c7f54a36589fc2ddb523df373fe1f,0x140091360
"msg.cpp|devilution::DeltaPutItem(const TCmdPItem &message, Point position, const Player &player)",devilution::DeltaPutItem,msg.cpp,792,820,3540f8aa9f97b072ea049cc8d408bbc9a904f6c805d0a59351a52d025c37eb96,0x140088880
msg.cpp|devilution::IOwnLevel(const Player &player),devilution::IOwnLevel,msg.cpp,822,841,fcf98f8eb756003d3feb8494463276716361396b1f972cd2ad43eadbb47495c2,
"msg.cpp|devilution::DeltaOpenPortal(int pnum, Point position, uint8_t bLevel, dungeon_type bLType, bool bSetLvl)",devilution::DeltaOpenPortal,msg.cpp,843,850,489c846252fbef8c1c7b4ecb706e32f470a0f2ea188641406e0b1bf87e4e8945,
"msg.cpp|devilution::NetSendCmdGItem2(bool usonly, _cmd_id bCmd, uint8_t mast, uint8_t pnum, const TCmdGItem &item)",devilution::NetSendCmdGItem2,msg.cpp,852,875,2690baa829ce3c632f8308f64781566fc524a7c3e97c0e53df4ad7fb1eba0e36,
"msg.cpp|devilution::NetSendCmdReq2(_cmd_id bCmd, uint8_t mast, uint8_t pnum, const TCmdGItem &item)",devilution::NetSendCmdReq2,msg.cpp,877,895,9d6eed5b42449be46244bd90b66f5d71293f5c7ee96fc455e5bcdc4afe647fbc,
msg.cpp|devilution::NetSendCmdExtra(const TCmdGItem &item),devilution::NetSendCmdExtra,msg.cpp,897,905,d7d3c53a9c91022b46cd91f8dcd2ce32f4780a00067a458be53d5919efa7ce1a,
"msg.cpp|devilution::OnWalk(const TCmd *pCmd, Player &player)",devilution::OnWalk,msg.cpp,907,919,1445d77f2dc49bfc76e90c0b92a181bb94570300d5814002317918121bfc7759,
"msg.cpp|devilution::OnAddStrength(const TCmd *pCmd, size_t pnum)",devilution::OnAddStrength,msg.cpp,921,931,c90d8a5233bb4ff4bb53d8f2f63a159cbfb06efa4d88c820bed5be4208482143,
"msg.cpp|devilution::OnAddMagic(const TCmd *pCmd, size_t pnum)",devilution::OnAddMagic,msg.cpp,933,943,1482c1f1388d1e49f8da50f039df76eec596fc759dab8c623ce2142bbe2bf129,
"msg.cpp|devilution::OnAddDexterity(const TCmd *pCmd, int pnum)",devilution::OnAddDexterity,msg.cpp,945,955,b27af9c7a9c4cc8608944ecb3bcb5ac8e7d3dd2fef3b0e421f5e4484a803a15c,
"msg.cpp|devilution::OnAddVitality(const TCmd *pCmd, size_t pnum)",devilution::OnAddVitality,msg.cpp,957,967,6ba4550f3e6e14075d87117ed7857e70dcd11d06cdd8c11609f3ef24960f3116,
"msg.cpp|devilution::OnGotoGetItem(const TCmd *pCmd, Player &player)",devilution::OnGotoGetItem,msg.cpp,969,981,e64cce132ffc3ea41d929741c168646581976f9ace30aa2a0f507ac6a19c0233,
msg.cpp|devilution::IsGItemValid(const TCmdGItem &message),devilution::IsGItemValid,msg.cpp,983,998,bfd28422642283ef115a0164a62406dff813d3a0c32f08549c0378ab2e587bf5,
"msg.cpp|devilution::IsPItemValid(const TCmdPItem &message, const Player &player)",devilution::IsPItemValid,msg.cpp,1000,1026,1b314e47740fcc7227903d61bb68e62f5f20433983daf7e00df4b5753f76d2d1,
"msg.cpp|devilution::PrepareItemForNetwork(const Item &item, TCmdGItem &message)",devilution::PrepareItemForNetwork,msg.cpp,1028,1038,ee39c7165c57a7745483b15aaa49078f94ddb2b16d872dcfe266937e161f61fe,
"msg.cpp|devilution::PrepareItemForNetwork(const Item &item, TCmdPItem &message)",devilution::PrepareItemForNetwork,msg.cpp,1040,1050,36460c42d2b1ca52eea404f8f38c9dd5c135ac131f13e99fb4022f853387acc8,
"msg.cpp|devilution::PrepareItemForNetwork(const Item &item, TCmdChItem &message)",devilution::PrepareItemForNetwork,msg.cpp,1052,1062,769f189f9d1c2be10bbabfcaa9778c99e682c15cfa961196166355e280cb7a62,
"msg.cpp|devilution::RecreateItem(const Player &player, const TCmdPItem &message, Item &item)",devilution::RecreateItem,msg.cpp,1064,1070,d682f54b9d30bb194af0f27735191185bd61da65004107411d0367de17a62fba,
"msg.cpp|devilution::RecreateItem(const Player &player, const TCmdChItem &message, Item &item)",devilution::RecreateItem,msg.cpp,1072,1078,90881d9501ea2ba98299d4548145b1f3736b9b6bee2dad212c2cd38d8a8a3730,
"msg.cpp|devilution::SyncDropItem(Point position, const TItem &item)",devilution::SyncDropItem,msg.cpp,1080,1096,855630402574a44715688190922113401e84833f813e1039c98dacb02229875d,
"msg.cpp|devilution::SyncDropEar(Point position, const TEar &ear)",devilution::SyncDropEar,msg.cpp,1098,1106,8b4b37a4679f73d6de56b493b1521b2b06b61dd6264c5b3403844a54222a4bcd,
msg.cpp|devilution::SyncDropItem(const TCmdGItem &message),devilution::SyncDropItem,msg.cpp,1108,1120,0b61771be22a3701b3addcb4617b4fc2656dfca1e1cd855441ca1caf5b5010ca,
msg.cpp|devilution::SyncDropItem(const TCmdPItem &message),devilution::SyncDropItem,msg.cpp,1122,1134,2ed44d3a6a6f8459bdf979a1ab0142cf63ea184ce22c921876c9ff6f0df5be82,
"msg.cpp|devilution::OnRequestGetItem(const TCmd *pCmd, Player &player)",devilution::OnRequestGetItem,msg.cpp,1136,1176,9e838c5e88f66443f92c0df8d0f0fdcb968e48489620d80df362cfb293995440,
"msg.cpp|devilution::OnGetItem(const TCmd *pCmd, size_t pnum)",devilution::OnGetItem,msg.cpp,1178,1211,fd822251a2c3818994c6a35b34648a77f9728ee8e38833a07e7cc3417db86444,
"msg.cpp|devilution::OnGotoAutoGetItem(const TCmd *pCmd, Player &player)",devilution::OnGotoAutoGetItem,msg.cpp,1213,1226,2a0d96fc81ebcaaad379b0aa01f56f69e23d0a8e9adf356cdee682e789c3b08a,
"msg.cpp|devilution::OnRequestAutoGetItem(const TCmd *pCmd, Player &player)",devilution::OnRequestAutoGetItem,msg.cpp,1228,1252,a487a23233403d73361b1938ee7ac2878281d3ca56ffdd50c64affb1a40bd0c8,
"msg.cpp|devilution::OnAutoGetItem(const TCmd *pCmd, size_t pnum)",devilution::OnAutoGetItem,msg.cpp,1254,1283,785911e648728b8f1d99bef3afb0c6cb23747749e3d1be830ea0d1f69309cd87,
"msg.cpp|devilution::OnItemExtra(const TCmd *pCmd, size_t pnum)",devilution::OnItemExtra,msg.cpp,1285,1300,67b96201d8c9afcdeba40fa64ac505c38edb6be5af4fc74118c8dbf53e78e7f0,
"msg.cpp|devilution::OnPutItem(const TCmd *pCmd, size_t pnum)",devilution::OnPutItem,msg.cpp,1302,1342,644265f189203e6e7ba3f503c82ae23e2ca9cdcda8aa7f66792c095b0da34f7a,
"msg.cpp|devilution::OnSyncPutItem(const TCmd *pCmd, size_t pnum)",devilution::OnSyncPutItem,msg.cpp,1344,1374,fdfa55819c3a29d2c6dcc598dcd2309623758bacb964ec753cb9f9b1822705f6,
"msg.cpp|devilution::OnAttackTile(const TCmd *pCmd, Player &player)",devilution::OnAttackTile,msg.cpp,1376,1389,803ee8d91d3b4daad12fbb0b46bf7cf99a43e00a97def7cf9d51aa0d40322459,
"msg.cpp|devilution::OnStandingAttackTile(const TCmd *pCmd, Player &player)",devilution::OnStandingAttackTile,msg.cpp,1391,1404,b66b0b07fd5f8c70d0d46f85b0f23699e1d7567cbc4b8d9644a1da3f849c1700,
"msg.cpp|devilution::OnRangedAttackTile(const TCmd *pCmd, Player &player)",devilution::OnRangedAttackTile,msg.cpp,1406,1419,506efc67b9d3a8147f97d40fe6c8765f0f89b417e9ee141b39db4b2d229e07cb,
"msg.cpp|devilution::InitNewSpell(Player &player, uint16_t wParamSpellID, uint16_t wParamSpellType, uint16_t wParamSpellFrom)",devilution::InitNewSpell,msg.cpp,1421,1453,70fac61c1c606b9ff91beaab90682254000d83cc5026c62e4fe0df04d8b760d6,0x140086110
"msg.cpp|devilution::OnSpellWall(const TCmd *pCmd, Player &player)",devilution::OnSpellWall,msg.cpp,1455,1481,1df6fc9c647630f64396c339c4d8caa2aa259853115f107582a7a2f601a5257c,
"msg.cpp|devilution::OnSpellTile(const TCmd *pCmd, Player &player)",devilution::OnSpellTile,msg.cpp,1483,1505,036591d4544aac37c6aab4586370752b72423b6d9ab3ed4b197b74a8ef443adc,
"msg.cpp|devilution::OnObjectTileAction(const TCmd &cmd, Player &player, action_id action, bool pathToObject = true)",devilution::OnObjectTileAction,msg.cpp,1507,1522,36bbdabb037c0de49fc33efcca9baebbeb4ab014b0db41f3e0fcb4dc9607e64b,
"msg.cpp|devilution::OnAttackMonster(const TCmd *pCmd, Player &player)",devilution::OnAttackMonster,msg.cpp,1524,1538,f247194c00778cd7e8568f0450431741cc287416fabb344cda4bd5d4680caf45,
"msg.cpp|devilution::OnAttackPlayer(const TCmd *pCmd, Player &player)",devilution::OnAttackPlayer,msg.cpp,1540,1552,b6e9efe5c4c4d994636d0432776dd9a965906860b152d9a252d2c8c9de857904,
"msg.cpp|devilution::OnRangedAttackMonster(const TCmd *pCmd, Player &player)",devilution::OnRangedAttackMonster,msg.cpp,1554,1566,34972d8b3819989d4c97482402cf62a6ff1f401ca3068f31f7e4ddf3a6d5a321,
"msg.cpp|devilution::OnRangedAttackPlayer(const TCmd *pCmd, Player &player)",devilution::OnRangedAttackPlayer,msg.cpp,1568,1580,af09a8c57d725af2fee5cabbc731560317496ba7410d10999f04685a09d8da3b,
"msg.cpp|devilution::OnSpellMonster(const TCmd *pCmd, Player &player)",devilution::OnSpellMonster,msg.cpp,1582,1603,2b659a85dc743707daae555f7491fb8f9788f7d9281d6c0544ae23a4306e3ad8,
"msg.cpp|devilution::OnSpellPlayer(const TCmd *pCmd, Player &player)",devilution::OnSpellPlayer,msg.cpp,1605,1626,6e4f64277ce0d62a554ced66b7c085d5d64b0d411408fdd9b81169242f6c4ac3,
"msg.cpp|devilution::OnKnockback(const TCmd *pCmd, size_t pnum)",devilution::OnKnockback,msg.cpp,1628,1642,0f78f8d936d975b6ee07de31f42215b91a45806375101d3b16ee010cd003076e,
"msg.cpp|devilution::OnResurrect(const TCmd *pCmd, size_t pnum)",devilution::OnResurrect,msg.cpp,1644,1658,ec729a4ec73f5f5043b9f8b467ef2c7543462ce45ee9ff3751e4e23aef3871ad,
"msg.cpp|devilution::OnHealOther(const TCmd *pCmd, const Player &caster)",devilution::OnHealOther,msg.cpp,1660,1672,2870efb2ddb19ad63cdaa1a402c60d5cdeacf05a6fbfadc712cb344b4ce76c58,
"msg.cpp|devilution::OnTalkXY(const TCmd *pCmd, Player &player)",devilution::OnTalkXY,msg.cpp,1674,1687,6ea5a01b4c79dbee18e2a8a90a8ddb081b7f85a1668c739ac65b7ef24ed49396,
"msg.cpp|devilution::OnNewLevel(const TCmd *pCmd, size_t pnum)",devilution::OnNewLevel,msg.cpp,1689,1711,f3e3ea15b0bad8fa8038e166fb2aeebbab55f488847a42038b2f6347f3e6142b,
"msg.cpp|devilution::OnWarp(const TCmd *pCmd, size_t pnum)",devilution::OnWarp,msg.cpp,1713,1725,91dc42881c6ba59448bcead95b93611c0463a7c74cbab2eb62f74e5a53e11a9a,
"msg.cpp|devilution::OnMonstDeath(const TCmd *pCmd, size_t pnum)",devilution::OnMonstDeath,msg.cpp,1727,1746,7817378077b533be9aab6c2d3f60595e20c537853476e97b0e791654600950bc,
"msg.cpp|devilution::OnKillGolem(const TCmd *pCmd, size_t pnum)",devilution::OnKillGolem,msg.cpp,1748,1766,85b0e2902d40d5094aed1ec0076879ea23e4f6f8da4ebfb81ad786507f22fe6a,
"msg.cpp|devilution::OnAwakeGolem(const TCmd *pCmd, size_t pnum)",devilution::OnAwakeGolem,msg.cpp,1768,1792,e9982d11cacb629ee087a551ba6a684b4656ead69a1f5a9a992b4a7aa201c867,
"msg.cpp|devilution::OnMonstDamage(const TCmd *pCmd, size_t pnum)",devilution::OnMonstDamage,msg.cpp,1794,1818,b06a4afd36eb43266d2992e48cb724d43850df4185cce91b511239ed65e4d069,
"msg.cpp|devilution::OnPlayerDeath(const TCmd *pCmd, size_t pnum)",devilution::OnPlayerDeath,msg.cpp,1820,1836,0af6b22efff375ad1c1547e5f137127bc28205af8d886c5077adb574422e27bc,
"msg.cpp|devilution::OnPlayerDamage(const TCmd *pCmd, Player &player)",devilution::OnPlayerDamage,msg.cpp,1838,1851,207b91928534113313a17208825485d3e521d19a9029205ce4961250149bc787,
"msg.cpp|devilution::OnOperateObject(const TCmd &pCmd, size_t pnum)",devilution::OnOperateObject,msg.cpp,1853,1872,492d87e7b368411eb15c4b4de64bb5dc3112d736c881b6acb8bbf13c3097f2b4,
"msg.cpp|devilution::OnBreakObject(const TCmd &pCmd, size_t pnum)",devilution::OnBreakObject,msg.cpp,1874,1893,165a68406028cec289bf71a7961c41617a5da647f706bc609c9fb5988b468ec2,
"msg.cpp|devilution::OnChangePlayerItems(const TCmd *pCmd, size_t pnum)",devilution::OnChangePlayerItems,msg.cpp,1895,1917,772807853fc0f5136d7d4fcea53cb4b6ebe56d1889b0c859ef3d4968607bda88,
"msg.cpp|devilution::OnDeletePlayerItems(const TCmd *pCmd, size_t pnum)",devilution::OnDeletePlayerItems,msg.cpp,1919,1932,8e19fc78a7138cfce6e0a02719f2af8612fe61bc76faf2667b545515ba779ca5,
"msg.cpp|devilution::OnChangeInventoryItems(const TCmd *pCmd, int pnum)",devilution::OnChangeInventoryItems,msg.cpp,1934,1951,240245986d454f90ecc9882772812744cdfd18578ee2eeebab36fcb980caa72f,
"msg.cpp|devilution::OnDeleteInventoryItems(const TCmd *pCmd, int pnum)",devilution::OnDeleteInventoryItems,msg.cpp,1953,1966,c70a7a2f7ece465bd7c899a1667bc23b5dc80d2b5eeada02fc795318eeebdeeb,
"msg.cpp|devilution::OnChangeBeltItems(const TCmd *pCmd, int pnum)",devilution::OnChangeBeltItems,msg.cpp,1968,1985,87f89c85917af141148118e776b01147ee75ad8c645192409ba245fa93dc69e8,
"msg.cpp|devilution::OnDeleteBeltItems(const TCmd *pCmd, int pnum)",devilution::OnDeleteBeltItems,msg.cpp,1987,2000,110a8869bb0491356be0d7c72f138182ffc8edb4e6eec62039a0890c3b7cd53b,
"msg.cpp|devilution::OnPlayerLevel(const TCmd *pCmd, size_t pnum)",devilution::OnPlayerLevel,msg.cpp,2002,2016,3f8405e18c808dfa99ea2195fb63eb3dc46e4c6bfb97508b426feb27b4060dd0,
"msg.cpp|devilution::OnDropItem(const TCmd *pCmd, size_t pnum)",devilution::OnDropItem,msg.cpp,2018,2030,acc7b78fb832db6de310248d7d1ed984fdcacb0eca4730bb66326533ba2e4d84,
"msg.cpp|devilution::OnSpawnItem(const TCmd *pCmd, size_t pnum)",devilution::OnSpawnItem,msg.cpp,2032,2049,c165be05fea83644b983885af22999a3ce7efe92cf2b2540fc13d4ebe9771419,
"msg.cpp|devilution::OnSendPlayerInfo(const TCmd *pCmd, size_t pnum)",devilution::OnSendPlayerInfo,msg.cpp,2051,2062,b9df5793b1cf76be3eabde435dbd435911f4f88f510914883c02f6ebda674d60,
"msg.cpp|devilution::OnPlayerJoinLevel(const TCmd *pCmd, size_t pnum)",devilution::OnPlayerJoinLevel,msg.cpp,2064,2115,170a52dcc2d38819651e44aa12ba3eff2228bb0fe6b51007f9c3b4bdd42e4a75,
"msg.cpp|devilution::OnActivatePortal(const TCmd *pCmd, size_t pnum)",devilution::OnActivatePortal,msg.cpp,2117,2154,4b45d7182d5c9d152cda76c36bbef99ddbc5b5b36a824c2af13bf1a258e2b6b7,
"msg.cpp|devilution::OnDeactivatePortal(const TCmd *pCmd, size_t pnum)",devilution::OnDeactivatePortal,msg.cpp,2156,2168,749a270a84cb4b5229fa3bb386a221cf29a4a0fae1dd28e937ac0b168ddb316d,
"msg.cpp|devilution::OnRestartTown(const TCmd *pCmd, size_t pnum)",devilution::OnRestartTown,msg.cpp,2170,2183,b721923ee26c5476b8bb5e4d446f204aaaefb1361f2f7c33aec7a707238f17c8,
"msg.cpp|devilution::OnSetStrength(const TCmd *pCmd, size_t pnum)",devilution::OnSetStrength,msg.cpp,2185,2199,5838b37da45fc68097ceccbdc21515198ce6e6d282e20ff21117330cdb9d1ca1,
"msg.cpp|devilution::OnSetDexterity(const TCmd *pCmd, size_t pnum)",devilution::OnSetDexterity,msg.cpp,2201,2215,1f5562ca93ba6e8a87abd4554452abbb9373a5db53f47a2099c3c90dd7a82519,
"msg.cpp|devilution::OnSetMagic(const TCmd *pCmd, size_t pnum)",devilution::OnSetMagic,msg.cpp,2217,2231,79c2c3f2b536fdca7dd3d64325b291f11ba61710193032eb4fd8b8c040cd6595,
"msg.cpp|devilution::OnSetVitality(const TCmd *pCmd, size_t pnum)",devilution::OnSetVitality,msg.cpp,2233,2247,3b485aad0137fff39f243cf345c4d17b0d0a3d29574b4b7b1b325f31bffe7abb,
"msg.cpp|devilution::OnString(const TCmd *pCmd, Player &player)",devilution::OnString,msg.cpp,2249,2258,881746a84c3a2119fe5092e42e260cbe4b541afccd8ce17d157be5be3eb3c0d2,
"msg.cpp|devilution::OnFriendlyMode(const TCmd *pCmd, Player &player)",devilution::OnFriendlyMode,msg.cpp,2260,2265,50b1d00d3efca3a12f8bb39f2577769a3571ee8c3fb5015e5bbc2daf45874207,
"msg.cpp|devilution::OnSyncQuest(const TCmd *pCmd, size_t pnum)",devilution::OnSyncQuest,msg.cpp,2267,2279,ef37cc639d84ab8e06619ce818d6d4c83e7ef28703c088e5b1abc2f63c77dba4,
"msg.cpp|devilution::OnCheatExperience(const TCmd *pCmd, size_t pnum)",devilution::OnCheatExperience,msg.cpp,2281,2295,ac19300cb33b7d7b2d9f209eae060a619ceda375b9de1d1dce3d4d9973e7bce8,
"msg.cpp|devilution::OnChangeSpellLevel(const TCmd *pCmd, size_t pnum)",devilution::OnChangeSpellLevel,msg.cpp,2297,2312,9ccedc5ab8caf75f6e147497a84a09fef69673dca3a6d52b808fa5d30c9bf35a,
msg.cpp|devilution::OnDebug(const TCmd *pCmd),devilution::OnDebug,msg.cpp,2314,2317,eb52b49d5ccf4541a11ce193be471207d6acbcced714f438b6f49ebdc2d1eb1c,
"msg.cpp|devilution::OnSetShield(const TCmd *pCmd, Player &player)",devilution::OnSetShield,msg.cpp,2319,2325,8d634b65d76b04b2431872a4e7d2942cd322beea235251895c8ed26960c27aa1,
"msg.cpp|devilution::OnRemoveShield(const TCmd *pCmd, Player &player)",devilution::OnRemoveShield,msg.cpp,2327,2333,d66d8ae8b39d6cc8c77048f1bd9b3e1554d53b42d569ea8900deecf332eb1395,
"msg.cpp|devilution::OnSetReflect(const TCmd *pCmd, Player &player)",devilution::OnSetReflect,msg.cpp,2335,2343,568263a4f24437952e517c6a3c331a0e4e9f6dcd355f62280d08fe2da84a70b7,
msg.cpp|devilution::OnNakrul(const TCmd *pCmd),devilution::OnNakrul,msg.cpp,2345,2357,b462fabe36f6d9c081114441fa3950d8c6aa328bd7c5357c3f8de9027eaed5b1,
"msg.cpp|devilution::OnOpenHive(const TCmd *pCmd, size_t pnum)",devilution::OnOpenHive,msg.cpp,2359,2368,991576a3a8502bb71d888bc101c659efc7901e3a755d48759ebd3f2abaf1eb31,
msg.cpp|devilution::OnOpenGrave(const TCmd *pCmd),devilution::OnOpenGrave,msg.cpp,2370,2379,31c12f0dac9ff9490cd0ec8efbb9c180da2538a001c80e3f95268411353d2de6,
"msg.cpp|devilution::PrepareItemForNetwork(const Item &item, TItem &messageItem)",devilution::PrepareItemForNetwork,msg.cpp,2383,2394,0aad1868d38e01a5cdb4d3c7f806946be1bea6f1ba9639de1e71ddc8ed3f8ccf,
"msg.cpp|devilution::PrepareEarForNetwork(const Item &item, TEar &ear)",devilution::PrepareEarForNetwork,msg.cpp,2396,2400,40f7fdce2cb5e694c81f2b09fc0ef3c502cdbf7da225e74bf7770fb2648ca4fd,
"msg.cpp|devilution::RecreateItem(const Player &player, const TItem &messageItem, Item &item)",devilution::RecreateItem,msg.cpp,2402,2419,97daa565ad97e8952e40c00fb93539aa7c580eb532cf085a545ed882959ba64d,
msg.cpp|devilution::ClearLastSentPlayerCmd(),devilution::ClearLastSentPlayerCmd,msg.cpp,2421,2424,aaae4429b33dd19ec3bc6a44e92030617347b68a8a2efd0904cd5c457c31332c,
"msg.cpp|devilution::msg_send_drop_pkt(int pnum, int reason)",devilution::msg_send_drop_pkt,msg.cpp,2426,2434,c05ca08d8b0917bd2f3b5c879293b81a93197f616357afaf22c3528ba4f3ec2f,
msg.cpp|devilution::msg_wait_resync(),devilution::msg_wait_resync,msg.cpp,2436,2466,bfc32573c17a43bf1c35d09a43606b98aacbd2b83ab2d685b86c7ed15f058917,
msg.cpp|devilution::run_delta_info(),devilution::run_delta_info,msg.cpp,2468,2477,84fb52e393265a47b5905a2fbf7140320b61e915b529c3b4016963a4cc297fb8,
msg.cpp|devilution::DeltaExportData(int pnum),devilution::DeltaExportData,msg.cpp,2479,2510,d1ef51b405a6c2eb36a06308efd90f7aef1b137c56890aa2db8739276f87d831,
msg.cpp|devilution::delta_init(),devilution::delta_init,msg.cpp,2512,2517,3e6327f35eb09246d8e9e7fe72b0bd8c70dab5551373b02b35c02c736e9c4085,
msg.cpp|devilution::DeltaClearLevel(uint8_t level),devilution::DeltaClearLevel,msg.cpp,2519,2523,91042a0dea8879dab535b1a894359af2e11a93df2475fc8747dd672d17d85ce4,
"msg.cpp|devilution::delta_kill_monster(const Monster &monster, Point position, const Player &player)",devilution::delta_kill_monster,msg.cpp,2525,2533,1f3b232d8c491da9e7ead37127203208042eb89669c63423d102e66108bc6a37,
"msg.cpp|devilution::delta_monster_hp(const Monster &monster, const Player &player)",devilution::delta_monster_hp,msg.cpp,2535,2543,5b630aa318eda91059176263f088c5803d4ea5fdb7602c5dd71a4ed3b0b51e59,
"msg.cpp|devilution::delta_sync_monster(const TSyncMonster &monsterSync, uint8_t level)",devilution::delta_sync_monster,msg.cpp,2545,2562,f27f07a135dee077aee79fa462fecf13545e91ade484ab78b8f79260b0e4b02e,
msg.cpp|devilution::DeltaSyncJunk(),devilution::DeltaSyncJunk,msg.cpp,2564,2594,0c0ba5948eb6bc2833f189b3a34a36edb8380a1a0574908a4d53d0dcf80452a4,
msg.cpp|devilution::DeltaAddItem(int ii),devilution::DeltaAddItem,msg.cpp,2596,2624,c1bae1d06d1c1a2f54b65cc30b2d1892ef25463648809ae0c37cc88012e937d3,
msg.cpp|devilution::DeltaSaveLevel(),devilution::DeltaSaveLevel,msg.cpp,2626,2644,e81f2d955c8d8e50223294613569e7c3316205e040a6d1009064689031e40327,
msg.cpp|devilution::GetLevelForMultiplayer(const Player &player),devilution::GetLevelForMultiplayer,msg.cpp,2646,2649,573273ed1363fbc179b8644f4c2477cca90d027dcdc79b9aecce9db2b9688a19,
msg.cpp|devilution::IsValidLevelForMultiplayer(uint8_t level),devilution::IsValidLevelForMultiplayer,msg.cpp,2651,2654,2e2bdb9f1026b834dd8017343c531d42e58617112bfe256c8ad969749886e3e3,
"msg.cpp|devilution::IsValidLevel(uint8_t level, bool isSetLevel)",devilution::IsValidLevel,msg.cpp,2656,2661,96425e3de203f5c49ce93191d545205c52334dab00cdf890343d627ce26299fc,
msg.cpp|devilution::DeltaLoadLevel(),devilution::DeltaLoadLevel,msg.cpp,2663,2784,c3a57ac67f326c3c3bd374f8607c58a81953298fbb62c82dbc8944db4c7caad9,
"msg.cpp|devilution::NetSendCmd(bool bHiPri, _cmd_id bCmd)",devilution::NetSendCmd,msg.cpp,2786,2795,c3477d8e9207fc13b86d3f8dcdac722ad93825494c9152d90af16c85a06f2381,
"msg.cpp|devilution::NetSendCmdGolem(uint8_t mx, uint8_t my, Direction dir, uint8_t menemy, int hp, uint8_t cl)",devilution::NetSendCmdGolem,msg.cpp,2797,2809,05e4d40ecbb7d5178f7ff4656435ef3884073845ec8ac541bec58b2d82bd3e97,
"msg.cpp|devilution::NetSendCmdLoc(size_t playerId, bool bHiPri, _cmd_id bCmd, Point position)",devilution::NetSendCmdLoc,msg.cpp,2811,2827,88f6f8f79227889cb055ed9b00fcd17c45a84a46a9959c20894f064a5ceafd9d,
"msg.cpp|devilution::NetSendCmdLocParam1(bool bHiPri, _cmd_id bCmd, Point position, uint16_t wParam1)",devilution::NetSendCmdLocParam1,msg.cpp,2829,2846,4fe24b56b50968b40889325a4ecf7b606792c9807f7b1e30316fc18fd0e45916,
"msg.cpp|devilution::NetSendCmdLocParam2(bool bHiPri, _cmd_id bCmd, Point position, uint16_t wParam1, uint16_t wParam2)",devilution::NetSendCmdLocParam2,msg.cpp,2848,2866,2c67937f395a2d74a0a46264a6fad51c2a7717de49da0a9fb3ef07dc20700d63,
"msg.cpp|devilution::NetSendCmdLocParam3(bool bHiPri, _cmd_id bCmd, Point position, uint16_t wParam1, uint16_t wParam2, uint16_t wParam3)",devilution::NetSendCmdLocParam3,msg.cpp,2868,2887,7ba08d0fb29647cd7862ef384e5a5a16fccac8e427276bfed82ee276c02d2e9e,
"msg.cpp|devilution::NetSendCmdLocParam4(bool bHiPri, _cmd_id bCmd, Point position, uint16_t wParam1, uint16_t wParam2, uint16_t wParam3, uint16_t wParam4)",devilution::NetSendCmdLocParam4,msg.cpp,2889,2909,2d96f58208af9ae21a5e5d5fdd812c6d66788fe013e5831284d03347ebd9feb7,
"msg.cpp|devilution::NetSendCmdLocParam5(bool bHiPri, _cmd_id bCmd, Point position, uint16_t wParam1, uint16_t wParam2, uint16_t wParam3, uint16_t wParam4, uint16_t wParam5)",devilution::NetSendCmdLocParam5,msg.cpp,2911,2932,efe39e7b69f6c8993630c651ca6e6ca987e4157a1b717dd918808a7516fb7232,
"msg.cpp|devilution::NetSendCmdParam1(bool bHiPri, _cmd_id bCmd, uint16_t wParam1)",devilution::NetSendCmdParam1,msg.cpp,2934,2949,b9dc0188177c8de1e8212eb0e51746c3203bdc55e4443720607183ed158f0824,
"msg.cpp|devilution::NetSendCmdParam2(bool bHiPri, _cmd_id bCmd, uint16_t wParam1, uint16_t wParam2)",devilution::NetSendCmdParam2,msg.cpp,2951,2962,f14ed73c5efd9964e9c9febf28a738d35d86e7437e1a540fa5d5d5eb8782ce8d,
"msg.cpp|devilution::NetSendCmdParam5(bool bHiPri, _cmd_id bCmd, uint16_t wParam1, uint16_t wParam2, uint16_t wParam3, uint16_t wParam4, uint16_t wParam5)",devilution::NetSendCmdParam5,msg.cpp,2964,2983,ce9c4d25017dfdc1d90a4ac4450db06f026bc2dce98031880c1cc0f074022c23,
"msg.cpp|devilution::NetSendCmdQuest(bool bHiPri, const Quest &quest)",devilution::NetSendCmdQuest,msg.cpp,2985,3000,6193c029c7dff505a2630b1554daf637223203da550ee757a4d9bd9804e0ac31,0x14007c3e0
"msg.cpp|devilution::NetSendCmdGItem(bool bHiPri, _cmd_id bCmd, uint8_t pnum, uint8_t ii)",devilution::NetSendCmdGItem,msg.cpp,3002,3020,cad812fccd874764d168a9d4dc136819a9f48c08abb108a9f31ba7feb2f39b61,
"msg.cpp|devilution::NetSendCmdPItem(bool bHiPri, _cmd_id bCmd, Point position, const Item &item)",devilution::NetSendCmdPItem,msg.cpp,3022,3037,1334496c7cd8fee3e74572c79f68a7ee6c4bfd5d1acca4bd1c65ffc22a4901bd,
"msg.cpp|devilution::NetSendCmdChItem(bool bHiPri, uint8_t bLoc, bool forceSpellChange)",devilution::NetSendCmdChItem,msg.cpp,3039,3054,ae6da107141c488d4e4d0b717f585ac9ff0ce306b59d611ab7d9bac6d0c56970,
"msg.cpp|devilution::NetSendCmdDelItem(bool bHiPri, uint8_t bLoc)",devilution::NetSendCmdDelItem,msg.cpp,3056,3066,ef136acecdc8d36fc22498c7b38ce061a7704e6a586bbad8df88796a0c375855,
"msg.cpp|devilution::NetSyncInvItem(const Player &player, int invListIndex)",devilution::NetSyncInvItem,msg.cpp,3068,3079,142b23ba4e489169573539e2c97d8d1c66da64f8bf46c84f94840444a022530a,
"msg.cpp|devilution::NetSendCmdChInvItem(bool bHiPri, int invGridIndex)",devilution::NetSendCmdChInvItem,msg.cpp,3081,3096,a158827d20d57a1f378f090a4d034af59a198fd1a73831bad9abde2b79993f6b,
"msg.cpp|devilution::NetSendCmdChBeltItem(bool bHiPri, int beltIndex)",devilution::NetSendCmdChBeltItem,msg.cpp,3098,3112,5def2f31a75e16e47ef3297d8cea7fc5a389b6f255d1ea994f6e76c54e8c88cc,
"msg.cpp|devilution::NetSendCmdDamage(bool bHiPri, uint8_t bPlr, uint32_t dwDam, DamageType damageType)",devilution::NetSendCmdDamage,msg.cpp,3114,3126,2006751aa37c449539c3f9276532ed3695df6b058e3771de482b628a2d01d655,
"msg.cpp|devilution::NetSendCmdMonDmg(bool bHiPri, uint16_t wMon, uint32_t dwDam)",devilution::NetSendCmdMonDmg,msg.cpp,3128,3139,d79c66ec99faf840ddcdaa7e9e250015b62d6dd2b906a039083fd5d87575d49f,
"msg.cpp|devilution::NetSendCmdString(uint32_t pmask, const char *pszStr)",devilution::NetSendCmdString,msg.cpp,3141,3148,24fe7863786501238e79127746a57abd09e8c616ff81f680eed44b3c2ad45015,
msg.cpp|devilution::delta_close_portal(int pnum),devilution::delta_close_portal,msg.cpp,3150,3153,d2f62dbaefcb5e37ec64e88c1d810db20ede78e1aa0917097b80e1aca24f1196,
"msg.cpp|devilution::ParseCmd(size_t pnum, const TCmd *pCmd)",devilution::ParseCmd,msg.cpp,3155,3327,eaf39fb8bdfdd6f8b68d4e4d699e0d5b8155976ecca8cdbd1530bee726d2fc1a,
multi.cpp|devilution::BufferInit(TBuffer *pBuf),devilution::BufferInit,multi.cpp,88,92,11c8fb85cfe05528b012819de582a136b61e045b43b33559e59455e0991b5165,
"multi.cpp|devilution::CopyPacket(TBuffer *buf, const byte *packet, size_t size)",devilution::CopyPacket,multi.cpp,94,106,12c79dfcaf344bcd3e2ba9a6f9442f4640695f10edadd40977582f4ed81a1cd2,
"multi.cpp|devilution::CopyBufferedPackets(byte *destination, TBuffer *source, size_t *size)",devilution::CopyBufferedPackets,multi.cpp,108,129,8c6e3e57044c1054b215371dc33274820f4b4a14374b2991177983613fed6853,
multi.cpp|devilution::NetReceivePlayerData(TPkt *pkt),devilution::NetReceivePlayerData,multi.cpp,131,152,09da88a5bb1809b72a074070f0669f72af9f487bd215882782ef5c95168ad832,
multi.cpp|devilution::IsNetPlayerValid(const Player &player),devilution::IsNetPlayerValid,multi.cpp,154,162,2bb8132981f4635a10a17245c974aa8f4915ccc85baa81614af3d2102c3687b8,
multi.cpp|devilution::CheckPlayerInfoTimeouts(),devilution::CheckPlayerInfoTimeouts,multi.cpp,164,193,d20bc098ba0a992d9e76a8a8d92816f86470bda26a7425c3ed15c00353e774cc,
"multi.cpp|devilution::SendPacket(int playerId, const byte *packet, size_t size)",devilution::SendPacket,multi.cpp,195,205,5884dd1d64627af18b24df0aa2c69c025608577a8caff2f7933258c26a258bfa,0x140091e00
multi.cpp|devilution::MonsterSeeds(),devilution::MonsterSeeds,multi.cpp,207,213,c801ede3f68b281de782c85ede5f2ab563ad60316bd9273d6f6cf64dd891dc9f,
multi.cpp|devilution::HandleTurnUpperBit(size_t pnum),devilution::HandleTurnUpperBit,multi.cpp,215,229,dda16ea78c44817382adb9f68fd829a2c181b9c3c5d5eee5877e6537d7d4fa5c,
"multi.cpp|devilution::ParseTurn(size_t pnum, uint32_t turn)",devilution::ParseTurn,multi.cpp,231,242,e2e563f9745552e9dda96b6593636be460831aaaa6e9e546cfe3373402be682b,
"multi.cpp|devilution::PlayerLeftMsg(int pnum, bool left)",devilution::PlayerLeftMsg,multi.cpp,244,278,acb8e541927ea1eff41ab1ba854cae55862dd7f50937a7852ebeaf80cafa49f2,
multi.cpp|devilution::ClearPlayerLeftState(),devilution::ClearPlayerLeftState,multi.cpp,280,293,4e52ec8cd6580cb8383f521097e6bbdf7267cfe0270228c853f5a9a723df0aee,
multi.cpp|devilution::CheckDropPlayer(),devilution::CheckDropPlayer,multi.cpp,295,302,f4d1837034acc2c7ec8fdc272503db2c4f0e8d1b48eb19beaf9b777219096c10,
multi.cpp|devilution::BeginTimeout(),devilution::BeginTimeout,multi.cpp,304,325,6360a242abfc3b4c2b8685b78c43617506806cb69b0057cd5c337395a0b17ec8,
"multi.cpp|devilution::HandleAllPackets(size_t pnum, const byte *data, size_t size)",devilution::HandleAllPackets,multi.cpp,327,336,34349f0704801cf5187c1fea0a8511f04e9b6637ebcc90057654da3171fb38a1,
multi.cpp|devilution::ProcessTmsgs(),devilution::ProcessTmsgs,multi.cpp,338,348,677c685bcfcbca4487e3ab0eda610fc168639de9f408899887a59111f885458f,
"multi.cpp|devilution::SendPlayerInfo(int pnum, _cmd_id cmd)",devilution::SendPlayerInfo,multi.cpp,350,356,923ce4fddbbbb5b2ee7d91b37734f6995e3e1d151a4f151cd2d672da52c74c2d,
multi.cpp|devilution::SetupLocalPositions(),devilution::SetupLocalPositions,multi.cpp,358,375,6e57bb5d5293b87977ce3d5815181cea565b6d729dd1ce08c588fc6a9bb3e988,
multi.cpp|devilution::HandleEvents(_SNETEVENT *pEvt),devilution::HandleEvents,multi.cpp,377,408,d216b1f97730dfea21ee1bc832a4dfef88b3a04bf4f4c55e1eb59dc3c9c55cb6,0x140090fc0
multi.cpp|devilution::RegisterNetEventHandlers(),devilution::RegisterNetEventHandlers,multi.cpp,410,417,a63e08aaaefebf962d2c3623a4c050b4c4cd1b1082c5d70a2ece7ae5bcd348fe,
multi.cpp|devilution::UnregisterNetEventHandlers(),devilution::UnregisterNetEventHandlers,multi.cpp,419,424,ca4e457d15f3c64ea5b777f4e6e405699a4f8bd5cf960e3587dacfb90b7d3ade,
multi.cpp|devilution::InitSingle(GameData *gameData),devilution::InitSingle,multi.cpp,426,447,d2924e31615dd6f072bdf4633a1a6571f4d43b99e8c9990cc4937085f70e0ee5,
multi.cpp|devilution::InitMulti(GameData *gameData),devilution::InitMulti,multi.cpp,449,478,adbd765fc444fd13e3d9b0b38dbe1bf8f7070d4b84e0b0d4cc7cf940187e7ac5,
multi.cpp|devilution::InitGameInfo(),devilution::InitGameInfo,multi.cpp,482,496,e05908a997cf7791bf446d5f694c5a76f1b08954ca5a86aa3126138f4cad3117,
"multi.cpp|devilution::NetSendLoPri(int playerId, const byte *data, size_t size)",devilution::NetSendLoPri,multi.cpp,498,504,60eee19e29bff50f41a68d1a848510e6e78092f2592a3f9ae78de2300902b670,
"multi.cpp|devilution::NetSendHiPri(int playerId, const byte *data, size_t size)",devilution::NetSendHiPri,multi.cpp,506,526,0c8526bdac5fde7f23561a69d5c0274a6170d4ef3a381ef1ef560d908f7c5d81,
"multi.cpp|devilution::multi_send_msg_packet(uint32_t pmask, const byte *data, size_t size)",devilution::multi_send_msg_packet,multi.cpp,528,544,0bd197b370337990e7443f71c3f7125a59947c7ff0f7381b9296e64a991ce176,
multi.cpp|devilution::multi_msg_countdown(),devilution::multi_msg_countdown,multi.cpp,546,554,d28b2b6c875b465bb9985ffa12900560c437f42f17687fa39878527b697d7057,
"multi.cpp|devilution::multi_player_left(int pnum, int reason)",devilution::multi_player_left,multi.cpp,556,561,3cdb796d64b4344b6022255c9b70dcebe06b195d6fcb70e35c25259935f07923,
multi.cpp|devilution::multi_net_ping(),devilution::multi_net_ping,multi.cpp,563,567,1f9d4ae833bef00f21d8a293cf8065b00f19886b015409a064b9e803ed235a2d,
multi.cpp|devilution::multi_handle_delta(),devilution::multi_handle_delta,multi.cpp,569,608,67d34a24a4e5a90a64ad6b16707d9fd80e31c87c8e6a7abd232b3a8f96ca2187,
multi.cpp|devilution::multi_process_network_packets(),devilution::multi_process_network_packets,multi.cpp,610,684,0dd4b5d29d307b5664d35d524468b62fae31ff0aa4e18152b9784aad8143d5c1,0x140091e80
"multi.cpp|devilution::multi_send_zero_packet(size_t pnum, _cmd_id bCmd, const byte *data, size_t size)",devilution::multi_send_zero_packet,multi.cpp,686,716,6a535ad70f7b290c64ed72607f2f70f80f64597dac7ccc84f672d1896d9f5773,0x140092560
multi.cpp|devilution::NetClose(),devilution::NetClose,multi.cpp,718,735,83e70aeb87f99d9e524ed36f4e8a831a395e14073076a1a97cb6ac96d3a41139,
multi.cpp|devilution::NetInit(bool bSinglePlayer),devilution::NetInit,multi.cpp,737,800,9757e8b5984f7aafd75a4ed9fbc1057523f16b15f05c6544cbc4fa5050fcb4c5,
"multi.cpp|devilution::recv_plrinfo(int pnum, const TCmdPlrInfoHdr &header, bool recv)",devilution::recv_plrinfo,multi.cpp,802,870,448d166e6fda32027cbad734ff5803e37632f38659ae1d11efbac76305d52748,
nthread.cpp|devilution::NthreadHandler(),devilution::NthreadHandler,nthread.cpp,42,64,54a48ea380ce4bfb73ab0793a03041c4fbe1f821c50612790621807ddb3932de,
nthread.cpp|devilution::nthread_terminate_game(const char *pszFcn),devilution::nthread_terminate_game,nthread.cpp,68,79,e69774bcc3a5aa727c5682e9632c2f3cd0f633fd46f49fb3694522108ac0882b,0x140091d40
"nthread.cpp|devilution::nthread_send_and_recv_turn(uint32_t curTurn, int turnDelta)",devilution::nthread_send_and_recv_turn,nthread.cpp,81,104,2cdac457ffc361a232208e459554a297f6a831e5522da84a3f310bef56b87e77,0x1400944a0;0x140108710
nthread.cpp|devilution::nthread_recv_turns(bool *pfSendAsync),devilution::nthread_recv_turns,nthread.cpp,106,141,a28f9816f2b34a31c96c6865884e3502fa6e9ddf5578da8bc30b6422b480ac15,0x140094830
nthread.cpp|devilution::nthread_set_turn_upper_bit(),devilution::nthread_set_turn_upper_bit,nthread.cpp,143,146,bbc67f7cd81bf8cbf7482f104fc321b15103000729cad651f8a3d98356c026dd,
nthread.cpp|devilution::nthread_start(bool setTurnUpperBit),devilution::nthread_start,nthread.cpp,148,190,4710542b7800fd3476cbc9bc7dc45b7dc1cf7dbc60a7f773ec18e65d0b582355,
nthread.cpp|devilution::nthread_cleanup(),devilution::nthread_cleanup,nthread.cpp,192,203,9bdc4b7ca5d270b6d7836bb7109b7736dc42d58ba44dfbf5c4c424f13ba90e1a,
nthread.cpp|devilution::nthread_ignore_mutex(bool bStart),devilution::nthread_ignore_mutex,nthread.cpp,205,215,3b729515894516f6efcdb2734774287fc48829d174377cfd66b8a5f036d0884b,
nthread.cpp|devilution::nthread_has_500ms_passed(bool *drawGame),devilution::nthread_has_500ms_passed,nthread.cpp,217,247,2020296989dedeada7ffe86f79e1ae7bf8fc4d42f2647fd052c6c02d7dd83075,
nthread.cpp|devilution::nthread_UpdateProgressToNextGameTick(),devilution::nthread_UpdateProgressToNextGameTick,nthread.cpp,249,263,8cd47a9f909461a31883bdb5de43495086b5ef2835082901fd140509e818f3e5,
objdat.h|devilution::ObjectData::isAnimated(),devilution::ObjectData::isAnimated,objdat.h,269,272,6c50a0bfa8f536d156181b7af6c45d95f48143ba8e733b9065f324f4ef9bee1d,
objdat.h|devilution::ObjectData::isSolid(),devilution::ObjectData::isSolid,objdat.h,274,277,a335f538df98c1c18d551743b80cd9a9a2a3012047a6200faa47498105957128,
objdat.h|devilution::ObjectData::missilesPassThrough(),devilution::ObjectData::missilesPassThrough,objdat.h,279,282,05b221e518ef909e2479e854912f14b1be852ca10dd6fb4e25194f3ca7ac75d0,
objdat.h|devilution::ObjectData::applyLighting(),devilution::ObjectData::applyLighting,objdat.h,284,287,a5c27ebf10a9af26ec8a8878124504136fc3ef435ba8ff51534277a84dbc3f59,
objdat.h|devilution::ObjectData::isTrap(),devilution::ObjectData::isTrap,objdat.h,289,292,1956128f849822a4c317d543ee4480d38d3e36b33ce3e5c6f5eaf8315e2f1991,
objdat.h|devilution::ObjectData::isBreakable(),devilution::ObjectData::isBreakable,objdat.h,294,297,5986c2e694d96ad9369949c3ddb59557a0d986c4653a18534bc545f5952a5eb9,
"objects.cpp|devilution::RndLocOk(int xp, int yp)",devilution::RndLocOk,objects.cpp,309,322,bc1bc53b5e7adf8cc272903774746426ca15f76e0c45dc466f5a899bea91f13c,
"objects.cpp|devilution::CanPlaceWallTrap(int xp, int yp)",devilution::CanPlaceWallTrap,objects.cpp,324,332,585b02b5cf3aba6993c489fc0bd198a81f32f3fe504dcfb1bb1f8485ed5c6f11,
"objects.cpp|devilution::InitRndLocObj(int min, int max, _object_id objtype)",devilution::InitRndLocObj,objects.cpp,334,356,aa176d7014ba96f7e9cedbd1e79c7cf7aaf27dab806d663db77959ea923efc37,
"objects.cpp|devilution::InitRndLocBigObj(int min, int max, _object_id objtype)",devilution::InitRndLocBigObj,objects.cpp,358,382,05e63cf5ac250a57dda9508870471712476f705c5360c08d7c11cad84545601c,
"objects.cpp|devilution::CanPlaceRandomObject(Point position, Displacement standoff)",devilution::CanPlaceRandomObject,objects.cpp,384,394,8b0d05db21800c66f876e83243dbb6495c3ca01186b6e387894da9900d3f9689,
objects.cpp|devilution::GetRandomObjectPosition(Displacement standoff),devilution::GetRandomObjectPosition,objects.cpp,396,404,35aff7c4fee26393f30e3a2b3c60aedfda6b40ea6107f8aced539b9f2fef3f90,
"objects.cpp|devilution::InitRndLocObj5x5(int min, int max, _object_id objtype)",devilution::InitRndLocObj5x5,objects.cpp,406,415,c1dd5a25170f55b00192af1bef65eda5fc582741d40d0b060d5d7e9aea592b0d,
objects.cpp|devilution::ClrAllObjects(),devilution::ClrAllObjects,objects.cpp,417,430,582f78e5bb2599a8a1b8485ec43a02a4e635ae655b3931ab952b7f61d688b8c2,
objects.cpp|devilution::AddTortures(),devilution::AddTortures,objects.cpp,432,452,7d6a04ecd7455a82cf77abc035a848b10db42e2d36d953975a6d3fd8da124d4e,
objects.cpp|devilution::AddCandles(),devilution::AddCandles,objects.cpp,454,462,48343a43b77273e6f06b339d05cefff2d6e98cb857947f7d53640320b1ebe3b6,
"objects.cpp|devilution::AddBookLever(_object_id type, WorldTileRectangle affectedArea, _speech_id msg)",devilution::AddBookLever,objects.cpp,473,487,265d32e619671a3ff9936e42cc3d4ef1654a15e13961b2dc4ab2a8639f8c2887,
objects.cpp|devilution::InitRndBarrels(),devilution::InitRndBarrels,objects.cpp,489,540,f9b037c859f2600912fefcc1931c99e677dd3c3ad3c086aad81bdbdfd875cf0b,
objects.cpp|devilution::AddL2Torches(),devilution::AddL2Torches,objects.cpp,542,568,3e4b1b2a1e29bde425aaf9fbcdfc311c24b88d137f773cdb611633ca7e27afcb,
objects.cpp|devilution::AddObjTraps(),devilution::AddObjTraps,objects.cpp,570,619,edb38480fa2d6a6be7c41405fd668fce483ccd5731c35229e60d4d1641bc60d0,
objects.cpp|devilution::AddChestTraps(),devilution::AddChestTraps,objects.cpp,621,649,f6edfa133f38cf9e2a8f3c2605bd9cc8255034293802e3ebad3f866f2dd54b31,
"objects.cpp|devilution::LoadMapObjects(const char *path, Point start, WorldTileRectangle mapRange = {}, int leveridx = 0)",devilution::LoadMapObjects,objects.cpp,651,681,b7da02d8fddf8a9a06a8e797e890bc5b9875bf4bdd090309793f99f8513883cb,
objects.cpp|devilution::AddDiabObjs(),devilution::AddDiabObjs,objects.cpp,683,688,e19dc71121adcab4c76afa36267370fa08852e6aaabf2f02bc5a4fc67951db4c,
"objects.cpp|devilution::AddCryptObject(Object &object, int a2)",devilution::AddCryptObject,objects.cpp,690,766,7c39ce0515a30e7d0f9beb0f3243bcd1ef816555bac1c861c5576b5a9ea0acd4,
"objects.cpp|devilution::SetupObject(Object &object, Point position, _object_id ot)",devilution::SetupObject,objects.cpp,768,812,9e4afa125629f9a266bccebf3b4309643a15d6b8d9ae8669a70f10192136bec0,
"objects.cpp|devilution::AddCryptBook(_object_id ot, int v2, Point position)",devilution::AddCryptBook,objects.cpp,814,827,657dafdb6a45a4bff5c1c339f98affeb543343fe4f8a50cec5dc18de3bbce82f,
objects.cpp|devilution::AddCryptStoryBook(int s),devilution::AddCryptStoryBook,objects.cpp,829,841,6639467cc629fecb0a081cc5cb6ccb2132e4d79a32441993c9e464948554e04a,
objects.cpp|devilution::AddNakrulLever(),devilution::AddNakrulLever,objects.cpp,843,861,5fa63c47252be0f7503a8eca25c323565117a2c89656dfd43795ecedf9f38e98,
"objects.cpp|devilution::AddNakrulBook(int a1, Point position)",devilution::AddNakrulBook,objects.cpp,863,866,b975db29a0213912f4fb7d646bd7eed9c762a4f73b12dd9134f6b29520cf66bd,
objects.cpp|devilution::AddNakrulGate(),devilution::AddNakrulGate,objects.cpp,868,903,25b5967a35bd0b81b69469b9192b03acde38e5cb09e13d3f3faafa067a5fbb3b,
objects.cpp|devilution::AddStoryBooks(),devilution::AddStoryBooks,objects.cpp,905,918,fb2687c3c747297c9b89e8c558b44a0e227a08309491ed0cce350a7643d9fadf,
objects.cpp|devilution::AddHookedBodies(int freq),devilution::AddHookedBodies,objects.cpp,920,951,de140cd9e6c8693cebce22fdb0855aebc5d02cc742aeaf01d7a744e7ba4d294d,
objects.cpp|devilution::AddL4Goodies(),devilution::AddL4Goodies,objects.cpp,953,965,c72cb05127934e58d733626235cac6007c718b3625230227a4fb33801196b923,
objects.cpp|devilution::AddLazStand(),devilution::AddLazStand,objects.cpp,967,1001,b69442a07e7d6b023e6dec02e5e912b2b05ddcb1dafae855df100e4a2f54d127,
"objects.cpp|devilution::DeleteObject(int oi, int i)",devilution::DeleteObject,objects.cpp,1003,1014,ea645d1706bde43d42cd43075c2287cec2dcd0cf607a8c7e72cee1b0c76572cf,
objects.cpp|devilution::AddChest(Object &chest),devilution::AddChest,objects.cpp,1016,1050,cdfe4def68040880847fad3907803493a5108d1fad3b6b3a4b86e2dd78e18fb7,
"objects.cpp|devilution::ObjSetMicro(Point position, int pn)",devilution::ObjSetMicro,objects.cpp,1052,1055,da741bc92d40d2abd24446fedcda4f64c4634e4f5b241ad5047df18eba74ace5,
"objects.cpp|devilution::DoorSet(Point position, bool isLeftDoor)",devilution::DoorSet,objects.cpp,1057,1108,f7a72b158bbfb5ca45e938235bddfde591586bd90f31f9e0f4e40a498606fef7,
"objects.cpp|devilution::CryptDoorSet(Point position, bool isLeftDoor)",devilution::CryptDoorSet,objects.cpp,1110,1152,8eb76c87e965908df7314204287fa952d41d35b4501afcee9b90d1c665812dc1,
objects.cpp|devilution::SetDoorStateOpen(Object &door),devilution::SetDoorStateOpen,objects.cpp,1154,1200,85b43fdc98635686f0d903a0ea957eef1f5801899462444cfa60bbf80c052c1b,
objects.cpp|devilution::SetDoorStateClosed(Object &door),devilution::SetDoorStateClosed,objects.cpp,1202,1275,e1d1c06385c264917de93c15f712b51c4a982e85e3744d2979b84d86ffad8cb9,
objects.cpp|devilution::AddDoor(Object &door),devilution::AddDoor,objects.cpp,1277,1297,8a6b9a9ee8f9b21ef9ab3c762d6190aa1475c4bb43f16f843e75dee9dc31b1a5,
objects.cpp|devilution::AddSarcophagus(Object &sarcophagus),devilution::AddSarcophagus,objects.cpp,1299,1312,a7145902a643b2abe466e3ed1ad0cea58d87684c59dc71b92c676be9f0f0270c,
objects.cpp|devilution::AddFlameTrap(Object &flameTrap),devilution::AddFlameTrap,objects.cpp,1314,1320,04c2eb9e89d6d5493bdda3a557c801f0371a8cc7513ab9f0d96c5be181fb4082,
objects.cpp|devilution::AddFlameLever(Object &flameLever),devilution::AddFlameLever,objects.cpp,1322,1326,d4853459c718d7c38271420d08b3f0e1acc8fb57b392c8eabb5aa9f1ed9bca2c,
objects.cpp|devilution::AddTrap(Object &trap),devilution::AddTrap,objects.cpp,1328,1344,51c534cb4ee223ec3162ce2056cc3813cd008c8f8b1fd7121cdf2abdcc95bc00,
objects.cpp|devilution::AddObjectLight(Object &object),devilution::AddObjectLight,objects.cpp,1346,1379,87865fa41a2bda56ff40c9687f958949d4562e75d47911ea1a85b86d125f0cff,
objects.cpp|devilution::AddBarrel(Object &barrel),devilution::AddBarrel,objects.cpp,1381,1396,eb08b00c54ebb5551787b8d60d905bdd268a26f5d4cb850e76d661b8e4d77863,
objects.cpp|devilution::AddShrine(Object &shrine),devilution::AddShrine,objects.cpp,1398,1426,ccd1b937ea273ef8bb1cceba6755ab273cf6541369a1eb9e87cb4a3d809142bb,
objects.cpp|devilution::AddBookcase(Object &bookcase),devilution::AddBookcase,objects.cpp,1428,1432,7df4281def8d2bbbea12f7cca6bcdb08c3e21f6cfe0aae29facb6f2f7518f916,
objects.cpp|devilution::AddLargeFountain(Object &fountain),devilution::AddLargeFountain,objects.cpp,1434,1442,b99105606f08a05a37f17b87e686851dfacda4b0c7f4bd8b4f54cec6d5f160c9,
objects.cpp|devilution::AddArmorStand(Object &armorStand),devilution::AddArmorStand,objects.cpp,1444,1452,e0e3a973bd7e59f09d46c89224a98b169a51fec88b4d1216bbeb02f7d6da55d2,
objects.cpp|devilution::AddDecapitatedBody(Object &decapitatedBody),devilution::AddDecapitatedBody,objects.cpp,1454,1459,57e7a50acddc05ff283ce44c91e4eb44413f6fc150344fbfb708a57e36cf3d48,
objects.cpp|devilution::AddBookOfVileness(Object &bookOfVileness),devilution::AddBookOfVileness,objects.cpp,1461,1466,6e7ddcebcd976450c3078e320db25c8d516f4a7265a5237e437fb19d761a4628,
objects.cpp|devilution::AddMagicCircle(Object &magicCircle),devilution::AddMagicCircle,objects.cpp,1468,1474,5fb55889218e726a9fb4f61e9840ac500b197980512da2427ba72961df13b5fe,
objects.cpp|devilution::AddPedestalOfBlood(Object &pedestalOfBlood),devilution::AddPedestalOfBlood,objects.cpp,1476,1483,9d67c83bc4f4f8487a138607b4e6f50e75454f8cb0fe88d00a4ceb066ff2fe07,
objects.cpp|devilution::AddStoryBook(Object &storyBook),devilution::AddStoryBook,objects.cpp,1485,1499,291982cbe633d1dbcccd1939f598bddbe63f0d1db0d6eb88a22b576d7921292f,
objects.cpp|devilution::AddWeaponRack(Object &weaponRack),devilution::AddWeaponRack,objects.cpp,1501,1508,03019bc792c3abf1df86322d8ec0c44919658f20663aec72fabd837da4b9bcf7,
objects.cpp|devilution::AddTorturedBody(Object &torturedBody),devilution::AddTorturedBody,objects.cpp,1510,1515,558f95df90d078aca6746f41ed2d9c8cc3baa9e168bbf6b2372b6688b8d5fe52,
objects.cpp|devilution::GetRndObjLoc(int randarea),devilution::GetRndObjLoc,objects.cpp,1517,1541,397eb3026c9884a53398df4385797f0287567f94e651670420fcb3f3288254ec,
objects.cpp|devilution::AddMushPatch(),devilution::AddMushPatch,objects.cpp,1543,1553,8044d2da0e711415155dbb5c7079aab7abb53a641304a63250cce325bfe088bf,
"objects.cpp|devilution::IsLightVisible(Object &light, int lightRadius)",devilution::IsLightVisible,objects.cpp,1555,1575,1bef802c4de9b49c9224e174e75dce9845fbbe484d777e4f5473496412268e27,
"objects.cpp|devilution::UpdateObjectLight(Object &light, int lightRadius)",devilution::UpdateObjectLight,objects.cpp,1577,1592,9d7485a9a3cae9a0cd6cd2075cc5acc3f7b956aa46447f6a5591e2e8a8487a7c,
objects.cpp|devilution::UpdateCircle(Object &circle),devilution::UpdateCircle,objects.cpp,1594,1635,de78dc602accef28b7cb477f0ee7285b7a79ef993d739af915a67079d3296795,
objects.cpp|devilution::ObjectStopAnim(Object &object),devilution::ObjectStopAnim,objects.cpp,1637,1643,fa224806b3b987e50050976ec27f8fbc765b618a31bdba0cf8e24bbd5250b1e1,
objects.cpp|devilution::IsDoorClear(const Object &door),devilution::IsDoorClear,objects.cpp,1653,1659,68c467b4a956f299a1aaddaa7aff9a981e549f23bcad94a62c6aaa37993a7cee,
objects.cpp|devilution::UpdateDoor(Object &door),devilution::UpdateDoor,objects.cpp,1661,1668,db7c73110cb1dd3e1b493f11b67c412fbdb4911f9c3596f826092f44596875fe,
objects.cpp|devilution::UpdateSarcophagus(Object &sarcophagus),devilution::UpdateSarcophagus,objects.cpp,1670,1674,3b562ef39c200243f7b00e9513a7869613ccc086e0b9571d722be8b3907ceed2,
"objects.cpp|devilution::ActivateTrapLine(int ttype, int tid)",devilution::ActivateTrapLine,objects.cpp,1676,1687,febe1d716014ca7c5bd81f1d5d91ff73c448195c8c5efbc49010dd87d2885bf4,
objects.cpp|devilution::UpdateFlameTrap(Object &trap),devilution::UpdateFlameTrap,objects.cpp,1689,1742,d7277aa568b41f0094ed5426ff519e3cda95108a001442a85e71fb9725346f39,
objects.cpp|devilution::UpdateBurningCrossDamage(Object &cross),devilution::UpdateBurningCrossDamage,objects.cpp,1744,1764,5a9d8fed6cad617bb16b44e5ae2dbe6ba72ab0034732935dbac21a0a4e2c3bc7,
"objects.cpp|devilution::ObjSetMini(Point position, int v)",devilution::ObjSetMini,objects.cpp,1766,1776,9779c85905628957cef70fc54810914529466050993d3497a36b158cca381cbd,
"objects.cpp|devilution::ObjL1Special(int x1, int y1, int x2, int y2)",devilution::ObjL1Special,objects.cpp,1778,1817,40b23822093c9def5fd06d59e25cd49d1997b05b8fb61f763c157ec2b9a8b841,
"objects.cpp|devilution::ObjL2Special(int x1, int y1, int x2, int y2)",devilution::ObjL2Special,objects.cpp,1819,1848,07ce52354df7c72a137ce145633ecd5974fe0a36568df94ee9aab31eadffacce,
objects.cpp|devilution::OpenDoor(Object &door),devilution::OpenDoor,objects.cpp,1850,1854,719c2169cd201d33d1b4a01558b2c39120bb477629ee20109ce31d6f6af838e9,
objects.cpp|devilution::CloseDoor(Object &door),devilution::CloseDoor,objects.cpp,1856,1860,a35cacdde27de42a5646480e56b210716f1171e54291362f9b4cdadf761c3bee,
"objects.cpp|devilution::OperateDoor(Object &door, bool sendflag)",devilution::OperateDoor,objects.cpp,1862,1885,13c7224978306cb936f3f461b8ebcaef996a70fdefb9678f6ead4ba2a400d3ec,
objects.cpp|devilution::AreAllLeversActivated(int leverId),devilution::AreAllLeversActivated,objects.cpp,1887,1898,0e537bacde48cd9b66f03971e90528cd0a393a1b8aaa951c84c8ca3b69bc35cd,
objects.cpp|devilution::UpdateLeverState(Object &object),devilution::UpdateLeverState,objects.cpp,1900,1922,1a190b118622bd752a3a4e603319903e8b45b91d2c7d3534f76a97f36bb19f31,
"objects.cpp|devilution::OperateLever(Object &object, bool sendmsg)",devilution::OperateLever,objects.cpp,1924,1942,1f52c260c3e82216b6d7398cbf4019a6c98b49a785ad6a32cc143cde919957cf,
"objects.cpp|devilution::OperateBook(Player &player, Object &book, bool sendmsg)",devilution::OperateBook,objects.cpp,1944,2024,16fc2590b4c971e79b3852623b080db43743a9c5af457d77b52cd51d3ffa8dc4,
"objects.cpp|devilution::OperateBookLever(Object &questBook, bool sendmsg)",devilution::OperateBookLever,objects.cpp,2026,2069,7a1275264ea3d9736706a454bbb69426cfb26a384a78fababcf99f54e204cefc,
"objects.cpp|devilution::OperateChamberOfBoneBook(Object &questBook, bool sendmsg)",devilution::OperateChamberOfBoneBook,objects.cpp,2071,2116,4357552826907b3fc40563201d6962f45f1a7bcb704a18bf4ca18c657cc3ce83,
"objects.cpp|devilution::OperateChest(const Player &player, Object &chest, bool sendLootMsg)",devilution::OperateChest,objects.cpp,2118,2170,4d40314b9c424ca5cd62df9c14acf00b0323bf3599203cc17f9c353f65f58c0f,
"objects.cpp|devilution::OperateMushroomPatch(const Player &player, Object &mushroomPatch)",devilution::OperateMushroomPatch,objects.cpp,2172,2201,d21e920aef8f7dfdba41285dffecd3dfd4b671183653bb578555c29dec62774c,
"objects.cpp|devilution::OperateInnSignChest(const Player &player, Object &questContainer, bool sendmsg)",devilution::OperateInnSignChest,objects.cpp,2203,2230,cf9308c730f6a55458cbe1b4d322d854796470eaead97143f751677cee8945cd,
"objects.cpp|devilution::OperateSlainHero(const Player &player, Object &corpse, bool sendmsg)",devilution::OperateSlainHero,objects.cpp,2232,2257,76592e26ec1d28cb7a7719028e19c67b5128229e6c0b960d17582176845adfd9,
objects.cpp|devilution::OperateTrapLever(Object &flameLever),devilution::OperateTrapLever,objects.cpp,2259,2285,a0f6f6cbdb9bee74ff128db25884666db6a631ee2f9800c34bc017e788658783,
"objects.cpp|devilution::OperateSarcophagus(Object &sarcophagus, bool sendMsg, bool sendLootMsg)",devilution::OperateSarcophagus,objects.cpp,2287,2304,bab393227c60ad2803e1f9e2ab811c3382d9f953c439a6ab16bcf797a8e36646,
"objects.cpp|devilution::OperatePedestal(Player &player, Object &pedestal, bool sendmsg)",devilution::OperatePedestal,objects.cpp,2306,2347,1660b0f4d4388908bcd9d74a088e6a4ff80678e08f728cda4f4c9dd646c390aa,
objects.cpp|devilution::OperateShrineMysterious(Player &player),devilution::OperateShrineMysterious,objects.cpp,2349,2379,c7d94a470d42f00f74eab3277e66061100b9db8a59f9a827795b25e73bc229b7,
objects.cpp|devilution::OperateShrineHidden(Player &player),devilution::OperateShrineHidden,objects.cpp,2381,2426,61ed8811bccebc23c7828d70a15e6672ddaa8eea61ac3e3abc010d05e7e037cc,
objects.cpp|devilution::OperateShrineGloomy(Player &player),devilution::OperateShrineGloomy,objects.cpp,2428,2460,60701e64e16b57e15fb4357a3cfdce96a73d8718142654d99755607c912dca02,
objects.cpp|devilution::OperateShrineWeird(Player &player),devilution::OperateShrineWeird,objects.cpp,2462,2489,423a792adb6a7ef11e04503c5dccef713afb947c62c43cde4c9a3b5263343ac7,
objects.cpp|devilution::OperateShrineMagical(const Player &player),devilution::OperateShrineMagical,objects.cpp,2491,2507,8b76b32b9036256d10fa99af171d97caa2b29f80939bde57cdaac4395208d477,
objects.cpp|devilution::OperateShrineStone(Player &player),devilution::OperateShrineStone,objects.cpp,2509,2524,0b05cc30b86c05ff640dfb7e7a9c8ca8ef097923856179407ca9e5129d41c47a,
objects.cpp|devilution::OperateShrineReligious(Player &player),devilution::OperateShrineReligious,objects.cpp,2526,2536,11e83cbd196e4db74d7163038c0be7292992a16a14ab822e615f8ef3a1b79042,
objects.cpp|devilution::OperateShrineEnchanted(Player &player),devilution::OperateShrineEnchanted,objects.cpp,2538,2585,19c3be0ba0d55a6c3aae44e7f6c5d054ba630638e6d0abeb6f9a89aea095363d,
objects.cpp|devilution::OperateShrineThaumaturgic(const Player &player),devilution::OperateShrineThaumaturgic,objects.cpp,2587,2602,14606163d5c1fb2a19249fb1af0259d03689a51506775b6230707a28e7caeac3,
"objects.cpp|devilution::OperateShrineCostOfWisdom(Player &player, SpellID spellId, diablo_message message)",devilution::OperateShrineCostOfWisdom,objects.cpp,2604,2646,b900c2b0cc289c7c5cae9414e3f420e18ee2439164ba581324464adffd3e9755,
objects.cpp|devilution::OperateShrineCryptic(Player &player),devilution::OperateShrineCryptic,objects.cpp,2648,2669,f22efa676af660ec4165a476de21c0d9e9ca95293beed8b61a9c6b7d0275ab79,
objects.cpp|devilution::OperateShrineEldritch(Player &player),devilution::OperateShrineEldritch,objects.cpp,2671,2702,f07c4c4c246ea57e8235ebdbcb63ee4ca209980a25f4a260a36d4875d1acbf4c,
objects.cpp|devilution::OperateShrineEerie(Player &player),devilution::OperateShrineEerie,objects.cpp,2704,2715,a36a90fb064e3524f8b2b62736d93564739697995bb1eaa7cf22529993c70a54,
"objects.cpp|devilution::OperateShrineDivine(Player &player, Point spawnPosition)",devilution::OperateShrineDivine,objects.cpp,2723,2744,c975ca5a9ff3da8f4a7471d3bacd0c60b2e0fa20a21e5c61d20eedfce34245d2,
objects.cpp|devilution::OperateShrineHoly(const Player &player),devilution::OperateShrineHoly,objects.cpp,2746,2754,2b74663b249a8a859006da207e88b84880e5cdc2c148ec943da67ac706cada73,
objects.cpp|devilution::OperateShrineSpiritual(Player &player),devilution::OperateShrineSpiritual,objects.cpp,2756,2773,3d37fe0e204f12c0fd042d102e8d05e7d41ac84901f6d105a7ea3640751f295a,
objects.cpp|devilution::OperateShrineSpooky(const Player &player),devilution::OperateShrineSpooky,objects.cpp,2775,2792,7ba073d032d445ec40044a37474e43479494161c203cda00fe38171a850aee61,
objects.cpp|devilution::OperateShrineAbandoned(Player &player),devilution::OperateShrineAbandoned,objects.cpp,2794,2805,32966c64948e686891dc98c9ca33b63456f4241b9fa9896e47e18827039d71bc,
objects.cpp|devilution::OperateShrineCreepy(Player &player),devilution::OperateShrineCreepy,objects.cpp,2807,2818,89d88a7705c00b5144a942afeeb84602f6b1b945e1f30c8cd0b64b38104c29bf,
objects.cpp|devilution::OperateShrineQuiet(Player &player),devilution::OperateShrineQuiet,objects.cpp,2820,2831,14d2267324e96dc1139581aef35d33281e407b2a5cc7ee261f35bc4bab26b9a6,
objects.cpp|devilution::OperateShrineSecluded(const Player &player),devilution::OperateShrineSecluded,objects.cpp,2833,2843,1c208d6b92c2d533964c49e9e20b920985421d3d585c7bf6f05959ddde240da5,
objects.cpp|devilution::OperateShrineGlimmering(Player &player),devilution::OperateShrineGlimmering,objects.cpp,2845,2860,50c81d52718aa46eaf7dbe0b4e02043d3279122309f32e2bc2a7768330ca6e94,
objects.cpp|devilution::OperateShrineTainted(const Player &player),devilution::OperateShrineTainted,objects.cpp,2862,2888,1f99cff1a4541af6e937be7e9866da7796117460c0fa01d65ea39a02eab23ec4,
"objects.cpp|devilution::OperateShrineOily(Player &player, Point spawnPosition)",devilution::OperateShrineOily,objects.cpp,2896,2939,45a9233ff65a86668034b06e9e967904f1f7829ffe7ceca62056d1d5d703f4e8,
objects.cpp|devilution::OperateShrineGlowing(Player &player),devilution::OperateShrineGlowing,objects.cpp,2941,2959,d3e95cc1a9bcbcc08b908027ba70a85ccadcca8f3db2817140e95d35bb1b91d9,
objects.cpp|devilution::OperateShrineMendicant(Player &player),devilution::OperateShrineMendicant,objects.cpp,2961,2973,9483b4800fabe124b2c46a18f339c751a6ef9cd8e7c4a7c8142f684f39224952,
"objects.cpp|devilution::OperateShrineSparkling(Player &player, Point spawnPosition)",devilution::OperateShrineSparkling,objects.cpp,2980,3000,d6d92a702b4ecbf76d53b4c6b171ff399eb5c6ccbc7785489aa9dc81d4eb1d15,
"objects.cpp|devilution::OperateShrineTown(const Player &player, Point spawnPosition)",devilution::OperateShrineTown,objects.cpp,3007,3023,be47939186476d5c9ce3802090a60a0a1d389052ff2050d425623336e9c4fd72,
objects.cpp|devilution::OperateShrineShimmering(Player &player),devilution::OperateShrineShimmering,objects.cpp,3025,3036,38922005586d246635dda2ec1a6adc4205f8dc55498f21c37c05559e350d9a83,
objects.cpp|devilution::OperateShrineSolar(Player &player),devilution::OperateShrineSolar,objects.cpp,3038,3063,c9a9adb678d03b0e3eaed15ccdf4e65a2cabcd1b1801cc25b0d3584616313066,
objects.cpp|devilution::OperateShrineMurphys(Player &player),devilution::OperateShrineMurphys,objects.cpp,3065,3087,b2ce4b9da69b1c1b0dee14740bd14b0f0b56ad1f575d919af54cb1cece0257c7,
"objects.cpp|devilution::OperateShrine(Player &player, Object &shrine, _sfx_id sType)",devilution::OperateShrine,objects.cpp,3089,3211,e53b21f46114652664297e82797ddd6efdcf517d5448c3e9cdbbb552afa6644f,
"objects.cpp|devilution::OperateBookStand(Object &bookStand, bool sendmsg, bool sendLootMsg)",devilution::OperateBookStand,objects.cpp,3213,3229,ccec11339ed16dda4e7a7c960b48b827bbbe2518803575110d299205fe383bd8,
"objects.cpp|devilution::OperateBookcase(Object &bookcase, bool sendmsg, bool sendLootMsg)",devilution::OperateBookcase,objects.cpp,3231,3258,27d45c2f7140ef40eff41edcd0a5cbed15b58a5c4ecfb820d9fb68353e750e62,
"objects.cpp|devilution::OperateDecapitatedBody(Object &corpse, bool sendmsg, bool sendLootMsg)",devilution::OperateDecapitatedBody,objects.cpp,3260,3270,7c9353603ec69d2fa241bb8cdb9ab59d8e47ce3cb4103a43cd673bd10a60e3dc,
"objects.cpp|devilution::OperateArmorStand(Object &armorStand, bool sendmsg, bool sendLootMsg)",devilution::OperateArmorStand,objects.cpp,3272,3292,729a6ec0d626e4220a4e36c8704090b19caacd0f0f1592c53700e1019248a9fc,
objects.cpp|devilution::FindValidShrine(),devilution::FindValidShrine,objects.cpp,3294,3306,a99bb3027f65a87c50d980399ad509da380d9685a8cf63bde8ad9a8c4afcc121,
"objects.cpp|devilution::OperateGoatShrine(Player &player, Object &object, _sfx_id sType)",devilution::OperateGoatShrine,objects.cpp,3308,3315,f7f6efac7c9c2cdf7bd48b9ec02e35ed62a7407f5403fa4552692bab1aea0daf,
"objects.cpp|devilution::OperateCauldron(Player &player, Object &object, _sfx_id sType)",devilution::OperateCauldron,objects.cpp,3317,3325,e01837878a28634f97f3d753a5f12e214740ce570ccd438a95af7341eb682b96,
"objects.cpp|devilution::OperateFountains(Player &player, Object &fountain)",devilution::OperateFountains,objects.cpp,3327,3425,4f53d1632186c5b56da5356548e294216bc8e446ce5c7ab0546553ab232a7f3f,
"objects.cpp|devilution::OperateWeaponRack(Object &weaponRack, bool sendmsg, bool sendLootMsg)",devilution::OperateWeaponRack,objects.cpp,3427,3442,7a8e41ec159c648bfb5c4300d677df9e0bba378ec7fd71f74576b0d411a2a7f3,
objects.cpp|devilution::OperateNakrulBook(int s),devilution::OperateNakrulBook,objects.cpp,3455,3475,40b2efb025f87cfaf473719809c5e7b3d6720d67d987509a2a93252077283ec5,
objects.cpp|devilution::OperateStoryBook(Object &storyBook),devilution::OperateStoryBook,objects.cpp,3477,3498,a9385626c20b6f8ac1c984eb8f5ce3074753ff66e2a5dbd1869a0d2dfca38aa7,
objects.cpp|devilution::OperateLazStand(Object &stand),devilution::OperateLazStand,objects.cpp,3500,3515,4c6512626b44fc604da8d0183088cfabf7ce1d4f0d3380eb95eab6b47864bdea,
objects.cpp|devilution::AreAllCruxesOfTypeBroken(int cruxType),devilution::AreAllCruxesOfTypeBroken,objects.cpp,3526,3539,f30b308ba7a6c7a9acdac6fa2314875983f38dd5b017482bc79f54d36f266e23,
"objects.cpp|devilution::BreakCrux(Object &crux, bool sendmsg)",devilution::BreakCrux,objects.cpp,3541,3562,622e2bc1b5cbcdb167185d3742b9db719a03a494c8f5d3840322f449ac053cf9,
"objects.cpp|devilution::BreakBarrel(const Player &player, Object &barrel, bool forcebreak, bool sendmsg)",devilution::BreakBarrel,objects.cpp,3564,3625,d805e632d685691983aaec90b6c0a06b57150f3407b8777754244b9c6fa787ed,
objects.cpp|devilution::SyncCrux(const Object &crux),devilution::SyncCrux,objects.cpp,3627,3631,f2a3b8e61b30c0596c0ebc31433a48c8d2d42dfbf77985bb9dd321f18f860b64,
objects.cpp|devilution::SyncLever(const Object &lever),devilution::SyncLever,objects.cpp,3633,3642,ab120b274a5c7bc62305803785470e08ec36629b58c3291a8741083f8574fd05,
objects.cpp|devilution::SyncQSTLever(const Object &qstLever),devilution::SyncQSTLever,objects.cpp,3644,3656,369f51c78271fc9adcfbabd1178b1c8799d10990014309bbe8e5d3784902ac69,
objects.cpp|devilution::SyncPedestal(const Object &pedestal),devilution::SyncPedestal,objects.cpp,3658,3670,02d566371cc8bb42301fd4fb3a2f1c0258047d2166c876295cedb145c3f6cbd5,
objects.cpp|devilution::UpdatePedestalState(Object &pedestal),devilution::UpdatePedestalState,objects.cpp,3672,3680,79ed1c2b743ae8f1226cc0df246b0c4d9d99850085759e20a56135cf53a767a5,
objects.cpp|devilution::SyncDoor(Object &door),devilution::SyncDoor,objects.cpp,3682,3689,5c74303e51d997456483eb52e73b050506dbd7101c6caf05e9658f1480864a03,
"objects.cpp|devilution::ResyncDoors(WorldTilePosition p1, WorldTilePosition p2, bool sendmsg)",devilution::ResyncDoors,objects.cpp,3691,3708,6eca53b1d3165e7db261c9a084ae10b5f68a7d80636b20236c9828104248db7d,
"objects.cpp|devilution::UpdateState(Object &object, int frame)",devilution::UpdateState,objects.cpp,3710,3719,aa67de24bdab0f04aa704d83553b003105c0efb875871c33e0583d9f78f18663,
objects.cpp|devilution::Object::GetId(),devilution::Object::GetId,objects.cpp,3723,3726,1a89e17a25930d8d7d722f9c4eb2afea2dd09a0370e2e4969d71d6078935a623,
objects.cpp|devilution::Object::IsDisabled(),devilution::Object::IsDisabled,objects.cpp,3728,3740,7c4740d5b4206e7656c114ce361ca2b257c3aa95c9397b8afdc31f79d0832369,
"objects.cpp|devilution::FindObjectAtPosition(Point position, bool considerLargeObjects)",devilution::FindObjectAtPosition,objects.cpp,3742,3756,6bea8d30b3b485636fa056ecae9d21df61edd088cd1c774e29f64f196ea9cbea,
objects.cpp|devilution::IsItemBlockingObjectAtPosition(Point position),devilution::IsItemBlockingObjectAtPosition,objects.cpp,3758,3782,cb86707cdda7a59e692a70010aec53af923b2a22350f1bb7f859f9ad7336f161,
objects.cpp|devilution::LoadLevelObjects(uint16_t filesWidths[65]),devilution::LoadLevelObjects,objects.cpp,3784,3806,cfe5aba450474255614ca549da5be34122c5e9a928a594e59d2e76119048e5fb,
objects.cpp|devilution::InitObjectGFX(),devilution::InitObjectGFX,objects.cpp,3808,3839,8df0083bc51e85d62bbd9cb07cb47aa41707a9dd6378f29443c9a22dc9831079,
objects.cpp|devilution::FreeObjectGFX(),devilution::FreeObjectGFX,objects.cpp,3841,3847,39f3f2da4e30906a1959d6d65c1ef7a680210b8878b3e654f31f9fe81b7ebc03,
"objects.cpp|devilution::AddL1Objs(int x1, int y1, int x2, int y2)",devilution::AddL1Objs,objects.cpp,3849,3862,a5930c7ef38b398e9291f0f06611fe4eb0dac0787af4a81f5c1e0bd540d0457e,
"objects.cpp|devilution::AddL2Objs(int x1, int y1, int x2, int y2)",devilution::AddL2Objs,objects.cpp,3864,3875,91ea84a491536bd19f41b82a52bd3a5b7bac006b6722970d812ed1466fec0f6c,
"objects.cpp|devilution::AddL3Objs(int x1, int y1, int x2, int y2)",devilution::AddL3Objs,objects.cpp,3877,3888,90b6fadaffd8181d2cecbcd9f04ddd26725ad2ed0a59b5f917687ec14f291086,
"objects.cpp|devilution::AddCryptObjects(int x1, int y1, int x2, int y2)",devilution::AddCryptObjects,objects.cpp,3890,3901,1b6fc7bdf374baab2ca4d7f61fa66bd29dc77bc0bd6f792405dff3f1ddabe9d4,
objects.cpp|devilution::AddSlainHero(),devilution::AddSlainHero,objects.cpp,3903,3907,956d69f9cbd7a71767ca8bbf518fdea1f0a62e44f32c8a63d4310188dec4ce5e,
objects.cpp|devilution::InitObjects(),devilution::InitObjects,objects.cpp,3909,4060,fbe1158bc0709d6596273dd499a463cfbe873508ccf4761d0bfce8ff60ed1be7,
"objects.cpp|devilution::SetMapObjects(const uint16_t *dunData, int startx, int starty)",devilution::SetMapObjects,objects.cpp,4062,4099,96f0386ea3f88497a9dc586ab0d1da843908dbd1948cc98a22b258ea5edb3ed8,
"objects.cpp|devilution::AddObject(_object_id objType, Point objPos)",devilution::AddObject,objects.cpp,4101,4228,cb7f5613909187da0fdd1aac092b373ce810e7c563cc39a7a750ffbd3521f087,
objects.cpp|devilution::UpdateTrapState(Object &trap),devilution::UpdateTrapState,objects.cpp,4230,4266,8dd224ccc20edd21651bcded63020b0e7d9c0438f96efb84b6be611726514d32,
objects.cpp|devilution::OperateTrap(Object &trap),devilution::OperateTrap,objects.cpp,4268,4288,b483d714798b7562f4af1383436395a55bb6af6d2f96a2c610927976710c4e72,
objects.cpp|devilution::ProcessObjects(),devilution::ProcessObjects,objects.cpp,4290,4380,b3672389ac87f600f0ff102c8cebae3009cb9aa6cb08b50ef5b5e7414517e8d2,
objects.cpp|devilution::RedoPlayerVision(),devilution::RedoPlayerVision,objects.cpp,4382,4389,1662878dfd2ed562fff25f3d6030592329b27616331f8de40e0287b610d60d62,0x14009e830
objects.cpp|devilution::MonstCheckDoors(const Monster &monster),devilution::MonstCheckDoors,objects.cpp,4391,4405,c832731f3781e8c6d3ead2f16c1c3867e8692cbbceaed709639d42ec49044726,
"objects.cpp|devilution::ObjChangeMap(int x1, int y1, int x2, int y2)",devilution::ObjChangeMap,objects.cpp,4407,4435,90cde1ca8c9b4497448bb3dcfaacd08d615c20437adeeb8c162d95111b6d1447,
"objects.cpp|devilution::ObjChangeMapResync(int x1, int y1, int x2, int y2)",devilution::ObjChangeMapResync,objects.cpp,4437,4457,2c1aa5cfbf7e18440777c9d31ee8fba3831a866a367098ef89885e624119dfc1,
objects.cpp|devilution::ItemMiscIdIdx(item_misc_id imiscid),devilution::ItemMiscIdIdx,objects.cpp,4459,4467,a3265b35f866f4fac78ae6dd0def9c9f8da6f81f6e8513aad0164e88f5879ca6,
"objects.cpp|devilution::OperateObject(Player &player, Object &object)",devilution::OperateObject,objects.cpp,4469,4578,11f4fd1fc2c604e7d9c92a7cd35cbbc10ad2c5252bc1d3d32d9903fceda3e2d8,
objects.cpp|devilution::DeltaSyncOpObject(Object &object),devilution::DeltaSyncOpObject,objects.cpp,4580,4663,e3f9ba1ffce0eb70ef468370b4e8033163c42ab94218e9165bd50f4483437bea,
objects.cpp|devilution::DeltaSyncCloseObj(Object &object),devilution::DeltaSyncCloseObj,objects.cpp,4665,4670,9a0cfe929699e2d4a3cbcd694699ff5dce4b9a4e94f8abbf2e7e1d67daac84c1,
"objects.cpp|devilution::SyncOpObject(Player &player, int cmd, Object &object)",devilution::SyncOpObject,objects.cpp,4672,4780,592a1bddeee6c582de7f98687208f16a4851bbf2514ebddc777f37ca99e3b8c5,
"objects.cpp|devilution::BreakObjectMissile(const Player *player, Object &object)",devilution::BreakObjectMissile,objects.cpp,4782,4786,be48bf86756dbcda5ad00aaa972e7f07a2559fb67175cca701f174d49f5163fb,
"objects.cpp|devilution::BreakObject(const Player &player, Object &object)",devilution::BreakObject,objects.cpp,4787,4794,41abe8a8bc8ab1a035fd16ebf10248785ef3d1d3332a66877ca241991eaec333,
objects.cpp|devilution::DeltaSyncBreakObj(Object &object),devilution::DeltaSyncBreakObj,objects.cpp,4796,4813,7453f0665b55672407158745e24faf43d98f28bbaed85e40d5f6f618dce2ff11,
"objects.cpp|devilution::SyncBreakObj(const Player &player, Object &object)",devilution::SyncBreakObj,objects.cpp,4815,4822,a788b2c72a99eac5c21ce1287ea5771dd6365129e4a72015d19b19e725e34d0d,
objects.cpp|devilution::SyncObjectAnim(Object &object),devilution::SyncObjectAnim,objects.cpp,4824,4877,639f1f084731a5922305e45c73522da34e9203f6c59221495c8cb5d7a127583d,
objects.cpp|devilution::Object::name(),devilution::Object::name,objects.cpp,4879,4994,307079e382eb5283231939cb6cff985e990b88a941f787fd422032e70f123810,
objects.cpp|devilution::GetObjectStr(const Object &object),devilution::GetObjectStr,objects.cpp,4996,5009,f04064604ad879c74ce60d20479e7336c9c4c6d167dcb1aeaf20545d5e4c374c,
objects.cpp|devilution::SyncNakrulRoom(),devilution::SyncNakrulRoom,objects.cpp,5011,5017,6e6ea4c45c886bf5a49ed78dd12cfde4e6afebfea7e37b4933c8818cb1269619,
"objects.h|devilution::Object::SetMapRange(WorldTilePosition topLeftPosition, WorldTilePosition bottomRightPosition)",devilution::Object::SetMapRange,objects.h,88,94,89faf45fea654dbd6754fc143be07dabb10a97d4b9c918405335f239f130a9f1,
objects.h|devilution::Object::SetMapRange(WorldTileRectangle mapRange),devilution::Object::SetMapRange,objects.h,100,103,84af289bcdb84ad941789acbbb622b5ad5ac2f972d5a7a83a5c2358b3aef32e2,
objects.h|devilution::Object::InitializeBook(WorldTileRectangle mapRange),devilution::Object::InitializeBook,objects.h,113,117,da022d7501819a2002ecb4c3fdfcb6d8f42c1f7061f58dcccbc603c6a416e35b,
"objects.h|devilution::Object::InitializeQuestBook(WorldTileRectangle mapRange, int leverID, _speech_id message)",devilution::Object::InitializeQuestBook,objects.h,125,130,9c8391a3079302d5873e448fdcd2e6f858a77e600c6f79f2ef53b90fd418b55c,
"objects.h|devilution::Object::InitializeLoadedObject(WorldTileRectangle mapRange, int leverID)",devilution::Object::InitializeLoadedObject,objects.h,137,141,8f6de8eac3c0868bcc7e0c1fedaad6086efcc64cb1f0e55052a755ec9a444dc9,
objects.h|devilution::Object::IsBreakable(),devilution::Object::IsBreakable,objects.h,147,150,c5e43b7807ec796cbf44dc477d470c5f2eaa48feb436f7c4cfa3be369364fda6,
objects.h|devilution::Object::IsBroken(),devilution::Object::IsBroken,objects.h,156,159,38740a1b2425fc6b6833665a0b603ddececebcd9f519167f246b92038b29d9b5,
objects.h|devilution::Object::IsBarrel(),devilution::Object::IsBarrel,objects.h,170,173,ad278960c9b13fb3ca57583a93a7aaced06b03243586ee6e734dc60822a782f7,
objects.h|devilution::Object::isExplosive(),devilution::Object::isExplosive,objects.h,178,181,3184a32043cb621f2666c18789acb082f45f38b8bf57a474c5ad6a3b9960e399,
objects.h|devilution::Object::IsChest(),devilution::Object::IsChest,objects.h,192,195,2832eeb05261d9f5bd2d6f4c68693e63b1c046c776f4ea3f3d684c9bbf6ae605,
objects.h|devilution::Object::IsTrappedChest(),devilution::Object::IsTrappedChest,objects.h,201,204,b166cc55b5f367931ae5b4b51b32d6ccead05bfca76d71de323aa4c5e22dd44a,
objects.h|devilution::Object::IsUntrappedChest(),devilution::Object::IsUntrappedChest,objects.h,210,213,851c85e311d537566c4f1dfa4f6ae91e9bf96c008cea6d705651167b946d2087,
objects.h|devilution::Object::IsCrux(),devilution::Object::IsCrux,objects.h,219,222,0fc6549a73db3c8cd103ea8226e34dd7dad0d7baa59a650e43f00a3cbb2fbbba,
objects.h|devilution::Object::isDoor(),devilution::Object::isDoor,objects.h,228,231,e12cd73efc2d3b21aa892e9b75381cfe73bfcb06b2a005a3e768660ea8d55aa5,
objects.h|devilution::Object::IsShrine(),devilution::Object::IsShrine,objects.h,237,240,55478a23da35093d19483da80497ffb1a1c18261ea7434a613981e349a26ca7c,
objects.h|devilution::Object::IsTrap(),devilution::Object::IsTrap,objects.h,246,249,2efdd609d8928707eeffe96dc022c05ade840771cfeae777b01c60d440e1a916,
objects.h|devilution::IsObjectAtPosition(Point position),devilution::IsObjectAtPosition,objects.h,279,282,df5205688c008a676bcfc4dab73a6b2f02e730efa167b11a6ce995424ef52bc1,
objects.h|devilution::ObjectAtPosition(Point position),devilution::ObjectAtPosition,objects.h,291,294,f5d485084297d83f72a71866b1e6834be6dd11699bcd048624ccf88fb3432388,
options.cpp|devilution::GetIniPath(),devilution::GetIniPath,options.cpp,81,85,2054ae8ccb9d139ba3eff5694492de9b35f0d3178df3cbbb6f4080ea91cefd88,0x1400a40d0
options.cpp|devilution::GetIni(),devilution::GetIni,options.cpp,87,103,d5e3be722537d8de2cf9ab98e24733d239a95565df24586c03286d4f3f6794fe,
"options.cpp|devilution::IniChangedChecker::IniChangedChecker(const char *sectionName, const char *keyName)",devilution::IniChangedChecker::IniChangedChecker,options.cpp,112,121,8462665995b587110bcbb96b28f02edf787a7bf9cc74a38c45f3e65e67d2bdbe,
options.cpp|devilution::IniChangedChecker::~IniChangedChecker(),devilution::IniChangedChecker::~IniChangedChecker,options.cpp,122,127,c8235acb70834979e1b1fb9b23c03cf7f117d71d7b2fd338670f33f874d572bc,
options.cpp|devilution::IniChangedChecker::GetValue(),devilution::IniChangedChecker::GetValue,options.cpp,130,142,5914c8d1222897da1da33a61cf85b2dcae84e91b138a466c0ff26dc7dc53f61e,
"options.cpp|devilution::GetIniInt(const char *keyname, const char *valuename, int defaultValue)",devilution::GetIniInt,options.cpp,149,152,c65b380eb61c2b80cef01089f9e808157649f98b7bc3484fce6fa4e7c4ed9e11,
"options.cpp|devilution::GetIniBool(const char *sectionName, const char *keyName, bool defaultValue)",devilution::GetIniBool,options.cpp,154,157,402f9a0258dfb0c9b63e7842e0e5c9689b8955660736c52e2378027db4d2c3fd,
"options.cpp|devilution::GetIniFloat(const char *sectionName, const char *keyName, float defaultValue)",devilution::GetIniFloat,options.cpp,159,162,641443f52b719aed3503d38f329866a51397e0b888026150bafb5dfcbbf354aa,
"options.cpp|devilution::GetIniValue(string_view sectionName, string_view keyName, char *string, int stringSize, const char *defaultString = """")",devilution::GetIniValue,options.cpp,164,175,c7f5364523feddc45d72eab4bd74e48383b05a50179c1488127978ff2d8d5db0,
"options.cpp|devilution::GetIniStringVector(const char *sectionName, const char *keyName, std::vector<std::string> &stringValues)",devilution::GetIniStringVector,options.cpp,177,187,49cf1a988bd0a2a4d5e201ac30b0caaf45559c9d3b36b4c3a90e960dfdfba739,
"options.cpp|devilution::SetIniValue(const char *keyname, const char *valuename, int value)",devilution::SetIniValue,options.cpp,189,193,da5f346fbb66c27a0144048cd830fa7a87a88f40a722e02d7ce495dd2a4d7dd7,
"options.cpp|devilution::SetIniValue(const char *keyname, const char *valuename, bool value)",devilution::SetIniValue,options.cpp,195,199,5282e646fe51821a215890a29815714707dc51d557fa4827941d61c9b54bd664,
"options.cpp|devilution::SetIniValue(const char *keyname, const char *valuename, float value)",devilution::SetIniValue,options.cpp,201,205,4b28680d0db9bd60cbc5bb96c8ad6f9dae9b38631293ab3bafc30cbdfc9aa72c,
"options.cpp|devilution::SetIniValue(const char *sectionName, const char *keyName, const char *value)",devilution::SetIniValue,options.cpp,207,212,5f84b79c7b87e6b2cdc41c9c7f546c9e5c5b3936086fe844c002623acac7246b,
"options.cpp|devilution::SetIniValue(string_view sectionName, string_view keyName, string_view value)",devilution::SetIniValue,options.cpp,214,220,cc0663d752ee95af6599c6370d1ffc969daf6ac97c27de84c132a1f2591f346b,
"options.cpp|devilution::SetIniValue(const char *keyname, const char *valuename, const std::vector<std::string> &stringValues)",devilution::SetIniValue,options.cpp,222,232,6ae8a5b2d137b3fe90360c43ba996f3d2d66762bce64ee9d84abde59e10c71d6,
options.cpp|devilution::SaveIni(),devilution::SaveIni,options.cpp,234,248,dda39c0fc462eb84c8f797d9ff6a58dc2b3963d6e50a1aca50de4a5d4494dc29,
options.cpp|devilution::HardwareCursorDefault(),devilution::HardwareCursorDefault,options.cpp,251,259,9472d6393ee923980b7ef2999b9a9e0c00b6040551f8902e89aad7b8afa8cb6f,
options.cpp|devilution::OptionGrabInputChanged(),devilution::OptionGrabInputChanged,options.cpp,262,270,fc8fdd1ca9bb019f2496cb1d9238c37627a1b983ac8e01723591f1fa887dc205,
options.cpp|devilution::OptionExperienceBarChanged(),devilution::OptionExperienceBarChanged,options.cpp,272,280,17c55eeba17738b6e57c3e5f90c67d47ecbdcc96e1e7c6057297528c0c7284bc,
options.cpp|devilution::OptionEnemyHealthBarChanged(),devilution::OptionEnemyHealthBarChanged,options.cpp,282,290,91bbe4936eaba59b204f33b920aae3948f5431eb52da7b16da385e4c2195bbcf,
options.cpp|devilution::ResizeWindowAndUpdateResolutionOptions(),devilution::ResizeWindowAndUpdateResolutionOptions,options.cpp,293,299,e7e11fbedbdee603894ec2bc3364d7607eaf77e308c253173c655fc12ad92052,
options.cpp|devilution::OptionShowFPSChanged(),devilution::OptionShowFPSChanged,options.cpp,302,308,9a3411681b5d6832d2a92471e7d120ca6c45ff39fc6f0a934eb8cee132a60ced,
options.cpp|devilution::OptionLanguageCodeChanged(),devilution::OptionLanguageCodeChanged,options.cpp,310,314,9f74953f19d87826a0cda4cbf79545df9dbf3766f5297da2e5f6d9b0080a463b,
options.cpp|devilution::OptionGameModeChanged(),devilution::OptionGameModeChanged,options.cpp,316,320,b62c7523f8f49d49ce95dea795e7b2c3dbceb62fd059752f266f09404b644ccf,
options.cpp|devilution::OptionSharewareChanged(),devilution::OptionSharewareChanged,options.cpp,322,325,82f445edd35945b47304c105499227db32e87f04551a47e20dbfc5d786cc3cab,
options.cpp|devilution::OptionAudioChanged(),devilution::OptionAudioChanged,options.cpp,327,338,4a103a3547149375d4c81b71964053f89edc86bf31b8c9ab2926295bdea21c87,
options.cpp|devilution::HardwareCursorSupported(),devilution::HardwareCursorSupported,options.cpp,346,355,946f2844a6113ffdc2994b7f549332ef986505e764a3e5ee5fd8a2bc69e6f107,
options.cpp|devilution::LoadOptions(),devilution::LoadOptions,options.cpp,358,383,7142205146c5c78b406e227fb89c7762566fc1d944c4ae7619faa713dc2937ac,
options.cpp|devilution::SaveOptions(),devilution::SaveOptions,options.cpp,385,412,9f04e13d75389819082d026a59b017a657e0734415067607ddcce41c0910f029,
options.cpp|devilution::OptionEntryBase::GetName(),devilution::OptionEntryBase::GetName,options.cpp,414,417,7e3ac1c89d018279e8094c58d218205b79b8fbf19e23012056608c55a7a1e4cc,
options.cpp|devilution::OptionEntryBase::GetDescription(),devilution::OptionEntryBase::GetDescription,options.cpp,418,421,03214a301d529b961ee329d312e5504ef3a1e34bd5dcf6381574156ad7c068e6,
options.cpp|devilution::OptionEntryBase::GetFlags(),devilution::OptionEntryBase::GetFlags,options.cpp,422,425,b34a256c6f688f2eefccee6713369865a3dc7cdb6cf2c2fe974cc1638c0c2ab0,
options.cpp|devilution::OptionEntryBase::SetValueChangedCallback(std::function<void()> callback),devilution::OptionEntryBase::SetValueChangedCallback,options.cpp,426,429,591e390ff071dbc4d63048eafabf986fce35cb90f9ae214315ce7aeb6482f7bf,
options.cpp|devilution::OptionEntryBase::NotifyValueChanged(),devilution::OptionEntryBase::NotifyValueChanged,options.cpp,430,434,c357ece74b58d8a4d82ed716811324a0a9c978b86cac2489fe7bb7af0d50a989,
options.cpp|devilution::OptionEntryBoolean::LoadFromIni(string_view category),devilution::OptionEntryBoolean::LoadFromIni,options.cpp,436,439,12f5067a96ce8aa371ac99d963e8aa76962ab7f626437de6ffcb5120644401db,
options.cpp|devilution::OptionEntryBoolean::SaveToIni(string_view category),devilution::OptionEntryBoolean::SaveToIni,options.cpp,440,443,c2b92be08f84886f0c66dcdebf906a423d0c2cfe318e4493f7e88d3411284feb,
options.cpp|devilution::OptionEntryBoolean::SetValue(bool value),devilution::OptionEntryBoolean::SetValue,options.cpp,444,448,2e646d60f29a5178e4b7decc2865e1c86bdca146f8acee5d7535fb91248927a1,
options.cpp|devilution::OptionEntryBoolean::GetType(),devilution::OptionEntryBoolean::GetType,options.cpp,449,452,fc8f563e93e6efba47133505f930206a96f11a4fb7197173c5d59f3e23d6bcf8,
options.cpp|devilution::OptionEntryBoolean::GetValueDescription(),devilution::OptionEntryBoolean::GetValueDescription,options.cpp,453,456,311c55c26ae5e68e1719a8fe50153a0be63ba823c9d449c861898783aa18a18f,
options.cpp|devilution::OptionEntryListBase::GetType(),devilution::OptionEntryListBase::GetType,options.cpp,458,461,039dba7179dbd3c084e3f11a9487b68813426145536d6e6ced863c8ada8dfb70,
options.cpp|devilution::OptionEntryListBase::GetValueDescription(),devilution::OptionEntryListBase::GetValueDescription,options.cpp,462,465,cd1b3cbe8624b0993ff13d28851f2031bac31ce8a00648098d16328b82b59dcf,
options.cpp|devilution::OptionEntryEnumBase::LoadFromIni(string_view category),devilution::OptionEntryEnumBase::LoadFromIni,options.cpp,467,470,197505d8ba8fff527785fca4baa909a64e28f5f1711fca8445e448b7691a2e63,
options.cpp|devilution::OptionEntryEnumBase::SaveToIni(string_view category),devilution::OptionEntryEnumBase::SaveToIni,options.cpp,471,474,c17a194af5bd5281a4ad39562b9b6d15733c4e329c1e9fb141b82c89a42d1a06,
options.cpp|devilution::OptionEntryEnumBase::SetValueInternal(int value),devilution::OptionEntryEnumBase::SetValueInternal,options.cpp,475,479,28e557b596fff21be1bfee94cee43643e2d148a7ae2528aa6e677ea259956adb,
"options.cpp|devilution::OptionEntryEnumBase::AddEntry(int value, string_view name)",devilution::OptionEntryEnumBase::AddEntry,options.cpp,480,484,01a339133b3d23172d311980cc74216d0c6d2cf9eefd177399e13782c45fe63f,
options.cpp|devilution::OptionEntryEnumBase::GetListSize(),devilution::OptionEntryEnumBase::GetListSize,options.cpp,485,488,7b758a3d6db042c89d29dbe750e177de74ebb87314d083648fb54bc9f72e8620,
options.cpp|devilution::OptionEntryEnumBase::GetListDescription(size_t index),devilution::OptionEntryEnumBase::GetListDescription,options.cpp,489,492,94ed851e3adf36ca0765ef7da1a841fb8cb928591e035433e0208b17720e4792,
options.cpp|devilution::OptionEntryEnumBase::GetActiveListIndex(),devilution::OptionEntryEnumBase::GetActiveListIndex,options.cpp,493,499,ee61b4bf6a3da9ebabd10dab6d0e382b7fdd9fcd70e8a8aa9838671cd7b818d8,
options.cpp|devilution::OptionEntryEnumBase::SetActiveListIndex(size_t index),devilution::OptionEntryEnumBase::SetActiveListIndex,options.cpp,500,504,b1b6872697b4a331e738a97f9cafac90f5aa024e4497f5d772263412c71e86aa,
options.cpp|devilution::OptionEntryIntBase::LoadFromIni(string_view category),devilution::OptionEntryIntBase::LoadFromIni,options.cpp,506,514,dd7f0e6f521e70bd8bc9dd54007ffd90310daa8d38cac3a7ed793e955e9c32c8,
options.cpp|devilution::OptionEntryIntBase::SaveToIni(string_view category),devilution::OptionEntryIntBase::SaveToIni,options.cpp,515,518,a3d62d06976d7699fe708238c2977d69dc1e4331ecb193a387a6e0279c28a16b,
options.cpp|devilution::OptionEntryIntBase::SetValueInternal(int value),devilution::OptionEntryIntBase::SetValueInternal,options.cpp,519,523,3b33976390e8dc05cea0cbb266fa29fee522466d96c883dfaa790fb8c7ef74db,
options.cpp|devilution::OptionEntryIntBase::AddEntry(int value),devilution::OptionEntryIntBase::AddEntry,options.cpp,524,527,8803d96cee47948e4151cee066ed92c7947e48634bc89f3dfff051bc119d3f5d,
options.cpp|devilution::OptionEntryIntBase::GetListSize(),devilution::OptionEntryIntBase::GetListSize,options.cpp,528,531,bbe3f8250d6089c4b79a71fee9daf08e42a90b44b9e2006a9229c3f02659b31f,
options.cpp|devilution::OptionEntryIntBase::GetListDescription(size_t index),devilution::OptionEntryIntBase::GetListDescription,options.cpp,532,540,a1d236dc1d21f628019729769c43a4241aa975ad0b6cb7e5bf2f7625c51e7e45,
options.cpp|devilution::OptionEntryIntBase::GetActiveListIndex(),devilution::OptionEntryIntBase::GetActiveListIndex,options.cpp,541,547,b3bcaa932261f8be6a1ad6c41faeba543db41a1f4cc3347f4663ed6312552fdb,
options.cpp|devilution::OptionEntryIntBase::SetActiveListIndex(size_t index),devilution::OptionEntryIntBase::SetActiveListIndex,options.cpp,548,552,e6debc734ae747563c271a3553d3034442b74d78468a8fa4773d9637b6c0879c,
options.cpp|devilution::OptionCategoryBase::GetKey(),devilution::OptionCategoryBase::GetKey,options.cpp,554,557,6c01a91c51fd9c1951241b893a51dacd92a01beb6073275c9f338d03c95e07fd,
options.cpp|devilution::OptionCategoryBase::GetName(),devilution::OptionCategoryBase::GetName,options.cpp,558,561,c6b8930da6c31c70950e96387181bb0d3e99999c9a82db0a2a67ac43b88141a2,
options.cpp|devilution::OptionCategoryBase::GetDescription(),devilution::OptionCategoryBase::GetDescription,options.cpp,562,565,d8ee3194b589be015b0a70dd72a425de43a567a8ca7e5f42c6313aad27f15140,
options.cpp|devilution::StartUpOptions::StartUpOptions(),devilution::StartUpOptions::StartUpOptions,options.cpp,567,597,936a59eecd15392b9293f7d3a612495f7d870a25cb1218daebf3f7edd57c0f9a,0x140398ed0
options.cpp|devilution::StartUpOptions::GetEntries(),devilution::StartUpOptions::GetEntries,options.cpp,598,607,b60630d796899164ead0772d9646b5645148b6728e5dbce2bbb16604b2f31f3e,
options.cpp|devilution::DiabloOptions::DiabloOptions(),devilution::DiabloOptions::DiabloOptions,options.cpp,609,614,b0443ec27c82bc3e6a10b6921bd57fa14ae6662a4d16bc71d50601ca2485ee5a,
options.cpp|devilution::DiabloOptions::GetEntries(),devilution::DiabloOptions::GetEntries,options.cpp,615,621,a9074318303f9ca10ae818681825f7502fed4f3f87fdbe034a05862cd7f51b19,
options.cpp|devilution::HellfireOptions::HellfireOptions(),devilution::HellfireOptions::HellfireOptions,options.cpp,623,628,fcad730a46850ec058e6ad8aad67ff23c038fd5911ec562324e7904de633ad2a,
options.cpp|devilution::HellfireOptions::GetEntries(),devilution::HellfireOptions::GetEntries,options.cpp,629,635,150e43dee7ae81c56f6fa72bb94e4212f885f61d0a21ce16e4b5132a1d9e2577,
options.cpp|devilution::AudioOptions::AudioOptions(),devilution::AudioOptions::AudioOptions,options.cpp,637,655,e8e9b0a9b752efc9f200ae7c8faff546fb545a5b85a0f7168588f8a7b3bc0dd1,
options.cpp|devilution::AudioOptions::GetEntries(),devilution::AudioOptions::GetEntries,options.cpp,656,675,2f64b64db305823ce3abf85b0e5b93b2e888a361632ee0803e8fee6a21a55064,
options.cpp|devilution::OptionEntryResolution::OptionEntryResolution(),devilution::OptionEntryResolution::OptionEntryResolution,options.cpp,677,680,53ab27ecb201e3d8bfb9d961a0f5d9945d1dec00b58513fee3351ab0b4911fe1,
options.cpp|devilution::OptionEntryResolution::LoadFromIni(string_view category),devilution::OptionEntryResolution::LoadFromIni,options.cpp,681,684,4cc659ebe2a2fc636fe51353b1b27efa77a24607cf1617227707da1beb1b0c82,
options.cpp|devilution::OptionEntryResolution::SaveToIni(string_view category),devilution::OptionEntryResolution::SaveToIni,options.cpp,685,689,6908fb0a85246114cb0e16cf6d59c2a1b3cfa897090a5d1fb153b6284a4e1568,
options.cpp|devilution::OptionEntryResolution::InvalidateList(),devilution::OptionEntryResolution::InvalidateList,options.cpp,691,694,f44553eeb0b3d1217a9c192c767804cd325df2e707eaaed490c03d5b51deb074,
options.cpp|devilution::OptionEntryResolution::CheckResolutionsAreInitialized(),devilution::OptionEntryResolution::CheckResolutionsAreInitialized,options.cpp,696,794,b30e0b7f45bf1a2f020066648d887a31fd6b5106fad2f17e9855d39152c883af,
options.cpp|devilution::OptionEntryResolution::GetListSize(),devilution::OptionEntryResolution::GetListSize,options.cpp,796,800,8a972f277e5223f8e1c7cdf80e3cec03601641614fcced67570ea6c295cbfa18,
options.cpp|devilution::OptionEntryResolution::GetListDescription(size_t index),devilution::OptionEntryResolution::GetListDescription,options.cpp,801,805,48e0c35603d48c1a365ce02399a967ad9eefba5b4888864b23c20e85f52d8cce,
options.cpp|devilution::OptionEntryResolution::GetActiveListIndex(),devilution::OptionEntryResolution::GetActiveListIndex,options.cpp,806,813,16245ab1ec0e5f8347a056783b37d7526799872147f10ed27c91c86b6cffe895,
options.cpp|devilution::OptionEntryResolution::SetActiveListIndex(size_t index),devilution::OptionEntryResolution::SetActiveListIndex,options.cpp,814,818,91a35e80b67daf924561a896e65e25751b0e38e50f3c4b8b9222c6b263b0befb,
options.cpp|devilution::OptionEntryResampler::OptionEntryResampler(),devilution::OptionEntryResampler::OptionEntryResampler,options.cpp,820,827,8ddd0c8d4bb744d36cc38b0479accc1eb27f04d531be345afbbfb9972c9e1066,
options.cpp|devilution::OptionEntryResampler::LoadFromIni(string_view category),devilution::OptionEntryResampler::LoadFromIni,options.cpp,828,841,680b86382d8d43666ef4a50ab0143c5995ecc62fc49f1b6675d4ef760bc79fa5,
options.cpp|devilution::OptionEntryResampler::SaveToIni(string_view category),devilution::OptionEntryResampler::SaveToIni,options.cpp,843,846,3c98fa3a17143f9ae90b724a621eeaa986708ed8f356580f52b10b7592039dbb,
options.cpp|devilution::OptionEntryResampler::GetListSize(),devilution::OptionEntryResampler::GetListSize,options.cpp,848,851,8c5b27c479eb22219e23b8e45971f7cbace5ea6ed2ce39cfafc7e671ba59e3f0,
options.cpp|devilution::OptionEntryResampler::GetListDescription(size_t index),devilution::OptionEntryResampler::GetListDescription,options.cpp,853,856,532d78d049c544e4c9e10b125a9e1d1f78494958d20d5f189e21e0f746f28690,
options.cpp|devilution::OptionEntryResampler::GetActiveListIndex(),devilution::OptionEntryResampler::GetActiveListIndex,options.cpp,858,861,e08f57fb9e0cb335459fb6826356c48b3ffcc32d0de5126b335768ba0a64ef5b,
options.cpp|devilution::OptionEntryResampler::SetActiveListIndex(size_t index),devilution::OptionEntryResampler::SetActiveListIndex,options.cpp,863,868,7b8663b1138312d8dce68c74b7e6a403afdcc3733f144411967b8d53a407f29f,
options.cpp|devilution::OptionEntryResampler::UpdateDependentOptions(),devilution::OptionEntryResampler::UpdateDependentOptions,options.cpp,870,879,4c8d84b7efd4d120de99c0e7229ab4e560253af364cac80184dc03a973118496,
options.cpp|devilution::OptionEntryAudioDevice::OptionEntryAudioDevice(),devilution::OptionEntryAudioDevice::OptionEntryAudioDevice,options.cpp,881,884,38445e02357dd4a2f3374e116032cb5f0b955327b543697ebe516d2149169f04,
options.cpp|devilution::OptionEntryAudioDevice::LoadFromIni(string_view category),devilution::OptionEntryAudioDevice::LoadFromIni,options.cpp,885,890,3666be52d6f2852b5d5df4de92166c8cfa38cf75fa57e502997cdaa638f2b19a,
options.cpp|devilution::OptionEntryAudioDevice::SaveToIni(string_view category),devilution::OptionEntryAudioDevice::SaveToIni,options.cpp,892,897,34a9df4c8037c11f76c5a3c3bb5847788f3ff451cff7e507905e5a7310e5ac7e,
options.cpp|devilution::OptionEntryAudioDevice::GetListSize(),devilution::OptionEntryAudioDevice::GetListSize,options.cpp,899,906,0d12cc8e021276f55d26e26302d2eb616cf282a52e2469d8273d3ffe1c622bb5,
options.cpp|devilution::OptionEntryAudioDevice::GetListDescription(size_t index),devilution::OptionEntryAudioDevice::GetListDescription,options.cpp,908,922,cffd189d15d96c81b97982f0ba6efb1919c9ac881eec80a5408df5f0e3b87752,0x1400a84e0
options.cpp|devilution::OptionEntryAudioDevice::GetActiveListIndex(),devilution::OptionEntryAudioDevice::GetActiveListIndex,options.cpp,924,932,2e884b527d0eacbc4a4c1f3e4272fd0a2d322312bea0f5118785a65516b0476f,
options.cpp|devilution::OptionEntryAudioDevice::SetActiveListIndex(size_t index),devilution::OptionEntryAudioDevice::SetActiveListIndex,options.cpp,934,938,54baa08ffcdda18a554b27fd5b69ce3f73b7cc19655c199e1a55d0557f06bd33,
options.cpp|devilution::OptionEntryAudioDevice::GetDeviceName(size_t index),devilution::OptionEntryAudioDevice::GetDeviceName,options.cpp,940,947,496c329874baf5320ca0a3708156e06ce51bdc29fcee7e36f5f91326e8776697,
options.cpp|devilution::GraphicsOptions::GraphicsOptions(),devilution::GraphicsOptions::GraphicsOptions,options.cpp,949,1009,c7dbf5739a10162b1ba071948eb2663f67c89b5d775f6dc15e1db45bd20ab42c,0x140398200
options.cpp|devilution::GraphicsOptions::GetEntries(),devilution::GraphicsOptions::GetEntries,options.cpp,1010,1040,45c0590f62ef9fb6a7507fbf724f2a8041a43bcf0e9ba008f3a7fe6d610811ad,
options.cpp|devilution::GameplayOptions::GameplayOptions(),devilution::GameplayOptions::GameplayOptions,options.cpp,1042,1090,9f5284bb343eda1f383040689e85ae97502e5a140da319bc983cffff27b08bdc,
options.cpp|devilution::GameplayOptions::GetEntries(),devilution::GameplayOptions::GetEntries,options.cpp,1091,1132,4d99a635dd675fb63c98998945515545be7fd63438ca6040f11fb67212596a63,
options.cpp|devilution::ControllerOptions::ControllerOptions(),devilution::ControllerOptions::ControllerOptions,options.cpp,1134,1137,871abc90501498eb99e372876df72ec8975a8fbf656d0e20e8be07a2c7b0d7fa,
options.cpp|devilution::ControllerOptions::GetEntries(),devilution::ControllerOptions::GetEntries,options.cpp,1138,1141,746c3209712560834d5f468e7d389e18bc0b66db2c0daa9936295c1bfb37bf1c,
options.cpp|devilution::NetworkOptions::NetworkOptions(),devilution::NetworkOptions::NetworkOptions,options.cpp,1143,1147,640441112c5538387bac9e10f38c4166f6e92c048cfb6ac60f242103ea35fb3a,
options.cpp|devilution::NetworkOptions::GetEntries(),devilution::NetworkOptions::GetEntries,options.cpp,1148,1153,9e96bf4912b26be23ad4868fdf581ce9afc5082b5f17ace4a69858795e47d61f,
options.cpp|devilution::ChatOptions::ChatOptions(),devilution::ChatOptions::ChatOptions,options.cpp,1155,1158,5796aaa183eb42c4d20fb96b07efacd6ad2be2a26bc469c5b471bdf5b451bb37,
options.cpp|devilution::ChatOptions::GetEntries(),devilution::ChatOptions::GetEntries,options.cpp,1159,1162,c7088bd9c724aaa87246cff4be55b67407f2919c5d47a683ca2b579d4b0d4773,
options.cpp|devilution::OptionEntryLanguageCode::OptionEntryLanguageCode(),devilution::OptionEntryLanguageCode::OptionEntryLanguageCode,options.cpp,1164,1167,fd77dfbea9213effb37208f8c4504a997388495187493e19bdbaf61f7d8dcf88,
options.cpp|devilution::OptionEntryLanguageCode::LoadFromIni(string_view category),devilution::OptionEntryLanguageCode::LoadFromIni,options.cpp,1168,1210,eb253ce152202aa22eb80a80411fada3b528d7b3ac9e122fe4ea379522cd133e,0x1400af850
options.cpp|devilution::OptionEntryLanguageCode::SaveToIni(string_view category),devilution::OptionEntryLanguageCode::SaveToIni,options.cpp,1211,1214,0422eb380018ccdf3322a59fed68aaefa3eba4cf346ebe78b5fa93f09bafbd16,
options.cpp|devilution::OptionEntryLanguageCode::CheckLanguagesAreInitialized(),devilution::OptionEntryLanguageCode::CheckLanguagesAreInitialized,options.cpp,1216,1256,d0262b8de64c5efc5db0c64f25668fff62998a6512c9b3d7c555dd269a67b837,0x1400b60d0
options.cpp|devilution::OptionEntryLanguageCode::GetListSize(),devilution::OptionEntryLanguageCode::GetListSize,options.cpp,1258,1262,be323166e7099ab13aff1d149f488803b204cb63cdc7fd681906b98a70ffd5f3,
options.cpp|devilution::OptionEntryLanguageCode::GetListDescription(size_t index),devilution::OptionEntryLanguageCode::GetListDescription,options.cpp,1263,1267,9bafc39d4804ac818ca519135270cdc54fe8b312d93199544d22ee7847eb66db,
options.cpp|devilution::OptionEntryLanguageCode::GetActiveListIndex(),devilution::OptionEntryLanguageCode::GetActiveListIndex,options.cpp,1268,1275,e83a2a8680a47c969f0490f438b29abd82dcbad2fa11804a1685621bc6ee9bb5,
options.cpp|devilution::OptionEntryLanguageCode::SetActiveListIndex(size_t index),devilution::OptionEntryLanguageCode::SetActiveListIndex,options.cpp,1276,1280,fdb14df1b95f8ccb483211ddf698e64ebf5d10221b426727462338cde192fd4c,
options.cpp|devilution::LanguageOptions::LanguageOptions(),devilution::LanguageOptions::LanguageOptions,options.cpp,1282,1286,e4039d0d98e8a8d70c0b4a30a2bdafd5dd254cd3e9d163c84c282061e5c29024,
options.cpp|devilution::LanguageOptions::GetEntries(),devilution::LanguageOptions::GetEntries,options.cpp,1287,1292,9d61f1323671bb857071d9d49cf05084447e3dc993c1b2458f27456ac91f22c1,
options.cpp|devilution::KeymapperOptions::KeymapperOptions(),devilution::KeymapperOptions::KeymapperOptions,options.cpp,1294,1325,80469cd646f8729bc6b900be3342db24dd572af2b45e084eeded817745a42d38,
options.cpp|devilution::KeymapperOptions::GetEntries(),devilution::KeymapperOptions::GetEntries,options.cpp,1327,1334,eeb5be2d87e554aad4b6ab203c2293d1c7f7f82bc1334698508b6a997824c9ee,
"options.cpp|devilution::KeymapperOptions::Action::Action(string_view key, const char *name, const char *description, uint32_t defaultKey, std::function<void()> actionPressed, std::function<void()> actionReleased, std::function<bool()> enable, unsigned index)",devilution::KeymapperOptions::Action::Action,options.cpp,1336,1348,dea0710142d66d5400227a7ce8b9f0ae6f94b97cd436469d73c934a9fc2004c3,
options.cpp|devilution::KeymapperOptions::Action::GetName(),devilution::KeymapperOptions::Action::GetName,options.cpp,1350,1356,e70a0b302098d4f6a99006075353dbeba0e7cfff3f26522c744cb21aaec21da4,
options.cpp|devilution::KeymapperOptions::Action::LoadFromIni(string_view category),devilution::KeymapperOptions::Action::LoadFromIni,options.cpp,1358,1383,44d0f2865e1dbfd51faaa195d63224db99a517ff6c7b928bb4ea40ea69b72898,
options.cpp|devilution::KeymapperOptions::Action::SaveToIni(string_view category),devilution::KeymapperOptions::Action::SaveToIni,options.cpp,1384,1396,5ba0d141ccab69cc6c9eb4d8ad138f5add9e78f51277bea8567c5cfef0ee2ad0,
options.cpp|devilution::KeymapperOptions::Action::GetValueDescription(),devilution::KeymapperOptions::Action::GetValueDescription,options.cpp,1398,1407,84a771b8745d6d94e5e374e4ad33f1fe00cea48563f3fd374488179560cf2637,
options.cpp|devilution::KeymapperOptions::Action::SetValue(int value),devilution::KeymapperOptions::Action::SetValue,options.cpp,1409,1436,f4129c13e3167f915c1bf9d17356cfde58abb5a50de659de79ea7dffd1453bf8,
"options.cpp|devilution::KeymapperOptions::AddAction(string_view key, const char *name, const char *description, uint32_t defaultKey, std::function<void()> actionPressed, std::function<void()> actionReleased, std::function<bool()> enable, unsigned index)",devilution::KeymapperOptions::AddAction,options.cpp,1438,1441,4f38ac180226169612022ee3df70d68b2c86541b7bb99e506959432ccff99c98,
options.cpp|devilution::KeymapperOptions::CommitActions(),devilution::KeymapperOptions::CommitActions,options.cpp,1443,1446,aec27f70a9eca050b15b2aa2965b76fe8d1e5429271099525aec5a162ed7f997,
options.cpp|devilution::KeymapperOptions::KeyPressed(uint32_t key),devilution::KeymapperOptions::KeyPressed,options.cpp,1448,1466,2bd2ba2ec8daecfde4e2868821cad711a6ba075feb881c6ca056c0e58f8050b3,
options.cpp|devilution::KeymapperOptions::KeyReleased(SDL_Keycode key),devilution::KeymapperOptions::KeyReleased,options.cpp,1468,1485,b867e81bd71a5e1faf5f4b95322ba25db09332c169d73f5877b202cb10332382,
options.cpp|devilution::KeymapperOptions::IsTextEntryKey(SDL_Keycode vkey),devilution::KeymapperOptions::IsTextEntryKey,options.cpp,1487,1490,82ed1e9143a7b178d1d9e5a96e350a373d5999edb662c7e7c1462088cc0fe475,
options.cpp|devilution::KeymapperOptions::IsNumberEntryKey(SDL_Keycode vkey),devilution::KeymapperOptions::IsNumberEntryKey,options.cpp,1492,1495,a22f3cfd3a6ae167e613c41dd12f376dced6324441213b0776a2ee929d721696,
options.cpp|devilution::KeymapperOptions::KeyNameForAction(string_view actionName),devilution::KeymapperOptions::KeyNameForAction,options.cpp,1497,1505,dc3bf52639c95a7f66d84c6d0f3281e5648620b47f2a3827614945a67144add8,
options.cpp|devilution::KeymapperOptions::KeyForAction(string_view actionName),devilution::KeymapperOptions::KeyForAction,options.cpp,1507,1515,a53538cf3ce503e0a68792abac0f7da8e85c60cb1cd0e13226aff58c308a2ae5,
options.cpp|devilution::PadmapperOptions::PadmapperOptions(),devilution::PadmapperOptions::PadmapperOptions,options.cpp,1517,1544,1bcc8ff5981fea29d7c7daa1e598fd90e51830b2c575876c2e64249be14f2bf7,
options.cpp|devilution::PadmapperOptions::GetEntries(),devilution::PadmapperOptions::GetEntries,options.cpp,1546,1553,9afd549844e774a45c7c9a8da64b80bf695f7ac6fc9b3bba4ae2336f8c5f2f3b,
"options.cpp|devilution::PadmapperOptions::Action::Action(string_view key, const char *name, const char *description, ControllerButtonCombo defaultInput, std::function<void()> actionPressed, std::function<void()> actionReleased, std::function<bool()> enable, unsigned index)",devilution::PadmapperOptions::Action::Action,options.cpp,1555,1567,53259d9e55319b598e843076d5097c91d34b6ac98f960c496baeab67b76de66a,
options.cpp|devilution::PadmapperOptions::Action::GetName(),devilution::PadmapperOptions::Action::GetName,options.cpp,1569,1575,b90bf0a515b014b5297b10f4a8877222d5fe1630ea84974956f66d62ca4ea112,
options.cpp|devilution::PadmapperOptions::Action::LoadFromIni(string_view category),devilution::PadmapperOptions::Action::LoadFromIni,options.cpp,1577,1623,9ee1e578c6d7796cef19ecdc89df58b9d889ea84c7bb054e106a6d772a854cad,
options.cpp|devilution::PadmapperOptions::Action::SaveToIni(string_view category),devilution::PadmapperOptions::Action::SaveToIni,options.cpp,1624,1645,8ee4a74c8d3b00e9e458c0a05ce63118905b369e290d895c501b2f2da2ce14b3,
options.cpp|devilution::PadmapperOptions::Action::UpdateValueDescription(),devilution::PadmapperOptions::Action::UpdateValueDescription,options.cpp,1647,1664,b90545079749ddafc8a964143e53d30cf510d7d127beccb5a4a6d522cb4cc875,
options.cpp|devilution::PadmapperOptions::Action::Shorten(string_view buttonName),devilution::PadmapperOptions::Action::Shorten,options.cpp,1666,1678,511a8b70b1af94fb83e2f326cda3bcd8ec0a514e7a2f5d43bc3698efc3540cb5,
options.cpp|devilution::PadmapperOptions::Action::GetValueDescription(),devilution::PadmapperOptions::Action::GetValueDescription,options.cpp,1680,1683,2cecae2006b975308fed885be8d411953ea1fff65281b91d6d13b29cd4607925,
options.cpp|devilution::PadmapperOptions::Action::GetValueDescription(bool useShortName),devilution::PadmapperOptions::Action::GetValueDescription,options.cpp,1685,1690,86f4de102dd81ccaea4b4760724e8178cff1980ebcc771c092b5c825941a5180,
options.cpp|devilution::PadmapperOptions::Action::SetValue(ControllerButtonCombo value),devilution::PadmapperOptions::Action::SetValue,options.cpp,1692,1700,735c2ab02a7885aed0cf4c57342cd8978f4b468b5df7fbe90e3dfa322fca2c36,
"options.cpp|devilution::PadmapperOptions::AddAction(string_view key, const char *name, const char *description, ControllerButtonCombo defaultInput, std::function<void()> actionPressed, std::function<void()> actionReleased, std::function<bool()> enable, unsigned index)",devilution::PadmapperOptions::AddAction,options.cpp,1702,1707,2c5e608e4c3809b6e3e58dbfc1c33f83e1fffd22ecff984eae721fc2476a23bc,
options.cpp|devilution::PadmapperOptions::CommitActions(),devilution::PadmapperOptions::CommitActions,options.cpp,1709,1715,744d78b705fea6dbfde283c1736bfa6c60d4c89c0f198501b4e96b58db13fc5f,
options.cpp|devilution::PadmapperOptions::ButtonPressed(ControllerButton button),devilution::PadmapperOptions::ButtonPressed,options.cpp,1717,1728,b1da09005efc138da2f6c25a75182e7fd9900f1406d9ddf3589169fd75731e15,
"options.cpp|devilution::PadmapperOptions::ButtonReleased(ControllerButton button, bool invokeAction)",devilution::PadmapperOptions::ButtonReleased,options.cpp,1730,1742,cdd622229c71c62a5125de7e34b19dd1b4463bed4d2d2ebb128172b18f6c240b,
options.cpp|devilution::PadmapperOptions::ReleaseAllActiveButtons(),devilution::PadmapperOptions::ReleaseAllActiveButtons,options.cpp,1744,1752,b26d9e1ccff0d955d1039e86bd4a417902dae928e6952e5c5cbeb42493dc5656,
options.cpp|devilution::PadmapperOptions::IsActive(string_view actionName),devilution::PadmapperOptions::IsActive,options.cpp,1754,1763,be7c371705cc8a708f3481d521dd3fc3f6596dd0946a2ebc5fd0f183db753411,
options.cpp|devilution::PadmapperOptions::ActionNameTriggeredByButtonEvent(ControllerButtonEvent ctrlEvent),devilution::PadmapperOptions::ActionNameTriggeredByButtonEvent,options.cpp,1765,1778,b9acd02bf1d73db97b407e422564aaf806a6d43f1ebe86d51db5ddd97f9d3b58,
"options.cpp|devilution::PadmapperOptions::InputNameForAction(string_view actionName, bool useShortName)",devilution::PadmapperOptions::InputNameForAction,options.cpp,1780,1788,754b44a01dea8381c679760f86b942fba473d4104c423b8bc5fddc69e7a2a858,
options.cpp|devilution::PadmapperOptions::ButtonComboForAction(string_view actionName),devilution::PadmapperOptions::ButtonComboForAction,options.cpp,1790,1798,8f5d2dc5fa334a8e9e1ca583940d4dc6ca6521645490989e0ebb72c4ef4e5db0,
options.cpp|devilution::PadmapperOptions::FindAction(ControllerButton button),devilution::PadmapperOptions::FindAction,options.cpp,1800,1829,46e2c6c522c0cca356e6e006e68dc711dcab06accc05bd1dfc82a18499f39645,
options.cpp|devilution::PadmapperOptions::CanDeferToMovementHandler(const Action &action),devilution::PadmapperOptions::CanDeferToMovementHandler,options.cpp,1831,1851,f43611f0cc84be100e28e6e026c63d04028ddd702487d963324a4df5e68d3513,
options.cpp|devilution::ResamplerToString(Resampler resampler),devilution::ResamplerToString,options.cpp,1858,1872,bcba57f5c9c72391ab31c4142057291a2f9972f6b6be2de1688be756fedd19ed,
options.cpp|devilution::ResamplerFromString(string_view resampler),devilution::ResamplerFromString,options.cpp,1874,1885,1bc61aafadd730dddc5a8cc1c55ae3988e3aa66e84c25d39d127f6987da8569c,
"options.h|devilution::OptionEntryBase::OptionEntryBase(string_view key, OptionEntryFlags flags, const char *name, const char *description)",devilution::OptionEntryBase::OptionEntryBase,options.h,103,109,679b51c5903dc76a160f9fe47e2526f3f6b9cacded303c3cb45ffbecd1b1256b,
"options.h|devilution::OptionEntryBoolean::OptionEntryBoolean(string_view key, OptionEntryFlags flags, const char *name, const char *description, bool defaultValue)",devilution::OptionEntryBoolean::OptionEntryBoolean,options.h,135,140,8be7291e5023c0140718c72d90e353375b8d947134882f420c3b3fa697a5509f,
options.h|devilution::OptionEntryBoolean::operator*(),devilution::OptionEntryBoolean::operator*,options.h,141,144,37e82cf8bcada1b71d6f288335c6d10545745c4b4ac5477f231431f95e3b114c,
"options.h|devilution::OptionEntryListBase::OptionEntryListBase(string_view key, OptionEntryFlags flags, const char *name, const char *description)",devilution::OptionEntryListBase::OptionEntryListBase,options.h,168,171,d3bb6f468e8db5304fae79555d802a358b20e1445600338124639aabe851304e,
"options.h|devilution::OptionEntryEnumBase::OptionEntryEnumBase(string_view key, OptionEntryFlags flags, const char *name, const char *description, int defaultValue)",devilution::OptionEntryEnumBase::OptionEntryEnumBase,options.h,185,190,d8031dfe90d333cfced17a8dbbadf4de252d5a8e26fd7f62666bbb0947332dba,
options.h|devilution::OptionEntryEnumBase::GetValueInternal(),devilution::OptionEntryEnumBase::GetValueInternal,options.h,192,195,230a83c40b7f49dacaeb164f60417e9cb299df83d057fd425ecf87053ae769e0,
"options.h|devilution::OptionEntryEnum::OptionEntryEnum(string_view key, OptionEntryFlags flags, const char *name, const char *description, T defaultValue, std::initializer_list<std::pair<T, string_view>> entries)",devilution::OptionEntryEnum::OptionEntryEnum,options.h,210,216,202ecf51b315d4a69c9cfe265ab3cdfa2d3e88d7c69f6fa99b694116fa662364,
options.h|devilution::OptionEntryEnum::operator*(),devilution::OptionEntryEnum::operator*,options.h,217,220,a00d53bb48b12ef0f977e4239cbce067b64d8eed11326c829609fc58972439cc,
options.h|devilution::OptionEntryEnum::SetValue(T value),devilution::OptionEntryEnum::SetValue,options.h,221,224,f058faa88f4938ede23ad5d888c9bf6b66f03c9d09eccc7cf6ac883395d1eff0,
"options.h|devilution::OptionEntryIntBase::OptionEntryIntBase(string_view key, OptionEntryFlags flags, const char *name, const char *description, int defaultValue)",devilution::OptionEntryIntBase::OptionEntryIntBase,options.h,238,243,e94e844f1af5899162179ad8e28b61df502abd56c302e7388de40d5669310987,
options.h|devilution::OptionEntryIntBase::GetValueInternal(),devilution::OptionEntryIntBase::GetValueInternal,options.h,245,248,230a83c40b7f49dacaeb164f60417e9cb299df83d057fd425ecf87053ae769e0,
"options.h|devilution::OptionEntryInt::OptionEntryInt(string_view key, OptionEntryFlags flags, const char *name, const char *description, T defaultValue, std::initializer_list<T> entries)",devilution::OptionEntryInt::OptionEntryInt,options.h,263,269,edd648572656106e91bddab5f3a8f0b3ab080c59c61afd95d7cff5160a272ac8,
"options.h|devilution::OptionEntryInt::OptionEntryInt(string_view key, OptionEntryFlags flags, const char *name, const char *description, T defaultValue)",devilution::OptionEntryInt::OptionEntryInt,options.h,270,273,4122af2d1cf7e0a0be6256efe165558fe951d00a1cf21ff3a983ea03331443cb,
options.h|devilution::OptionEntryInt::operator*(),devilution::OptionEntryInt::operator*,options.h,274,277,a00d53bb48b12ef0f977e4239cbce067b64d8eed11326c829609fc58972439cc,
options.h|devilution::OptionEntryInt::SetValue(T value),devilution::OptionEntryInt::SetValue,options.h,278,281,f058faa88f4938ede23ad5d888c9bf6b66f03c9d09eccc7cf6ac883395d1eff0,
options.h|devilution::OptionEntryLanguageCode::operator*(),devilution::OptionEntryLanguageCode::operator*,options.h,296,299,03b05c53f2164fd5b3ab18541e955f940d858fdf9364390a8b08bb080b40f8b5,
options.h|devilution::OptionEntryLanguageCode::operator=(string_view code),devilution::OptionEntryLanguageCode::operator=,options.h,301,307,94be639f3b0c6a22e376c50d109bb96ce542fb24ec925f9e0955faa2b8319f1f,
options.h|devilution::OptionEntryResolution::operator*(),devilution::OptionEntryResolution::operator*,options.h,330,333,3378f849871e05e09bd7374d412fb71d89a5b15ab8f839d7a7a77452335ac46f,
options.h|devilution::OptionEntryResampler::operator*(),devilution::OptionEntryResampler::operator*,options.h,355,358,d3a085a35710b14a8d3d53ffa35d086b46bf398d951e23565080fa5ea648558b,
options.h|devilution::OptionEntryAudioDevice::operator*(),devilution::OptionEntryAudioDevice::operator*,options.h,378,386,623de61c5f8317beb850060211c3b08690c5bb9979a971860ab6d53dd18f3ad8,
"options.h|devilution::OptionCategoryBase::OptionCategoryBase(string_view key, const char *name, const char *description)",devilution::OptionCategoryBase::OptionCategoryBase,options.h,395,400,127df16eebbc44f0e3c4d479b0a421fbdf75b8c5733d1c4ac107b93bdf628c35,
options.h|devilution::KeymapperOptions::Action::GetType(),devilution::KeymapperOptions::Action::GetType,options.h,661,664,7ef47c4a184bab24997b08d5e0e773bfe9bcc1a4ff96b196df609c6213df5b9d,
options.h|devilution::PadmapperOptions::Action::GetType(),devilution::PadmapperOptions::Action::GetType,options.h,725,728,7c0ca054a5e61630540fa0c0ea4a5beb5225d00614bba81207de2d122bd5f631,
options.h|devilution::Options::GetCategories(),devilution::Options::GetCategories,options.h,800,816,22a6dd8ef1411ff279e91d7dffdabe84dbc13617330b098cd4c8972d04e6ed36,
pack.cpp|devilution::EventFailedJoinAttempt(const char *playerName),devilution::EventFailedJoinAttempt,pack.cpp,42,46,bf5dd4edf6d58ed9f1947b97c075138453eec104bab07b05284cc08822cdfd5d,
"pack.cpp|devilution::LogFailedJoinAttempt(const char *condition, const char *name, T value)",devilution::LogFailedJoinAttempt,pack.cpp,48,52,6404d5cdaae8d0b1d4fdfdec98007a8b5ba353a7046bfbbaba84914d97d67ebe,0x140092790;0x1400b2a50;0x1400b2e10;0x1400b3130
"pack.cpp|devilution::LogFailedJoinAttempt(const char *condition, const char *name1, T1 value1, const char *name2, T2 value2)",devilution::LogFailedJoinAttempt,pack.cpp,54,58,25148fba3cce5d5e40bfc399bc3969ff53df2962c6f6d9dc3725d8cf1041f3ea,0x1400b1880;0x1400b2f90;0x140251f20
pack.cpp|devilution::VerifyGoldSeeds(Player &player),devilution::VerifyGoldSeeds,pack.cpp,60,76,dc7fca6954cf92b0057b2d36ce92923001cea1d5b6fcbad892a5f6007bbe788c,
pack.cpp|devilution::hasMultipleFlags(uint16_t flags),devilution::hasMultipleFlags,pack.cpp,78,81,f9538fb6438807ad679fc1253b7c80ecd14a1da04736546454c12c098e6a526c,
pack.cpp|devilution::IsCreationFlagComboValid(uint16_t iCreateInfo),devilution::IsCreationFlagComboValid,pack.cpp,85,103,af2dfe10260abe8d81b85a2609532a9c091069f056ab88ee3c2d52a5a1e23418,
pack.cpp|devilution::IsTownItemValid(uint16_t iCreateInfo),devilution::IsTownItemValid,pack.cpp,105,116,db87a7f336bca6923efd6292be4b1d96701af5b0ca0612ca8b33b792795e8705,
"pack.cpp|devilution::IsUniqueMonsterItemValid(uint16_t iCreateInfo, uint32_t dwBuff)",devilution::IsUniqueMonsterItemValid,pack.cpp,118,140,266bc6d50862dacce6ccda569ac9bc44305fc5cb67e8d232399d513f30939d13,
"pack.cpp|devilution::IsDungeonItemValid(uint16_t iCreateInfo, uint32_t dwBuff)",devilution::IsDungeonItemValid,pack.cpp,142,181,acddb609322e391ad1a09fe4c6c5034ad07181a964dba148995fb9c9cddc3c2e,
"pack.cpp|devilution::RecreateHellfireSpellBook(const Player &player, const TItem &packedItem, Item *item)",devilution::RecreateHellfireSpellBook,pack.cpp,183,205,9f87c70c533b21a84af0b9e9f4e783f945e3a0ebccd9b1530b8e113f83dd2d1b,
"pack.cpp|devilution::PackItem(ItemPack &packedItem, const Item &item, bool isHellfire)",devilution::PackItem,pack.cpp,207,249,a4298e6840a3346f141633474c298724574217a320754dc2bb32c3f8927e390a,
"pack.cpp|devilution::PackPlayer(PlayerPack &packed, const Player &player)",devilution::PackPlayer,pack.cpp,251,302,84374e2543c66a173f7a7486fb7e43288a19ab5770ef74102124075ec66ff12f,
"pack.cpp|devilution::PackNetItem(const Item &item, ItemNetPack &packedItem)",devilution::PackNetItem,pack.cpp,304,317,f3c8c618735eeb4ecb788a384470a9f22a105786ce70b86a1ca84b6d941f9f02,
"pack.cpp|devilution::PackNetPlayer(PlayerNetPack &packed, const Player &player)",devilution::PackNetPlayer,pack.cpp,319,384,db8cae60fb8f09ff4d14a01a4e761a32ba455d22e601bc73767ff0ec3a16763c,
"pack.cpp|devilution::UnPackItem(const ItemPack &packedItem, const Player &player, Item &item, bool isHellfire)",devilution::UnPackItem,pack.cpp,386,442,b47b283ff62f3940c0fc344ca2d82df6989872de83a3e321ab9abfa634f41a73,
"pack.cpp|devilution::UnPackPlayer(const PlayerPack &packed, Player &player)",devilution::UnPackPlayer,pack.cpp,444,514,bd2abf73c5be0446208d6a30741b245f2dffca76615f837269f551b65a4fde5e,
"pack.cpp|devilution::UnPackNetItem(const Player &player, const ItemNetPack &packedItem, Item &item)",devilution::UnPackNetItem,pack.cpp,516,542,65e7fb9c3b7e49622a15ff18f10d4b377f630e67a1932eede253b806d4e6ee65,
"pack.cpp|devilution::UnPackNetPlayer(const PlayerNetPack &packed, Player &player)",devilution::UnPackNetPlayer,pack.cpp,544,690,30d2b8a74114727c07b0d9362c2465ebf8826a22062265ca66fdaf7d1588cebe,
panels/charpanel.cpp|devilution::GetBaseStatColor(CharacterAttribute attr),devilution::GetBaseStatColor,panels/charpanel.cpp,44,50,fdb3ebd04c0578f8c9e767e4d9498ecbfcc0e74d536336193b89c71a7daff13a,
panels/charpanel.cpp|devilution::GetCurrentStatColor(CharacterAttribute attr),devilution::GetCurrentStatColor,panels/charpanel.cpp,52,62,5a3b2818fb8a618c248d494e2cd9c24778b109099cc46c19ef71d6178de4ebf9,
"panels/charpanel.cpp|devilution::GetValueColor(int value, bool flip = false)",devilution::GetValueColor,panels/charpanel.cpp,64,72,780a9f5fb6128a9dc141ec6b88370440a10f2c29591cf53732e3971f087e9689,
panels/charpanel.cpp|devilution::GetMaxManaColor(),devilution::GetMaxManaColor,panels/charpanel.cpp,74,77,5a1192f0ad7209b1f33194735f4f643f6f3b1168d491485de65d1ab8838ecc36,
panels/charpanel.cpp|devilution::GetMaxHealthColor(),devilution::GetMaxHealthColor,panels/charpanel.cpp,79,82,31fe93eb45caa9cc48209b2d4669cc04960cab9da9d029e2e818c6f2efda59b1,
panels/charpanel.cpp|devilution::GetDamage(),devilution::GetDamage,panels/charpanel.cpp,84,95,d44b9b40fac1d15d0fd6e49f6bfa2027af30e1b84fc5500d9baf8d799491a090,
panels/charpanel.cpp|devilution::GetResistInfo(int8_t resist),devilution::GetResistInfo,panels/charpanel.cpp,97,108,f6b61d9998a828f3e6fe33639903efed0dddb87401248810ca6a6f8711045599,
"panels/charpanel.cpp|devilution::DrawPanelField(const Surface &out, Point pos, int len, ClxSprite left, ClxSprite middle, ClxSprite right)",devilution::DrawPanelField,panels/charpanel.cpp,204,212,2909d38e79ca35d42dc4fa31322584d4c64aad4fc695ede30a26d8fcb6c666fc,
"panels/charpanel.cpp|devilution::DrawShadowString(const Surface &out, const PanelEntry &entry)",devilution::DrawShadowString,panels/charpanel.cpp,214,248,e1b9aaca34107bcf62352df6b0f52c491e94a42e9fbba74b8d3db395f582e583,
panels/charpanel.cpp|devilution::DrawStatButtons(const Surface &out),devilution::DrawStatButtons,panels/charpanel.cpp,250,262,d386ccb6d465e32476feca9a0df58668c5c337835e3b82f509bf9d57b869cc8a,
panels/charpanel.cpp|devilution::LoadCharPanel(),devilution::LoadCharPanel,panels/charpanel.cpp,266,294,159cab52886602760e01d18e30c12708be3ea1b3a7d71a3553bf1ab25417e5c9,
panels/charpanel.cpp|devilution::FreeCharPanel(),devilution::FreeCharPanel,panels/charpanel.cpp,296,299,580759b6f96b94ac35e0dcca143e13670bc9d21c82b488c2dfbf7ecef63f84a1,
panels/charpanel.cpp|devilution::DrawChr(const Surface &out),devilution::DrawChr,panels/charpanel.cpp,301,316,692e7ed425bbe6554503bf14ec3ed7dd8ff8627d26d13cf75ad4ba1cf54b12d8,
panels/info_box.cpp|devilution::InitInfoBoxGfx(),devilution::InitInfoBoxGfx,panels/info_box.cpp,10,14,fb4476c27eaa05150a5a1a88b0ecf65d23ac6fcad8317f8d8fb7241fbd80391f,
panels/info_box.cpp|devilution::FreeInfoBoxGfx(),devilution::FreeInfoBoxGfx,panels/info_box.cpp,16,20,eb340aaa22aa09ed337973f3fb617905661cfec2bbdaab391b1b4aeb934a6386,
"panels/mainpanel.cpp|devilution::DrawButtonText(const Surface &out, string_view text, Rectangle placement, UiFlags style, int spacing = 1)",devilution::DrawButtonText,panels/mainpanel.cpp,28,32,7f1f758eed8edef64767b2c525fc5314163d930a4ce7f4b32c6bc7a1cf6256f1,
"panels/mainpanel.cpp|devilution::DrawButtonOnPanel(Point position, string_view text, int frame)",devilution::DrawButtonOnPanel,panels/mainpanel.cpp,34,45,7a93f2f24fb3a7a8ba958bdd0a7657606e0630add7895a197170d084815ab6bc,
"panels/mainpanel.cpp|devilution::RenderMainButton(const Surface &out, int buttonId, string_view text, int frame)",devilution::RenderMainButton,panels/mainpanel.cpp,47,63,4bcfacd5d71130b1339bd00aa99afb74200cab8dbd1640c586fd7357a36e3e3e,
panels/mainpanel.cpp|devilution::LoadMainPanel(),devilution::LoadMainPanel,panels/mainpanel.cpp,67,135,45016d671225b65d5d0c400b141b4ddbbb349db625e0709e92d0c1d47bd45fb9,
panels/mainpanel.cpp|devilution::FreeMainPanel(),devilution::FreeMainPanel,panels/mainpanel.cpp,137,141,148387f471ce3ca2f85b9325d6956ec6ce716a5af510d6dcf69548797c756947,
"panels/spell_book.cpp|devilution::GetSpellFromSpellPage(size_t page, size_t entry)",devilution::GetSpellFromSpellPage,panels/spell_book.cpp,44,64,10c569a5e8a1d36494d63affd3e3accfbf39942aeb2067465d6e6692ab0d5430,
"panels/spell_book.cpp|devilution::PrintSBookStr(const Surface &out, Point position, string_view text, UiFlags flags = UiFlags::None)",devilution::PrintSBookStr,panels/spell_book.cpp,69,76,fcf7841cdac3f592c6df9807870a9ecc7fef325a5bf347c2a4174bbd9cf6a99a,
"panels/spell_book.cpp|devilution::GetSBookTrans(SpellID ii, bool townok)",devilution::GetSBookTrans,panels/spell_book.cpp,78,103,880c7b259a0dba5c637a641cee0d6ccb0787b2e649eb8bcefcfe4954175fc926,
panels/spell_book.cpp|devilution::InitSpellBook(),devilution::InitSpellBook,panels/spell_book.cpp,107,112,f31de84ef90dd6533cf0c492442cf98879e0da02aa1c1f3b1a721429130939d9,
panels/spell_book.cpp|devilution::FreeSpellBook(),devilution::FreeSpellBook,panels/spell_book.cpp,114,119,cbcb08afe7d804f8419eaa31a018dd83778cece514e3dea923daa8309459aa3b,
panels/spell_book.cpp|devilution::DrawSpellBook(const Surface &out),devilution::DrawSpellBook,panels/spell_book.cpp,121,192,01bd3cac2b22ba65d5fdd12cb65df9e096c0d4bf1d4db9e68b4eea4ac0fa3053,0x140147dc0
panels/spell_book.cpp|devilution::CheckSBook(),devilution::CheckSBook,panels/spell_book.cpp,194,235,6bf6c8f0c44006c40b9e3f708c160f4046560e013d2eca25156fb6f0bcc0b396,
panels/spell_icons.cpp|devilution::LoadLargeSpellIcons(),devilution::LoadLargeSpellIcons,panels/spell_icons.cpp,85,103,4153a2d461ebc647c24cade5e87a0ea9a3f6e6b2ccde893a036f387a882ca0cc,
panels/spell_icons.cpp|devilution::FreeLargeSpellIcons(),devilution::FreeLargeSpellIcons,panels/spell_icons.cpp,105,111,507400215cd1a1c850e1821b1fa83bf7003d1d147b5640e104c6a5a08c5ea4ae,
panels/spell_icons.cpp|devilution::LoadSmallSpellIcons(),devilution::LoadSmallSpellIcons,panels/spell_icons.cpp,113,121,3d46815e10336a75bdae9c298da65c6a822ca108b48c58e8e1edbf805c5b479d,
panels/spell_icons.cpp|devilution::FreeSmallSpellIcons(),devilution::FreeSmallSpellIcons,panels/spell_icons.cpp,123,129,22acd869e92563fa97b92fc945351b162fd456cf8e3326f3642dfbbcf850a165,
"panels/spell_icons.cpp|devilution::DrawLargeSpellIcon(const Surface &out, Point position, SpellID spell)",devilution::DrawLargeSpellIcon,panels/spell_icons.cpp,131,137,a2088c42835a0d1e814a4b941959b77acd27b71a5cfa3cb9e5ba818d377baf6c,
"panels/spell_icons.cpp|devilution::DrawSmallSpellIcon(const Surface &out, Point position, SpellID spell)",devilution::DrawSmallSpellIcon,panels/spell_icons.cpp,139,145,59fa5a935c3026891265d456980c557b6f120e906ce53b40dec772f0a4142f80,
"panels/spell_icons.cpp|devilution::DrawLargeSpellIconBorder(const Surface &out, Point position, uint8_t color)",devilution::DrawLargeSpellIconBorder,panels/spell_icons.cpp,147,152,3b3ecc8285f88a36a86f51840ae4055577f1df9dd5ba7c788cacce431dd683db,
"panels/spell_icons.cpp|devilution::DrawSmallSpellIconBorder(const Surface &out, Point position)",devilution::DrawSmallSpellIconBorder,panels/spell_icons.cpp,154,159,ae9f3913cf9c534b39eb20d6eac9d0447138cc12eba2bb7fe891b6fbb89efbb6,
panels/spell_icons.cpp|devilution::SetSpellTrans(SpellType t),devilution::SetSpellTrans,panels/spell_icons.cpp,161,216,88515d57decb82127561036c15fdc153d4d4847f3df886f4d9272ef1f1d3ce7a,0x140147c30
"panels/spell_list.cpp|devilution::PrintSBookSpellType(const Surface &out, Point position, string_view text, uint8_t rectColorIndex)",devilution::PrintSBookSpellType,panels/spell_list.cpp,28,37,c71a75f956732a5c2e5d3bdddefab5cea734d8ba8defbf4305b57d645195b78e,
"panels/spell_list.cpp|devilution::PrintSBookHotkey(const Surface &out, Point position, const string_view text)",devilution::PrintSBookHotkey,panels/spell_list.cpp,39,46,f4791f4cdd66315717b223c04dbc26d06c520a9f59b540757394e4b47bfa4596,
"panels/spell_list.cpp|devilution::GetSpellListSelection(SpellID &pSpell, SpellType &pSplType)",devilution::GetSpellListSelection,panels/spell_list.cpp,48,65,5f2f567069f65c95f8835e100092cc08c700348429b615bd46e4fcd1d92d79fc,
"panels/spell_list.cpp|devilution::GetHotkeyName(SpellID spellId, SpellType spellType, bool useShortName = false)",devilution::GetHotkeyName,panels/spell_list.cpp,67,79,da397c46783b4729228a1cd4f44ef9ac02f36350d186e269c3369a71703d8b37,
panels/spell_list.cpp|devilution::DrawSpell(const Surface &out),devilution::DrawSpell,panels/spell_list.cpp,83,112,081ed81c578dc8c0b9c1f2a55fbcc56cb5208d9b1a41861642c22b45dc137a4b,
panels/spell_list.cpp|devilution::DrawSpellList(const Surface &out),devilution::DrawSpellList,panels/spell_list.cpp,114,196,8e84c06c9ab69ec0580a135d64c729c602268549f9f9aa177b78d050594b607a,0x14014aa30
panels/spell_list.cpp|devilution::GetSpellListItems(),devilution::GetSpellListItems,panels/spell_list.cpp,198,249,062001b9ac1d9e439e12255405e6fc85450924d556ca4115da55a8462c6ac23b,0x14014a710
panels/spell_list.cpp|devilution::SetSpell(),devilution::SetSpell,panels/spell_list.cpp,251,266,357cd7f8912003aa4406613188cda7641fa3b21816653b2ebcd3cf14e1e66c06,
panels/spell_list.cpp|devilution::SetSpeedSpell(size_t slot),devilution::SetSpeedSpell,panels/spell_list.cpp,268,283,975dbcaa47d051f792ca2cb8419b5ce7b8cd9269f90b16e1991119d4bcbca83f,
panels/spell_list.cpp|devilution::ToggleSpell(size_t slot),devilution::ToggleSpell,panels/spell_list.cpp,285,318,b7ad25e9ab228cd20f8c91cbbe473cc3843301213bfb46e14bcf6e35213b7752,
panels/spell_list.cpp|devilution::DoSpeedBook(),devilution::DoSpeedBook,panels/spell_list.cpp,320,375,d0dcd5505c4029cc43bf159268859328855df745fc3f40fa14d8419c5d53178d,
"pfile.cpp|devilution::GetSavePath(uint32_t saveNum, string_view savePrefix = {})",devilution::GetSavePath,pfile.cpp,54,67,1b839c40731a08ab4182ee5d389f5c870c07bc1234626192ed9a54f34abe1dbc,0x1400b3910
pfile.cpp|devilution::GetStashSavePath(),devilution::GetStashSavePath,pfile.cpp,69,79,2e6b78ccc3a0dee74a2db2fd46b58e46e8eebcc5022c103beb8aa98aa7a228c6,0x1400b3c80
"pfile.cpp|devilution::GetSaveNames(uint8_t index, string_view prefix, char *out)",devilution::GetSaveNames,pfile.cpp,81,95,40a8533d251bc3f130967084d98441ac646c243ae8dd5bb28c1d0a944389c073,
"pfile.cpp|devilution::GetPermSaveNames(uint8_t dwIndex, char *szPerm)",devilution::GetPermSaveNames,pfile.cpp,97,100,9bb44cfb73d9aa24d0765f8dac7cfe822238114f35b6e23d7e92127159b19e15,
"pfile.cpp|devilution::GetTempSaveNames(uint8_t dwIndex, char *szTemp)",devilution::GetTempSaveNames,pfile.cpp,102,105,fd07208121d152145066bdaa59d0d89c40e11b56002a1bfcc2d66850ea807e03,
pfile.cpp|devilution::RenameTempToPerm(SaveWriter &saveWriter),devilution::RenameTempToPerm,pfile.cpp,107,124,154901db435ab9a1f10f42296e3b57ccf00572b9f1eabb0569a29ab2b53d9732,
"pfile.cpp|devilution::ReadHero(SaveReader &archive, PlayerPack *pPack)",devilution::ReadHero,pfile.cpp,126,141,71459cdd33e29f3f29efaa6882c92c6feb8c36a809697f7a33f0da5af09b60e8,
"pfile.cpp|devilution::EncodeHero(SaveWriter &saveWriter, const PlayerPack *pack)",devilution::EncodeHero,pfile.cpp,143,151,2d08690a86499eceaeb0c70e65e666e4812d639d276f84ca2217a68636eec9d3,
pfile.cpp|devilution::GetSaveWriter(uint32_t saveNum),devilution::GetSaveWriter,pfile.cpp,153,156,93bc2614babcf34d70b86b264d288a66b51275cfe0e25a5cbfa8eb786c662351,
pfile.cpp|devilution::GetStashWriter(),devilution::GetStashWriter,pfile.cpp,158,161,3d0b4366c83c760e8e87f5c7f3f893e00e7932348b5cc95025b7dfb7bbaa620f,
"pfile.cpp|devilution::CopySaveFile(uint32_t saveNum, std::string targetPath)",devilution::CopySaveFile,pfile.cpp,164,168,ab45a517f0d70bad61bf56e2a1519852a0528bd74644a9f0e42be04faf3e95f9,
"pfile.cpp|devilution::Game2UiPlayer(const Player &player, _uiheroinfo *heroinfo, bool bHasSaveFile)",devilution::Game2UiPlayer,pfile.cpp,171,183,8d969539e7cb9cd01d24ad3a149766f14ab62cebc52b39d1102a921a8d0a0ff5,
"pfile.cpp|devilution::GetFileName(uint8_t lvl, char *dst)",devilution::GetFileName,pfile.cpp,185,205,d18027a599bf90fd8b78c0198176eb70b60a2723b1b080decd3c0468f78b0fd2,
pfile.cpp|devilution::ArchiveContainsGame(SaveReader &hsArchive),devilution::ArchiveContainsGame,pfile.cpp,207,219,73ca4352f02e921de32b6c7e3cfc27cf471f3e341b311ca160d5f1d6f5be25a6,
pfile.cpp|devilution::CreateSaveReader(std::string &&path),devilution::CreateSaveReader,pfile.cpp,221,231,bff0e63daba4a4b2e16e3bb714c2beae6a82a45bd35aa5dbc1e154c37a15c15a,
pfile.cpp|devilution::CompareCounter::max(),devilution::CompareCounter::max,pfile.cpp,245,248,3f907fcaa0dfda9f91e57e44f8cb3d6edbfb231fed8851c6988b2c50934085ac,
"pfile.cpp|devilution::CompareCounter::checkIfDataExists(int count, CompareInfo &compareInfoReference, CompareInfo &compareInfoActual)",devilution::CompareCounter::checkIfDataExists,pfile.cpp,249,255,2948d4c91d4cb4b4f15890eb8784ba430728b3e9531c813aea56a2bfb1f0c82e,
"pfile.cpp|devilution::string_ends_with(string_view value, string_view suffix)",devilution::string_ends_with,pfile.cpp,258,263,3e366e70b609b98b0058b307b9dc77b47b6f2b5c566ca14a50a33356b844f660,
"pfile.cpp|devilution::CreateDetailDiffs(string_view prefix, string_view memoryMapFile, CompareInfo &compareInfoReference, CompareInfo &compareInfoActual, std::unordered_map<std::string, size_t> &foundDiffs)",devilution::CreateDetailDiffs,pfile.cpp,265,417,5e9ef0180b6454dfe2b3e50f16ded2598c8e883eb4b546314b82442c6fdc375b,0x1400b1920;0x1400b6440;0x1400bbd60
"pfile.cpp|devilution::CompareSaves(const std::string &actualSavePath, const std::string &referenceSavePath, bool logDetails)",devilution::CompareSaves,pfile.cpp,425,473,e8637d0cb72f815922eaeed3893ce9cb6ba2b256d2e2e13768926ecaf6863550,0x1400b8700
"pfile.cpp|devilution::pfile_write_hero(SaveWriter &saveWriter, bool writeGameData)",devilution::pfile_write_hero,pfile.cpp,476,491,fbfd6191f60cd0e7ea83cb1c1f217949f8709fb17d63dc0f462b23c6abba6e9c,
pfile.cpp|devilution::RemoveAllInvalidItems(Player &player),devilution::RemoveAllInvalidItems,pfile.cpp,493,502,2269415f2f326fc9e92466f5f6fff8c40ffc1b3f10e018abbba3c21a30404be4,
pfile.cpp|devilution::OpenSaveArchive(uint32_t saveNum),devilution::OpenSaveArchive,pfile.cpp,558,561,6a8759dc5a56466f8a83c8f1d018969bc0088db2c650a049b099e8fb0fb019d5,
pfile.cpp|devilution::OpenStashArchive(),devilution::OpenStashArchive,pfile.cpp,563,566,5d477a88325f2c52886ae554ece8be71c1923f291220b32219181f535c2fd2f9,
"pfile.cpp|devilution::ReadArchive(SaveReader &archive, const char *pszName, size_t *pdwLen)",devilution::ReadArchive,pfile.cpp,568,585,c8d54c79c26fc40b546999b15363e63f92646ca293315ecbd3239fc2c8d41eb9,
pfile.cpp|devilution::pfile_get_password(),devilution::pfile_get_password,pfile.cpp,587,592,d153ae028f9de0fcd3a8bbd235c9f48c7d3a1388fc4fda37421fa0edfdc1c51f,
pfile.cpp|devilution::pfile_write_hero(bool writeGameData),devilution::pfile_write_hero,pfile.cpp,594,598,7bf11894f82ace62d78eb18bf91a0c5ae4f5df10559baacb4fec2629271e9b51,
pfile.cpp|devilution::pfile_write_hero_demo(int demo),devilution::pfile_write_hero_demo,pfile.cpp,601,607,c71e95c3aa4dc4878f2f43dcab44c86b09b803c5ff67604954c00a912cf541b3,
"pfile.cpp|devilution::pfile_compare_hero_demo(int demo, bool logDetails)",devilution::pfile_compare_hero_demo,pfile.cpp,609,624,0ace6397163738dbe833a61fdce73096ea83de25c4107854e88d49667c1d04c3,
pfile.cpp|devilution::sfile_write_stash(),devilution::sfile_write_stash,pfile.cpp,627,637,3e5f104c91c52b2c1dcee5d971d593b42953f04b62100ada979375fbc62b1112,
pfile.cpp|devilution::pfile_ui_set_hero_infos(bool (*uiAddHeroInfo)(_uiheroinfo *)),devilution::pfile_ui_set_hero_infos,pfile.cpp,639,669,b1443af44518679b4793c3c7b2becbfa84c305b71a8905098d2f83fd0fc0d7cd,
"pfile.cpp|devilution::pfile_ui_set_class_stats(unsigned int playerClass, _uidefaultstats *classStats)",devilution::pfile_ui_set_class_stats,pfile.cpp,671,677,6ade5d28f43c42d7f96863104fbbc5533c6a97ea14264e2d8d6233a3901949ef,
pfile.cpp|devilution::pfile_ui_get_first_unused_save_num(),devilution::pfile_ui_get_first_unused_save_num,pfile.cpp,679,687,0b831c11309e117da99ac4e65756f0087639eab73b7d58e2d2cc27e0da00c496,
pfile.cpp|devilution::pfile_ui_save_create(_uiheroinfo *heroinfo),devilution::pfile_ui_save_create,pfile.cpp,689,716,85796958aff49c46cd0e99256c393f0b1fa101c4efc18e1fbfecb4f1b51e3301,
pfile.cpp|devilution::pfile_delete_save(_uiheroinfo *heroInfo),devilution::pfile_delete_save,pfile.cpp,718,726,7ad30d2b8ef8e14b589770d8c42bfd75123cc5f3294a75f5e2f5d4d931bab840,
"pfile.cpp|devilution::pfile_read_player_from_save(uint32_t saveNum, Player &player)",devilution::pfile_read_player_from_save,pfile.cpp,728,747,cdce93e78969169d0e5236ac3ad1b58985ed3eb94a627451d4297617b2069e5b,0x1400c4fb0
pfile.cpp|devilution::pfile_save_level(),devilution::pfile_save_level,pfile.cpp,749,753,7c8cba9a5153ad9dfdfd32bf1408b209fd1a2117e0cd20dd9a7870997c45e343,
pfile.cpp|devilution::pfile_convert_levels(),devilution::pfile_convert_levels,pfile.cpp,755,759,5564644eb855898c559202d3b5afc113d61b025f1893a3e207da085027c097e3,
pfile.cpp|devilution::pfile_remove_temp_files(),devilution::pfile_remove_temp_files,pfile.cpp,761,768,52d293a4cb2e3657e154f00b6f86df7c273e7f564c7a6b1964668bac6a63d222,
pfile.cpp|devilution::pfile_update(bool forceSave),devilution::pfile_update,pfile.cpp,770,784,53f67e493a3c195da1dd0b1006c7c8653638c5cc2502bbc3fa7cce3823db6ed2,
platform/android/android.cpp|devilution::AreExtraFontsOutOfDateForMpqPath(const char *mpqPath),devilution::AreExtraFontsOutOfDateForMpqPath,platform/android/android.cpp,9,14,d7813936e19cf9b5aa387e1cacd582366fd821955f7ad31b350b6bb68f0864fc,
"platform/android/android.cpp|Java_org_diasurgical_devilutionx_DevilutionXSDLActivity_areFontsOutOfDate(JNIEnv *env, jclass cls, jstring fonts_mpq)",Java_org_diasurgical_devilutionx_DevilutionXSDLActivity_areFontsOutOfDate,platform/android/android.cpp,20,26,1618768a8e3dad90f7b2a08cfcbf1b8117fb51cf5b70c97afd78c65194c94696,
platform/ctr/asio/net/if.c|if_nametoindex(const char *__ifname),if_nametoindex,platform/ctr/asio/net/if.c,5,8,e070f35c3c80d9d79e72cfa9f200136ab44af90845687dc79251eef0d8204830,
"platform/ctr/asio/net/if.c|if_indextoname(unsigned int __ifindex, char *__ifname)",if_indextoname,platform/ctr/asio/net/if.c,10,13,36472423de95feb5d1dd6523d222b7b10318780c3a675895daaef6d578e79267,
platform/ctr/asio/net/if.c|if_freenameindex(struct if_nameindex *__ptr),if_freenameindex,platform/ctr/asio/net/if.c,20,22,fd49bb32500cfbc42100c60afb3e0f512796682e06c97495398237fee92912e7,
"platform/ctr/asio/sys/socket.c|stream_recvmsg(int socket, struct msghdr *message, int flags)",stream_recvmsg,platform/ctr/asio/sys/socket.c,6,35,262337dba57af93386b74d39fa5068bb80c7a70c2784bffc5a8143a124d2165d,
"platform/ctr/asio/sys/socket.c|dgram_recvmsg(int socket, struct msghdr *message, int flags)",dgram_recvmsg,platform/ctr/asio/sys/socket.c,37,40,6d66929baa3b315ea449e80d6af19302815ccb58d5d4f0a24208d8fbe12b5d9c,
"platform/ctr/asio/sys/socket.c|recvmsg(int socket, struct msghdr *message, int flags)",recvmsg,platform/ctr/asio/sys/socket.c,42,56,e812bbb4ffc228d5b0ab8d8328f92c2333f5bbbe9d59b99d8daa12e01d01c386,
"platform/ctr/asio/sys/socket.c|stream_sendmsg(int socket, const struct msghdr *message, int flags)",stream_sendmsg,platform/ctr/asio/sys/socket.c,58,82,8d40f9290e49a08d984d1bf555637753351a0068d00ea4bd304e30f580b9cb38,
"platform/ctr/asio/sys/socket.c|dgram_sendmsg(int socket, const struct msghdr *message, int flags)",dgram_sendmsg,platform/ctr/asio/sys/socket.c,84,87,5eb2acd6364233d1efd80ce0c7031c3602d242ab8a672bba192b5a33d682fb08,
"platform/ctr/asio/sys/socket.c|sendmsg(int socket, const struct msghdr *message, int flags)",sendmsg,platform/ctr/asio/sys/socket.c,89,103,9520082d68772826556a449ed75e2843502adb52359e3af455cf9280eef1c0ac,
"platform/ctr/asio/sys/socket.c|socketpair(int domain, int type, int protocol, int socket_vector[2])",socketpair,platform/ctr/asio/sys/socket.c,105,108,6dd5edb0033587f4c0ca7306849819f446fa77b04699659ba4ecaad8d5e705e5,
"platform/ctr/asio/sys/uio.c|readv(int __fd, const struct iovec *__iovec, int __count)",readv,platform/ctr/asio/sys/uio.c,5,8,1277151b1798ff52021395673e6a27c040fa6e86afbc0568ad1de4b0ebeecb31,
"platform/ctr/asio/sys/uio.c|writev(int __fd, const struct iovec *__iovec, int __count)",writev,platform/ctr/asio/sys/uio.c,10,13,a1680a44d0e72ff8ae1556356ea9350ec1d72e66c38fb239b175480e519e28c6,
platform/ctr/cfgu_service.hpp|devilution::n3ds::CFGUService::CFGUService(),devilution::n3ds::CFGUService::CFGUService,platform/ctr/cfgu_service.hpp,19,23,94d80b42e8a87511804f37b60a1a2a1df8f4fca187e961a47bdfb9d52d671448,
platform/ctr/cfgu_service.hpp|devilution::n3ds::CFGUService::~CFGUService(),devilution::n3ds::CFGUService::~CFGUService,platform/ctr/cfgu_service.hpp,25,28,153abf3532b6e5704ee385cd0c632e9375c5a7c3d7fcf954a4e8dba8f2baf7a8,
platform/ctr/cfgu_service.hpp|devilution::n3ds::CFGUService::IsInitialized(),devilution::n3ds::CFGUService::IsInitialized,platform/ctr/cfgu_service.hpp,30,33,862842cc31c2b37fd4734b4ca389142f726e03ad78268f0020a9cfffe16c5427,
"platform/ctr/display.cpp|Get3DSScalingFlag(bool fitToScreen, int width, int height)",Get3DSScalingFlag,platform/ctr/display.cpp,5,12,1bdea5cc92b3c1921af7a1d61cadeba01015d158b60c1f75aa2b0c04bec59aa8,
"platform/ctr/keyboard.cpp|ctr_vkbdInput(devilution::string_view hintText, devilution::string_view inText, char *outText, size_t maxLength)",ctr_vkbdInput,platform/ctr/keyboard.cpp,19,30,ce75aad4bc5dbc3db14cddcb2cb83b456347d161625adc75bb2d4a18518f8094,
platform/ctr/keyboard.cpp|ctr_vkbdFlush(),ctr_vkbdFlush,platform/ctr/keyboard.cpp,32,60,529dd544d3ec58d64d8fa579e1519c8052d41f81ea8735854ce1b4fec24439f3,
platform/ctr/locale.cpp|devilution::n3ds::GetLocale(),devilution::n3ds::GetLocale,platform/ctr/locale.cpp,10,49,c4f0bbc3a92c704291ce90b8116e4419eb167884a40c06e40e9547c274d48d93,
"platform/ctr/messagebox.cpp|SDL_ShowSimpleMessageBox(Uint32 flags, const char *title, const char *message, SDL_Surface *window)",SDL_ShowSimpleMessageBox,platform/ctr/messagebox.cpp,7,30,b39ab2ea41d2f188c0959b984d451f0690f66ee5307916767a5e539a2f2a7697,
platform/ctr/random.cpp|randombytes_ctrrandom_implementation_name(),randombytes_ctrrandom_implementation_name,platform/ctr/random.cpp,6,9,4be87a99c1c7f6995ee9bb546cc8bcd163f0d7eb994d11e0fb8ae7a43e2465a5,
"platform/ctr/random.cpp|randombytes_ctrrandom_tryfill(void *const buf, const size_t size)",randombytes_ctrrandom_tryfill,platform/ctr/random.cpp,11,21,632d854f655f08ddadac495f49b072a771243bc36cf2279834b00a04aad6badf,
platform/ctr/random.cpp|randombytes_ctrrandom(),randombytes_ctrrandom,platform/ctr/random.cpp,23,29,ac2ece56ed200394b1c94fa52cd59ba7a9cdcb11de4e20d08d39eb1234709b9e,
"platform/ctr/random.cpp|randombytes_ctrrandom_buf(void *const buf, const size_t size)",randombytes_ctrrandom_buf,platform/ctr/random.cpp,31,35,009175aab3069aff181d0e030aab6ad96b30ebe20a7a1031845328c801204e44,
platform/ctr/random.cpp|randombytes_ctrrandom_init(),randombytes_ctrrandom_init,platform/ctr/random.cpp,46,49,25974e785dbe91e150c61bab7cc9580720cc49edda793e8ba0e09018e5928192,
platform/ctr/sockets.cpp|devilution::waitForWifi(),devilution::waitForWifi,platform/ctr/sockets.cpp,17,34,10c125e89503e17b9450b6322c4e5395be49a79481f63776634d69bb94ccc58c,
platform/ctr/sockets.cpp|devilution::n3ds_socExit(),devilution::n3ds_socExit,platform/ctr/sockets.cpp,36,44,07e21bd0ee5550cb0cdc853c815201f172eb014fef26db1b16919e678a9c7449,
platform/ctr/sockets.cpp|devilution::n3ds_socInit(),devilution::n3ds_socInit,platform/ctr/sockets.cpp,46,69,1e5fdd6a6f4e0255db5503b7dbf730f9ff3c65cf91ffdc8351d14c3e81f8666a,
"platform/ctr/system.cpp|aptHookFunc(APT_HookType hookType, void *param)",aptHookFunc,platform/ctr/system.cpp,16,36,2a121be146b382a576ff2d31cc1a7a0fef47b0ea40de79d83ca7a1a8f7a92f6a,
platform/ctr/system.cpp|ctr_lcd_backlight_on(),ctr_lcd_backlight_on,platform/ctr/system.cpp,38,45,a6b49ae8fe3c4972ba374990c82b9c28b6aa1458a5a4a2f3d15f7be7c5d087d7,
platform/ctr/system.cpp|ctr_lcd_backlight_off(),ctr_lcd_backlight_off,platform/ctr/system.cpp,47,54,ec2a20eb9619cf622a32951245ead313b16c313ee06ab2c710d63876182ad12a,
platform/ctr/system.cpp|ctr_check_dsp(),ctr_check_dsp,platform/ctr/system.cpp,56,70,88470ba5069c51059615e0d477d12233e9f841081b0775cd802e0e5305423378,
platform/ctr/system.cpp|ctr_is_n3ds(),ctr_is_n3ds,platform/ctr/system.cpp,72,77,595db7bed8081aafa8518f79a652c12fb47fe0a286514d07a9bc5484c7ae21c7,
platform/ctr/system.cpp|ctr_should_disable_backlight(),ctr_should_disable_backlight,platform/ctr/system.cpp,79,91,fc0c388964f63e0419df700f4fb1ac62bc7b1263ea933ba853101ab7b71c5645,
platform/ctr/system.cpp|ctr_sys_init(),ctr_sys_init,platform/ctr/system.cpp,93,122,3076f72a290040fbafc2c2c3cba6aebc1c41a722fc6d7497d383c59b02398a1b,
platform/locale.cpp|devilution::GetLocales(),devilution::GetLocales,platform/locale.cpp,62,212,5a17b1d9cc714d4e04c675fac479707ee1aed3af7acc005727d7b3702063ac67,
platform/switch/asio/net/if.c|if_nametoindex(const char *__ifname),if_nametoindex,platform/switch/asio/net/if.c,5,8,e070f35c3c80d9d79e72cfa9f200136ab44af90845687dc79251eef0d8204830,
"platform/switch/asio/net/if.c|if_indextoname(unsigned int __ifindex, char *__ifname)",if_indextoname,platform/switch/asio/net/if.c,10,13,36472423de95feb5d1dd6523d222b7b10318780c3a675895daaef6d578e79267,
platform/switch/asio/net/if.c|if_freenameindex(struct if_nameindex *__ptr),if_freenameindex,platform/switch/asio/net/if.c,20,22,fd49bb32500cfbc42100c60afb3e0f512796682e06c97495398237fee92912e7,
platform/switch/asio/pause.c|pause(void),pause,platform/switch/asio/pause.c,3,7,0c1f67a0e5b61ff100cbb5f55067828f340b783ce48120507f1325e88f917f38,
"platform/switch/asio/sys/signal.c|pthread_sigmask(int, const sigset_t *, sigset_t *)",pthread_sigmask,platform/switch/asio/sys/signal.c,4,7,185b8637c8a41ff997ece868485a3959cef59228774915ebc615ed21df0ea8af,
platform/switch/docking.cpp|devilution::HandleDocking(),devilution::HandleDocking,platform/switch/docking.cpp,22,58,12ba77e9d8e6e1562d438f7ba4ce37e4f46a25a32298610691e7fb3af31e524b,
"platform/switch/keyboard.cpp|switch_keyboard_get(devilution::string_view guide_text, devilution::string_view initial_text, char *buf, unsigned buf_len)",switch_keyboard_get,platform/switch/keyboard.cpp,11,38,73e4a824ab1efeb00929e676cddbe1ade4e3c45cef77068722cf37c0758bab73,
platform/switch/keyboard.cpp|get_utf8_character_bytes(const uint8_t *uc),get_utf8_character_bytes,platform/switch/keyboard.cpp,40,53,2909ef1d76f5be15c8352d53751aa1705b6e98a2a57e7676285f599b3081403b,
"platform/switch/keyboard.cpp|switch_create_and_push_sdlkey_event(uint32_t event_type, SDL_Scancode scan, SDL_Keycode key)",switch_create_and_push_sdlkey_event,platform/switch/keyboard.cpp,55,63,c3f02de53ef52071beb3982334f75a24fb20d63848f81118dbb1c1ac92cfee99,
"platform/switch/keyboard.cpp|switch_start_text_input(devilution::string_view guide_text, devilution::string_view initial_text, unsigned max_length)",switch_start_text_input,platform/switch/keyboard.cpp,65,92,ab291827032acf506f1d88e6a90161d17835f15e6f01ec81a2ab06322aff6ecb,
platform/switch/network.cpp|switch_enable_network(),switch_enable_network,platform/switch/network.cpp,8,15,0aaa75f3cc0f461f8217c299a0639116ca914086001fae2b332e11100bdf36ee,
platform/switch/network.cpp|switch_disable_network(),switch_disable_network,platform/switch/network.cpp,17,23,179530af802e6b2924d5ca495202d405f2ca0274a0b7d51c0166df9317ab3ca2,
platform/switch/random.cpp|randombytes_switchrandom_implementation_name(),randombytes_switchrandom_implementation_name,platform/switch/random.cpp,13,16,f15e12cadd4e353c144c0429bfdad5c4a5f86bf960065d1c029355cd2b12c1f7,
"platform/switch/random.cpp|randombytes_switchrandom_tryfill(void *const buf, const size_t size)",randombytes_switchrandom_tryfill,platform/switch/random.cpp,18,29,a12ae72c8ea3705e58fa19d8ab8130c9517313a3bfbdbd425b11d2e79c64d0e7,
platform/switch/random.cpp|randombytes_switchrandom(),randombytes_switchrandom,platform/switch/random.cpp,31,37,6c0c43669548f7a4fd93c99dfae8916d79db5356d2d26ecbbc82ee4e500e0b38,
"platform/switch/random.cpp|randombytes_switchrandom_buf(void *const buf, const size_t size)",randombytes_switchrandom_buf,platform/switch/random.cpp,39,43,43e5f4d63573a71397e00ede58bbc3e421189657dd46f3887209f9a109a27c4d,
platform/switch/random.cpp|randombytes_switchrandom_init(),randombytes_switchrandom_init,platform/switch/random.cpp,54,58,bc011f2939a67fdbb51e69c2e8e30210dc6001447918d67e936c5e2ae7e589d1,
platform/switch/romfs.cpp|switch_romfs_init(),switch_romfs_init,platform/switch/romfs.cpp,9,14,5ee482a929aecdbebf0823b7a6e341c04e23dca91eabe279251652cf8d304c87,
"platform/vita/keyboard.cpp|utf16_to_utf8(const uint16_t *src, uint8_t *dst)",utf16_to_utf8,platform/vita/keyboard.cpp,10,32,89152398e61b7f88d1d5b2d355a49d4efbb134aa2f15ba4f2bea2fc7eaa4da5a,
"platform/vita/keyboard.cpp|utf8_to_utf16(const uint8_t *src, size_t src_size, uint16_t *dst)",utf8_to_utf16,platform/vita/keyboard.cpp,34,56,df7f35fcb2eeda24510923d933441bcca9f5558eb7417d7b07a5f88635191a27,
platform/vita/keyboard.cpp|vita_input_thread(void *ime_buffer),vita_input_thread,platform/vita/keyboard.cpp,58,84,48afbc52b3537b9f974bc578bdbce2bfc326edcbfb1d7fb8e63aed15f89e78c9,
"platform/vita/keyboard.cpp|vita_keyboard_get(devilution::string_view guide_text, devilution::string_view initial_text, unsigned max_len, SceWChar16 *buf)",vita_keyboard_get,platform/vita/keyboard.cpp,86,117,efb72ed3bae808a3136a2059490eae5221d1abae8530398ed42cb5d7eacd3dcb,
"platform/vita/keyboard.cpp|vita_start_text_input(devilution::string_view guide_text, devilution::string_view initial_text, unsigned max_length)",vita_start_text_input,platform/vita/keyboard.cpp,119,125,c670c0de9dc88f416436d0871049c4acb5dcd8e4b0756f654bb494cce72f33a5,
platform/vita/network.cpp|vita_enable_network(),vita_enable_network,platform/vita/network.cpp,11,34,f8f25c823d7a81e8664475a4f0ce693859e5113591e5d41d37479470a1fa321d,
platform/vita/random.cpp|randombytes_vitarandom_implementation_name(),randombytes_vitarandom_implementation_name,platform/vita/random.cpp,6,9,d5b3471da2583b9eefcf5aebe9859f9004b38bcec27d873ef78da1fed7323e41,
platform/vita/random.cpp|randombytes_vitarandom(),randombytes_vitarandom,platform/vita/random.cpp,11,16,1db55765c4aafe5d5ec45039e9da5b6b30010e19cdaef068fb5aad948c8763d6,
"platform/vita/random.cpp|randombytes_vitarandom_buf(void *const buf, const size_t size)",randombytes_vitarandom_buf,platform/vita/random.cpp,18,21,efdf9a400a04019da2131681df117734609d15cd52d91f2518c5d70e1e2a8319,
platform/vita/random.cpp|randombytes_vitarandom_init(),randombytes_vitarandom_init,platform/vita/random.cpp,32,35,172c1b82b516aa5bdfdd601acd349585ae71c9b70378250e8980199762581b46,
"platform/vita/touch.cpp|devilution::clip(T v, T amin, T amax)",devilution::clip,platform/vita/touch.cpp,22,31,172057dd2750a7ba72ff51631a4e8af4b293b1a3a9181e6c8bf4c1d89b0b24cb,
"platform/vita/touch.cpp|devilution::SetMouseMotionEvent(SDL_Event *event, int32_t x, int32_t y, int32_t xrel, int32_t yrel)",devilution::SetMouseMotionEvent,platform/vita/touch.cpp,33,41,26adb1e542efb44bf9d33f831e293e176b8141ded4a116ea69a4bab7bb67eb4b,
platform/vita/touch.cpp|devilution::InitTouch(),devilution::InitTouch,platform/vita/touch.cpp,77,100,f4bf8a59a27b058fe1c7e2f1f653fd3e399f993a057da705138103b26cd74afd,
"platform/vita/touch.cpp|devilution::SetMouseButtonEvent(SDL_Event &event, uint32_t type, uint8_t button, Point position)",devilution::SetMouseButtonEvent,platform/vita/touch.cpp,102,113,7d845873af3af5829fcda5442f9685aa59628e7a71c617d6953a708eaf2b608e,
platform/vita/touch.cpp|devilution::PreprocessFingerDown(SDL_Event *event),devilution::PreprocessFingerDown,platform/vita/touch.cpp,115,154,1605f44192074c1a12001093b1686b02c32b3cc148cb20bba97772db14051d57,
platform/vita/touch.cpp|devilution::PreprocessBackFingerDown(SDL_Event *event),devilution::PreprocessBackFingerDown,platform/vita/touch.cpp,156,173,abebc8c48f0412f794604266c3a8d8c52365947fb6dfebefc3d191ace45d898a,
platform/vita/touch.cpp|devilution::PreprocessBackFingerUp(SDL_Event *event),devilution::PreprocessBackFingerUp,platform/vita/touch.cpp,175,191,c50fe2c0222a4e485776782501c4fc4c3217679946b22cb250dea9e76ebe0c71,
platform/vita/touch.cpp|devilution::PreprocessFingerUp(SDL_Event *event),devilution::PreprocessFingerUp,platform/vita/touch.cpp,193,265,923d90154eb2d98675a42045a264ebb370f70b41c29fcb1a34d7bc3bed7901f7,
platform/vita/touch.cpp|devilution::PreprocessFingerMotion(SDL_Event *event),devilution::PreprocessFingerMotion,platform/vita/touch.cpp,267,391,219a93e68c9c7d662749ed0637d4afceb3f542e6e74bde5a2e358c9fb786675d,
platform/vita/touch.cpp|devilution::PreprocessEvents(SDL_Event *event),devilution::PreprocessEvents,platform/vita/touch.cpp,393,432,8f5ff6216251870efddae071d4b2210ac295917e66871ac0425f536552b64401,
"platform/vita/touch.cpp|devilution::HandleTouchEvent(SDL_Event *event, Point mousePosition)",devilution::HandleTouchEvent,platform/vita/touch.cpp,436,448,c928a43445e4a5031960f7e87ed16758a8f3d6162aae80ceab0ae680bb561f02,
platform/vita/touch.cpp|devilution::FinishSimulatedMouseClicks(Point mousePosition),devilution::FinishSimulatedMouseClicks,platform/vita/touch.cpp,450,479,06c84edd09d77f06357300b7fed87cc8593d0180c4b515f6d56bf9feb8f80713,
player.cpp|devilution::UpdatePlayerLightOffset(Player &player),devilution::UpdatePlayerLightOffset,player.cpp,69,76,ade06373fa19c7f795cd5ff8707bb3b2b678e4b7d5910da3fc9f506fa8744a6b,
"player.cpp|devilution::WalkNorthwards(Player &player, const DirectionSettings &walkParams)",devilution::WalkNorthwards,player.cpp,78,82,ad098000610bc7a64a8908196f76193b693624f1aa82755054b21b7e99c49e6c,
"player.cpp|devilution::WalkSouthwards(Player &player, const DirectionSettings &)",devilution::WalkSouthwards,player.cpp,84,94,b0df398b00d1144f8764b99fcf122defd8c90c6acdc510abcc0f1f63487f08b0,
"player.cpp|devilution::WalkSideways(Player &player, const DirectionSettings &walkParams)",devilution::WalkSideways,player.cpp,96,110,d3b4db3ffe4f430f7c5762a7cdca431faf64f661de66abcd6e5b81656f17e1ce,
"player.cpp|devilution::PlrDirOK(const Player &player, Direction dir)",devilution::PlrDirOK,player.cpp,125,142,2c94902a6a459d0f6b3c7a3e98ce595c115b112b09068115c5cc0204b724822c,
"player.cpp|devilution::HandleWalkMode(Player &player, Direction dir)",devilution::HandleWalkMode,player.cpp,144,161,9c0536e670e58c376564522648ee605195d51b98271886e69cec6f16b3ce5553,
"player.cpp|devilution::StartWalkAnimation(Player &player, Direction dir, bool pmWillBeCalled)",devilution::StartWalkAnimation,player.cpp,163,171,271d03717272fdba82bbe29fc1c2963be3c55451a67783cfb703a9b1fa6ceb78,
"player.cpp|devilution::StartWalk(Player &player, Direction dir, bool pmWillBeCalled)",devilution::StartWalk,player.cpp,176,185,9ac7e64a0513077ce33c28bc82e676bc01711b6052578d47296ec94b7a51f968,
player.cpp|devilution::ClearStateVariables(Player &player),devilution::ClearStateVariables,player.cpp,187,192,01e70d6a314694967130a90f19dd39786b0b13b76df95bd3df6f03eaa9f49900,
"player.cpp|devilution::StartAttack(Player &player, Direction d, bool includesFirstFrame)",devilution::StartAttack,player.cpp,194,235,c95b2418a3cc4a030b1f0ebdda6cce53079526df469dcf54c64593b9848466e0,
"player.cpp|devilution::StartRangeAttack(Player &player, Direction d, WorldTileCoord cx, WorldTileCoord cy, bool includesFirstFrame)",devilution::StartRangeAttack,player.cpp,237,263,a0b361c79b633876ca3b8943834e703eeb82312b61b9cf1448f12be083c9458f,
player.cpp|devilution::GetPlayerGraphicForSpell(SpellID spellId),devilution::GetPlayerGraphicForSpell,player.cpp,265,275,0cbc4f2476c060ed86e21e94dedb2944b590a86d0538ce6e5837e89c69a5b20e,
"player.cpp|devilution::StartSpell(Player &player, Direction d, WorldTileCoord cx, WorldTileCoord cy)",devilution::StartSpell,player.cpp,277,319,aaead6ed234726bf1c9a29a7f8a621fd3862129a902294d2af2a9515c034f62d,
"player.cpp|devilution::RespawnDeadItem(Item &&itm, Point target)",devilution::RespawnDeadItem,player.cpp,321,334,38b1f43b0b4e4a4aabb2d9387e9507601007b116390522314d6cabdf67e4f282,
"player.cpp|devilution::DeadItem(Player &player, Item &&itm, Displacement direction)",devilution::DeadItem,player.cpp,336,358,3b07a9c66ba87040dacc3ebcc21c4e9eb61307f9875f2edd56c4efd8aa4f592a,
"player.cpp|devilution::DropGold(Player &player, int amount, bool skipFullStacks)",devilution::DropGold,player.cpp,360,385,62729a270359417602cf4507c4201ab6da3541434e51693fa2d70726fa1af30e,
player.cpp|devilution::DropHalfPlayersGold(Player &player),devilution::DropHalfPlayersGold,player.cpp,387,395,4ab05e377401488c82c89fb0fc8f9e4ad0e9f53a10c6da6897c919cc7a4f895c,
player.cpp|devilution::InitLevelChange(Player &player),devilution::InitLevelChange,player.cpp,397,430,58975694a9e0bfe5a87d17ce454e9d581f9f2d397b01e0e9f0910980c91782e2,
"player.cpp|devilution::DoWalk(Player &player, int variant)",devilution::DoWalk,player.cpp,435,486,de242efa76c1280df09ac09fb072417c7fc4fd81cf491252aeedf54e73d9c683,
"player.cpp|devilution::WeaponDecay(Player &player, int ii)",devilution::WeaponDecay,player.cpp,488,500,871ecaf5ac4f9d3d4955aa1464f93ea922792f9b5c2525b5ccb15027e0b9c163,
"player.cpp|devilution::DamageWeapon(Player &player, unsigned damageFrequency)",devilution::DamageWeapon,player.cpp,502,570,1da1ebfb1ac9f774ba85d6a30f00e63eab00c275a351816c562ce3dd33953e06,
"player.cpp|devilution::PlrHitMonst(Player &player, Monster &monster, bool adjacentDamage = false)",devilution::PlrHitMonst,player.cpp,572,741,f1f9381550684bd76a2a9d412c5a291e1195480248b2275ea6d7694109d93273,
"player.cpp|devilution::PlrHitPlr(Player &attacker, Player &target)",devilution::PlrHitPlr,player.cpp,743,806,c1da8bb56840aeb9c7a12fe53334f98f7b3fa74d9b29596de09079fac7ab193c,
"player.cpp|devilution::PlrHitObj(const Player &player, Object &targetObject)",devilution::PlrHitObj,player.cpp,808,816,63018f0e1f17d8dc5520ef62577a19b86f7fa1b09eb86c37cafc60472ed3edc1,
player.cpp|devilution::DoAttack(Player &player),devilution::DoAttack,player.cpp,818,901,ba6e7f40e178680ab8e51f311bde2353aefee2bec19c4898608228bb1562a6fc,
player.cpp|devilution::DoRangeAttack(Player &player),devilution::DoRangeAttack,player.cpp,903,967,1cad594ee73be60f64a7d0dafb74ff9feae75d7ca55303ab6dfe70c6a184bb94,
player.cpp|devilution::DamageParryItem(Player &player),devilution::DamageParryItem,player.cpp,969,996,6b9ccb238a33d0939be53a71e9086acec37725e19b68a4f41f09b11a7599b1f8,
player.cpp|devilution::DoBlock(Player &player),devilution::DoBlock,player.cpp,998,1011,a259401793ab8733b4438c4e3821c996bc3f48777e76717f63d26f1784da512a,
player.cpp|devilution::DamageArmor(Player &player),devilution::DamageArmor,player.cpp,1013,1052,c1d837c75baaf90254015ab8df525a1536bd3a03aa965dbca21452fc8f73568c,
player.cpp|devilution::DoSpell(Player &player),devilution::DoSpell,player.cpp,1054,1078,fe72c5995a3d504c05a6dc99f0ba3eb848fd1a5cfaf0397e56688b470080037a,
player.cpp|devilution::DoGotHit(Player &player),devilution::DoGotHit,player.cpp,1080,1093,d36c484d03a322e42b0a41c30d742b3901b0118f32ac29f454a4d37917be97a5,
player.cpp|devilution::DoDeath(Player &player),devilution::DoDeath,player.cpp,1095,1110,f9306262951c282eac681499b18ec9f792b0b9d4f2746b234caf09c403ff25ac,
"player.cpp|devilution::IsPlayerAdjacentToObject(Player &player, Object &object)",devilution::IsPlayerAdjacentToObject,player.cpp,1112,1121,5664f41827e527623d3fc2a0ef9d0611e2d252873ef407ddf90890069fdd79f5,
"player.cpp|devilution::TryDisarm(const Player &player, Object &object)",devilution::TryDisarm,player.cpp,1123,1144,9c96082597a5eaae0f34472441842b87b8adb628b9c5ffc776a24e0316dbc482,
"player.cpp|devilution::CheckNewPath(Player &player, bool pmWillBeCalled)",devilution::CheckNewPath,player.cpp,1146,1451,2419d591e696a0b069f38df535050c9cdb5be83cefbcf219e5ec84dd1f0434f5,
player.cpp|devilution::PlrDeathModeOK(Player &player),devilution::PlrDeathModeOK,player.cpp,1453,1469,2af80fe1a2a65ac457f5687be60044d18a4db2df4859412bdccac25da6785ed4,
player.cpp|devilution::ValidatePlayer(),devilution::ValidatePlayer,player.cpp,1471,1524,95169e902ff75b4075e0b66a8578eee709ec53fb2f869e2f64e6d6725095e999,
player.cpp|devilution::CheckCheatStats(Player &player),devilution::CheckCheatStats,player.cpp,1526,1551,727df9bf069541dedce6625dd38befd62fa55e95e9afad0dfcc4c2a65debf4db,
player.cpp|devilution::GetPlayerSpriteClass(HeroClass cls),devilution::GetPlayerSpriteClass,player.cpp,1553,1560,ed310a2a3c24dd856527d68166e1403aaf51f0898cf9182b8e15b3928dffa5ca,
"player.cpp|devilution::GetPlayerWeaponGraphic(player_graphic graphic, PlayerWeaponGraphic weaponGraphic)",devilution::GetPlayerWeaponGraphic,player.cpp,1562,1578,ec2af7de2d5001928f21b424e76b23c28e6088312785bd42379fec9294b8b605,
"player.cpp|devilution::GetPlayerSpriteWidth(HeroClass cls, player_graphic graphic, PlayerWeaponGraphic weaponGraphic)",devilution::GetPlayerSpriteWidth,player.cpp,1580,1607,071ea3f02112704d2889609f48bfbe7fba75c3d41bf7396e5bca1801015ded70,0x1400bc730
player.cpp|devilution::Player::CalcScrolls(),devilution::Player::CalcScrolls,player.cpp,1611,1620,2c535f071663e247906abb887359dcfb17e7498066aeff00ceee1f4607022424,
"player.cpp|devilution::Player::RemoveInvItem(int iv, bool calcScrolls)",devilution::Player::RemoveInvItem,player.cpp,1622,1663,b8b6a86914353b9ac874bd5793c1f67f4530640b62573ef32721e2140568a321,
player.cpp|devilution::Player::RemoveSpdBarItem(int iv),devilution::Player::RemoveSpdBarItem,player.cpp,1665,1675,b15643e015e162c970e126b2e846ab58acf90130cb823e42f2244c5998468a2c,
player.cpp|devilution::Player::getId(),devilution::Player::getId,player.cpp,1677,1680,0c46d0697646a6817a6314da70b6576ace20576d2c48240f520bf3c6a9e9ce87,
player.cpp|devilution::Player::GetBaseAttributeValue(CharacterAttribute attribute),devilution::Player::GetBaseAttributeValue,player.cpp,1682,1696,5e516c6275ba1f6bf8f0a55644e4ced69757cc6b0bc921f868ca8413b38756f2,
player.cpp|devilution::Player::GetCurrentAttributeValue(CharacterAttribute attribute),devilution::Player::GetCurrentAttributeValue,player.cpp,1698,1712,cd2da45670c215bc6791262c175a5a5101e06a95d7df3a3b133cd840270ed5dd,
player.cpp|devilution::Player::GetMaximumAttributeValue(CharacterAttribute attribute),devilution::Player::GetMaximumAttributeValue,player.cpp,1714,1728,f1538c1c34c1e70bfc632aa3b7c48e066b10d58bbd93b1368e95acb442eb20c1,
player.cpp|devilution::Player::GetTargetPosition(),devilution::Player::GetTargetPosition,player.cpp,1730,1746,61fceec012e374865c8e744653c1c3787e5af08b7bb0bd1a530530de33e0a453,
player.cpp|devilution::Player::IsPositionInPath(Point pos),devilution::Player::IsPositionInPath,player.cpp,1748,1763,8db266df7ce458a91456e6aa7c442bdce865acb0a551ca136cfcefd76b1ec176,
player.cpp|devilution::Player::Say(HeroSpeech speechId),devilution::Player::Say,player.cpp,1765,1773,9f3acc98cd6abc6b1406d6c77b35cd75d426b1e462ebf61c16e6b21cd8cfddde,
player.cpp|devilution::Player::SaySpecific(HeroSpeech speechId),devilution::Player::SaySpecific,player.cpp,1775,1783,8d219b53e6edef63dcfef39e607daeb9732c644fa6b4f32e6c1ab52f8a1aa647,
"player.cpp|devilution::Player::Say(HeroSpeech speechId, int delay)",devilution::Player::Say,player.cpp,1785,1789,0dfb9e8b218fab25b7d5e2eaaf6b3a68bfc71f6603f41a58a16bbc2945d962e3,
player.cpp|devilution::Player::Stop(),devilution::Player::Stop,player.cpp,1791,1795,e6832588373155c6351006f278b970a023276297f3851d6dcf2f088ad8860aed,
player.cpp|devilution::Player::isWalking(),devilution::Player::isWalking,player.cpp,1797,1800,53ea10f7fd2f1c5bda61bbb96da96f542134462129ed4e53cc8693731bd6cf42,
player.cpp|devilution::Player::GetManaShieldDamageReduction(),devilution::Player::GetManaShieldDamageReduction,player.cpp,1802,1806,8cac608fd5352829df270f987bb2247d0e749f7edcbe03a1ea3ab353d346794e,
player.cpp|devilution::Player::RestorePartialLife(),devilution::Player::RestorePartialLife,player.cpp,1808,1818,09a4f871a7405fd532f40d0f3d4dcdd0c67b77723e6b15392a8dd927005f6b34,
player.cpp|devilution::Player::RestorePartialMana(),devilution::Player::RestorePartialMana,player.cpp,1820,1832,a9894634d9d3e1b325771bc59121b7a5f991d9885340318bd5c584df40c8b4a6,
"player.cpp|devilution::Player::ReadySpellFromEquipment(inv_body_loc bodyLocation, bool forceSpell)",devilution::Player::ReadySpellFromEquipment,player.cpp,1834,1844,4fa12554723e9207a6fa4db40850b0eb9d913d0db413f61077f5fcdd15240219,
player.cpp|devilution::Player::getGraphic(),devilution::Player::getGraphic,player.cpp,1846,1871,79e574a8c11532a567af7a22865014ab094117533e6f8830b14e236a8ddc56db,0x1400bd2b0
player.cpp|devilution::Player::getSpriteWidth(),devilution::Player::getSpriteWidth,player.cpp,1873,1881,d0d62a292c71b897c9867185bc1c1ab7c07c28c850121dbca147a886990d7ca2,
"player.cpp|devilution::Player::getAnimationFramesAndTicksPerFrame(player_graphic graphics, int8_t &numberOfFrames, int8_t &ticksPerFrame)",devilution::Player::getAnimationFramesAndTicksPerFrame,player.cpp,1883,1916,4ddb3b36ec78aaa0b090ffc0f2649e52978103b20828ae5ff497d2ef69f965ee,0x1400bd3a0
"player.cpp|devilution::Player::UpdatePreviewCelSprite(_cmd_id cmdId, Point point, uint16_t wParam1, uint16_t wParam2)",devilution::Player::UpdatePreviewCelSprite,player.cpp,1918,2056,485ec52ba289f81de8a18483b2d56e876d5e136485e4c0286735be9b74bb2d99,
player.cpp|devilution::Player::calculateBaseLife(),devilution::Player::calculateBaseLife,player.cpp,2058,2062,c61909aa479bbddf4baa8c05604a7c99fad4b115254ca6c346a1df1f9f8a0e26,
player.cpp|devilution::Player::calculateBaseMana(),devilution::Player::calculateBaseMana,player.cpp,2064,2068,410bda6ceafc8585bc1d96dc8b339a78f9203026a26b1896a0f8e0f4c7cc9b91,
player.cpp|devilution::PlayerAtPosition(Point position),devilution::PlayerAtPosition,player.cpp,2070,2080,08077092df5b1235dbb477cff057efa11c9b5a120502d3b479516cf52ce779f5,
"player.cpp|devilution::LoadPlrGFX(Player &player, player_graphic graphic)",devilution::LoadPlrGFX,player.cpp,2082,2155,c818be18bb86c5399d4cf13f80384adb3ce05d02bcf9644e9cf179a3f9c4c833,
player.cpp|devilution::InitPlayerGFX(Player &player),devilution::InitPlayerGFX,player.cpp,2157,2176,a6553665ad81ac49777c5ccdbd7e7ec19846c9caa52fe39d5cd613ddcad95a57,
player.cpp|devilution::ResetPlayerGFX(Player &player),devilution::ResetPlayerGFX,player.cpp,2178,2184,a97827def5a12441840d7f8994958332b2a98ecd3b615b8066ccc5811160ebbd,
"player.cpp|devilution::NewPlrAnim(Player &player, player_graphic graphic, Direction dir, AnimationDistributionFlags flags , int8_t numSkippedFrames , int8_t distributeFramesBeforeFrame)",devilution::NewPlrAnim,player.cpp,2186,2203,a9454ddb5824a29bc5587af58bf90ca2c9c4921c7d1c76c7580ab01899537a94,
player.cpp|devilution::SetPlrAnims(Player &player),devilution::SetPlrAnims,player.cpp,2205,2269,de8c7e7b86a2e1921a65dd32e5cbe5494d3a669bacd335b89b6fc16a71334423,
"player.cpp|devilution::CreatePlayer(Player &player, HeroClass c)",devilution::CreatePlayer,player.cpp,2275,2377,73e7afaaa84ba41879994f45905d60752aced82fadb05e82293156c53479957d,
player.cpp|devilution::CalcStatDiff(Player &player),devilution::CalcStatDiff,player.cpp,2379,2387,522e0d86931ac8d322686fc65da44ea8e6e50a5479f7a800b70760fe27961b41,
player.cpp|devilution::NextPlrLevel(Player &player),devilution::NextPlrLevel,player.cpp,2389,2432,553a5f5d84590755bc1f9df9ae4db64ae315bd3605f64de06499db0cc5502e13,
"player.cpp|devilution::AddPlrExperience(Player &player, int lvl, int exp)",devilution::AddPlrExperience,player.cpp,2434,2477,e2ab579b750109b7dff649379d9c31bc1eb12f67e1f66c84352f44730569c002,
"player.cpp|devilution::AddPlrMonstExper(int lvl, int exp, char pmask)",devilution::AddPlrMonstExper,player.cpp,2479,2493,e805578e6f37e66e8f04f6d56b7c09a569bcf60a830b9ff9ae5ee8b178296db1,
"player.cpp|devilution::InitPlayer(Player &player, bool firstTime)",devilution::InitPlayer,player.cpp,2495,2555,e6085630eed89aa7bc20802a28642806041ca28e61dc35c96e46eb52fcf3795c,
player.cpp|devilution::InitMultiView(),devilution::InitMultiView,player.cpp,2557,2561,7c86f830bdb2ba00cb53720322c4607bf932292be8374df71d9a80a93651ccf4,
player.cpp|devilution::PlrClrTrans(Point position),devilution::PlrClrTrans,player.cpp,2563,2570,e37b65dad8262b783cb10540d0cd4df13668ed5a0c7dfaf1789c36f168ba9841,
player.cpp|devilution::PlrDoTrans(Point position),devilution::PlrDoTrans,player.cpp,2572,2586,c6dab71f048f5d9536a141d036172a0206bd5baea9e44679240a1206e7efebbf,
player.cpp|devilution::SetPlayerOld(Player &player),devilution::SetPlayerOld,player.cpp,2588,2591,1a39898e5d9bfae79fd479c70e7175b452d85b6c1b655a14aca5232c9b060a26,
"player.cpp|devilution::FixPlayerLocation(Player &player, Direction bDir)",devilution::FixPlayerLocation,player.cpp,2593,2602,418662a0cf60db6dbb57708438e894d09a4960edb1d6519b8371d17a04de4637,
"player.cpp|devilution::StartStand(Player &player, Direction dir)",devilution::StartStand,player.cpp,2604,2617,d62c2f08198f8ccedb8a53aaa6a0dd635b9a071ced3eed20b0a468d470a79e1c,
"player.cpp|devilution::StartPlrBlock(Player &player, Direction dir)",devilution::StartPlrBlock,player.cpp,2619,2638,fb2d852f589117d172954ad84f45c392fe6ce734a4b051c9d02d7966ed75cd33,
player.cpp|devilution::FixPlrWalkTags(const Player &player),devilution::FixPlrWalkTags,player.cpp,2643,2651,1059dd7ca68cd3aa3c647262d5c939af70372cad3985ae2a2e7696f0417e455c,
"player.cpp|devilution::StartPlrHit(Player &player, int dam, bool forcehit)",devilution::StartPlrHit,player.cpp,2653,2691,980eb0709be709da05220b96e6cf9a3140b10d0d0ba1caabcab3bde737a344a0,
"player.cpp|devilution::StartPlayerKill(Player &player, DeathReason deathReason)",devilution::StartPlayerKill,player.cpp,2694,2800,d6bd3fae2e043a7234f69d4804c14f9dfea496f37c1a4416a7e273347d106da0,
player.cpp|devilution::StripTopGold(Player &player),devilution::StripTopGold,player.cpp,2802,2818,18b028d28b9923be4d5e91228a439ea22ea89fc2fa115c08c9493dad2e693b77,
"player.cpp|devilution::ApplyPlrDamage(DamageType damageType, Player &player, int dam, int minHP , int frac , DeathReason deathReason)",devilution::ApplyPlrDamage,player.cpp,2820,2866,e20b9cf66835d036826e979611ed398afc95797ca371c4bf5e47ba3ddb50f130,
"player.cpp|devilution::SyncPlrKill(Player &player, DeathReason deathReason)",devilution::SyncPlrKill,player.cpp,2868,2877,d65813b5ced1d18e2b49c610680f372e8bba2c19fe0c568864aad79c1dd13337,
player.cpp|devilution::RemovePlrMissiles(const Player &player),devilution::RemovePlrMissiles,player.cpp,2879,2899,d36320b9f5e93c00b3139250edfef45871f99b4dc57155d4beb3d16d2b61d015,
"player.cpp|devilution::StartNewLvl(Player &player, interface_mode fom, int lvl)",devilution::StartNewLvl,player.cpp,2902,2941,514e139a689e28ee2632ec4a9440707216aee444e71f8d49c86ba254bbcce457,0x1400c1520
player.cpp|devilution::RestartTownLvl(Player &player),devilution::RestartTownLvl,player.cpp,2943,2964,d2740911458b266c012736d87b13c25ec09a0ae9a634b4ce9d46efebf480bc94,
"player.cpp|devilution::StartWarpLvl(Player &player, size_t pidx)",devilution::StartWarpLvl,player.cpp,2966,2989,68bce19a9a6921502bed21111bc3c5d02475d9dbffc4bb90eddc7dbdd8260ae0,
player.cpp|devilution::ProcessPlayers(),devilution::ProcessPlayers,player.cpp,2991,3084,404cf2bf8f441fab9ab406814810091934c49f68c30a6d9bd09b5dfb648715a5,
player.cpp|devilution::ClrPlrPath(Player &player),devilution::ClrPlrPath,player.cpp,3086,3089,3c37b39bd2c07ffa1d91a9a62946318f15741956e1b831501f5fb974d3b7237d,
"player.cpp|devilution::PosOkPlayer(const Player &player, Point position)",devilution::PosOkPlayer,player.cpp,3100,3126,b1f5381195f462b9a4536042590f68ff6312ce3ad222f7e7fd1cae05aaee4801,
"player.cpp|devilution::MakePlrPath(Player &player, Point targetPosition, bool endspace)",devilution::MakePlrPath,player.cpp,3128,3144,5ebac1086aabcf011c056647a3e3806cdba6297c2f52a9d98823d025e2f75fe9,
player.cpp|devilution::CalcPlrStaff(Player &player),devilution::CalcPlrStaff,player.cpp,3146,3154,945c92771d55fdf82aad65a31363e6aa2ea3b0f63c39d666aef513df2ecf4245,
"player.cpp|devilution::CheckPlrSpell(bool isShiftHeld, SpellID spellID, SpellType spellType)",devilution::CheckPlrSpell,player.cpp,3156,3244,0f5af219cf41f472c6d9ec1e086ae72f59c7337fcb8758e860cce2e3d72f2314,
player.cpp|devilution::SyncPlrAnim(Player &player),devilution::SyncPlrAnim,player.cpp,3246,3251,ff28c14cd4a316247b16a3a61ebea3610cbb7dfc3015d5dadaba7b05a8a96c9d,
player.cpp|devilution::SyncInitPlrPos(Player &player),devilution::SyncInitPlrPos,player.cpp,3253,3289,bad063d4a5be350c881b78c289729f674863f97771813d8d224576ccf635a6a5,
player.cpp|devilution::SyncInitPlr(Player &player),devilution::SyncInitPlr,player.cpp,3291,3297,9da84b536e6b95677160b094b573714b81fe7ca7f865a647817329e430aa2ca8,
player.cpp|devilution::CheckStats(Player &player),devilution::CheckStats,player.cpp,3299,3318,3b9c70f74ccb067d72e19e7136668b2d8b44563500385c7218b2c94731432df1,
"player.cpp|devilution::ModifyPlrStr(Player &player, int l)",devilution::ModifyPlrStr,player.cpp,3320,3332,6f7a8fe96113c5c1f0b984674e8cadadcfe56b9aebe18d61df91d01caf856b1b,
"player.cpp|devilution::ModifyPlrMag(Player &player, int l)",devilution::ModifyPlrMag,player.cpp,3334,3356,017cf6d65394c46730e0c7b3c851760a455353d6eb47cb88eb6e5eff4ed0af95,
"player.cpp|devilution::ModifyPlrDex(Player &player, int l)",devilution::ModifyPlrDex,player.cpp,3358,3369,afbd873eb38264fe4b6cdc95b9d127b299731829117727ba32be1b67caae103b,
"player.cpp|devilution::ModifyPlrVit(Player &player, int l)",devilution::ModifyPlrVit,player.cpp,3371,3391,6b903ea69167b4b601f67263c531734ae88d341cbfbf8987efdc0f111addd367,
"player.cpp|devilution::SetPlayerHitPoints(Player &player, int val)",devilution::SetPlayerHitPoints,player.cpp,3393,3401,0073d8a208f64443eba0c7580647dd6e048b06ee468093084b03317c0bead0db,
"player.cpp|devilution::SetPlrStr(Player &player, int v)",devilution::SetPlrStr,player.cpp,3403,3407,bba364edef4e063e8f7ec5ff2e968d7d3ff9080d1bd716bdaf14a4841115bcaa,
"player.cpp|devilution::SetPlrMag(Player &player, int v)",devilution::SetPlrMag,player.cpp,3409,3419,b762412b0723b903adfc85fae721bd318aff89842d9a49c62fc60c3e56d2903a,
"player.cpp|devilution::SetPlrDex(Player &player, int v)",devilution::SetPlrDex,player.cpp,3421,3425,47bad6d9d4d59c8450c14bcbf8ceb0738c9511c11923840fa67bdae3bdc6df78,
"player.cpp|devilution::SetPlrVit(Player &player, int v)",devilution::SetPlrVit,player.cpp,3427,3437,a97dcb9015156fed8a94d1356b615ec5ee8216fbd3e6db5a29b9140820a3166d,
player.cpp|devilution::InitDungMsgs(Player &player),devilution::InitDungMsgs,player.cpp,3439,3443,4598d49f793f3cb24c5609295b434071ccd68d9b66dd8d0a9866d69660ecd77a,
player.cpp|devilution::PlayDungMsgs(),devilution::PlayDungMsgs,player.cpp,3455,3497,33062e0fed772d6b5bf25edbf8ca2f0d033f8977375f9cdf51ff92296c277e05,
player.h|devilution::PlayerAnimationData::spritesForDirection(Direction direction),devilution::PlayerAnimationData::spritesForDirection,player.h,213,216,b67100296237ff550a09c13a1f5f5bb151bbb1cf003d3732868d39583aa52484,
player.h|devilution::Player::CanUseItem(const Item &item),devilution::Player::CanUseItem,player.h,382,387,ebdbf405900a5ee517890fec9537299b1834234074fbc9445b26dbe68f2ea4bd,
player.h|devilution::Player::GetMostValuableItem(const TPredicate &itemPredicate),devilution::Player::GetMostValuableItem,player.h,409,431,5f69fbe86ee639ae622de93838dd911de47dad6220eb351a31878981bdf86304,
player.h|devilution::Player::GetItemLocation(const Item &item),devilution::Player::GetItemLocation,player.h,495,500,2b6e3ee66073e5b73db35a36825db808c937db8b42082ae436c208b090f4b100,
player.h|devilution::Player::GetArmor(),devilution::Player::GetArmor,player.h,505,508,2236da046dbc8cb807d4a8a7d8d030edda2660aa8971c7627ed96a7322ce1809,
player.h|devilution::Player::GetMeleeToHit(),devilution::Player::GetMeleeToHit,player.h,513,519,0d8776e5a7fd1c5f63241685c91d0694dae217535014e1c7719e5aa351a8713d,
player.h|devilution::Player::GetMeleePiercingToHit(),devilution::Player::GetMeleePiercingToHit,player.h,524,531,6e1ef405a3d32e96a0cb722e189be67483233f0cc81659851c06714c70ba89cc,
player.h|devilution::Player::GetRangedToHit(),devilution::Player::GetRangedToHit,player.h,536,544,1dcf7aeb899d75cc03af5e500c788b2d6d52357fb227489d9f4573d9af0b0109,
player.h|devilution::Player::GetRangedPiercingToHit(),devilution::Player::GetRangedPiercingToHit,player.h,546,553,a5a14c57aca4abbd4a368b2915ddef2378b709da03421577f3e1d8e9ca58e627,
player.h|devilution::Player::GetMagicToHit(),devilution::Player::GetMagicToHit,player.h,558,566,6fb22043d76a1082fca901fbbe12249803419f5917b4f058ae3dd9ba808c2e3f,
player.h|devilution::Player::GetBlockChance(bool useLevel = true),devilution::Player::GetBlockChance,player.h,572,578,47c2e66cd1455b980722988d850e166798b1af2b9414aab7685e184a0c513f30,
player.h|devilution::Player::GetSpellLevel(SpellID spell),devilution::Player::GetSpellLevel,player.h,592,599,6899ea293d9a85376a21b4132fe681a568040151513f5e73aef5ee0e73fa3ed9,
"player.h|devilution::Player::CalculateArmorPierce(int monsterArmor, bool isMelee)",devilution::Player::CalculateArmorPierce,player.h,606,625,320534ae18dd8cfdf0d02029a5b7b436d3869bd5bbdf2ee22f123b46655b8d0d,
player.h|devilution::Player::UpdateHitPointPercentage(),devilution::Player::UpdateHitPointPercentage,player.h,634,646,50183bc7bae78ac46c0b57482d41980fd1e955e62ca8022d16cfbb66a4111249,
player.h|devilution::Player::UpdateManaPercentage(),devilution::Player::UpdateManaPercentage,player.h,648,657,1202af98118c7a104f5d1a5591417175d31bc5692691bb1ca40de17da6379cdc,
player.h|devilution::Player::RestoreFullLife(),devilution::Player::RestoreFullLife,player.h,671,675,d3f3ff2d7b81505fb491387f49a73c85fbc0e1a9c98791be6acf70c42e9b43be,
player.h|devilution::Player::RestoreFullMana(),devilution::Player::RestoreFullMana,player.h,690,696,9126422f2b6b580f9e48a17eb48af2c0f627af44413fa1e02f38cc35ca4069bc,
player.h|devilution::Player::UsesRangedWeapon(),devilution::Player::UsesRangedWeapon,player.h,707,710,1cb39d87a9ee9d5f8c7ad1c087e775dc594b67b74877614f29c5abb26e8d8553,
player.h|devilution::Player::CanChangeAction(),devilution::Player::CanChangeAction,player.h,712,725,ee1289dd71a2a042302abde59567be7e258df43e26fb9dd0a5c02653c26c867a,
player.h|devilution::Player::isOnActiveLevel(),devilution::Player::isOnActiveLevel,player.h,743,748,7d83a4a99c35513ada602ceaeeb17d672a59a81d05d36bea0b406604f05b7b70,
player.h|devilution::Player::isOnLevel(uint8_t level),devilution::Player::isOnLevel,player.h,751,754,c434a52d21f977095e65e9d9d98cd0d557d5099e7f594ffef238ec3e12134a70,
player.h|devilution::Player::isOnLevel(_setlevels level),devilution::Player::isOnLevel,player.h,756,759,67f9f2d3eb051f8dfb99783574f2f2cd1cec10a627791d1bbdc38e69a363ba8c,
player.h|devilution::Player::isOnArenaLevel(),devilution::Player::isOnArenaLevel,player.h,761,764,7dcc01987241d621327d651c6bc3e069f053d2464c2bb9e89e5dfacd555f52f7,
player.h|devilution::Player::setLevel(uint8_t level),devilution::Player::setLevel,player.h,765,769,ce7b028928d3a7b360f689f45b313fbcf978f14c537d50bc7a1307530ca2c830,
player.h|devilution::Player::setLevel(_setlevels level),devilution::Player::setLevel,player.h,770,774,6cf79e4e550b89a2a42f2b22222033c6d5c734de3289329288970299a8272b04,
player.h|devilution::IsInspectingPlayer(),devilution::IsInspectingPlayer,player.h,789,792,2374d6f2e54321d3d8408ec93d6ba71987c5132d79e7ac85c03a96e57e165b91,
plrmsg.cpp|devilution::CountLinesOfText(string_view text),devilution::CountLinesOfText,plrmsg.cpp,40,43,70e1dcdd73d794c9ccdec734af22a2269db0028039a3fd2ca8ee313a429cc923,
plrmsg.cpp|devilution::GetNextMessage(),devilution::GetNextMessage,plrmsg.cpp,45,50,aa2b394a3aa394f05aed6abaa24d7fa02d3accc96744be79d85db4a24d5148e5,
plrmsg.cpp|devilution::plrmsg_delay(bool delay),devilution::plrmsg_delay,plrmsg.cpp,54,66,72430cb43e94c2053fc0669a14a9a66b9a960c23febd1820a15e41c108467c0b,
"plrmsg.cpp|devilution::EventPlrMsg(string_view text, UiFlags style)",devilution::EventPlrMsg,plrmsg.cpp,68,78,9fa87dce31d0506d62bc11805533cdda481217edc9c6b38d8bf875d6e1afd8f3,
"plrmsg.cpp|devilution::SendPlrMsg(Player &player, string_view text)",devilution::SendPlrMsg,plrmsg.cpp,80,92,b0213e35419030842a01d321907f099d8b1f9a6dc094c58a763ad24ed3230269,
plrmsg.cpp|devilution::InitPlrMsg(),devilution::InitPlrMsg,plrmsg.cpp,94,97,8e40599be8a82eaa0065ffc854130343e55f663dadff066fa76560eb6d9773a5,
plrmsg.cpp|devilution::DrawPlrMsg(const Surface &out),devilution::DrawPlrMsg,plrmsg.cpp,99,134,7e960e23ccca5ac01c93856210f3b46d33c76bca2882d96de7cacd735d4aa7af,
portal.cpp|devilution::InitPortals(),devilution::InitPortals,portal.cpp,34,39,e690c08b15d0ee4384e4588817ebd8a02943002de996b3c0ac3f149be8d15a06,
"portal.cpp|devilution::SetPortalStats(int i, bool o, Point position, int lvl, dungeon_type lvltype, bool isSetLevel)",devilution::SetPortalStats,portal.cpp,41,48,9f4e0312e1ed6873228eda5e51b132b30f813f7b2203a1fdf6212152ba4a41a7,
"portal.cpp|devilution::AddWarpMissile(int i, Point position, bool sync)",devilution::AddWarpMissile,portal.cpp,50,61,7e2c996872ae708e3e38d3d28fd349936f8eb70fc954254f1ba390a5f1364584,
portal.cpp|devilution::SyncPortals(),devilution::SyncPortals,portal.cpp,63,78,5384fb7abd20e1befb2692b810a4d5558f537c2efa51cae7644a582737d92ef5,
portal.cpp|devilution::AddInTownPortal(int i),devilution::AddInTownPortal,portal.cpp,80,83,bcfb37083986c841267aff348912b73f65e555de27de792bc893c1a501a65477,
"portal.cpp|devilution::ActivatePortal(int i, Point position, int lvl, dungeon_type dungeonType, bool isSetLevel)",devilution::ActivatePortal,portal.cpp,85,95,3f7d0e758e17b3793fcb1b6241f6fd7cf57dc5e07243974ef6d31d9f9536cb4b,
portal.cpp|devilution::DeactivatePortal(int i),devilution::DeactivatePortal,portal.cpp,97,100,e5b75638b30d0633696cb5e1493f8a25c45b934cafe4e9c31f836f4ce9f12850,
portal.cpp|devilution::PortalOnLevel(size_t i),devilution::PortalOnLevel,portal.cpp,102,108,ed8bc4e9e4608967e89ee51b60709af9d9afaceb871216935415245f41dc1255,
portal.cpp|devilution::RemovePortalMissile(int id),devilution::RemovePortalMissile,portal.cpp,110,123,9c9ee26f042feb74a81879a020b494cddf61eb2e24a3ca7ed8ea90c9e6e5ece5,
portal.cpp|devilution::SetCurrentPortal(size_t p),devilution::SetCurrentPortal,portal.cpp,125,128,5a6d40f441ab97a95de3759e9e85548c7774db43491a21c316e954a95a70a9d5,
portal.cpp|devilution::GetPortalLevel(),devilution::GetPortalLevel,portal.cpp,130,157,cbe21b53ad2c67997df1e1da3233a19424c1c6d8457f4aa313248343a3013e81,
portal.cpp|devilution::GetPortalLvlPos(),devilution::GetPortalLvlPos,portal.cpp,159,171,beafbba8c8ac1b3da4d9b7b4ed04ead8b9e7c88a07384b54ec9740a3ca25bb92,
"portal.cpp|devilution::PosOkPortal(int lvl, Point position)",devilution::PosOkPortal,portal.cpp,173,183,992dd4ed80afc378fad15335f01e60a54c06314b87d0b8e3e2a0a22fc57341c5,
qol/autopickup.cpp|devilution::HasRoomForGold(),devilution::HasRoomForGold,qol/autopickup.cpp,15,33,63af19ee8392130853fe3abb63ecddfc841f5d471ce818eb6dd40be12b2a784e,
qol/autopickup.cpp|devilution::NumMiscItemsInInv(int iMiscId),devilution::NumMiscItemsInInv,qol/autopickup.cpp,35,39,21f1d3c7fe8164d0478a54baf65807ca6a2dfb2d1b9108662e5a853df1e64729,
qol/autopickup.cpp|devilution::DoPickup(Item item),devilution::DoPickup,qol/autopickup.cpp,41,86,c91a8ff48933442c6f637d788a4c46bbb32d21234e9155618e0792e4b4e145a8,
qol/autopickup.cpp|devilution::AutoPickup(const Player &player),devilution::AutoPickup,qol/autopickup.cpp,90,108,6dd5aa3bda147c75beeaf7e7d70c53691144e81d01b2d9f857aa5207eee8baed,
qol/chatlog.cpp|devilution::LineHeight(),devilution::LineHeight,qol/chatlog.cpp,56,59,146a08880dcb957ab7e0cd34cfd1b434758d03ed906b98699b374d4a71937415,
qol/chatlog.cpp|devilution::BlankLineHeight(),devilution::BlankLineHeight,qol/chatlog.cpp,61,64,7eb85db69677d929e31d0e2befe58e31d5f1e81ada10cda52dcc1953868f4402,
qol/chatlog.cpp|devilution::DividerLineMarginY(),devilution::DividerLineMarginY,qol/chatlog.cpp,66,69,759262e39b0ffe1a85ed869d1aa1e7a9f12373987a19f1bb01c8a7d4a1c3689b,
qol/chatlog.cpp|devilution::HeaderHeight(),devilution::HeaderHeight,qol/chatlog.cpp,71,74,ad90c7dcb33a8700dade10b8cf1f1ea3e76c152841274eaa47b6768eedcde4a5,
qol/chatlog.cpp|devilution::ContentPaddingY(),devilution::ContentPaddingY,qol/chatlog.cpp,76,79,6326feeaccde3310bd0902d7543e8100e9f4d142781d840c9376fef24c1a6db3,
qol/chatlog.cpp|devilution::ContentsTextHeight(),devilution::ContentsTextHeight,qol/chatlog.cpp,81,84,fe2e80b10f6441ef38925101972ffb3746592c34540ce682685e9e36624ad5ee,
qol/chatlog.cpp|devilution::NumVisibleLines(),devilution::NumVisibleLines,qol/chatlog.cpp,86,89,b6aed970e150d850814e3627158e69dc74f5b3bcbc6102b3018b9245d4e89264,
qol/chatlog.cpp|devilution::ToggleChatLog(),devilution::ToggleChatLog,qol/chatlog.cpp,95,117,383eb34ba398f12e9babd895a04ec5d509c7bf29d734308e0e82e7536e14f906,
"qol/chatlog.cpp|devilution::AddMessageToChatLog(string_view message, Player *player, UiFlags flags)",devilution::AddMessageToChatLog,qol/chatlog.cpp,119,143,aa17b5487a02fc55520994ec43d92d04895cc534c1ecdf6ec6b1ae2b7af4c3f9,0x140150350
qol/chatlog.cpp|devilution::DrawChatLog(const Surface &out),devilution::DrawChatLog,qol/chatlog.cpp,145,192,6e6e5492b19fd91636f9a54460daa1cf99f621b628854a9575e23ae96840960f,0x140150ec0
qol/chatlog.cpp|devilution::ChatLogScrollUp(),devilution::ChatLogScrollUp,qol/chatlog.cpp,194,198,ed435a3509f3aab741bf48982327bacdd78b1a342659fcca7368d3cfb86be282,
qol/chatlog.cpp|devilution::ChatLogScrollDown(),devilution::ChatLogScrollDown,qol/chatlog.cpp,200,204,64010c62ffa7e82196034177a433040998e043ea0e7edf67ac3f855567c08d45,
qol/chatlog.cpp|devilution::ChatLogScrollTop(),devilution::ChatLogScrollTop,qol/chatlog.cpp,206,209,b41200a358363f7a1f7202fc9fb1f535a9b8aff145ed8025a8c61e6e53dd9951,
qol/chatlog.cpp|devilution::ChatLogScrollBottom(),devilution::ChatLogScrollBottom,qol/chatlog.cpp,211,214,b4754d341626770aa02a65603d5cae4a317005e8d634defe321fab8955a1f982,
qol/floatingnumbers.cpp|devilution::ClearExpiredNumbers(),devilution::ClearExpiredNumbers,qol/floatingnumbers.cpp,33,42,e494b47baa792a2f5447765edae95ce7af3c44c3885fcc85cfecb0f1fa59915e,
qol/floatingnumbers.cpp|devilution::GetGameFontSizeByDamage(int value),devilution::GetGameFontSizeByDamage,qol/floatingnumbers.cpp,44,52,b852cd536c7eee9e5e3ae54a513d253475d24b535654ff56582ca7455d2874a8,
qol/floatingnumbers.cpp|devilution::GetFontSizeByDamage(int value),devilution::GetFontSizeByDamage,qol/floatingnumbers.cpp,54,62,f115a424bc8f096fca6f7e9fb95454d9fe3569a2e13cd783c445ef6864d48ebd,
qol/floatingnumbers.cpp|devilution::UpdateFloatingData(FloatingNumber &num),devilution::UpdateFloatingData,qol/floatingnumbers.cpp,64,92,e607347220dabd6bd5c593228e4d6a8ca77140d24f39049edc80500d629005f3,0x14014a390
"qol/floatingnumbers.cpp|devilution::AddFloatingNumber(Point pos, Displacement offset, DamageType type, int value, int index, bool damageToPlayer)",devilution::AddFloatingNumber,qol/floatingnumbers.cpp,94,126,099d9b5ca45ca8af8aa212e63c83a46984461e5af5ec16453b37272eaf3f5242,
"qol/floatingnumbers.cpp|devilution::AddFloatingNumber(DamageType damageType, const Monster &monster, int damage)",devilution::AddFloatingNumber,qol/floatingnumbers.cpp,130,151,ef291b3e64da5ea5125a14c5d117d8f5b069c85aa4015549a6ad8b692d665799,
"qol/floatingnumbers.cpp|devilution::AddFloatingNumber(DamageType damageType, const Player &player, int damage)",devilution::AddFloatingNumber,qol/floatingnumbers.cpp,153,170,5427f916690f4cfbfab2cb61c4c2ab86ee47fb10fa39cbf5b7bd795dc9dffde0,
"qol/floatingnumbers.cpp|devilution::DrawFloatingNumbers(const Surface &out, Point viewPosition, Displacement offset)",devilution::DrawFloatingNumbers,qol/floatingnumbers.cpp,172,197,75f85021bf5ec23b101b2b06713c0fdf46d77298c0412c3a30b9507aaca2a985,
qol/floatingnumbers.cpp|devilution::ClearFloatingNumbers(),devilution::ClearFloatingNumbers,qol/floatingnumbers.cpp,199,204,d81791ce950a1216279fe739266780adaa1187fbe0f63bdc763c10ef40268e20,
qol/itemlabels.cpp|devilution::TextMarginTop(),devilution::TextMarginTop,qol/itemlabels.cpp,44,44,1cc6c09182f863f5fc14eab58b1b34351383c5bbf5a5cf9dc70f5621e59897e5,
qol/itemlabels.cpp|devilution::TextMarginBottom(),devilution::TextMarginBottom,qol/itemlabels.cpp,45,45,3c9b78cb900d04f5b37d952ccd7cd2df19666266d770d6ae3cc84918b441be43,
qol/itemlabels.cpp|devilution::LabelHeight(),devilution::LabelHeight,qol/itemlabels.cpp,48,48,81d6f13077fe2875211c5cedcf97e4e227cf1aa478f4db49d1407be92ffa8ae7,
qol/itemlabels.cpp|devilution::UsedX::contains(int val),devilution::UsedX::contains,qol/itemlabels.cpp,55,58,ce3daa0f5225d15bcdb9a0267f391364f4fcf238b38e2acda906a52c09b0e700,
qol/itemlabels.cpp|devilution::UsedX::insert(int val),devilution::UsedX::insert,qol/itemlabels.cpp,60,64,ced9a4902d5a915cd015ef0b244bdaefb0bb82d30cb9b9d045b5ea84d53fe2f7,
qol/itemlabels.cpp|devilution::UsedX::clear(),devilution::UsedX::clear,qol/itemlabels.cpp,66,69,a09e1189bf38b49114799564df9d0c289df28a9d60a394e7747eada40d0b5b36,
qol/itemlabels.cpp|devilution::ToggleItemLabelHighlight(),devilution::ToggleItemLabelHighlight,qol/itemlabels.cpp,77,80,782875ad3dfdf55e31359f54909cb35b08798145b04dda23a755ae304d349bb3,
qol/itemlabels.cpp|devilution::HighlightKeyPressed(bool pressed),devilution::HighlightKeyPressed,qol/itemlabels.cpp,82,85,a7e6c407f4fcc5970e07ea0ddf07a1c5a983c8b4820c367a9e79d0680c52dd24,
qol/itemlabels.cpp|devilution::IsItemLabelHighlighted(),devilution::IsItemLabelHighlighted,qol/itemlabels.cpp,87,90,4b97f09e57b1a0b40b23702d1c6c8e69f1c255caaab017328c74b748ae1ea700,
qol/itemlabels.cpp|devilution::ResetItemlabelHighlighted(),devilution::ResetItemlabelHighlighted,qol/itemlabels.cpp,92,95,0079c02929b7f303aa3c1f40a249fe28958a940b78455e38b88077c3fb6fd736,
qol/itemlabels.cpp|devilution::IsHighlightingLabelsEnabled(),devilution::IsHighlightingLabelsEnabled,qol/itemlabels.cpp,97,100,082731cb44c6341ba50bfbe8e15706dc02dee1dcfc22dbe752bf911541d0e0c5,
"qol/itemlabels.cpp|devilution::AddItemToLabelQueue(int id, Point position)",devilution::AddItemToLabelQueue,qol/itemlabels.cpp,102,131,948f623e594e29bb1e407619ae8a2114ba39bc58fa6b57f964cd135dde4843e0,0x140153500
qol/itemlabels.cpp|devilution::IsMouseOverGameArea(),devilution::IsMouseOverGameArea,qol/itemlabels.cpp,133,143,8b78fd095f400729aa73b3f9792bfb78b4651364d2eb4ee68ee013ca9c51646d,
"qol/itemlabels.cpp|devilution::FillRect(const Surface &out, int x, int y, int width, int height, Uint8 col)",devilution::FillRect,qol/itemlabels.cpp,145,150,056ca3375eb0de8cc9958e9479f23d7e714cd8ed4ac3fe2562490e9d96ef8472,
qol/itemlabels.cpp|devilution::DrawItemNameLabels(const Surface &out),devilution::DrawItemNameLabels,qol/itemlabels.cpp,152,217,e6ec38fe3a3802fc255ce3b59f5dc8e512b93db71b3ab35e23e59b2944b92bec,
qol/monhealthbar.cpp|devilution::InitMonsterHealthBar(),devilution::InitMonsterHealthBar,qol/monhealthbar.cpp,32,48,e4d95fa1d620e8110205a3bbea1457a3456379d919a3a1bf2e5516c55e243d0b,0x14014ce30
qol/monhealthbar.cpp|devilution::FreeMonsterHealthBar(),devilution::FreeMonsterHealthBar,qol/monhealthbar.cpp,50,57,576d2b808389c75fb6b2b85073d5c3a40cef0b20cd33c8a1737806f3ab3756fe,
qol/monhealthbar.cpp|devilution::DrawMonsterHealthBar(const Surface &out),devilution::DrawMonsterHealthBar,qol/monhealthbar.cpp,59,171,7f371c31803e2d5ec81c496769b9ead4b45d433b5b1a828f3d367ffb881518ae,
"qol/stash.cpp|devilution::AddItemToStashGrid(unsigned page, Point position, uint16_t stashListIndex, Size itemSize)",devilution::AddItemToStashGrid,qol/stash.cpp,65,70,411888145f1838586d049d557d83346f591af32fd23e7a6a5660d623a88cef9e,
"qol/stash.cpp|devilution::FindTargetSlotUnderItemCursor(Point cursorPosition, Size itemSize)",devilution::FindTargetSlotUnderItemCursor,qol/stash.cpp,72,105,04a72052d8767fd7d316e3e065fd1c887215e0eadfa8a2f8e9686270ea493383,
qol/stash.cpp|devilution::IsItemAllowedInStash(const Item &item),devilution::IsItemAllowedInStash,qol/stash.cpp,107,110,786aae108893ac3c3db29693b57fad721b3fb287f0e63e9281669b95ccdca777,
qol/stash.cpp|devilution::CheckStashPaste(Point cursorPosition),devilution::CheckStashPaste,qol/stash.cpp,112,178,8e1d1a7a1d36a487c8da136197053beceaf9daeb298b5060afdb5185b7f49bc0,
"qol/stash.cpp|devilution::CheckStashCut(Point cursorPosition, bool automaticMove)",devilution::CheckStashCut,qol/stash.cpp,180,253,3c215a1bb7d09d54e2a2ba8a9cb5780966ffe2eaaea43493382dab9f1394cb10,
"qol/stash.cpp|devilution::WithdrawGold(Player &player, int amount)",devilution::WithdrawGold,qol/stash.cpp,255,260,44d385899752db0f941e51786e5dba5814aadc86e237e7537fdd2cea57ced4e2,
qol/stash.cpp|devilution::GetStashSlotCoord(Point slot),devilution::GetStashSlotCoord,qol/stash.cpp,264,269,da7ca72f1eb181e5f0837ef48ede5b4bb7f0b1829e423b74d35a771a005482c0,
qol/stash.cpp|devilution::FreeStashGFX(),devilution::FreeStashGFX,qol/stash.cpp,271,275,5a2700c004bba6356568eee53ebc4da8d843bac65c2b5f8dabab40216ff19a0e,
qol/stash.cpp|devilution::InitStash(),devilution::InitStash,qol/stash.cpp,277,285,4dfab84b44911723c679f286c3675cd5288782a9f8d096b2b31baa8576e3233b,
"qol/stash.cpp|devilution::TransferItemToInventory(Player &player, uint16_t itemId)",devilution::TransferItemToInventory,qol/stash.cpp,287,306,a12d68ff51011053d39c48e82b82926d0c1fa7373881c5940dd2275e86a77522,
qol/stash.cpp|devilution::CheckStashButtonRelease(Point mousePosition),devilution::CheckStashButtonRelease,qol/stash.cpp,310,338,366ed3a4d7cf2835e58f8a187e0fef45e3201c4e045fbd100e3bfc1342dc92dc,
qol/stash.cpp|devilution::CheckStashButtonPress(Point mousePosition),devilution::CheckStashButtonPress,qol/stash.cpp,340,354,4f7fd61ac533a03c7bc9b7b22c8cbe0c3cb74317c214cfc3ec865e05addf075b,
qol/stash.cpp|devilution::DrawStash(const Surface &out),devilution::DrawStash,qol/stash.cpp,356,405,ff08d8903be6374544c781d0b691baefb0edf228da03c87396c46530c29ef67e,
"qol/stash.cpp|devilution::CheckStashItem(Point mousePosition, bool isShiftHeld, bool isCtrlHeld)",devilution::CheckStashItem,qol/stash.cpp,407,416,09fffb86e2a111393d3da7fbe741eaf7fda40afbcdea55f23b74cbe73062bfb1,
qol/stash.cpp|devilution::CheckStashHLight(Point mousePosition),devilution::CheckStashHLight,qol/stash.cpp,418,457,7836500a796daded3034876287b737bfbbbae4f80f624ea1978b16a49ca59527,
qol/stash.cpp|devilution::UseStashItem(uint16_t c),devilution::UseStashItem,qol/stash.cpp,459,519,057732de072bbbdb75190c8be229700dff4a7a46a74d627ee078de5a89548104,
qol/stash.cpp|devilution::StashStruct::RemoveStashItem(StashStruct::StashCell iv),devilution::StashStruct::RemoveStashItem,qol/stash.cpp,521,554,ac534aa46049dc3745908cd8b0e22c7ada478d97686882a6d166d7020738a8ad,
qol/stash.cpp|devilution::StashStruct::SetPage(unsigned newPage),devilution::StashStruct::SetPage,qol/stash.cpp,556,560,19d07dd41d48d396774e6ab6ead2b6ff277b79520735eb09c0e158dca3701001,
qol/stash.cpp|devilution::StashStruct::NextPage(unsigned offset),devilution::StashStruct::NextPage,qol/stash.cpp,562,570,0f754e5adeaa167c4436ae6ef0da4288c223f0c2de539b831709a9e17b709773,
qol/stash.cpp|devilution::StashStruct::PreviousPage(unsigned offset),devilution::StashStruct::PreviousPage,qol/stash.cpp,572,580,74a66afb7faa0685146abd621a9840fb512720e406784fe49d1394f4fa59b7bb,
qol/stash.cpp|devilution::StashStruct::RefreshItemStatFlags(),devilution::StashStruct::RefreshItemStatFlags,qol/stash.cpp,582,587,4cfce2b411ffbaf5093f7c5dbbf04039ee8387fa2d852c5ab00133df6670a801,
qol/stash.cpp|devilution::StartGoldWithdraw(),devilution::StartGoldWithdraw,qol/stash.cpp,589,605,7fbd383a329a2dbbf37ba8374b1fba80c8bf3b6e6c138857f8b80ba0351dbe85,
qol/stash.cpp|devilution::WithdrawGoldKeyPress(SDL_Keycode vkey),devilution::WithdrawGoldKeyPress,qol/stash.cpp,607,627,0da22da13f4443b6d180812da2455f6a2a8039795d51ec1611d21f2cc22a8043,
"qol/stash.cpp|devilution::DrawGoldWithdraw(const Surface &out, int amount)",devilution::DrawGoldWithdraw,qol/stash.cpp,629,654,4cee55796d98b19cf56a17cd5e6298064b2a69ed01044f9a7444b30cdf8b2d66,
qol/stash.cpp|devilution::CloseGoldWithdraw(),devilution::CloseGoldWithdraw,qol/stash.cpp,656,663,e1748f3d669263d1bc51e647ab01e48f34482d52f7f9e46f7f65beeca37e834f,
qol/stash.cpp|devilution::GoldWithdrawNewText(string_view text),devilution::GoldWithdrawNewText,qol/stash.cpp,665,677,01cc805cb1a392121ef6a3295bcfc56c0d0994f7ab55f5a65724508a9891a4dd,
"qol/stash.cpp|devilution::AutoPlaceItemInStash(Player &player, const Item &item, bool persistItem)",devilution::AutoPlaceItemInStash,qol/stash.cpp,679,727,4f129f2ba93071f6f75db595dd2868f81298999c2c2e35cb43bc38baa4e8eb70,
qol/stash.h|devilution::StashStruct::GetPage(),devilution::StashStruct::GetPage,qol/stash.h,29,32,2e2996d9fd1c38adc0ce4dd946a206a610a65b2c36ad564ba67a117a024f0660,
qol/stash.h|devilution::StashStruct::GetCurrentGrid(),devilution::StashStruct::GetCurrentGrid,qol/stash.h,34,37,350e5f3d1d9d62f313d515115f99ba74b406382047b40ff2a0bcbd7cddac0479,
qol/stash.h|devilution::StashStruct::GetItemIdAtPosition(Point gridPosition),devilution::StashStruct::GetItemIdAtPosition,qol/stash.h,44,48,b01526d0503a59573627698f4c5b5cc89e9b801e031eb95ec5cef809d00c6277,
qol/stash.h|devilution::StashStruct::IsItemAtPosition(Point gridPosition),devilution::StashStruct::IsItemAtPosition,qol/stash.h,50,53,5088140404879b7244736650ada8046698e077f9ba571698641885e9282a0a90,
"qol/xpbar.cpp|devilution::DrawBar(const Surface &out, Point screenPosition, int width, const ColorGradient &gradient)",devilution::DrawBar,qol/xpbar.cpp,38,43,e542aa23a0c56fa1b6cb8a04b1cb7c5fbd85f1991b75a891eb53680b89d2793f,
"qol/xpbar.cpp|devilution::DrawEndCap(const Surface &out, Point point, int idx, const ColorGradient &gradient)",devilution::DrawEndCap,qol/xpbar.cpp,45,50,8b7e05396c9cdb937c4a07bd5a9c8e3e49fbcd332210ab0dab76b1c0cfab03d0,
qol/xpbar.cpp|devilution::InitXPBar(),devilution::InitXPBar,qol/xpbar.cpp,54,59,2f815b36ec18316c38b0c0fdadd31993ee0d11a1e0195c2dc232a7c815058239,0x14009e110
qol/xpbar.cpp|devilution::FreeXPBar(),devilution::FreeXPBar,qol/xpbar.cpp,61,64,8c47c6e6f6f83a9fb209735eba2435d00a71b1af583a2cc2509b73fd285d3eed,
qol/xpbar.cpp|devilution::DrawXPBar(const Surface &out),devilution::DrawXPBar,qol/xpbar.cpp,66,107,246cf9a2099c929d6ed8ff7888422193aba84f00e3b2b92083aa988f0bd59aa1,
qol/xpbar.cpp|devilution::CheckXPBarInfo(),devilution::CheckXPBarInfo,qol/xpbar.cpp,109,144,d42b5c6fb2c4af40316c2df9176cf54e1c48462aa07728254b106a7bd7d900e1,
quests.cpp|devilution::DrawButcher(),devilution::DrawButcher,quests.cpp,131,135,c78565bb503ae8502481b9a3eb0229540cd815a1fcc5737063a3f3dcb7adea22,
"quests.cpp|devilution::DrawSkelKing(quest_id q, Point position)",devilution::DrawSkelKing,quests.cpp,137,140,97842a227c6fbaad2d835acaeec995f61cd3e74026a3c8e541497e29679e886b,
quests.cpp|devilution::DrawWarLord(Point position),devilution::DrawWarLord,quests.cpp,142,149,9bfb1fce308e0efd6bf6c9ea22da17627d98d5b694a54266ecbfb27516d5af03,
"quests.cpp|devilution::DrawSChamber(quest_id q, Point position)",devilution::DrawSChamber,quests.cpp,151,160,c8fb04e75c8efeccab7d0a2840c0842cfdc7f0ec060abdf651ada8946eb93f11,
quests.cpp|devilution::DrawLTBanner(Point position),devilution::DrawLTBanner,quests.cpp,162,181,0e0f38aa3a30915121e9d9a3740b63a6c4265fb970e7b5497264b8329ed35b97,
quests.cpp|devilution::DrawBlind(Point position),devilution::DrawBlind,quests.cpp,186,190,01bb7116a1ff8dc60fe87c85319980d5f25473e93d901a0b83c373b450a17a2b,
quests.cpp|devilution::DrawBlood(Point position),devilution::DrawBlood,quests.cpp,192,199,34723433b399192e2e190925c66a9ff69bc067ba849873df36f5ca3ba26ab8b4,
quests.cpp|devilution::QuestLogMouseToEntry(),devilution::QuestLogMouseToEntry,quests.cpp,201,215,003cc4796432fd950d0a3a26bf7a03a369ee63f44b9ae11b41c30b78e1e0e4bf,
"quests.cpp|devilution::PrintQLString(const Surface &out, int x, int y, string_view str, bool marked, bool disabled = false)",devilution::PrintQLString,quests.cpp,217,228,1c8ad865afaab5f7630c506500035f4f4674f07822c4b747b9475b09b1fe1bd2,
quests.cpp|devilution::StartPWaterPurify(),devilution::StartPWaterPurify,quests.cpp,230,236,2fe95736e1827d4b34c551e04cbf9a624dae6fcd59cf2f221fcf95158abd3dbc,
quests.cpp|devilution::InitQuests(),devilution::InitQuests,quests.cpp,240,293,47b3cebb2c2966ad772bd30c950315c04047efba63a05432592e18f85c3d156c,
"quests.cpp|devilution::InitialiseQuestPools(uint32_t seed, Quest quests[])",devilution::InitialiseQuestPools,quests.cpp,295,319,f232b0fff2a2a7da02d8ac7e193de2163097011569b1cfd3dc883098500d510c,
quests.cpp|devilution::CheckQuests(),devilution::CheckQuests,quests.cpp,321,385,e9daa968fc85bb67eee84f2b029e033493b78bce2580dccb6170b580a11ea1d4,
quests.cpp|devilution::ForceQuests(),devilution::ForceQuests,quests.cpp,387,409,7e4435f936511d35ae295fc0289ad168c53d90763a2a6c8f61740e5603bd5895,0x1400c6dd0
"quests.cpp|devilution::CheckQuestKill(const Monster &monster, bool sendmsg)",devilution::CheckQuestKill,quests.cpp,411,471,b2c05542f588039810d0ec6937bfca036c60c2d9ee2cd1f4566e09439c47862f,
quests.cpp|devilution::DRLG_CheckQuests(Point position),devilution::DRLG_CheckQuests,quests.cpp,473,504,a69b3af0b6eef7149dac91bea0bd4b9d40f2ee2d953f73c17e9fca00e646f2d4,
quests.cpp|devilution::GetMapReturnLevel(),devilution::GetMapReturnLevel,quests.cpp,506,520,3a6fba6d2ab0ee0857b587d2b23d8257fec5bed84f7345d164b53cab49e020e5,
quests.cpp|devilution::GetMapReturnPosition(),devilution::GetMapReturnPosition,quests.cpp,522,536,c0c01a3b5c7dfb60e6c3162d093460883793df0e3d64c95503a5abad0cd6cadd,
quests.cpp|devilution::LoadPWaterPalette(),devilution::LoadPWaterPalette,quests.cpp,538,547,852cd1bc46facb3dfd2cce010b8ac3b27f1e6d2b088ceb86c270fdd784d48044,0x1400c3c70
quests.cpp|devilution::UpdatePWaterPalette(),devilution::UpdatePWaterPalette,quests.cpp,549,557,e4d7d873ab4a9f0004d72aa57b2033ceef7daa3b2c234095b65fec77fbfbed0d,
quests.cpp|devilution::ResyncMPQuests(),devilution::ResyncMPQuests,quests.cpp,559,605,e60b7dbe3c0d7183a3e1fdbbfcc19fcc1fad8f7bdc6bbd74774f1b327e92bbed,
quests.cpp|devilution::ResyncQuests(),devilution::ResyncQuests,quests.cpp,607,799,5673d549dbb52e8154e16e4bbe081f2685aad2564557dec64e4263ea31ebdcbf,
quests.cpp|devilution::DrawQuestLog(const Surface &out),devilution::DrawQuestLog,quests.cpp,801,817,337a396cf9994cf5c7969d48e0f2f01f270a3f535c17843b4a133f3c49d4c662,
quests.cpp|devilution::StartQuestlog(),devilution::StartQuestlog,quests.cpp,819,869,b03b9ff9ec07da0349d9e1c9e2a0ce24802701918bf71796d1a077bfc4a6ed5b,
quests.cpp|devilution::QuestlogUp(),devilution::QuestlogUp,quests.cpp,871,882,2727be178b1a2f794d3e96a79f3071ab09767313d4ef29b6a643b23568b15549,
quests.cpp|devilution::QuestlogDown(),devilution::QuestlogDown,quests.cpp,884,895,74c3c3e521060cf330a3c216ec4c8bbd25e938d1d72b9884063e8cc5abd0fc28,
quests.cpp|devilution::QuestlogEnter(),devilution::QuestlogEnter,quests.cpp,897,903,e662aee986dbb498831ec5562d9363485d7ab17c834297397dbc9efe0222db52,
quests.cpp|devilution::QuestlogESC(),devilution::QuestlogESC,quests.cpp,905,911,b162cbafbc3b1ff5054d898a1717bdb5ba113830142b4859ced5aa12cbdc0a86,
"quests.cpp|devilution::SetMultiQuest(int q, quest_state s, bool log, int v1, int v2, int16_t qmsg)",devilution::SetMultiQuest,quests.cpp,913,943,b90c7ef4e82b39a40435ab747fee351a212f9f97b720037fffbbb159966a1fab,
quests.cpp|devilution::UseMultiplayerQuests(),devilution::UseMultiplayerQuests,quests.cpp,945,948,40835358513fe9ed26e47e9cd48076aa73606935b974a23d16396172532216d4,
quests.cpp|devilution::Quest::IsAvailable(),devilution::Quest::IsAvailable,quests.cpp,950,962,da37519d35137916c91dfedd30a02f3e0710cd2ddcf5ea8f0e4c8a5192fc2664,
restrict.cpp|devilution::ReadOnlyTest(),devilution::ReadOnlyTest,restrict.cpp,15,25,3d48e6749c5731fc2201fefc8fc881a53a26743c48428ab7c32b9988ebbc9c98,
"sha.cpp|devilution::SHA1CircularShift(uint32_t word, size_t bits)",devilution::SHA1CircularShift,sha.cpp,16,23,fffc0b54d0f362ef6b92da066ae731207ad535cf5bc7a9f3ed05542c9b662622,
sha.cpp|devilution::SHA1ProcessMessageBlock(SHA1Context *context),devilution::SHA1ProcessMessageBlock,sha.cpp,25,81,ad4faa1aab6a5d0063f68b6e08f13283d1b436c3474f7d0902b3dcc0df4ade86,
"sha.cpp|devilution::SHA1Result(SHA1Context &context, uint32_t messageDigest[SHA1HashSize])",devilution::SHA1Result,sha.cpp,85,88,b2105cfbba0861941a9ebe71906ed67229fd43dfb3e1c533b3ebfbfcc8f80ae5,
"sha.cpp|devilution::SHA1Calculate(SHA1Context &context, const uint32_t data[BlockSize])",devilution::SHA1Calculate,sha.cpp,90,94,e6f4466118a959f7eac6c29a1dac9444c2191298b9ec283911ff6c75129ba715,
spelldat.h|devilution::SpellData::type(),devilution::SpellData::type,spelldat.h,234,237,40d9087b60190945f39949159dd7d7e4981af1204ade5e7f47f00dc1e1fbb1e6,
spelldat.h|devilution::SpellData::bookCost(),devilution::SpellData::bookCost,spelldat.h,239,242,6ce99e2cd11c8e2676c31a7390d2b204d4b4516813d9d1f89df46f618bfe1224,
spelldat.h|devilution::SpellData::staffCost(),devilution::SpellData::staffCost,spelldat.h,244,247,bd877798ddce847f5dddf804ebdfda01f26b19c2b871e2863fbbba0fae9066df,
spelldat.h|devilution::SpellData::isTargeted(),devilution::SpellData::isTargeted,spelldat.h,249,252,8387f15e8b1a90f5c44aa165f372b6b75be6c283be7a891bc2ff595215fc99cf,
spelldat.h|devilution::SpellData::isAllowedInTown(),devilution::SpellData::isAllowedInTown,spelldat.h,254,257,5b91bc60d47400dae49336f93ed671395040cac7f2cf4eb104e2802402a287bd,
spelldat.h|devilution::GetSpellData(SpellID spellId),devilution::GetSpellData,spelldat.h,262,265,5ee6571a059e35726ac5f2dbbeef7bc84023f332e6e6873316f627ace0146091,
spells.cpp|devilution::IsReadiedSpellValid(const Player &player),devilution::IsReadiedSpellValid,spells.cpp,31,48,604c6d55e28e5af4348c2748fdaffbf0c005002d2372c7c24111c415d4ed87d0,
spells.cpp|devilution::ClearReadiedSpell(Player &player),devilution::ClearReadiedSpell,spells.cpp,55,66,3d67116e4ccf6f3077c16fccbb5fd2fefec7f9fe3485612eb93c6b1911d339e3,
spells.cpp|devilution::IsValidSpell(SpellID spl),devilution::IsValidSpell,spells.cpp,70,75,1458e65f34abfd88201267ce7a66a3543b351392245a94f6488a79cfcdacca75,
spells.cpp|devilution::IsValidSpellFrom(int spellFrom),devilution::IsValidSpellFrom,spells.cpp,77,86,c208d7a01351e66ac9973c4d4939fa3264e52583a1327e85b7df4a3cdec02c44,
spells.cpp|devilution::IsWallSpell(SpellID spl),devilution::IsWallSpell,spells.cpp,88,91,4218959df6cb43309bc8ca1a1be95a320f857e4c76ece3461d6066a793510d71,
spells.cpp|devilution::TargetsMonster(SpellID id),devilution::TargetsMonster,spells.cpp,93,101,51841afe72caf24cdbafcfadee01d1ee876f822200988ac3392c60e510f6d8d0,
"spells.cpp|devilution::GetManaAmount(const Player &player, SpellID sn)",devilution::GetManaAmount,spells.cpp,103,145,0004383ab5de430193740d37d3814679924818e9e03ece8d2c24dbb6429be66d,
"spells.cpp|devilution::ConsumeSpell(Player &player, SpellID sn)",devilution::ConsumeSpell,spells.cpp,147,176,5268c8071394fd2a37e8406e4e1ab8ea0e4c60761fc739d9fb1c148dbc268ef0,
spells.cpp|devilution::EnsureValidReadiedSpell(Player &player),devilution::EnsureValidReadiedSpell,spells.cpp,178,183,60428be51a404d8104e40ab56861e3fc970c6b40249fcd6684ea30dca8d9b307,
"spells.cpp|devilution::CheckSpell(const Player &player, SpellID sn, SpellType st, bool manaonly)",devilution::CheckSpell,spells.cpp,185,209,c8e00503068d7e33d1d9582adfff65d7bbcb9a9e30a954c5853aa66f370d710f,
"spells.cpp|devilution::CastSpell(int id, SpellID spl, int sx, int sy, int dx, int dy, int spllvl)",devilution::CastSpell,spells.cpp,211,234,b5780420feb5c0acd11998252c3372f42a28aa9e7f14be4d9af679cdadb19173,
"spells.cpp|devilution::DoResurrect(size_t pnum, Player &target)",devilution::DoResurrect,spells.cpp,236,276,5625d4cbd1c14bae1be9d581e868fc8e7c79f4bcdcd7577d8778a5e60f698219,
"spells.cpp|devilution::DoHealOther(const Player &caster, Player &target)",devilution::DoHealOther,spells.cpp,278,306,b676bce87374feda6bd7577ebbed9b2420c48f8bdf994c67917b75378a872c4f,
spells.cpp|devilution::GetSpellBookLevel(SpellID s),devilution::GetSpellBookLevel,spells.cpp,308,337,5d78f7120b769971c851aa43d40f39a01ea0b6258eb7c9fe50a7f9bacbd320b4,
spells.cpp|devilution::GetSpellStaffLevel(SpellID s),devilution::GetSpellStaffLevel,spells.cpp,339,360,23914a7c12763b4da2d007c57c2fcce9c9d278d977dc1ce1dcfe23761548a79b,
spells.h|devilution::GetSpellBitmask(SpellID spellId),devilution::GetSpellBitmask,spells.h,56,59,229f5edc0bf592c57e030d3d553d3684ecd7650b5ec401068ac7aeca24d23511,
stores.cpp|devilution::STextStruct::isDivider(),devilution::STextStruct::isDivider,stores.cpp,85,88,863e7106aaf53500f65a68d869312612698e91b073f14d28b842eaa88ff40f4b,
stores.cpp|devilution::STextStruct::isSelectable(),devilution::STextStruct::isSelectable,stores.cpp,89,92,ac77c2b49e235a0ccfc9fefa9a69ad3967d6ce6959939a7a89aa549d6e564463,
stores.cpp|devilution::STextStruct::hasText(),devilution::STextStruct::hasText,stores.cpp,94,97,20b04c1e83e401d4409a2dca4046354172d08656e184dd23fb612ee576978b1d,
stores.cpp|devilution::BackButtonLine(),devilution::BackButtonLine,stores.cpp,159,165,5441c0c173aa9bf2011361bfe312a2fca037fa9def7eddf388bf276905e652b9,
stores.cpp|devilution::LineHeight(),devilution::LineHeight,stores.cpp,167,170,775df26fbea2b6066f5a0f9e7645cd5b15c60c903a79e2916a110fd3f265ec41,
stores.cpp|devilution::TextHeight(),devilution::TextHeight,stores.cpp,172,175,028a1f6514a53a5cce0b9d848f6c77cd86ae22f8ab4f4731e2b5b9e773216eec,
stores.cpp|devilution::CalculateLineHeights(),devilution::CalculateLineHeights,stores.cpp,177,194,e4b125d42048227a71199bbb956bfecaefd273d9701abad83611b93f01efb833,
stores.cpp|devilution::DrawSTextBack(const Surface &out),devilution::DrawSTextBack,stores.cpp,196,201,0c9d01cc01911c2f1dad6b7359240d77f7b3e58aafaf4af5b715b573605729a5,
"stores.cpp|devilution::DrawSSlider(const Surface &out, int y1, int y2)",devilution::DrawSSlider,stores.cpp,203,230,8d11f20c131fc29bbbcdf71d82809a3feeea400c7e7f33876d0d913fe5085c0a,
stores.cpp|devilution::AddSLine(size_t y),devilution::AddSLine,stores.cpp,232,241,9de14c36103ee6148b1c19bfc7bbf3e77e19fd771f25b39b9039a7765ba4b7a4,0x1400caaa0
"stores.cpp|devilution::AddSTextVal(size_t y, int val)",devilution::AddSTextVal,stores.cpp,243,246,2845a8d86d95a3316491c12b152243046a85f4c902072830f15580cd40601be3,
"stores.cpp|devilution::AddSText(uint8_t x, size_t y, string_view text, UiFlags flags, bool sel, int cursId = -1, bool cursIndent = false)",devilution::AddSText,stores.cpp,248,258,e4d77cf18145f78475818a591d07f25744fa75cb17479f2f4974b814b93a1d4b,0x1400c7e10
stores.cpp|devilution::AddOptionsBackButton(),devilution::AddOptionsBackButton,stores.cpp,260,265,d5736b44000629c04072d2afbf7c0301fb8fccb96a2bb0d7827be3230a336071,
stores.cpp|devilution::AddItemListBackButton(bool selectable = false),devilution::AddItemListBackButton,stores.cpp,267,278,2f1fdcfc8123f8dfbad76cb79739f35cd1148f1a0e18256de76183954c01be30,
"stores.cpp|devilution::PrintStoreItem(const Item &item, int l, UiFlags flags, bool cursIndent = false)",devilution::PrintStoreItem,stores.cpp,280,334,5eb45dde5032df54962a94fb62ebf94e02d17a79769ca6df27dd3e3f94a36f41,0x1400c9910
"stores.cpp|devilution::StoreAutoPlace(Item &item, bool persistItem)",devilution::StoreAutoPlace,stores.cpp,336,349,5da480d92cf99bd153e5852582f9322a191a823c0ce28ad8b39094efe4cf830c,
stores.cpp|devilution::StartSmith(),devilution::StartSmith,stores.cpp,351,366,7bb238718d04f8e6bb2ad7a1f765243ec4877670bc9c0985aa6252cb84e69003,0x1400cac70
stores.cpp|devilution::ScrollSmithBuy(int idx),devilution::ScrollSmithBuy,stores.cpp,368,386,458d13aa131f518bdf8a1493aaa2ab8da2e7ac5055f4b61f94ec65733b44fc26,
stores.cpp|devilution::TotalPlayerGold(),devilution::TotalPlayerGold,stores.cpp,388,391,3e1b62abe3661aedbce72803e9a27524a7dc12b46c3aeae2aacca838037263df,
stores.cpp|devilution::PlayerCanAfford(int price),devilution::PlayerCanAfford,stores.cpp,394,397,941c75eed89f71908c45134b699818495c9675b42167f2ae2eff919a4da4acef,
stores.cpp|devilution::StartSmithBuy(),devilution::StartSmithBuy,stores.cpp,399,421,02433f1a7985dc9e2cbf2fb42a52ddd8307f8a4ba75fb23b7d8b34f19d56aa8e,
stores.cpp|devilution::ScrollSmithPremiumBuy(int boughtitems),devilution::ScrollSmithPremiumBuy,stores.cpp,423,448,c8f05f1b714a3718e39aed4ca3c19a02ef801fc95f21a3bc601bb2d24c504490,
stores.cpp|devilution::StartSmithPremiumBuy(),devilution::StartSmithPremiumBuy,stores.cpp,450,480,da2dbfaf1d50298ee476f6748e18b98078a6edb4113c4238f59004bc9b2bab8a,
stores.cpp|devilution::SmithSellOk(int i),devilution::SmithSellOk,stores.cpp,482,510,1e4aded7d09e7942d161aefa0e7d76c689131af1299dea7d9fffeaefcefff69c,
stores.cpp|devilution::ScrollSmithSell(int idx),devilution::ScrollSmithSell,stores.cpp,512,538,7bde4c13be489160766b801f46caa2630580a4ee1dae183dacbbeab706ce1b61,
stores.cpp|devilution::StartSmithSell(),devilution::StartSmithSell,stores.cpp,540,605,db566d697939f80c7b2b86f37ef2482f89d2642141675ca66d31756df12884e6,
stores.cpp|devilution::SmithRepairOk(int i),devilution::SmithRepairOk,stores.cpp,607,621,8ac02fbf971f3c38d7f5558ee3b1a9a26f428328f43a92c8cfaba088b7f7908f,
stores.cpp|devilution::StartSmithRepair(),devilution::StartSmithRepair,stores.cpp,623,682,aa241027500cdd84dd175ecf74e608ad086caa3b5e1170aedd78e543f19559e5,
stores.cpp|devilution::FillManaPlayer(),devilution::FillManaPlayer,stores.cpp,684,697,5d08e262548330e6fa790b802dc23d0833df13a9e44148fc743c98c50a4c6797,
stores.cpp|devilution::StartWitch(),devilution::StartWitch,stores.cpp,699,713,ec227341535914136239aa5f3a94df5b19f2e49c0840eb0d466114784d4b1d1e,0x1400cb100
stores.cpp|devilution::ScrollWitchBuy(int idx),devilution::ScrollWitchBuy,stores.cpp,715,733,77ed3b7be52f8f2029c0697b0cd57c82c6928cd88e06e4c11aace23f861a2349,
stores.cpp|devilution::WitchBookLevel(Item &bookItem),devilution::WitchBookLevel,stores.cpp,735,749,65852a0762829e31491d58bc9cb963e26eed3f806ed1249e68c852f400edc25a,
stores.cpp|devilution::StartWitchBuy(),devilution::StartWitchBuy,stores.cpp,751,774,bdc235ce4f480ea95352ddce0bc3e767cd8033f4ab35c3a2d410aa0b71048e50,
stores.cpp|devilution::WitchSellOk(int i),devilution::WitchSellOk,stores.cpp,776,800,7048a2870254c847e57e5b916d6442ce9df55b1ba9fb2282e50f38d4ce273bd9,
stores.cpp|devilution::StartWitchSell(),devilution::StartWitchSell,stores.cpp,802,868,82f0c021b0dc2f504122902795de714c37c572985f05b9458d958eb2c615291c,
stores.cpp|devilution::WitchRechargeOk(int i),devilution::WitchRechargeOk,stores.cpp,870,883,b56485a4611fa2409f35d46e4d66cd5a3c7b41c97b48d7d97d14e9bd1dfe812b,
"stores.cpp|devilution::AddStoreHoldRecharge(Item itm, int8_t i)",devilution::AddStoreHoldRecharge,stores.cpp,885,893,5953b83dd2f1df0d38ece0484348707394870827dbec95554aeca5f889da28ea,
stores.cpp|devilution::StartWitchRecharge(),devilution::StartWitchRecharge,stores.cpp,895,941,8a053d5aa4b28d6d6d91626948053c9f21b0c688b3dec0dab88090d210974e31,
stores.cpp|devilution::StoreNoMoney(),devilution::StoreNoMoney,stores.cpp,943,951,c2da19809af523b150790acc1740a472a13585d48188cb67fc7cabc3fe6a1d38,
stores.cpp|devilution::StoreNoRoom(),devilution::StoreNoRoom,stores.cpp,953,959,3ac2ba5be7c2a7821b107c1bbbd321d9a6e3e498a652986341f8660b0ae3c955,
stores.cpp|devilution::StoreConfirm(Item &item),devilution::StoreConfirm,stores.cpp,961,1003,a25f206beeac8668c517c088da59398268ac191b273ee3cbd4b99d786cafc077,
stores.cpp|devilution::StartBoy(),devilution::StartBoy,stores.cpp,1005,1022,97c8b1709da49773ac6e8d52c552e1fb2f9c40cf9d9d00fb02e5619985c00c8c,0x1400cb540
stores.cpp|devilution::SStartBoyBuy(),devilution::SStartBoyBuy,stores.cpp,1024,1050,6746aa1cf87ee4d78d9d955c84f08b48028c3d8623f76718b5be824639fe14f4,
stores.cpp|devilution::HealPlayer(),devilution::HealPlayer,stores.cpp,1052,1062,16b1830dda2afe12a67556d0d2330b02454a6d96ef0a1992f3c55974f1dcd51d,
stores.cpp|devilution::StartHealer(),devilution::StartHealer,stores.cpp,1064,1077,e0ac6df338addf8b71064b96852f038bb53578586c32a3940cb4ce601f8c4c73,
stores.cpp|devilution::ScrollHealerBuy(int idx),devilution::ScrollHealerBuy,stores.cpp,1079,1096,1b193a150ccdc2b5a1b91fc1a74e2b6a6e4d66cb4a15838ca7acd9cc78106f72,
stores.cpp|devilution::StartHealerBuy(),devilution::StartHealerBuy,stores.cpp,1098,1121,02c204111d0ea97f09ada1a02d52c67d342bf682e5ce5dfe70f28afe0cfb8a20,
stores.cpp|devilution::StartStoryteller(),devilution::StartStoryteller,stores.cpp,1123,1133,c16f839c06a24658edcbff00c21ebacb92bf2af470f23990e7791f3b59edabe8,
stores.cpp|devilution::IdItemOk(Item *i),devilution::IdItemOk,stores.cpp,1135,1144,14d5bb1fb1462e39ba668be8805605f14e34a3b763cc3af5ab608741e90274a9,
"stores.cpp|devilution::AddStoreHoldId(Item itm, int8_t i)",devilution::AddStoreHoldId,stores.cpp,1146,1153,eb1751af76c651413d3db41866df08c39425eeb0ec0151ff828080a0f306b2dd,
stores.cpp|devilution::StartStorytellerIdentify(),devilution::StartStorytellerIdentify,stores.cpp,1155,1239,5680711eef1b7186db24e92834c565c134be9bf5838445fac600d1d1495f70ec,
stores.cpp|devilution::StartStorytellerIdentifyShow(Item &item),devilution::StartStorytellerIdentifyShow,stores.cpp,1241,1253,7fd77b79d7e9421c2b1fdc711c0c745a4b2788ccd67a92227866856736d8f0f9,
stores.cpp|devilution::StartTalk(),devilution::StartTalk,stores.cpp,1255,1296,1b7833de9fa314de3b000df775db8d236b82282fd8bc935a11f9c76aacb53e3a,
stores.cpp|devilution::StartTavern(),devilution::StartTavern,stores.cpp,1298,1309,7ae50343d6340490a0e37b95224517b4ee84fa5e74eed8f676e946da44bf39dc,
stores.cpp|devilution::StartBarmaid(),devilution::StartBarmaid,stores.cpp,1311,1322,430b8cf8c82ccd74b8af0c384f03f4abaa4904cb2777b7e20ea997eec0771ccf,
stores.cpp|devilution::StartDrunk(),devilution::StartDrunk,stores.cpp,1324,1334,bf92db456012e768b68c96c2e2591e92a1a57f8f7699abc0be83b19e7a6324c6,
stores.cpp|devilution::SmithEnter(),devilution::SmithEnter,stores.cpp,1336,1361,051d5d3fbdcb6313e59d1c1b3567a45a5a454882c04d2223e63556fe7fd994fe,
stores.cpp|devilution::SmithBuyItem(Item &item),devilution::SmithBuyItem,stores.cpp,1366,1382,767ce7a07313a89a2b18a4594f5503a80b12fa122e9363501fa41c5cc0d5812d,
stores.cpp|devilution::SmithBuyEnter(),devilution::SmithBuyEnter,stores.cpp,1384,1409,1880fa8ea8d58922e8e97de6c5cfc07c51813b66c65bf36f29fe8627a9bf9275,
stores.cpp|devilution::SmithBuyPItem(Item &item),devilution::SmithBuyPItem,stores.cpp,1414,1433,9344e4f982cb409e59900e5bae677bd35aead981f39886979c18804f30c6daf7,
stores.cpp|devilution::SmithPremiumBuyEnter(),devilution::SmithPremiumBuyEnter,stores.cpp,1435,1468,86c69045907695f04a49355fb03529c837248e44a6e0249e5dc61fd285d3ecff,
stores.cpp|devilution::StoreGoldFit(Item &item),devilution::StoreGoldFit,stores.cpp,1470,1482,d90b257d4d81f9fcfc5eab9d20394c8272368fc166486fa096e2608d6888a646,
stores.cpp|devilution::StoreSellItem(),devilution::StoreSellItem,stores.cpp,1487,1510,5329f1e51880bcb70e62d4f15ccf0afec074a32a820388649424e13d693052ac,
stores.cpp|devilution::SmithSellEnter(),devilution::SmithSellEnter,stores.cpp,1512,1533,4c753c2030cca57fc0c87505e08686be0dcdbf96ca6836a8d40fcce1f338abb4,
stores.cpp|devilution::SmithRepairItem(int price),devilution::SmithRepairItem,stores.cpp,1538,1561,8985a00c7f2f0ca734e02dae30c0f7e04fe9e1587aa14edefdcb19c362b11bb9,
stores.cpp|devilution::SmithRepairEnter(),devilution::SmithRepairEnter,stores.cpp,1563,1584,5d5304f0892b2924d838a9f42a8aef62774928943993d367a88c35b0644f7979,
stores.cpp|devilution::WitchEnter(),devilution::WitchEnter,stores.cpp,1586,1608,ed34207311aec68646fad0699f5d6d4d68026d17519f34368f0f52ce2d04f307,
stores.cpp|devilution::WitchBuyItem(Item &item),devilution::WitchBuyItem,stores.cpp,1613,1635,f07b5b3a4b1440cf7205c47013830a40c7b056b2d739ec0c6ecab1a6ce6eba2d,
stores.cpp|devilution::WitchBuyEnter(),devilution::WitchBuyEnter,stores.cpp,1637,1663,8c218fbf9e83d1ff09e777f8141c7c3b93e333292c98934663f50b15e6eb5953,
stores.cpp|devilution::WitchSellEnter(),devilution::WitchSellEnter,stores.cpp,1665,1686,a8372621b2da816791381ce773d6fbf0501a2fa3d0cc58a7300a65df39ab86b8,
stores.cpp|devilution::WitchRechargeItem(int price),devilution::WitchRechargeItem,stores.cpp,1691,1709,28e307d86bd862c25c09f168d825ef7d6fba64342c15ed8148e1d6f1ec7a75eb,
stores.cpp|devilution::WitchRechargeEnter(),devilution::WitchRechargeEnter,stores.cpp,1711,1732,f1d498d9c2780b1dd63738168cd94c44ae7a10d3dabc8130e1bca22df43f0721,
stores.cpp|devilution::BoyEnter(),devilution::BoyEnter,stores.cpp,1734,1758,a3c2574488f21da2429c768f7eb53258c5dc0a7c31ec5526ecaba4d8dfcc1479,
stores.cpp|devilution::BoyBuyItem(Item &item),devilution::BoyBuyItem,stores.cpp,1760,1768,1c424beda013f9778c76810c8c71ba29886a1677e166353579e5682036becdab,
stores.cpp|devilution::HealerBuyItem(Item &item),devilution::HealerBuyItem,stores.cpp,1773,1806,3d9e3631ccd2660638e6a79b8c3b26e4db5274636e6e19c88796fe10c155a847,
stores.cpp|devilution::BoyBuyEnter(),devilution::BoyBuyEnter,stores.cpp,1808,1837,b9f9c45495963f440237bcfe194d5debfbcae1b93f0bec84ef92459903e353a1,
stores.cpp|devilution::StorytellerIdentifyItem(Item &item),devilution::StorytellerIdentifyItem,stores.cpp,1839,1865,430f6fa979bfb31e6aa8c2f1280ae0103b5d61757e02b33db33e25d5bf37d350,
stores.cpp|devilution::ConfirmEnter(Item &item),devilution::ConfirmEnter,stores.cpp,1867,1916,354f4ae26988d862b8ab1a2c253aeecc767b73776e6b15c05ce1a0d00dbcb73c,
stores.cpp|devilution::HealerEnter(),devilution::HealerEnter,stores.cpp,1918,1934,a69abc090f00f6bb501045bf191d8efddd2e206056669898de1beb8c10353e8e,
stores.cpp|devilution::HealerBuyEnter(),devilution::HealerBuyEnter,stores.cpp,1936,1962,7a3eb99dc40e4ef1299c7618ec0546f445ef07e21e7cf450f12a1cb658b82013,
stores.cpp|devilution::StorytellerEnter(),devilution::StorytellerEnter,stores.cpp,1964,1980,fdcff31e5a17a733af9f033da0666a4b28607c2313d988bc1a5d0164f2c0ea89,
stores.cpp|devilution::StorytellerIdentifyEnter(),devilution::StorytellerIdentifyEnter,stores.cpp,1982,2003,5b4ac00442aaeb8176905325bd7fb119e02a762ddd0581fcdd201824dc5f32e8,
stores.cpp|devilution::TalkEnter(),devilution::TalkEnter,stores.cpp,2005,2041,463c5d5214b32cdec048c2d4330e20212a5c36edf5c599b94960ada5b78b47d8,
stores.cpp|devilution::TavernEnter(),devilution::TavernEnter,stores.cpp,2043,2056,fbe04ae8ccf1b53b4469fc6bdff2150d4a1028791bfd22041b477b9ed7925500,
stores.cpp|devilution::BarmaidEnter(),devilution::BarmaidEnter,stores.cpp,2058,2082,c664bf5045bf3679af97fbb5dcf6506cab2b01ee6edd0fab41bf82da97c1cdc6,
stores.cpp|devilution::DrunkEnter(),devilution::DrunkEnter,stores.cpp,2084,2097,3892bfc28cb88de4acc9dc6e0097133f0264b05c2f852c624c9b56bdedf367a6,
"stores.cpp|devilution::TakeGold(Player &player, int cost, bool skipMaxPiles)",devilution::TakeGold,stores.cpp,2099,2118,a4d84991834c082993f9c06a45689e12e6c29ddbfd73a00a3a4fc7eeb53fafe5,
"stores.cpp|devilution::DrawSelector(const Surface &out, const Rectangle &rect, string_view text, UiFlags flags)",devilution::DrawSelector,stores.cpp,2120,2135,5e74901b7d29fd5a30248ef411f5cb1f1e03893a91cdc9c419d10a00cbbe01f8,
"stores.cpp|devilution::AddStoreHoldRepair(Item *itm, int8_t i)",devilution::AddStoreHoldRepair,stores.cpp,2139,2160,e175bd7fe8d14003de6ea5bf8f5d8a2f2f671636b74cc957829cda3ac6e68097,
stores.cpp|devilution::InitStores(),devilution::InitStores,stores.cpp,2162,2176,17ea5a705e3bb247d7f19fbbd1d5032f0bf95fd8fdbd5a7eab0f7c6e6ff8dc19,
stores.cpp|devilution::SetupTownStores(),devilution::SetupTownStores,stores.cpp,2178,2199,79ebac62aea1d40356c0c672366dde680a53c069b4c92eaf66ea0a861ce31a2f,
stores.cpp|devilution::FreeStoreMem(),devilution::FreeStoreMem,stores.cpp,2201,2211,5620ac8a3ec10a749ed5df106a4c9e48bbb03ceed71e1df719d3ad230b72b14d,
"stores.cpp|devilution::PrintSString(const Surface &out, int margin, int line, string_view text, UiFlags flags, int price, int cursId, bool cursIndent)",devilution::PrintSString,stores.cpp,2213,2266,c1de12191dd693a8c13b8dedb13efe6c0b1893b757846105411959f5777123e8,
"stores.cpp|devilution::DrawSLine(const Surface &out, int sy)",devilution::DrawSLine,stores.cpp,2268,2284,ab8c6da6851b7aa3035e2d50cea1a29162822efbc2d4878bbf0c4cf7a852e0c4,
stores.cpp|devilution::DrawSTextHelp(),devilution::DrawSTextHelp,stores.cpp,2286,2290,3078e8f289e3ca7e1f1c167c8f655040a0a722b78cfff537a903fe58305ba4ba,
"stores.cpp|devilution::ClearSText(int s, int e)",devilution::ClearSText,stores.cpp,2292,2303,8635e0a913126ce74bb06d6c574a95b1991110fd76b7704fc1c3a37c1048ae58,
stores.cpp|devilution::StartStore(TalkID s),devilution::StartStore,stores.cpp,2305,2417,23dc0e6ed884d0b5a4ee7b17b697546b9c447b73c9103153d8e7cab51b48e2de,
stores.cpp|devilution::DrawSText(const Surface &out),devilution::DrawSText,stores.cpp,2419,2467,30169e02452b0bc893b182cd88987a11b595191bd5d82a4d5ec9d436ef59131b,0x1400cc880
stores.cpp|devilution::StoreESC(),devilution::StoreESC,stores.cpp,2469,2543,de5e43a22a95ac2fb9bc59c688558c5ba26c83e0e2c97dd646666f31f93356ea,
stores.cpp|devilution::StoreUp(),devilution::StoreUp,stores.cpp,2545,2580,991590c00c2e3918e1c40ab548268cf7dbbfeca1777874fec0b714ecb0609275,
stores.cpp|devilution::StoreDown(),devilution::StoreDown,stores.cpp,2582,2617,ccf7f62dae1e6128c168fbdad7c0632837d40276641c5c7ad3da6f312cf6d9f0,
stores.cpp|devilution::StorePrior(),devilution::StorePrior,stores.cpp,2619,2629,a1e4a3d2b70c5f0f85efbc0fed212f7851be930707db357b3b1c1a2854e34ff7,
stores.cpp|devilution::StoreNext(),devilution::StoreNext,stores.cpp,2631,2644,94459b4982724bd58a74484b810fd4cf0de5a2a1427ccda87968f436e89f0596,
stores.cpp|devilution::TakePlrsMoney(int cost),devilution::TakePlrsMoney,stores.cpp,2646,2659,b0caa8d7eeb608f3e21dd2cf54ef9cbd908e0028dde86e2e6b0792933a99b30f,
stores.cpp|devilution::StoreEnter(),devilution::StoreEnter,stores.cpp,2661,2745,c7d61b399cc3553ffc248ccf20bd72d34cc5c3344ae223b98b99d1919dc5f4e6,
stores.cpp|devilution::CheckStoreBtn(),devilution::CheckStoreBtn,stores.cpp,2747,2812,4c79218fff94642a008bd91cb57c8b3be0068001b58852072950c5d84237a23a,
stores.cpp|devilution::ReleaseStoreBtn(),devilution::ReleaseStoreBtn,stores.cpp,2814,2818,17a1f6c20affd48a3b1bf8834d2ea5ba5db43cbeece372b7346a13f7d9480226,
storm/storm_net.cpp|devilution::SErrGetLastError(),devilution::SErrGetLastError,storm/storm_net.cpp,33,36,0ef342a7ef94682e075216ac380cc5b19ba726b86053d90b8da384dee2bc85e2,
storm/storm_net.cpp|devilution::SErrSetLastError(uint32_t dwErrCode),devilution::SErrSetLastError,storm/storm_net.cpp,38,41,e5a7901276dcbca5ef0825383deba02809f2122fc7b0c0a4adc63af3662ed14d,
"storm/storm_net.cpp|devilution::SNetReceiveMessage(uint8_t *senderplayerid, void **data, uint32_t *databytes)",devilution::SNetReceiveMessage,storm/storm_net.cpp,43,53,1488ccbab2dc135a3a3b70912424a91070c335b195d2dbb8b98c909a23b51ce4,
"storm/storm_net.cpp|devilution::SNetSendMessage(int playerID, void *data, unsigned int databytes)",devilution::SNetSendMessage,storm/storm_net.cpp,55,61,92c9c2d03b8d4496c843eea672d27b64991573029f8709c5434538010cac176f,
"storm/storm_net.cpp|devilution::SNetReceiveTurns(int arraysize, char **arraydata, size_t *arraydatabytes, uint32_t *arrayplayerstatus)",devilution::SNetReceiveTurns,storm/storm_net.cpp,63,75,72502c9aba310ff420f118ab2768e50b5b42ea812c5efd49c0935a591dae7c79,
"storm/storm_net.cpp|devilution::SNetSendTurn(char *data, unsigned int databytes)",devilution::SNetSendTurn,storm/storm_net.cpp,77,83,682ef495b4b84bb8f5a3331dfcf4ac21e027c12a99aa1ede8d22e1e1e6b4452f,
storm/storm_net.cpp|devilution::SNetGetProviderCaps(struct _SNETCAPS *caps),devilution::SNetGetProviderCaps,storm/storm_net.cpp,85,91,bec6436fc1f065a52c413aaea66ba3a90619c05eecee872566d906fef58300e6,
storm/storm_net.cpp|devilution::SNetUnregisterEventHandler(event_type evtype),devilution::SNetUnregisterEventHandler,storm/storm_net.cpp,93,101,bc6f7875c654a707ae6a606ce355a087352124910f07e6f6bd286799ee14c87d,
"storm/storm_net.cpp|devilution::SNetRegisterEventHandler(event_type evtype, SEVTHANDLER func)",devilution::SNetRegisterEventHandler,storm/storm_net.cpp,103,109,a90337ca2489eae4afa6d43cf8002af45a8d2fb1062ebeb616bcb62b8b242b55,
storm/storm_net.cpp|devilution::SNetDestroy(),devilution::SNetDestroy,storm/storm_net.cpp,111,118,a15dcd049354e41a3c4f6b2b1d273509f9d27fce5e97d8ea6477b5c37028762e,
"storm/storm_net.cpp|devilution::SNetDropPlayer(int playerid, uint32_t flags)",devilution::SNetDropPlayer,storm/storm_net.cpp,120,126,3ec61c42d7eae3b19171af58709143d46d51eb10c778b73062fc35107924ac98,
storm/storm_net.cpp|devilution::SNetLeaveGame(int type),devilution::SNetLeaveGame,storm/storm_net.cpp,128,136,5fcf6897e3fdc32283a046931dab02ccd175ca2065b75d7b74fe1e3fbe591044,
"storm/storm_net.cpp|devilution::SNetInitializeProvider(uint32_t provider, struct GameData *gameData)",devilution::SNetInitializeProvider,storm/storm_net.cpp,143,150,9780836b2907bf1f4b9145ff941da16c4db17476c1125d2e361bfd84fa70c333,
"storm/storm_net.cpp|devilution::SNetCreateGame(const char *pszGameName, const char *pszGamePassword, char *gameTemplateData, int gameTemplateSize, int *playerID)",devilution::SNetCreateGame,storm/storm_net.cpp,155,178,bb9b6eeaedfeb9a0208cc16d10b37ba88ce3dfc8f164ffadaccae80e5b2a402e,
"storm/storm_net.cpp|devilution::SNetJoinGame(char *pszGameName, char *pszGamePassword, int *playerID)",devilution::SNetJoinGame,storm/storm_net.cpp,180,193,1f633993ddbb1bbf85150d708ff3e9a65710ff9f08c97bd46f09096b2dcf234a,
storm/storm_net.cpp|devilution::SNetGetOwnerTurnsWaiting(uint32_t *turns),devilution::SNetGetOwnerTurnsWaiting,storm/storm_net.cpp,198,204,c829c6681f33317aa47852f633cfe424e81dd86d2b806c243b8161e065cedb01,
storm/storm_net.cpp|devilution::SNetGetTurnsInTransit(uint32_t *turns),devilution::SNetGetTurnsInTransit,storm/storm_net.cpp,206,212,a5d0c9ee8fa7357970d922380507185f686413f91b8c5ec02a3417a5ad664658,
storm/storm_net.cpp|devilution::SNetSetBasePlayer(int),devilution::SNetSetBasePlayer,storm/storm_net.cpp,217,223,b78333a3640915691dfc38f3180e216ea8cbea006089fc784cd1c07980187978,
storm/storm_net.cpp|devilution::DvlNet_SendInfoRequest(),devilution::DvlNet_SendInfoRequest,storm/storm_net.cpp,225,228,4420a87553e9b7d056a75226c78772c5cf47bd3c7545a50d395e318a136a4172,
storm/storm_net.cpp|devilution::DvlNet_ClearGamelist(),devilution::DvlNet_ClearGamelist,storm/storm_net.cpp,230,233,9e4ee848f08eba8b26d1e76f992fcf12cbbe5c8b34bb381077b4ff1b71b61d62,
storm/storm_net.cpp|devilution::DvlNet_GetGamelist(),devilution::DvlNet_GetGamelist,storm/storm_net.cpp,235,238,0914e7f71d364ee263381ae16937a155222977b0967b75e28e4e7117c2c505e4,
storm/storm_net.cpp|devilution::DvlNet_SetPassword(std::string pw),devilution::DvlNet_SetPassword,storm/storm_net.cpp,240,245,53fa809743c20de28dbc45637903d81cd4a03174f0c56be67b93953f5d8a57ba,
storm/storm_net.cpp|devilution::DvlNet_ClearPassword(),devilution::DvlNet_ClearPassword,storm/storm_net.cpp,247,252,bbb5781fb82edaa9aadaa512d78cfc07b9e9268bff1e4c1c86d1bb76771b395c,
storm/storm_net.cpp|devilution::DvlNet_IsPublicGame(),devilution::DvlNet_IsPublicGame,storm/storm_net.cpp,254,257,db34a9133df942489b6e9846d39e73c72233beb859b1a04385936888c2604404,
"storm/storm_svid.cpp|devilution::IsLandscapeFit(unsigned long srcW, unsigned long srcH, unsigned long dstW, unsigned long dstH)",devilution::IsLandscapeFit,storm/storm_svid.cpp,43,46,d1e3cb5f876cb8378c192e256ff689d02d36febaa9b5e11e2cdc2b98c5d9fc1c,
storm/storm_svid.cpp|devilution::HasAudio(),devilution::HasAudio,storm/storm_svid.cpp,113,116,ce5eee738f0ff6bbc81242282f926b0e776fae78701409dcf35f8b36fbeb2db0,
storm/storm_svid.cpp|devilution::SVidLoadNextFrame(),devilution::SVidLoadNextFrame,storm/storm_svid.cpp,119,135,15d8845041029554b60118caa41d074932c80a3c0b368b4e1e4b1a00f1951f8b,
storm/storm_svid.cpp|devilution::UpdatePalette(),devilution::UpdatePalette,storm/storm_svid.cpp,137,166,9b7a5d2adf56c53a12589aa69390180eec5d39bb11965e4371189cfa28b1d3bb,
storm/storm_svid.cpp|devilution::BlitFrame(),devilution::BlitFrame,storm/storm_svid.cpp,168,224,7b35d0b2623dec01aa692339a0ff221ee6b463a0a4f87b2571df09922ce10857,
"storm/storm_svid.cpp|devilution::SVidPlayBegin(const char *filename, int flags)",devilution::SVidPlayBegin,storm/storm_svid.cpp,228,324,55db1545d0a1ed955e74b5f8dbdc4e44fe45586f56f02873ef84a36080f12961,
storm/storm_svid.cpp|devilution::SVidPlayContinue(),devilution::SVidPlayContinue,storm/storm_svid.cpp,326,361,e4ca845f9416a046a45a01b0cfcbb433ca00cbd4697b54e65a002c9ca14743f1,
storm/storm_svid.cpp|devilution::SVidPlayEnd(),devilution::SVidPlayEnd,storm/storm_svid.cpp,363,393,8a650569ae2911e9ea8ea3fb96068f53b99909d11f3db6b3e1c383353a55b013,
storm/storm_svid.cpp|devilution::SVidMute(),devilution::SVidMute,storm/storm_svid.cpp,395,401,bf2d9a1d81b75a27cabe935b86a9985253e4e3db63ef217d48f4828d087cbc66,
storm/storm_svid.cpp|devilution::SVidUnmute(),devilution::SVidUnmute,storm/storm_svid.cpp,403,409,cc4666659f511f5d8414d9cddaa9bea2ae181e87024e8d959a49983f49909c73,
sync.cpp|devilution::SyncOneMonster(),devilution::SyncOneMonster,sync.cpp,24,36,920c099d0996331bb367665f0ec423016e1c18c337ed35867120247893a96262,
"sync.cpp|devilution::SyncMonsterPos(TSyncMonster &monsterSync, int ndx)",devilution::SyncMonsterPos,sync.cpp,38,51,9b808c0419f2df1285457a0a62f6cdbcdfca27053e9a049df24c1a8e10ab22c3,
sync.cpp|devilution::SyncMonsterActive(TSyncMonster &monsterSync),devilution::SyncMonsterActive,sync.cpp,53,72,d419192d5ade16f2fce69071886589117e649780174f301d814d101ec805b081,
sync.cpp|devilution::SyncMonsterActive2(TSyncMonster &monsterSync),devilution::SyncMonsterActive2,sync.cpp,74,97,e48e604d18eea0134bfe5168576ac617a7f2676ac8fc1e9a5151d96834a5416f,
sync.cpp|devilution::SyncPlrInv(TSyncHeader *pHdr),devilution::SyncPlrInv,sync.cpp,99,151,c73cfb388433270b2fdbb8543ff4d8625b0438b6403fd088fa7803f83437d275,
"sync.cpp|devilution::SyncMonster(bool isOwner, const TSyncMonster &monsterSync)",devilution::SyncMonster,sync.cpp,153,205,755b681200d76ebbf3bfe595f940b44a7dbc32dbb859e4ba03b542ba1ec389ca,
"sync.cpp|devilution::IsEnemyIdValid(const Monster &monster, int enemyId)",devilution::IsEnemyIdValid,sync.cpp,207,233,1add391c6ee2e89871ec3cb427c8a23da0afe93e7bf3382f6307e8ecc1e0ece4,
sync.cpp|devilution::IsTSyncMonsterValidate(const TSyncMonster &monsterSync),devilution::IsTSyncMonsterValidate,sync.cpp,235,249,472a933a419d714c1247f7bf4b564e15398e766485f01ea4773eb4d023c52cf9,
"sync.cpp|devilution::sync_all_monsters(byte *pbBuf, uint32_t dwMaxLen)",devilution::sync_all_monsters,sync.cpp,253,295,127239f8c75239487c515c696de42f925e546994e34df6a9bfcb65b3a1a86354,
"sync.cpp|devilution::OnSyncData(const TCmd *pCmd, size_t pnum)",devilution::OnSyncData,sync.cpp,297,333,9441ad76bd38d999aed8d709325f1c80cbc503fd30a6d5203fdebf06a69e145d,
sync.cpp|devilution::sync_init(),devilution::sync_init,sync.cpp,335,339,93a687deb7e4ec3ada84f3ba136e863c6ebfa66c00ef0ff48d5febc8ce5cfdb5,
"tmsg.cpp|devilution::TMsg::TMsg(uint32_t time, const byte *data, uint8_t len)",devilution::TMsg::TMsg,tmsg.cpp,22,28,6fe24640d6c78d80727977ea72ebe63ddfcfd241d2c461b62cdd798756bfedf6,
tmsg.cpp|devilution::tmsg_get(std::unique_ptr<byte[]> *msg),devilution::tmsg_get,tmsg.cpp,35,48,19cc5bfaba5c2bd5ac28df725565b2e5263149337531d8822120de9b15101bd8,
"tmsg.cpp|devilution::tmsg_add(const byte *msg, uint8_t len)",devilution::tmsg_add,tmsg.cpp,50,54,68c3df66a3717018a817400186ffae818e84f9b3ade07a3dd932372d04fb1861,
tmsg.cpp|devilution::tmsg_start(),devilution::tmsg_start,tmsg.cpp,56,59,72f275b4183c0dc7b66bff4b191804fa7e10434a7a98e8c4d401d05d5abf6af2,
tmsg.cpp|devilution::tmsg_cleanup(),devilution::tmsg_cleanup,tmsg.cpp,61,64,ecdbc63996253d62a4eb76cc894e8dbb75ced6538a0e31a7c98d9517766192ef,
"towners.cpp|devilution::NewTownerAnim(Towner &towner, ClxSpriteList sprites, uint8_t numFrames, int delay)",devilution::NewTownerAnim,towners.cpp,34,41,d11f27eff7a7b33ea980e27d1f1353236b92d5778d595858251525f50b53b322,
"towners.cpp|devilution::InitTownerInfo(int i, const TownerData &townerData)",devilution::InitTownerInfo,towners.cpp,43,54,27b84d8acc3398f6955d491a3bc4c86b3145c501afda0483730893caf3517f30,
"towners.cpp|devilution::LoadTownerAnimations(Towner &towner, const char *path, int frames, int delay)",devilution::LoadTownerAnimations,towners.cpp,56,61,0906640b930731969b63a9476f67988a8a2b48371de779dfa7c3e022cac364c3,0x1400d0c70
"towners.cpp|devilution::InitSmith(Towner &towner, const TownerData &townerData)",devilution::InitSmith,towners.cpp,66,85,d084d8ba024b5461f087ef5dd4dc791108a1898fb0ca502cbaebf9ea9fac16be,0x1400d0cf0
"towners.cpp|devilution::InitBarOwner(Towner &towner, const TownerData &townerData)",devilution::InitBarOwner,towners.cpp,87,108,6e3bae095bb5ed12f095d1ecc143e5f7e6fe9c73477a16cab44ed3cb6d4438ee,0x1400d0da0
"towners.cpp|devilution::InitTownDead(Towner &towner, const TownerData &townerData)",devilution::InitTownDead,towners.cpp,110,117,379eeaf94fbfae47f4542c44eae86a871f7cd56ec1c284e8eb4eb9f0feedf09e,0x1400d0e40
"towners.cpp|devilution::InitWitch(Towner &towner, const TownerData &townerData)",devilution::InitWitch,towners.cpp,119,140,6bb0908361e205e392525ed891d7d07b2a0ea853e7dc29f54f274b98cb5b2b78,0x1400d0ea0
"towners.cpp|devilution::InitBarmaid(Towner &towner, const TownerData &townerData)",devilution::InitBarmaid,towners.cpp,142,150,a427ee30835881cbcb0c364df38edf82a7343609fe88023cb7a5ae0791ba13da,0x1400d0f50
"towners.cpp|devilution::InitBoy(Towner &towner, const TownerData &townerData)",devilution::InitBoy,towners.cpp,152,160,d2882f63d4db6794841316ca703c0883318e21157c21d7b55e8a8d97238b1dab,0x1400d0ff0
"towners.cpp|devilution::InitHealer(Towner &towner, const TownerData &townerData)",devilution::InitHealer,towners.cpp,162,183,93cd717677055d95fbab676ad928f72edbd266e724021697bddb42773e0b0267,0x1400d1090
"towners.cpp|devilution::InitTeller(Towner &towner, const TownerData &townerData)",devilution::InitTeller,towners.cpp,185,201,b118c7005947a6c6226b4b8e04c1e10b9469d6e741d157d3b48be8ef46e2b040,0x1400d1130
"towners.cpp|devilution::InitDrunk(Towner &towner, const TownerData &townerData)",devilution::InitDrunk,towners.cpp,203,218,4e8640981a71a94b450b93b718abd4a03e655f0d31e415056fec3787c245b4a9,0x1400d11d0
"towners.cpp|devilution::InitCows(Towner &towner, const TownerData &townerData)",devilution::InitCows,towners.cpp,220,244,4ff56c1827d1c59109c0eef68e5c60e19e0491171a6995a8077b03263a1e9781,
"towners.cpp|devilution::InitFarmer(Towner &towner, const TownerData &townerData)",devilution::InitFarmer,towners.cpp,246,253,f44f47b6976fab35999a9a1b9420089410956a46494f24a42e5276d6a6f0db2c,0x1400d13a0
"towners.cpp|devilution::InitCowFarmer(Towner &towner, const TownerData &townerData)",devilution::InitCowFarmer,towners.cpp,255,266,62cfbc81bdb9b336f65c764df0cfc1be781a2b01cb05ecc2a9d0280b45b8bc8f,0x1400d1400
"towners.cpp|devilution::InitGirl(Towner &towner, const TownerData &townerData)",devilution::InitGirl,towners.cpp,268,275,1e3d12eb8d7ef0935ed7ee93b13946928aa03053532f31394c7ca1bd6f875e13,0x1400d1470
towners.cpp|devilution::TownDead(Towner &towner),devilution::TownDead,towners.cpp,277,289,aada66fa81f61cb19acb08bb4978de583dff0686c23d1c6e0fddaa44e1d56561,
towners.cpp|devilution::TownerTalk(_speech_id message),devilution::TownerTalk,towners.cpp,291,296,34f710b42a0f6b6384161ac5d790a52f1ad77e9569a719616450dc61387d8df2,
"towners.cpp|devilution::TalkToBarOwner(Player &player, Towner &barOwner)",devilution::TalkToBarOwner,towners.cpp,298,357,aeca4bdb7152ad8afcbff78f624396fe12bb074066c61f21a1eceb49a21d7ae8,
"towners.cpp|devilution::TalkToDeadguy(Player &player, Towner &)",devilution::TalkToDeadguy,towners.cpp,359,376,90adaf3b6758a5b9b064212cc94bd14830be2226f60609ec354db78a6142855d,
"towners.cpp|devilution::TalkToBlackSmith(Player &player, Towner &blackSmith)",devilution::TalkToBlackSmith,towners.cpp,378,425,a869a1064ccf868839a71e405fb9e2121833d57488e18b75a1d452f91cf3e700,
"towners.cpp|devilution::TalkToWitch(Player &player, Towner &)",devilution::TalkToWitch,towners.cpp,427,475,1b7db13cd168a669b62475ea86968da0ebd3197ed5c81383769fc1e85bda0f89,
"towners.cpp|devilution::TalkToBarmaid(Player &player, Towner &)",devilution::TalkToBarmaid,towners.cpp,477,490,6e60b22a2708555d209e69746f56a998c5d9f09c1b19417376baf4f88e49e9b3,
"towners.cpp|devilution::TalkToDrunk(Player & , Towner &)",devilution::TalkToDrunk,towners.cpp,492,496,a40ba890cd330f9cb03cf4bf0e4522d3ec8500d78557af24ed089ae34fd6f640,
"towners.cpp|devilution::TalkToHealer(Player &player, Towner &healer)",devilution::TalkToHealer,towners.cpp,498,534,0d503dd7eb0cb1892cddafb86d048f688e332366a1151a4460bd0332009ae5f7,
"towners.cpp|devilution::TalkToBoy(Player & , Towner &)",devilution::TalkToBoy,towners.cpp,536,540,e6a9792c891b8c62efbbed28696a9b545ccb7c261fd00db8e70528f21a83da90,
"towners.cpp|devilution::TalkToStoryteller(Player &player, Towner &)",devilution::TalkToStoryteller,towners.cpp,542,576,776f6bb0639ed7e1e1db532f110c84df101122ddf9ae9fe4a7183915f770d632,
"towners.cpp|devilution::TalkToCow(Player &player, Towner &cow)",devilution::TalkToCow,towners.cpp,578,606,e7c0e9df83ca88ec9482bc6e1aed178ba9f00e35fa4c4eaa4aa3dd95edf02f7b,
"towners.cpp|devilution::TalkToFarmer(Player &player, Towner &farmer)",devilution::TalkToFarmer,towners.cpp,608,662,03a92e10d8536e88da1bf27ed57800cd62c52e764c9cbda052472bb9360c8e3e,
"towners.cpp|devilution::TalkToCowFarmer(Player &player, Towner &cowFarmer)",devilution::TalkToCowFarmer,towners.cpp,664,746,e8f133c94a93478a3b8abd6db418a884b7f7d4621c5fd1c6c76df7a3548136c7,
"towners.cpp|devilution::TalkToGirl(Player &player, Towner &girl)",devilution::TalkToGirl,towners.cpp,748,779,f572a954b5efd745416b7219d7d2a8b64d97d86b8d45547ef7765ae304db8484,
towners.cpp|devilution::IsTownerPresent(_talker_id npc),devilution::IsTownerPresent,towners.cpp,826,840,b602501242ecf4109867090d39ec2155e69b3cc4f63d3f38216b99cb69808887,
towners.cpp|devilution::GetTowner(_talker_id type),devilution::GetTowner,towners.cpp,842,849,20063c956ef17838d23b11c04c2d420856bbe8c715dd722c01beed3cfff4338b,
towners.cpp|devilution::InitTowners(),devilution::InitTowners,towners.cpp,851,865,4bffb86bc439dc87c47c505c15487184c77c279b9e22a9a54e9b062e966c54d3,0x1400d3840
towners.cpp|devilution::FreeTownerGFX(),devilution::FreeTownerGFX,towners.cpp,867,873,9849e64e50c381bd6d894ea8192c8308eee4edd7275ae24e14792d0251ed3ac3,
towners.cpp|devilution::ProcessTowners(),devilution::ProcessTowners,towners.cpp,875,903,aaac02fbb9abd62c17d59fa1edb309016c79be03276dcf6de6fd0b9c1ea84ab2,
"towners.cpp|devilution::TalkToTowner(Player &player, int t)",devilution::TalkToTowner,towners.cpp,905,917,02b33717bd15b8f1d4f291ee45dc9077734c673ace5b907321689582ff56f5a4,
towners.cpp|devilution::UpdateGirlAnimAfterQuestComplete(),devilution::UpdateGirlAnimAfterQuestComplete,towners.cpp,919,927,5b816c34436d90ee2bd07152e54acaeb21aa308c26cb867955da3ec428e3aab3,0x1400d3a10
towners.cpp|devilution::UpdateCowFarmerAnimAfterQuestComplete(),devilution::UpdateCowFarmerAnimAfterQuestComplete,towners.cpp,929,935,8ac6c626c1db7a65e4a70bd35feb704a622eddace1adf67bcc86e52ea50e36de,
towners.h|devilution::Towner::currentSprite(),devilution::Towner::currentSprite,towners.h,64,67,76409873bb84308857d5781d52cc8877d27fc4eccec35174a00e0c86b7baf10f,
track.cpp|devilution::RepeatWalk(Player &player),devilution::RepeatWalk,track.cpp,21,34,7ebdb3c48cf8a68832f91ec18d25c7a7bff145e424808cfc2e7a1f89e8487d1d,
track.cpp|devilution::InvalidateTargets(),devilution::InvalidateTargets,track.cpp,38,59,edaa702b210ded7539e0e6000e2ced00a3b5a5409db143147498f7c7faa4562a,
track.cpp|devilution::RepeatMouseAction(),devilution::RepeatMouseAction,track.cpp,61,122,fb0a905da031ae2df53128f03c70db1d158add80bd906ce0af04ddc599178c31,
track.cpp|devilution::track_isscrolling(),devilution::track_isscrolling,track.cpp,124,127,28118f10a0c9d91eb744b90ccd0f908aeaf4d3832d658fbdce61ef5c1d55a463,
utils/aulib.hpp|devilution::CreateAulibResampler(int sourceRate),devilution::CreateAulibResampler,utils/aulib.hpp,20,35,aa0e401270d232312bf77bad33410974e29df0ad0c34a3902540d3498622d700,
"utils/bitset2d.hpp|devilution::Bitset2d::test(size_t x, size_t y)",devilution::Bitset2d::test,utils/bitset2d.hpp,19,22,0471f3c65f2dfa2a3be3a560e447cb1580c20d62c48e71b620f1692645ab2485,
"utils/bitset2d.hpp|devilution::Bitset2d::set(size_t x, size_t y, bool value = true)",devilution::Bitset2d::set,utils/bitset2d.hpp,24,27,b1f93cedefbcc21c673c4d3ff865ef72ea59da47d71576fdf088df04b9bfc18c,
"utils/bitset2d.hpp|devilution::Bitset2d::reset(size_t x, size_t y)",devilution::Bitset2d::reset,utils/bitset2d.hpp,29,32,cca27b7368b69864d50c30d4eda1cfaab26f34c55f4ad784d0b33a84fe583b28,
utils/bitset2d.hpp|devilution::Bitset2d::reset(),devilution::Bitset2d::reset,utils/bitset2d.hpp,34,37,ceab7821f115c26b950035d27c7a27438078642e2680cef6b4f2896f6d624a17,
utils/bitset2d.hpp|devilution::Bitset2d::count(),devilution::Bitset2d::count,utils/bitset2d.hpp,39,42,96b9167bf43475fca7cb7cee336362e63f5f1357b77666ab6933c5c84777c84c,
"utils/bitset2d.hpp|devilution::Bitset2d::index(size_t x, size_t y)",devilution::Bitset2d::index,utils/bitset2d.hpp,45,48,ce085462f20c6ff4cd92bd6ad4f25c535530c4356612e3ec1412dc6b36612b7a,
utils/cel_to_clx.cpp|devilution::IsCelTransparent(uint8_t control),devilution::IsCelTransparent,utils/cel_to_clx.cpp,21,25,2cc05417593ba58f48d759e5b43683b4a5cbc183afb8bc0857e752bb2d8da2e0,
utils/cel_to_clx.cpp|devilution::GetCelTransparentWidth(uint8_t control),devilution::GetCelTransparentWidth,utils/cel_to_clx.cpp,27,30,e17529631002b569a6009f05c082c3dc9cda82bb4bb4649a0bfa9412550d0e4d,
"utils/cel_to_clx.cpp|devilution::CelToClx(const uint8_t *data, size_t size, PointerOrValue<uint16_t> widthOrWidths)",devilution::CelToClx,utils/cel_to_clx.cpp,34,128,16a76968395951b56b70935d7194ba3a7ffc37cb2d82953a41c222abdbb4dec8,
"utils/cl2_to_clx.cpp|devilution::GetSkipSize(int_fast16_t overrun, int_fast16_t srcWidth)",devilution::GetSkipSize,utils/cl2_to_clx.cpp,22,28,4bde1ad5db9c6bc4ea26e4cc13c479c27173d4fbd3a20b35c9cc5e97ae960ac4,
"utils/cl2_to_clx.cpp|devilution::Cl2ToClx(const uint8_t *data, size_t size, PointerOrValue<uint16_t> widthOrWidths, std::vector<uint8_t> &clxData)",devilution::Cl2ToClx,utils/cl2_to_clx.cpp,32,136,928b3c38c513e1a6095485f73b6a3ebe9927cc0f6944a6daee91a33a2f0fe7ab,
"utils/cl2_to_clx.hpp|devilution::Cl2ToClx(std::unique_ptr<uint8_t[]> &&data, size_t size, PointerOrValue<uint16_t> widthOrWidths)",devilution::Cl2ToClx,utils/cl2_to_clx.hpp,23,31,dc3ed51bfdad535d61cbae61a893c4bbac895abf346e0d5a0541a87a5b383f99,
utils/clx_decode.hpp|devilution::IsClxOpaque(uint8_t control),devilution::IsClxOpaque,utils/clx_decode.hpp,7,11,9a4fbd50d028fec34ac60c2c6523e9cc88942274f17340b9b43cbf9ad4271399,
utils/clx_decode.hpp|devilution::GetClxOpaquePixelsWidth(uint8_t control),devilution::GetClxOpaquePixelsWidth,utils/clx_decode.hpp,13,16,71b4912196f7f795d15988d5a22686bce00863553b923ba76f3741c3d9138eb8,
utils/clx_decode.hpp|devilution::IsClxOpaqueFill(uint8_t control),devilution::IsClxOpaqueFill,utils/clx_decode.hpp,18,22,435095ac9f24703c6372236921c8557b37d6d80c5ef936d70a4a28d66a0a084b,
utils/clx_decode.hpp|devilution::GetClxOpaqueFillWidth(uint8_t control),devilution::GetClxOpaqueFillWidth,utils/clx_decode.hpp,24,28,ed0dc94c23d913e56d711e54f68a6a91be5ac7e96a0d8b4e2a83a5c660ab8dc3,
utils/clx_decode.hpp|devilution::ClxGetBlitCommand(const uint8_t *src),devilution::ClxGetBlitCommand,utils/clx_decode.hpp,30,42,e9e259b63518a4d87c7b51b36b8f6de3a90e6fed8ba2e56abc296b5f8f00d140,
"utils/clx_encode.hpp|devilution::AppendClxTransparentRun(unsigned width, std::vector<uint8_t> &out)",devilution::AppendClxTransparentRun,utils/clx_encode.hpp,9,18,4195a9c3fbd2f6b001b74e04bf576a9d5f2f7a90b5d797f4ba1628cae8da5bff,
"utils/clx_encode.hpp|devilution::AppendClxFillRun(uint8_t color, unsigned width, std::vector<uint8_t> &out)",devilution::AppendClxFillRun,utils/clx_encode.hpp,20,31,f162b5f02ec5ee95e937aed6ab13b39c72cd69ebd83b4f9c2c9b4da3ead053f3,
"utils/clx_encode.hpp|devilution::AppendClxPixelsRun(const uint8_t *src, unsigned width, std::vector<uint8_t> &out)",devilution::AppendClxPixelsRun,utils/clx_encode.hpp,33,47,0b9dbff1ac27d378158056d3dc42473cdc84cbad5ecc7d164576ef7282a3a39c,
"utils/clx_encode.hpp|devilution::AppendClxPixelsOrFillRun(const uint8_t *src, unsigned length, std::vector<uint8_t> &out)",devilution::AppendClxPixelsOrFillRun,utils/clx_encode.hpp,49,84,1644cc19c9de16d79de5ca2ca27f0e5efaaed2490bae9a201b837459be174603,
utils/console.cpp|devilution::GetStderrHandle(),devilution::GetStderrHandle,utils/console.cpp,17,26,46dbc208c02c42d55e255c069732983ad7a44c8cdbcc9ca258379a8f375c1bf3,
utils/console.cpp|devilution::WriteToStderr(string_view str),devilution::WriteToStderr,utils/console.cpp,28,34,3a77ddce4772a5dfe6ef76244e45573d359bf16647aea93cae53c3c9a8d09ebf,
utils/console.cpp|devilution::printInConsole(string_view str),devilution::printInConsole,utils/console.cpp,38,42,f8087b9bb81b44524ccd77b1f0dd6e8de3b845b5432a9d1fd81f64652c430bec,
utils/console.cpp|devilution::printNewlineInConsole(),devilution::printNewlineInConsole,utils/console.cpp,44,48,cc6a4a831642b9084d45bb02bed1fcbaf29716c49706cf2f71c669409279014d,
"utils/console.cpp|devilution::printfInConsole(const char *fmt, ...)",devilution::printfInConsole,utils/console.cpp,50,59,f1ad8acf5e688dabe0f18eff51fd966de4e1b0593dd87e5db2e49e56a4cedb8e,
"utils/console.cpp|devilution::vprintfInConsole(const char *fmt, va_list ap)",devilution::vprintfInConsole,utils/console.cpp,61,67,0e544c639565a367dadf550baec55c44888f46212d21d72f4e957a2c2386a8c0,
utils/display.cpp|devilution::GetScreenWidth(),devilution::GetScreenWidth,utils/display.cpp,56,59,f70adf252ff708380a749e610f7a80a87c4f17151abdd0133e3ec0a5432e11dc,
utils/display.cpp|devilution::GetScreenHeight(),devilution::GetScreenHeight,utils/display.cpp,61,64,7690cb8d082d29ef818d3fe6219ea9f2eda9aae9ea38d49e90d8bdef333ec36d,
utils/display.cpp|devilution::GetViewportHeight(),devilution::GetViewportHeight,utils/display.cpp,66,69,8ef20d93e4147de25e4f83239a0c92e053f606b68eb6ff348f478c02cdee1fb8,
utils/display.cpp|devilution::GetUIRectangle(),devilution::GetUIRectangle,utils/display.cpp,72,75,ba10a55b9cd14e9ac35664e80ccaed4a265852bf7f299450d06e760f8cba20b2,
"utils/display.cpp|devilution::CalculatePreferredWindowSize(int &width, int &height)",devilution::CalculatePreferredWindowSize,utils/display.cpp,80,106,52440fded129004a8ce77667628f6978ac649ff71022b65df182d4a3a0a43d86,
utils/display.cpp|devilution::FreeRenderer(),devilution::FreeRenderer,utils/display.cpp,108,147,679bb9436e4d65e613faf798544c66c8fd41bbbb5b42f7b384ec7eb82c47cf9e,
utils/display.cpp|devilution::GetNearestDisplayMode(Size preferredSize),devilution::GetNearestDisplayMode,utils/display.cpp,149,172,7a20571faff7af6dd0fc204b74d9f38c89b1c16d5cdadf92040c4eaa3477d761,0x14014a1f0
utils/display.cpp|devilution::CalculateUIRectangle(),devilution::CalculateUIRectangle,utils/display.cpp,175,182,2a0cabc9303033e8ba144003879215b2dffbf519bc0d2ece2b930df52b72bb04,
utils/display.cpp|devilution::GetPreferredWindowSize(),devilution::GetPreferredWindowSize,utils/display.cpp,184,195,2e1f1f5608f16e5faf0863ef2fa03a354c36706bf6969826a59e5d2596261e7b,
utils/display.cpp|devilution::AdjustToScreenGeometry(Size windowSize),devilution::AdjustToScreenGeometry,utils/display.cpp,199,205,a60e83ff462be1d421e151f3de32d845f25f184c290559a6783a70bb3a62f820,
utils/display.cpp|devilution::GetDpiScalingFactor(),devilution::GetDpiScalingFactor,utils/display.cpp,207,228,71472f2157bafa99470aa2679ccb56b5c455d334273b950a216d62d3cac0fc5c,
utils/display.cpp|devilution::IsFullScreen(),devilution::IsFullScreen,utils/display.cpp,258,265,ca567f81d0f84a305af4aa2ddd4cd1f2ff07c7716c084f11b0f0460d540a8e3c,
utils/display.cpp|devilution::SpawnWindow(const char *lpWindowName),devilution::SpawnWindow,utils/display.cpp,267,376,dd1ccbb88898aa926a50c6934b179b5a75d924f7d51426226e3ff5657019ebb5,
utils/display.cpp|devilution::ReinitializeTexture(),devilution::ReinitializeTexture,utils/display.cpp,379,391,b9b51a2cd9570cf3625b67ed5578fbc01d95c7f75e39cebc57281254f27586e9,
utils/display.cpp|devilution::ReinitializeIntegerScale(),devilution::ReinitializeIntegerScale,utils/display.cpp,393,403,f503dcea9bec6c9189828a789a61601cb975d0f08df44d7873c38f04f7c236a3,
utils/display.cpp|devilution::ReinitializeRenderer(),devilution::ReinitializeRenderer,utils/display.cpp,406,453,70daac9b557f20b5443ed85e75bdc0e054ccf9f6aad2485dc3247640f05611a0,
utils/display.cpp|devilution::SetFullscreenMode(),devilution::SetFullscreenMode,utils/display.cpp,455,500,990327fe63e9dc0e3a0667449f53009588a8efedd529d2a215b03e52bffd096b,
utils/display.cpp|devilution::ResizeWindow(),devilution::ResizeWindow,utils/display.cpp,502,543,600ca9894cc7984ecd545d1f1e8b574ff5f45b72e16653b5bedd330905cb3b03,
utils/display.cpp|devilution::GetOutputSurface(),devilution::GetOutputSurface,utils/display.cpp,545,560,6a0817e7094ee29eba071cef9ac5a85fc53a6a89e83b839f032b3f08c5db433c,
utils/display.cpp|devilution::OutputRequiresScaling(),devilution::OutputRequiresScaling,utils/display.cpp,562,571,75665522d11bcfa0ea683d02de68809a8556a87ec912c9a91c01650c833ba85d,
utils/display.cpp|devilution::ScaleOutputRect(SDL_Rect *rect),devilution::ScaleOutputRect,utils/display.cpp,573,582,bbe60d031e7ec15980f4423d7f4a24cb20a1c3e77b5fc4b59242ff1066a28912,
utils/display.cpp|devilution::ScaleSurfaceToOutput(SDLSurfaceUniquePtr surface),devilution::ScaleSurfaceToOutput,utils/display.cpp,607,614,c6a02c1bdb6873de651eeea4bcdf583eac81f3c2f1514263e55cc79ad11bf18d,
"utils/display.h|devilution::OutputToLogical(T *x, T *y)",devilution::OutputToLogical,utils/display.h,56,83,f9bda5d162fad2275566f563d00d33d15a496da8078d584c7dd8a5fd216a9fd3,
"utils/display.h|devilution::LogicalToOutput(T *x, T *y)",devilution::LogicalToOutput,utils/display.h,85,111,74eb2c93ecd810e486fb2f3cd01c3b556d523ea56be8862732410e4ec3e5263d,
utils/endian.hpp|devilution::LoadLE16(const T *b),devilution::LoadLE16,utils/endian.hpp,10,16,65cf82a1139dc980a81498ed6b857894ce862d2ad37ed2be3c8b0b4de83b6bf7,
utils/endian.hpp|devilution::LoadBE16(const T *b),devilution::LoadBE16,utils/endian.hpp,18,24,b8397802327268480f4c351ce4dc1284da8b6f5fd2591b56ddef1d5d9e600a94,
utils/endian.hpp|devilution::LoadLE32(const T *b),devilution::LoadLE32,utils/endian.hpp,26,32,38742df92755933e176a36c3896e90ce66455c44c67fe54507d868afff9906b8,
utils/endian.hpp|devilution::LoadBE32(const T *b),devilution::LoadBE32,utils/endian.hpp,34,40,185c2641b52c502479330eb14562bade30f2db551cf71d38d6892f8a0b00945f,
"utils/endian.hpp|devilution::WriteLE16(void *out, uint16_t val)",devilution::WriteLE16,utils/endian.hpp,42,46,3dbdb03da8ba4a15bbae7aee705b3ff601544474dd69c98f88d9beac2cfb5f06,
"utils/endian.hpp|devilution::WriteLE32(void *out, uint32_t val)",devilution::WriteLE32,utils/endian.hpp,48,52,976e27f65e595e37514b56c45393aa39802c9408b5d064eff143609cc5d3dcb6,
"utils/endian_stream.hpp|devilution::LoggedFread(void *buffer, size_t size, FILE *stream)",devilution::LoggedFread,utils/endian_stream.hpp,14,19,66dd9e040ad1ee192e8c11390f5e00e6662c57d6b40497e59fe81bc5b66052b5,0x140156dd0;0x140156e90
"utils/endian_stream.hpp|devilution::LoggedFwrite(const void *buffer, size_t size, FILE *stream)",devilution::LoggedFwrite,utils/endian_stream.hpp,21,26,c1b33bd922c6250c057509ac131d825b0967318cdf540535902e880671c6bd2d,0x140156bb0
utils/endian_stream.hpp|devilution::ReadByte(FILE *stream),devilution::ReadByte,utils/endian_stream.hpp,28,35,3d0a969cc1f1522b382ee5a6e77a9f3f8d826dea744022b3bede3668f05d7ab6,
utils/endian_stream.hpp|devilution::ReadLE16(FILE *stream),devilution::ReadLE16,utils/endian_stream.hpp,37,44,43133f4dcf3498e6b1d4f7764a7d6d206d721a94153640463b0836998adc1f93,
utils/endian_stream.hpp|devilution::ReadLE32(FILE *stream),devilution::ReadLE32,utils/endian_stream.hpp,46,53,ec106de1df2343a6bbf45a8be4340784127cf288a2c33d3fdd5650358fa22005,
utils/endian_stream.hpp|devilution::ReadLEFloat(FILE *stream),devilution::ReadLEFloat,utils/endian_stream.hpp,55,62,f8f369632392a4db7e457b6908958abadfa23f3120d684c9b28177b930095276,
"utils/endian_stream.hpp|devilution::WriteByte(FILE *out, uint8_t val)",devilution::WriteByte,utils/endian_stream.hpp,64,67,082853e0fe973931df9c7d9e532cf5056a3fda71af3bba056f9f03e68779d2e2,
"utils/endian_stream.hpp|devilution::WriteLE16(FILE *out, uint16_t val)",devilution::WriteLE16,utils/endian_stream.hpp,69,74,5ccd70f0f7f8f1aa8d1fb6f035ec2a1d50643b231dbe4c0892407cc29db8a05e,
"utils/endian_stream.hpp|devilution::WriteLE32(FILE *out, uint32_t val)",devilution::WriteLE32,utils/endian_stream.hpp,76,81,4e99e1c5ed28f88eee92d1991f109bb1774ec763cf5d943bc9c5f61acfcad02d,
"utils/endian_stream.hpp|devilution::WriteLEFloat(FILE *out, float val)",devilution::WriteLEFloat,utils/endian_stream.hpp,83,91,e16a06dc616d88757b18bd433ee9967c814634f852bc657a75f93ed4137374b1,
utils/enum_traits.h|devilution::enum_values::Iterator::Iterator(typename std::underlying_type<T>::type value),devilution::enum_values::Iterator::Iterator,utils/enum_traits.h,25,28,c029ecd2f83ead31de1372c041a929edf3cf837ea9e2f1a7e18d5249dd2e6bba,
utils/enum_traits.h|devilution::enum_values::Iterator::operator*(),devilution::enum_values::Iterator::operator*,utils/enum_traits.h,30,33,aea55c93d371ffe33506cd308868baec7a42d5fd60279a6af076364c9ced259d,
utils/enum_traits.h|devilution::enum_values::Iterator::operator++(),devilution::enum_values::Iterator::operator++,utils/enum_traits.h,35,38,81d54bbf3cb25a8cd48f6cbc6a7c47eb4624f5e125a4edb766282f1af7bdd946,
utils/enum_traits.h|devilution::enum_values::Iterator::operator!=(Iterator rhs),devilution::enum_values::Iterator::operator!=,utils/enum_traits.h,40,43,db7cadf4333a79000ef0c953e6d1feeeb8cd6a035c756558bd5b39dcdaa04121,
utils/enum_traits.h|devilution::begin(enum_values<T>),devilution::begin,utils/enum_traits.h,47,51,f031813a9c3882a834b84072754836b70c26280bf3fe1465296d16f67301c560,
utils/enum_traits.h|devilution::end(enum_values<T>),devilution::end,utils/enum_traits.h,53,57,6667e54805d897dcfe68896e669e2fb13e7b7958c7485a54f7688147ed280f3d,
"utils/enum_traits.h|devilution::operator|(EnumType lhs, EnumType rhs)",devilution::operator|,utils/enum_traits.h,68,73,25ad7d235b14c4b2212a1207b1ad7d803d0c1743489f1ce894792e52ac2cab23,
"utils/enum_traits.h|devilution::operator|=(EnumType &lhs, EnumType rhs)",devilution::operator|=,utils/enum_traits.h,75,80,7e11f7778f6d4db7fe1bdfeb8a2589c5b9a9fe0f538fce709fce4b32a9749a04,
"utils/enum_traits.h|devilution::operator&(EnumType lhs, EnumType rhs)",devilution::operator&,utils/enum_traits.h,82,87,fd0888840c0e5fa9682f56479dc05e0ca0f664d2dbe97eb67bb48752f672dfed,
"utils/enum_traits.h|devilution::operator&=(EnumType &lhs, EnumType rhs)",devilution::operator&=,utils/enum_traits.h,89,94,d7a2283b2218b96769bc07a3f7086b194afb4cc53d8d5e428be827305b1563bd,
utils/enum_traits.h|devilution::operator~(EnumType value),devilution::operator~,utils/enum_traits.h,96,101,a737d3c2d4b0d884ec9fe316a756fcd03b964d503d725408c8e3029c0cb5feca,
"utils/enum_traits.h|devilution::HasAnyOf(EnumType lhs, EnumType test)",devilution::HasAnyOf,utils/enum_traits.h,103,107,3f38ead1aac9cc3dc0e2d866e4f49926d4f669a808c20c9624fc7842d413a9ad,
"utils/enum_traits.h|devilution::HasAllOf(EnumType lhs, EnumType test)",devilution::HasAllOf,utils/enum_traits.h,109,113,486ac0c611cb064b340847883014b57a973d42730085086b81284c282019a44e,
"utils/enum_traits.h|devilution::HasNoneOf(EnumType lhs, EnumType test)",devilution::HasNoneOf,utils/enum_traits.h,115,119,457d2e48e7f3d28c3338dc8821d137a1feedb5d4ba469c253746683483ffaa25,
"utils/file_name_generator.hpp|devilution::BaseFileNameGenerator::BaseFileNameGenerator(std::initializer_list<string_view> prefixes, string_view suffix)",devilution::BaseFileNameGenerator::BaseFileNameGenerator,utils/file_name_generator.hpp,13,17,674cbececd81ef57cd23fd959e1a478cee419f2b43308f60691bd66749d3f939,
utils/file_name_generator.hpp|devilution::BaseFileNameGenerator::operator()(),devilution::BaseFileNameGenerator::operator(),utils/file_name_generator.hpp,19,23,444b8a95826aa1a1b7575a57a0c41891f4b2e20fa275ed67799a4fe4b5716428,
"utils/file_name_generator.hpp|devilution::BaseFileNameGenerator::Append(char *buf, std::initializer_list<string_view> strings)",devilution::BaseFileNameGenerator::Append,utils/file_name_generator.hpp,26,31,31d774b0f99c094db3fb795ef1d7009f575220db1e15a3a3ff7e8697492d336f,
utils/file_name_generator.hpp|devilution::BaseFileNameGenerator::Suffix(),devilution::BaseFileNameGenerator::Suffix,utils/file_name_generator.hpp,33,36,0acb47c7985bce1402e57617e3c80a60c433e02faeb20cce4150c76b3d5e1a66,
utils/file_name_generator.hpp|devilution::BaseFileNameGenerator::PrefixEnd(),devilution::BaseFileNameGenerator::PrefixEnd,utils/file_name_generator.hpp,37,40,acf75e3f2f4c506687fad06f4b9e40bfadba40059a6a24184464a2edac1a98dc,
utils/file_name_generator.hpp|devilution::BaseFileNameGenerator::Buffer(),devilution::BaseFileNameGenerator::Buffer,utils/file_name_generator.hpp,41,44,3be633aa93c85daad13b9375b908197935dbd0c2857ddba5b13ba100cb66d807,
"utils/file_name_generator.hpp|devilution::FileNameGenerator::FileNameGenerator(std::initializer_list<string_view> prefixes, string_view suffix, unsigned min = 1)",devilution::FileNameGenerator::FileNameGenerator,utils/file_name_generator.hpp,62,66,332bd33ba798264eb234b42251844c4c0f7592b5cf5358c8a37de8bc9fd69b3b,
utils/file_name_generator.hpp|devilution::FileNameGenerator::operator()(),devilution::FileNameGenerator::operator(),utils/file_name_generator.hpp,70,74,f868266482740137dd3a9ed347feecf6fb19f5f53ca076a90c97e1de9d0552f7,
"utils/file_name_generator.hpp|devilution::FileNameWithCharAffixGenerator::FileNameWithCharAffixGenerator(std::initializer_list<string_view> prefixes, string_view suffix, const char *chars)",devilution::FileNameWithCharAffixGenerator::FileNameWithCharAffixGenerator,utils/file_name_generator.hpp,89,94,d45a66b028b7617e80d99624ef9e54dae1018618ad098bc459e57c2ccb6fc8ee,
utils/file_name_generator.hpp|devilution::FileNameWithCharAffixGenerator::operator()(),devilution::FileNameWithCharAffixGenerator::operator(),utils/file_name_generator.hpp,96,100,f0190fe624c18d70e47c8e7aeea338b2f1794b0f341939b4b00584340fa75eee,
utils/file_util.cpp|devilution::ToWideChar(string_view path),devilution::ToWideChar,utils/file_util.cpp,53,64,3d4319232781f81b68d572cdbe97ec8c158f2cc04975614fbb7f5cf3d0b63f73,
utils/file_util.cpp|devilution::Dirname(string_view path),devilution::Dirname,utils/file_util.cpp,67,77,72bc4f97dd311e7a6d27299a9608c939d308d5999e2af362e39251314cb8d0cb,
utils/file_util.cpp|devilution::FileExists(const char *path),devilution::FileExists,utils/file_util.cpp,79,117,d66b15c2c7da132adf03ac7adcd66ca82429dd120bcad500024232d1c887013e,0x14014fe20
utils/file_util.cpp|devilution::WindowsGetFileAttributes(const char *path),devilution::WindowsGetFileAttributes,utils/file_util.cpp,121,145,4514a27de8ec114828a27bc08d1624e1c7e6931ec4ea1fcb516dbec70d365f9a,
utils/file_util.cpp|devilution::DirectoryExists(const char *path),devilution::DirectoryExists,utils/file_util.cpp,150,162,90081626041dd511234611817412ff1ce062a2ca6c43310a2d696e58c476be2c,
utils/file_util.cpp|devilution::FileExistsAndIsWriteable(const char *path),devilution::FileExistsAndIsWriteable,utils/file_util.cpp,164,180,12f39d36b19a79a5d14e1b189ba512b1fa481481f489d08fbb7f41a536326ca7,
"utils/file_util.cpp|devilution::GetFileSize(const char *path, std::uintmax_t *size)",devilution::GetFileSize,utils/file_util.cpp,182,210,cd020a5ef1dde71fde4a8fa1bde2ae32f9d4ca224d016d0207f0f6c9e0aff3e4,
utils/file_util.cpp|devilution::CreateDir(const char *path),devilution::CreateDir,utils/file_util.cpp,212,251,1e4a5e20b06c5f1f16403669a4713342740a5b4ae91315d79a9b0fcedc06035a,
utils/file_util.cpp|devilution::RecursivelyCreateDir(const char *path),devilution::RecursivelyCreateDir,utils/file_util.cpp,253,278,ea9c9db1d998e902c734b25d66b99c46513f30d7b264e4a507ad914b51558f67,
"utils/file_util.cpp|devilution::ResizeFile(const char *path, std::uintmax_t size)",devilution::ResizeFile,utils/file_util.cpp,280,311,5b0d5d65060a0387ebacead2ce7b9b3bec34d2e36e9da70771e974e828347cc2,
"utils/file_util.cpp|devilution::RenameFile(const char *from, const char *to)",devilution::RenameFile,utils/file_util.cpp,313,331,950f76a6ac5a58725cc6c33500df996e673a0d28ed51f3af72da2b3d19d97dce,
"utils/file_util.cpp|devilution::CopyFileOverwrite(const char *from, const char *to)",devilution::CopyFileOverwrite,utils/file_util.cpp,333,380,f52ac80548a86015512f9f2b9cf661be47e5ad5f179dac7f426f856022e3857a,
utils/file_util.cpp|devilution::RemoveFile(const char *path),devilution::RemoveFile,utils/file_util.cpp,382,406,5cbc17662eb3dd694a285b3344df3c7474c613e8e9e43423ac0057e1d274d0fc,
"utils/file_util.cpp|devilution::OpenFile(const char *path, const char *mode)",devilution::OpenFile,utils/file_util.cpp,408,422,60a5802a14e93021ce7054df0ae7e9a3c53b8196dd900d57d6dc233e8a3114f6,
utils/file_util.h|devilution::FileExists(const std::string &str),devilution::FileExists,utils/file_util.h,22,25,2c897893a1759aa6b46341b83efa8b70fc8c264871688c22d56e3eba29924d69,
utils/format_int.cpp|devilution::FormatInteger(int n),devilution::FormatInteger,utils/format_int.cpp,9,44,c8199fcee38f2fca3ac957ebfcc53203ae8719513be4a06df501ac1c8cecc433,
utils/language.cpp|StringHash::operator()(),StringHash::operator(),utils/language.cpp,40,43,92a226ffdbae9b207069216d8c615a041a1ed79ec8d03a7a00d9ede80234484c,
utils/language.cpp|StringEq::operator()(),StringEq::operator(),utils/language.cpp,47,50,139e26a584261d852c6e813ffd6c276d6acdf4412031bc682489fdcd7a6f25fa,
"utils/language.cpp|EncodeTranslationRef(uint32_t offset, uint32_t size)",EncodeTranslationRef,utils/language.cpp,59,62,ad39eda0f6971219a4ebc06a1ec5d99024e1e906c7db03d3da4bc92448d81670,
utils/language.cpp|GetTranslation(TranslationRef ref),GetTranslation,utils/language.cpp,64,67,9c4101d298f4a27d750162f2304ff9361de2d23fa1ee2e18817662f2b781ee39,
utils/language.cpp|SwapLE(MoHead &head),SwapLE,utils/language.cpp,85,93,c4eb289348f1f998568036ba3a6fac3c9863d4e987cf14bf9cae79b1f28daea4,
utils/language.cpp|SwapLE(MoEntry &entry),SwapLE,utils/language.cpp,100,104,8556103fc88d1b78f1cea5292f04ae69c37f02347bbd7d6bc2c21f2f31c4fd7e,
utils/language.cpp|TrimLeft(string_view str),TrimLeft,utils/language.cpp,106,110,14ade506e8bfc372e1d55fa5568d88fbea96d330de9ef08174ce94640794aa87,
utils/language.cpp|TrimRight(string_view str),TrimRight,utils/language.cpp,112,116,de22eb2815fb36a5de529893a4b2341efcc952c5c6b8b38a34564c971e905458,
utils/language.cpp|PluralIfNotOne(int n),PluralIfNotOne,utils/language.cpp,119,122,e55f90e5f44684fe737107f491f0f6ca6c567ec243e37d9104547d258362f597,
utils/language.cpp|SetPluralForm(string_view expression),SetPluralForm,utils/language.cpp,131,213,6ebfa6accb84eeb8b672b93b83702291ab4dc61211b4eedec1b3e424c6ccc83c,
utils/language.cpp|ParsePluralForms(string_view string),ParsePluralForms,utils/language.cpp,218,241,7d4aacaca3e7c88d0e1a685705bf1904a6b4140f7aa03311a8d5e349786e926f,
utils/language.cpp|ParseMetadata(string_view metadata),ParseMetadata,utils/language.cpp,243,264,17e8cbe025481ba1d4c6b286bb7bf5bd9bd809979cb508de5fcf66c618f05958,
"utils/language.cpp|ReadEntry(AssetHandle &handle, const MoEntry &e, char *result)",ReadEntry,utils/language.cpp,266,272,11f2d90a556354eb4917c3e22279c3469bf2162cba92e8220fa6075d6d75fa1e,
"utils/language.cpp|CopyData(void *dst, const byte *data, size_t dataSize, size_t offset, size_t length)",CopyData,utils/language.cpp,274,280,c2b79916932f21c6a301145e1ea8cf27f553eac0a8d36bcc6a02590c267debf8,
"utils/language.cpp|ReadEntry(const byte *data, size_t dataSize, const MoEntry &e, char *result)",ReadEntry,utils/language.cpp,282,288,961035415b574a63d60b9ec14445566dc28c34590786bf927befe3724cdc235c,
"utils/language.cpp|LanguageParticularTranslate(string_view context, string_view message)",LanguageParticularTranslate,utils/language.cpp,292,307,26a2e02d66eef59ca9ab27e7d7c3e6d2ba2f23ca8ff053802fe7226112e2987f,
"utils/language.cpp|LanguagePluralTranslate(const char *singular, string_view plural, int count)",LanguagePluralTranslate,utils/language.cpp,309,321,472f31042c2cfc154d015cc8c6315a43f47fddec20049055b2df5600fbbb17ef,
utils/language.cpp|LanguageTranslate(const char *key),LanguageTranslate,utils/language.cpp,323,331,3c69b907334a097fcae01db7328021c2fc33f8197f3ec90d93f4502e0c1fb6ce,
utils/language.cpp|HasTranslation(const std::string &locale),HasTranslation,utils/language.cpp,333,344,030113bd85427b57028ab08f383b56675b695721da05f030dacb18f9220c9d6d,
utils/language.cpp|GetLanguageCode(),GetLanguageCode,utils/language.cpp,346,351,35a2e81e486d05f3da5464f5cf2720287b5d0cd5a4a3de33d45de78bc8d51a7c,
utils/language.cpp|IsSmallFontTall(),IsSmallFontTall,utils/language.cpp,353,357,ba919932e94a16bdfdb7f9cc572d00197298684dd5023edc6c546cf1d8a204e9,
utils/language.cpp|LanguageInitialize(),LanguageInitialize,utils/language.cpp,359,508,11b7f2437e05b276ffb13f9401c4fa5b0c7ce93d4735b7eaacc0a53c35194149,
utils/language.h|LanguageTranslate(const std::string &key),LanguageTranslate,utils/language.h,26,29,aa1b75eec5087d4b56d377d990a92661b5ec51d57ac2f1883d7e2d5272275107,
"utils/log.hpp|devilution::detail::format(string_view fmt, Args &&...args)",devilution::detail::format,utils/log.hpp,44,61,e444b96e7191bb217e2536e479c7fd6ea41cb5691f99ce864dd9d8a33167c975,
"utils/log.hpp|devilution::Log(string_view fmt, Args &&...args)",devilution::Log,utils/log.hpp,65,70,3358b7f957cba8620b32ae8d6452551652e2f7c06517077bd018828f52148876,
"utils/log.hpp|devilution::LogVerbose(LogCategory category, string_view fmt, Args &&...args)",devilution::LogVerbose,utils/log.hpp,72,77,97e44cafc316010fd237e6f755472aa6fe8cac1a455b636117f916f7ab013bd0,
"utils/log.hpp|devilution::LogVerbose(string_view fmt, Args &&...args)",devilution::LogVerbose,utils/log.hpp,79,83,0c1584c457a91dc897e3679dccbdd1ffb950217f89dd03e62bed6f1b1b595f72,
"utils/log.hpp|devilution::LogDebug(LogCategory category, string_view fmt, Args &&...args)",devilution::LogDebug,utils/log.hpp,85,90,a0a0e12f29a51eaf7ccc9f4659f1662474af28c7b8bdd8d741374693fd0e6e7d,
"utils/log.hpp|devilution::LogDebug(string_view fmt, Args &&...args)",devilution::LogDebug,utils/log.hpp,92,96,5a757a217ef328543cf1bad1857de63ee1d89b86f6126e1469fff8708e7b347e,
"utils/log.hpp|devilution::LogInfo(LogCategory category, string_view fmt, Args &&...args)",devilution::LogInfo,utils/log.hpp,98,103,4e231267e03f2e25a5519d6d80095c4f760752135cffa2d87e6b0809f33904d9,
"utils/log.hpp|devilution::LogInfo(string_view fmt, Args &&...args)",devilution::LogInfo,utils/log.hpp,105,109,fc747f018c6a152bf111306d87bdd7697efe8a63437be8a6687cd8742efefa38,
"utils/log.hpp|devilution::LogWarn(LogCategory category, string_view fmt, Args &&...args)",devilution::LogWarn,utils/log.hpp,111,116,6845b4a6398d94e93d24d7967b380d90611aa6de18b62ca206af69e6cabc533d,
"utils/log.hpp|devilution::LogWarn(string_view fmt, Args &&...args)",devilution::LogWarn,utils/log.hpp,118,122,e6bcdacdbe466ad4a89bef3616d5d14c5bcbe39b0c0e02a0ef9f71209ecf5a79,
"utils/log.hpp|devilution::LogError(LogCategory category, string_view fmt, Args &&...args)",devilution::LogError,utils/log.hpp,124,129,2807deca6267d25990cccac0a572ff44f82ceefede8455dbadde5006b9b3132a,
"utils/log.hpp|devilution::LogError(string_view fmt, Args &&...args)",devilution::LogError,utils/log.hpp,131,135,a40041ac5e2f7c2268db19dd5997ccb229e087207bf9d9934ffa685ff5eeba15,
"utils/log.hpp|devilution::LogCritical(LogCategory category, string_view fmt, Args &&...args)",devilution::LogCritical,utils/log.hpp,137,142,fc7f0b71bb569c243f0f06e1961e6f10ba72fb4740f370047a0e36aa799eee8e,
"utils/log.hpp|devilution::LogCritical(string_view fmt, Args &&...args)",devilution::LogCritical,utils/log.hpp,144,148,8f5b4d480a323f91dca02e5e3b2f67199e3598c19dfa4f301171f2c72a96219c,
"utils/log.hpp|devilution::LogMessageV(LogCategory category, LogPriority priority, string_view fmt, Args &&...args)",devilution::LogMessageV,utils/log.hpp,150,155,37d1b0981bb88689fda4ea154052086632857635e58eaae1092a66c06fe138b5,
"utils/log.hpp|devilution::LogMessageV(string_view fmt, Args &&...args)",devilution::LogMessageV,utils/log.hpp,157,161,70661939dd0d4f045127fdf9f8c0f5f003d03901c883d9fc1a9d867d673a801e,
utils/logged_fstream.cpp|devilution::LoggedFStream::DirToString(int dir),devilution::LoggedFStream::DirToString,utils/logged_fstream.cpp,5,17,4aa49b3ab90dd428532276c39c172ae9577132703da486df4707cd62593afce3,
"utils/logged_fstream.hpp|devilution::LoggedFStream::Open(const char *path, const char *mode)",devilution::LoggedFStream::Open,utils/logged_fstream.hpp,17,21,ee067f77806f6e78ee972bd176bccde2b4725d125c958588c695dffaef3ee1f0,
utils/logged_fstream.hpp|devilution::LoggedFStream::Close(),devilution::LoggedFStream::Close,utils/logged_fstream.hpp,23,29,1104d8e8fdc3e2980daf1edee79178395ed57b760db853afdc0c586a20d65951,
utils/logged_fstream.hpp|devilution::LoggedFStream::IsOpen(),devilution::LoggedFStream::IsOpen,utils/logged_fstream.hpp,31,34,052218ebcd91b8c8b4cde1607657ce2e0cdffe4dd5e42204d5bc7ab6834d48af,
"utils/logged_fstream.hpp|devilution::LoggedFStream::Seekp(long pos, int dir = SEEK_SET)",devilution::LoggedFStream::Seekp,utils/logged_fstream.hpp,36,40,047d1df32955cccd25e9e812fdcd88ef82867fc358bfff086b56e46337ec4fc6,
utils/logged_fstream.hpp|devilution::LoggedFStream::Tellp(long *result),devilution::LoggedFStream::Tellp,utils/logged_fstream.hpp,42,47,9ed793b570b1c5f65e661df1df48127ef4a7ee4396ebf14d48b25a2a0dcf6ef7,
"utils/logged_fstream.hpp|devilution::LoggedFStream::Write(const char *data, size_t size)",devilution::LoggedFStream::Write,utils/logged_fstream.hpp,49,53,452150244bd60f3b610358a3d21834e686a99bfd44921dc7ac5d4d0e6adef28f,
"utils/logged_fstream.hpp|devilution::LoggedFStream::Read(char *out, size_t size)",devilution::LoggedFStream::Read,utils/logged_fstream.hpp,55,59,71da77ef96aedfabc550e679e766fb8e9f8686e6e70b1967a385765784c851ef,
"utils/logged_fstream.hpp|devilution::LoggedFStream::CheckError(bool ok, const char *fmt, PrintFArgs... args)",devilution::LoggedFStream::CheckError,utils/logged_fstream.hpp,64,78,36c6bc9e1c5c167fe5514834acea8b4cee4e5aac508807690bff0b2561e9015a,
utils/math.h|devilution::math::Sign(T t),devilution::math::Sign,utils/math.h,17,21,0c605153acd5bb79702f60d2f92871477d17ba949c66a21e6f0b43da23af80ec,
"utils/math.h|devilution::math::Lerp(V a, V b, T t)",devilution::math::Lerp,utils/math.h,32,36,fec2491abe5ff754970ee0b2917d458847f4e642f48ede13dfe6a150a19aa728,
"utils/math.h|devilution::math::InvLerp(T a, T b, T v)",devilution::math::InvLerp,utils/math.h,46,53,ef8242dff0abe735a8467413c06d2832ffbbca7a750aeeed6179c75b6e003b91,
"utils/math.h|devilution::math::Remap(T inMin, T inMax, T outMin, T outMax, T v)",devilution::math::Remap,utils/math.h,65,70,49aa99ca11c1566002147b78049a1d5818db7ee761eab1cce8e85e4c2e9360b4,
utils/paths.cpp|devilution::paths::AddTrailingSlash(std::string &path),devilution::paths::AddTrailingSlash,utils/paths.cpp,35,39,863204feae1449016e60701b4489880a89343e27e2931241c6fc40776377d9d3,
utils/paths.cpp|devilution::paths::FromSDL(char *s),devilution::paths::FromSDL,utils/paths.cpp,41,50,009a8e1990e5bc20cf1695f538bcb62c7c91a5a35bc3a7c3d16e6b9768a46868,
utils/paths.cpp|devilution::paths::BasePath(),devilution::paths::BasePath,utils/paths.cpp,68,74,00e5088b5f0df2178cbaae1c47146722499cb377eb49045e5e49957fff451b39,
utils/paths.cpp|devilution::paths::PrefPath(),devilution::paths::PrefPath,utils/paths.cpp,76,93,969d127d118ab641b9aa7af1d93754e34e6d821128212ae4172f3ad7546dfb27,
utils/paths.cpp|devilution::paths::ConfigPath(),devilution::paths::ConfigPath,utils/paths.cpp,95,112,8e831193cdd58178138f24eb2df2b915dc6f2a21a63c3aad720619520b6a77eb,
utils/paths.cpp|devilution::paths::AssetsPath(),devilution::paths::AssetsPath,utils/paths.cpp,114,128,9d78759a32330a196796f3daf3ba654f96597e672123349be1984f09507fd33c,
utils/paths.cpp|devilution::paths::SetBasePath(const std::string &path),devilution::paths::SetBasePath,utils/paths.cpp,130,134,9df51e8a6c340dd5222355c1043d551fc96564f9d266339f68fe4b343e0ea723,
utils/paths.cpp|devilution::paths::SetPrefPath(const std::string &path),devilution::paths::SetPrefPath,utils/paths.cpp,136,140,aca438a4657cdeab8c9d8b34bf7cf1b5be599cf13e9fa7bb074d6c5bc19495ec,
utils/paths.cpp|devilution::paths::SetConfigPath(const std::string &path),devilution::paths::SetConfigPath,utils/paths.cpp,142,146,7f5a82700f2497573abc8effa2764df3bb6547436e56e3059fd1391315ac56e6,
utils/paths.cpp|devilution::paths::SetAssetsPath(const std::string &path),devilution::paths::SetAssetsPath,utils/paths.cpp,148,152,0883418fbb6be50468410137e1244676e537ffd1f0e52154787cfc9dbd7a7162,
utils/pcx_to_clx.cpp|devilution::GetReservationSize(size_t pcxSize),devilution::GetReservationSize,utils/pcx_to_clx.cpp,27,40,46912da7ed80eddcea036f254cbf6076e07ec6156d2bcafa94a580448066a7fa,
"utils/pcx_to_clx.cpp|devilution::LoadPcxMeta(AssetHandle &handle, int &width, int &height, uint8_t &bpp)",devilution::LoadPcxMeta,utils/pcx_to_clx.cpp,42,52,63babfb0c0e02f5e2e38de0c83c39ef89ca695e8c0281ed892ec2ff0425187fb,
"utils/pcx_to_clx.cpp|devilution::PcxToClx(AssetHandle &handle, size_t fileSize, int numFramesOrFrameHeight, std::optional<uint8_t> transparentColor, SDL_Color *outPalette)",devilution::PcxToClx,utils/pcx_to_clx.cpp,56,193,bf0804ec671c68f806151280c57c7658ea933f6660c04d37e7c5d30e483fe3ad,
utils/png.h|IMG_LoadPNG(const char *file),IMG_LoadPNG,utils/png.h,20,24,4bfc8a8efaac8eacbd2f7c3eadf61a8cca5728323d26a94618738c8de6a054b2,
utils/png.h|devilution::InitPNG(),devilution::InitPNG,utils/png.h,32,35,a53afbd1742d78d64781e87cdf8d89bf962fc4c34d6971521792c4659fc452f7,
utils/png.h|devilution::QuitPNG(),devilution::QuitPNG,utils/png.h,37,40,6cbd17ac8e77b81315d197d8a7c54ec48611050d0993c441a54df70ec032d892,
utils/png.h|devilution::LoadPNG(const char *file),devilution::LoadPNG,utils/png.h,42,48,babbdfca6b817d83327c7d9e71409efbdbd6942d9b27574ffde8af73f4ad1b28,
utils/pointer_value_union.hpp|devilution::PointerOrValue::PointerOrValue(const T *ptr),devilution::PointerOrValue::PointerOrValue,utils/pointer_value_union.hpp,21,24,2e260f338da2bd52f54f9e48ee5948c375ff9c674cdbfc3dac320028d00c7fb1,
utils/pointer_value_union.hpp|devilution::PointerOrValue::PointerOrValue(T val),devilution::PointerOrValue::PointerOrValue,utils/pointer_value_union.hpp,26,29,497de3092ca772dbee74ce4f53334c890d8299c6f8781fb68dc9f67f475ee9f2,
utils/pointer_value_union.hpp|devilution::PointerOrValue::HoldsPointer(),devilution::PointerOrValue::HoldsPointer,utils/pointer_value_union.hpp,31,34,8bfd51d0d6f5aca37fee00f95d2d06a89ca1c13768cbf5ab0e423ff0c03823cc,
utils/pointer_value_union.hpp|devilution::PointerOrValue::AsPointer(),devilution::PointerOrValue::AsPointer,utils/pointer_value_union.hpp,36,39,c1e04146746b987e71235088b043f28f8ad71e63236af4635211fb4407f50bb3,
utils/pointer_value_union.hpp|devilution::PointerOrValue::AsValue(),devilution::PointerOrValue::AsValue,utils/pointer_value_union.hpp,41,44,0899d78cd4ffec87f5d3c53d73af716c822d41f3748880d81e0a6e31380d01a8,
"utils/push_aulib_decoder.cpp|devilution::PushAulibDecoder::PushSamples(const std::int16_t *data, unsigned size)",devilution::PushAulibDecoder::PushSamples,utils/push_aulib_decoder.cpp,15,24,ba89baddb60a3fe7ce067f8494d5b693d1fa55e39b8bfdba220dcb91cd4e9c6c,
"utils/push_aulib_decoder.cpp|devilution::PushAulibDecoder::PushSamples(const std::uint8_t *data, unsigned size)",devilution::PushAulibDecoder::PushSamples,utils/push_aulib_decoder.cpp,26,38,07abfaa35bfb919db40cc34daa1d740328e9728ef6005cc68925abe419ea0976,
utils/push_aulib_decoder.cpp|devilution::PushAulibDecoder::DiscardPendingSamples(),devilution::PushAulibDecoder::DiscardPendingSamples,utils/push_aulib_decoder.cpp,40,44,ee25cd0cfaff1ce9c22ee642336aacfd55318554db41ff3d13259ed063020efb,
utils/push_aulib_decoder.cpp|devilution::PushAulibDecoder::open([[maybe_unused]] SDL_RWops *rwops),devilution::PushAulibDecoder::open,utils/push_aulib_decoder.cpp,46,50,c48e92da70259da1e8e6c89f249d817122f1f8d6d343bcb6ea4df4a0c43db3f1,
utils/push_aulib_decoder.cpp|devilution::PushAulibDecoder::rewind(),devilution::PushAulibDecoder::rewind,utils/push_aulib_decoder.cpp,52,55,68af18c6f6bbc180b1ceb5e8c6d96a695e1543cd8699a72568165ee94a9d9208,
utils/push_aulib_decoder.cpp|devilution::PushAulibDecoder::duration(),devilution::PushAulibDecoder::duration,utils/push_aulib_decoder.cpp,57,60,0cae35902934992537c3430da6d22bcde362bf233dffc64bbd479b76a7b59e0c,
utils/push_aulib_decoder.cpp|devilution::PushAulibDecoder::seekToTime([[maybe_unused]] std::chrono::microseconds pos),devilution::PushAulibDecoder::seekToTime,utils/push_aulib_decoder.cpp,62,65,b61061324d54bcff069e750ec7b90b4d9e578f8b56c2c4ea8dec5eb2ae5a95d7,
"utils/push_aulib_decoder.cpp|devilution::PushAulibDecoder::doDecoding(float buf[], int len, bool &callAgain)",devilution::PushAulibDecoder::doDecoding,utils/push_aulib_decoder.cpp,67,98,70e1d8c802cc412c20d9cc2b527bfc81928dce4a7f1c1bf72f429854e9af736f,
utils/push_aulib_decoder.cpp|devilution::PushAulibDecoder::Next(),devilution::PushAulibDecoder::Next,utils/push_aulib_decoder.cpp,100,107,db57695e025ba677e55d386a038a170e3cd05e3da4a736f67c9aaffbe5c4e79c,
"utils/push_aulib_decoder.h|devilution::PushAulibDecoder::PushAulibDecoder(int numChannels, int sampleRate)",devilution::PushAulibDecoder::PushAulibDecoder,utils/push_aulib_decoder.h,20,24,7e6c3bd370f71abdb8a324b92c4ffbfbc6f421e58abfee11280a67b9bf4e28ac,
utils/push_aulib_decoder.h|devilution::PushAulibDecoder::getChannels(),devilution::PushAulibDecoder::getChannels,utils/push_aulib_decoder.h,32,35,65e6e0a472aeb0b40f18b076dd4651a404b68a9d3326d0c14f191cd12f2c58ca,
utils/push_aulib_decoder.h|devilution::PushAulibDecoder::getRate(),devilution::PushAulibDecoder::getRate,utils/push_aulib_decoder.h,37,40,a5aafc69672adca6e2e300e411f9ac51277acb5858c2b53663ede04ecfe02bc3,
utils/sdl2_to_1_2_backports.cpp|SDL_LogSetAllPriority(SDL_LogPriority priority),SDL_LogSetAllPriority,utils/sdl2_to_1_2_backports.cpp,50,58,d19980c02c52a1bca83053250197a51990fcb91171d4c9b9649f34063f7a5ee6,
"utils/sdl2_to_1_2_backports.cpp|SDL_LogSetPriority(int category, SDL_LogPriority priority)",SDL_LogSetPriority,utils/sdl2_to_1_2_backports.cpp,60,77,0633df494a2c301280d5cad8427c725a98c5550663f82f4ace89dcae031386a2,
utils/sdl2_to_1_2_backports.cpp|SDL_LogGetPriority(int category),SDL_LogGetPriority,utils/sdl2_to_1_2_backports.cpp,79,97,dcdf0a6d1236cddc4d172c9ad75812592509ded9614b491f14225b7870b36c05,
"utils/sdl2_to_1_2_backports.cpp|SDL_Log(const char *fmt, ...)",SDL_Log,utils/sdl2_to_1_2_backports.cpp,99,105,17ece843361b945b2e9596fd52eb824348fbfc044a07f34c1f261242f4a2719d,
"utils/sdl2_to_1_2_backports.cpp|SDL_LogVerbose(int category, const char *fmt, ...)",SDL_LogVerbose,utils/sdl2_to_1_2_backports.cpp,107,113,cbe2c24f1c2fc70b24df74cc686483549a4d8a46a60c19349444464c2212996a,
"utils/sdl2_to_1_2_backports.cpp|SDL_LogDebug(int category, const char *fmt, ...)",SDL_LogDebug,utils/sdl2_to_1_2_backports.cpp,115,121,e4e438c4c64dfa75c9b44f904662aedbdcd319cdaf02777f1a8b5fb4acd8ae51,
"utils/sdl2_to_1_2_backports.cpp|SDL_LogInfo(int category, const char *fmt, ...)",SDL_LogInfo,utils/sdl2_to_1_2_backports.cpp,123,129,68cef9614a32933d39cef4ba85b9d9d6b929aefa7b7d06040304055add7bbfc9,
"utils/sdl2_to_1_2_backports.cpp|SDL_LogWarn(int category, const char *fmt, ...)",SDL_LogWarn,utils/sdl2_to_1_2_backports.cpp,131,137,da6d5304a8e410116f71f36e4f37e6e2866ca090e445a40fa28c82e160204f84,
"utils/sdl2_to_1_2_backports.cpp|SDL_LogError(int category, const char *fmt, ...)",SDL_LogError,utils/sdl2_to_1_2_backports.cpp,139,145,1c6c9f3ef88f09eee9cf92108fe0c47a8b688ce9ae29ea663ef79ea483e4b71c,
"utils/sdl2_to_1_2_backports.cpp|SDL_LogCritical(int category, const char *fmt, ...)",SDL_LogCritical,utils/sdl2_to_1_2_backports.cpp,147,153,fcf40176002c82647b94f1b742ddf5cef8539258e9bece0cf3f3624157481eb9,
"utils/sdl2_to_1_2_backports.cpp|SDL_LogMessage(int category, SDL_LogPriority priority, const char *fmt, ...)",SDL_LogMessage,utils/sdl2_to_1_2_backports.cpp,155,161,96065dd6de5b03ed64bbe84b96e0aa34d042ca115c8d4f97c228b62fb76556ee,
"utils/sdl2_to_1_2_backports.cpp|SDL_LogMessageV(int category, SDL_LogPriority priority, const char *fmt, va_list ap)",SDL_LogMessageV,utils/sdl2_to_1_2_backports.cpp,163,171,ff8ccefd37a19537aa85d0d15882d08964efb819cc686b9bb7d8816297a3e8df,
"utils/sdl2_to_1_2_backports.cpp|copy_row3(Uint8 *src, int src_w, Uint8 *dst, int dst_w)",copy_row3,utils/sdl2_to_1_2_backports.cpp,191,213,9be290da8357dddce2b9ec31e827999708f292967225af52dc161f8c6e2ec350,
"utils/sdl2_to_1_2_backports.cpp|SDL_SoftStretch(SDL_Surface *src, const SDL_Rect *srcrect, SDL_Surface *dst, const SDL_Rect *dstrect)",SDL_SoftStretch,utils/sdl2_to_1_2_backports.cpp,217,329,6b95cfea4c843270fa05d4c6b26b3bbf990edcacaa6ddf1f37fbe6c7de5278cd,
"utils/sdl2_to_1_2_backports.cpp|SDL_BlitScaled(SDL_Surface *src, SDL_Rect *srcrect, SDL_Surface *dst, SDL_Rect *dstrect)",SDL_BlitScaled,utils/sdl2_to_1_2_backports.cpp,331,484,ffcf74698becdd7c017fcec1d4a2853b395a57d7c7f76afb5de576e4ea55ba03,
utils/sdl2_to_1_2_backports.cpp|SDL_RWsize(SDL_RWops *context),SDL_RWsize,utils/sdl2_to_1_2_backports.cpp,488,506,34ed5459e0d783f8808d0cbcd69b3bdaf965c26e797c0e5719e3d3be5a18772c,
"utils/sdl2_to_1_2_backports.cpp|WIN_SetErrorFromHRESULT(const char *prefix, HRESULT hr)",WIN_SetErrorFromHRESULT,utils/sdl2_to_1_2_backports.cpp,517,529,da60359deea475937e3b4a5e75655144a3cdc1d609a011e848958699fe89ccc9,
utils/sdl2_to_1_2_backports.cpp|WIN_SetError(const char *prefix),WIN_SetError,utils/sdl2_to_1_2_backports.cpp,532,537,d7c67cd7de33af9694e56b88d8e25f7dc7953c650481c4c8a16922fb207a839b,
utils/sdl2_to_1_2_backports.cpp|SDL_GetBasePath(void),SDL_GetBasePath,utils/sdl2_to_1_2_backports.cpp,541,606,be637509a9c8aca6f09853a7539d5a912e014412c22c70215918c73c0146b58c,
"utils/sdl2_to_1_2_backports.cpp|SDL_GetPrefPath(const char *org, const char *app)",SDL_GetPrefPath,utils/sdl2_to_1_2_backports.cpp,608,694,a3c84bb47750fab7eb5473297715948f2e88012905ae5ea58946b572f136bf05,
utils/sdl2_to_1_2_backports.h|SDL_StartTextInput(),SDL_StartTextInput,utils/sdl2_to_1_2_backports.h,98,101,9a37c5ac96614698bdc1a80965e8ebe3fb0f964d1d0549f0d8239b23bcb24498,
utils/sdl2_to_1_2_backports.h|SDL_StopTextInput(),SDL_StopTextInput,utils/sdl2_to_1_2_backports.h,103,106,029aaac80b1b668cd51058175b19bf5fde3d2de549ed8f9c095dc97a94487a45,
utils/sdl2_to_1_2_backports.h|SDL_SetTextInputRect(const SDL_Rect *r),SDL_SetTextInputRect,utils/sdl2_to_1_2_backports.h,108,110,d71e8c4ca9c1df5f0839f03a4ca0399e60f16f0a0455c60a4e9ae9b36ac7c413,
"utils/sdl2_to_1_2_backports.h|SDL_PointInRect(const SDL_Point *p, const SDL_Rect *r)",SDL_PointInRect,utils/sdl2_to_1_2_backports.h,119,122,d72d6edefc18d1cdee3ed321c6968a0659084d1426e663fde62b4a675dae9a07,
"utils/sdl2_to_1_2_backports.h|SDL_ShowSimpleMessageBox(Uint32 flags, const char *title, const char *message, SDL_Surface *window)",SDL_ShowSimpleMessageBox,utils/sdl2_to_1_2_backports.h,141,148,049866a76faa3aec5b92d92e756a051c2c3c80185265d7fda88ab4fa3963ecb0,
"utils/sdl2_to_1_2_backports.h|SDL_GetWindowPosition(SDL_Window *window, int *x, int *y)",SDL_GetWindowPosition,utils/sdl2_to_1_2_backports.h,155,160,1572683a84ea9ad6225e7a152b94c68c9b182b0d0fb7eeff83a03d6f6dd00563,
"utils/sdl2_to_1_2_backports.h|SDL_GetWindowSize(SDL_Window *window, int *w, int *h)",SDL_GetWindowSize,utils/sdl2_to_1_2_backports.h,162,167,e7a5a4fabd5e81a65f252f74141dfd0d0fa559e3e50822078ef62fd6d02427c5,
utils/sdl2_to_1_2_backports.h|SDL_DestroyWindow(SDL_Window *window),SDL_DestroyWindow,utils/sdl2_to_1_2_backports.h,169,171,506afd85a15d4a2a2ab702a2b47580c294f1c67b05b5a9401396591ed1ba80bc,
"utils/sdl2_to_1_2_backports.h|SDL_WarpMouseInWindow(SDL_Window *window, int x, int y)",SDL_WarpMouseInWindow,utils/sdl2_to_1_2_backports.h,173,177,5900f646ec1065c60123454715354b2f60166289ad1f166c88099ba75a94269b,
utils/sdl2_to_1_2_backports.h|SDL_AllocPalette(int ncolors),SDL_AllocPalette,utils/sdl2_to_1_2_backports.h,189,213,1c5f8ec025ce3a1616b798660a24a0a6f8dfd073292f64a43ab4b05df781ecf9,
utils/sdl2_to_1_2_backports.h|SDL_FreePalette(SDL_Palette *palette),SDL_FreePalette,utils/sdl2_to_1_2_backports.h,215,224,f292d50ece7c1d54ae85c7316d4e0c1a516a10decb878cff44bb1b673a2d264f,
utils/sdl2_to_1_2_backports.h|SDL_HasColorKey(SDL_Surface *surface),SDL_HasColorKey,utils/sdl2_to_1_2_backports.h,226,229,4409018663988eefd158a6b761ecef480f4a1d1d4c057074631735cdd8c9f92c,
"utils/sdl2_to_1_2_backports.h|SDLBackport_PixelformatToMask(int pixelformat, Uint32 *flags, Uint32 *rmask, Uint32 *gmask, Uint32 *bmask, Uint32 *amask)",SDLBackport_PixelformatToMask,utils/sdl2_to_1_2_backports.h,237,268,7384d329c858646fa6c6e8a983a2931587ea0616f4638db49159e3d857178d38,
"utils/sdl2_to_1_2_backports.h|SDLBackport_PixelFormatFormatEq(const SDL_PixelFormat *a, const SDL_PixelFormat *b)",SDLBackport_PixelFormatFormatEq,utils/sdl2_to_1_2_backports.h,273,277,ac24ef98bee2cb32de4f42619c0e3b0d05c43efe2c7070f05f2ddc38527f81d6,
utils/sdl2_to_1_2_backports.h|SDLBackport_IsPixelFormatIndexed(const SDL_PixelFormat *pf),SDLBackport_IsPixelFormatIndexed,utils/sdl2_to_1_2_backports.h,282,285,cf47cda06bd7163f477b052acdd69c0451a919daedd47f58b4bbcc6a6aef662a,
"utils/sdl2_to_1_2_backports.h|SDL_CreateRGBSurfaceWithFormat(Uint32 flags, int width, int height, int depth, Uint32 format)",SDL_CreateRGBSurfaceWithFormat,utils/sdl2_to_1_2_backports.h,289,296,deb52bda52fdc8415bb97fa775d91324cf91992a5d291bd67898976409491425,
"utils/sdl2_to_1_2_backports.h|SDL_CreateRGBSurfaceWithFormatFrom(void *pixels, Uint32 flags, int width, int height, int depth, Uint32 format)",SDL_CreateRGBSurfaceWithFormatFrom,utils/sdl2_to_1_2_backports.h,298,305,fb2aff12d2394c60f2e883e7f73aa7b4cfd7c19683ba64730128850105a4496e,
utils/sdl_bilinear_scale.cpp|devilution::Frac(int fixedPoint),devilution::Frac,utils/sdl_bilinear_scale.cpp,12,15,6f22d8eeafdf137e382d4ff56e9eaa7f7a9377c57d7fa4aa8bb31bdf107f3418,
utils/sdl_bilinear_scale.cpp|devilution::ToInt(int fixedPoint),devilution::ToInt,utils/sdl_bilinear_scale.cpp,17,20,82b5511b2bdb061778d65515c93a0243f2b0ca8ca65c9432dfc0c756f28560f9,
"utils/sdl_bilinear_scale.cpp|devilution::CreateMixFactors(unsigned srcSize, unsigned dstSize)",devilution::CreateMixFactors,utils/sdl_bilinear_scale.cpp,22,32,594e80dbe9d3a89a28f23e6771080a44fc92550998d009a734c136ec974852b3,
"utils/sdl_bilinear_scale.cpp|devilution::MixColors(uint8_t first, uint8_t second, int ratio)",devilution::MixColors,utils/sdl_bilinear_scale.cpp,34,37,21bf753ba72c4ef56d1ce664a3ab9603fb6509ffd8d1ceef130e2f7875883e9a,
"utils/sdl_bilinear_scale.cpp|devilution::MixColorsWithAlpha(uint8_t first, uint8_t firstAlpha, uint8_t second, uint8_t secondAlpha, uint8_t mixedAlpha, int ratio)",devilution::MixColorsWithAlpha,utils/sdl_bilinear_scale.cpp,39,63,e72a027456cf3d3cb1a5028341586a36ff18abd7f20e08d8008774bddcf2ef49,
"utils/sdl_bilinear_scale.cpp|devilution::BilinearScale32(SDL_Surface *src, SDL_Surface *dst)",devilution::BilinearScale32,utils/sdl_bilinear_scale.cpp,67,149,45db0a8d4f494f3057f7a322d029410ba1fd23745a02811f3b58712949ea9101,
"utils/sdl_bilinear_scale.cpp|devilution::BilinearDownscaleByHalf8(const SDL_Surface *src, const std::array<std::array<Uint8, 256>, 256> &paletteBlendingTable, SDL_Surface *dst, uint8_t transparentIndex)",devilution::BilinearDownscaleByHalf8,utils/sdl_bilinear_scale.cpp,151,186,9f45a6288d2dac2900aa3e18ed9376a7e6d908fb3eab84fd8c498a83f42e6b4f,
utils/sdl_compat.h|SDLC_GetKeyState(),SDLC_GetKeyState,utils/sdl_compat.h,29,36,1fc7c6144e8ae16e7059c1bbc5c59c4ecb20abe1de308b6eef3bb56adf27398b,
"utils/sdl_compat.h|SDLC_SetColorKey(SDL_Surface *surface, Uint32 key)",SDLC_SetColorKey,utils/sdl_compat.h,38,45,541eb6e794e7c9ac6c6d9a7061879650bc8b73d32165a0b0306f580a483ba294,
"utils/sdl_compat.h|SDLC_SetSurfaceColors(SDL_Surface *surface, SDL_Color *colors, int firstcolor, int ncolors)",SDLC_SetSurfaceColors,utils/sdl_compat.h,48,55,a0a70a259803a8a09d0130b701c19954e07368c537cbbe69ca68025454212ff8,
"utils/sdl_compat.h|SDLC_SetSurfaceColors(SDL_Surface *surface, SDL_Palette *palette)",SDLC_SetSurfaceColors,utils/sdl_compat.h,58,61,a7330559579dd14fccc7de0791f2d09a6fdc21f8ee3234319973cb9048b7dd1a,
"utils/sdl_compat.h|SDLC_SetSurfaceAndPaletteColors(SDL_Surface *surface, SDL_Palette *palette, SDL_Color *colors, int firstcolor, int ncolors)",SDLC_SetSurfaceAndPaletteColors,utils/sdl_compat.h,66,90,a910d1e074fcaa95b63f1aa83ec0e0e1ef477d2d7916d36fe3c7f7f181385a13,
"utils/sdl_geometry.h|devilution::MakeSdlRect(decltype(SDL_Rect {}.x) x, decltype(SDL_Rect {}.y) y, decltype(SDL_Rect {}.w) w, decltype(SDL_Rect {}.h) h)",devilution::MakeSdlRect,utils/sdl_geometry.h,22,27,0a962fa2d8abf9302050315b36df1975a555eb5e7d762683d14c4a5c5691d4cf,
utils/sdl_geometry.h|devilution::MakeSdlRect(Rectangle rect),devilution::MakeSdlRect,utils/sdl_geometry.h,29,32,c8f1fcba56bfd167a6786286dfd40b1cadb683702a793d93ac20fbd7a47bda85,
utils/sdl_geometry.h|devilution::MakeRectangle(SDL_Rect sdlRect),devilution::MakeRectangle,utils/sdl_geometry.h,34,37,bcde102487336f84a30952c9346ba609d8b4efc10b93fd3d429ac2229b0e538b,
utils/sdl_mutex.h|devilution::SdlMutex::SdlMutex(),devilution::SdlMutex::SdlMutex,utils/sdl_mutex.h,18,23,19fea12b383ef0ca6befcf582674794e1891966891cfeb4108088e623476b7b9,
utils/sdl_mutex.h|devilution::SdlMutex::~SdlMutex(),devilution::SdlMutex::~SdlMutex,utils/sdl_mutex.h,25,28,4356720bc54043498e114e5432861a11a3ad210264e00ad11c3a83a61aa18984,
utils/sdl_mutex.h|devilution::SdlMutex::lock(),devilution::SdlMutex::lock,utils/sdl_mutex.h,35,40,9e5ace54aff7f64a3b7e89001892d57aa720e6fcf8368b637839a38b82908c0e,
utils/sdl_mutex.h|devilution::SdlMutex::try_lock(),devilution::SdlMutex::try_lock,utils/sdl_mutex.h,43,49,625560202ae51fdbfd6d07b77c0b847a38cbd52ac28fb19818fc54ed0ac5a217,
utils/sdl_mutex.h|devilution::SdlMutex::unlock(),devilution::SdlMutex::unlock,utils/sdl_mutex.h,52,57,e394041dc77cc4e5eba054bf394a402669d584e631dfaeb18001ce6b60f4242a,
utils/sdl_mutex.h|devilution::SdlMutex::get(),devilution::SdlMutex::get,utils/sdl_mutex.h,59,62,95182da23235881b3cb54481b866efbc930840ba5f1a212a5316160b8d1e3cf3,
utils/sdl_ptrs.h|devilution::SDLSurfaceDeleter::operator()(),devilution::SDLSurfaceDeleter::operator(),utils/sdl_ptrs.h,22,25,35892f3bc8b903b058a2b19cd0b6bfcb52c1d3a98fcf96b1258c8e3bc33137e0,
utils/sdl_ptrs.h|devilution::SDLCursorDeleter::operator()(),devilution::SDLCursorDeleter::operator(),utils/sdl_ptrs.h,32,35,bb2b2c5849704d466104e8007cad038b35873be3bd416ad389144e2485b3f518,
utils/sdl_ptrs.h|devilution::SDLTextureDeleter::operator()(),devilution::SDLTextureDeleter::operator(),utils/sdl_ptrs.h,43,46,9434a164ed5d0fd78e902a06105940ece2e70405754436d9a986e018a04a3820,
utils/sdl_ptrs.h|devilution::SDLPaletteDeleter::operator()(),devilution::SDLPaletteDeleter::operator(),utils/sdl_ptrs.h,53,56,e65efd35094fbcbcebd38eda316cd88f9be4b7d80c598af31497ebaf30dc082b,
utils/sdl_ptrs.h|devilution::SDLFreeDeleter::operator()(),devilution::SDLFreeDeleter::operator(),utils/sdl_ptrs.h,69,72,ad765247fc5bdfb0c6f87863ce34cdbf4912cc01b3a3b4a3844996f181c7e594,
utils/sdl_thread.cpp|devilution::SdlThread::ThreadTranslate(void *ptr),devilution::SdlThread::ThreadTranslate,utils/sdl_thread.cpp,5,12,192d2eeb83182a32f7b3c950da489bc66c080bc9f1468134149d73a0757c5494,
utils/sdl_thread.cpp|devilution::SdlThread::ThreadDeleter(SDL_Thread *thread),devilution::SdlThread::ThreadDeleter,utils/sdl_thread.cpp,14,18,30ba08e19fb0b5150c2f287421bf14308da7c8d94b5554b78bf321c63a710aaa,0x140154750
utils/sdl_thread.h|devilution::this_sdl_thread::get_id(),devilution::this_sdl_thread::get_id,utils/sdl_thread.h,13,16,30e36321d27a5505419811779ce678730506140b1bd2d2158ca92e2e968ebebc,
"utils/sdl_thread.h|devilution::SdlThread::SdlThread(int(SDLCALL *handler)(void *), void *data)",devilution::SdlThread::SdlThread,utils/sdl_thread.h,26,35,ef5c03ccf75ea90235ed8a319fb17580f857b275a978e159ad2c4fbd19e6dd28,
utils/sdl_thread.h|devilution::SdlThread::SdlThread(void (*handler)(void)),devilution::SdlThread::SdlThread,utils/sdl_thread.h,37,40,8b1cc2186b0de5066e5ee0ae1ae29742842474fa9832eecbda7aa84482bcace9,
utils/sdl_thread.h|devilution::SdlThread::joinable(),devilution::SdlThread::joinable,utils/sdl_thread.h,44,47,e3b106a32cb8dde160b41d45f9d94ab3d9be4d22f726f4e880033e57ef79eb1f,
utils/sdl_thread.h|devilution::SdlThread::get_id(),devilution::SdlThread::get_id,utils/sdl_thread.h,49,52,e2d6feff6521bbac52ffaf6ea665aab72f9644b3f3d1cac7d06195eb77201c8f,
utils/sdl_thread.h|devilution::SdlThread::join(),devilution::SdlThread::join,utils/sdl_thread.h,54,63,8f4cdec4872ae57a5e2c0bcc4ee1fa4f314eb4f224b0102e62825d2ae212eb47,0x140091810
"utils/sdl_wrap.h|devilution::SDLWrap::NullErrDlg(T x, const char *file, int line)",devilution::SDLWrap::NullErrDlg,utils/sdl_wrap.h,19,25,42a301d6dc178713c5969e3dd4f96923e0c00c6191fc66c6e29059736ccb7feb,
"utils/sdl_wrap.h|devilution::SDLWrap::CreateRGBSurface(Uint32 flags, int width, int height, int depth, Uint32 Rmask, Uint32 Gmask, Uint32 Bmask, Uint32 Amask)",devilution::SDLWrap::CreateRGBSurface,utils/sdl_wrap.h,27,30,8c01fad16aa3354b187d3b5d1a4c243e67ec46bb4689d1bec8dde27381e84932,
"utils/sdl_wrap.h|devilution::SDLWrap::CreateRGBSurfaceWithFormat(Uint32 flags, int width, int height, int depth, Uint32 format)",devilution::SDLWrap::CreateRGBSurfaceWithFormat,utils/sdl_wrap.h,32,35,ce624dcbe4f6b06285a1cfa7144e0d6657eed81f0f6a611e21423f9720e36f74,
"utils/sdl_wrap.h|devilution::SDLWrap::CreateRGBSurfaceWithFormatFrom(void *pixels, int width, int height, int depth, int pitch, Uint32 format)",devilution::SDLWrap::CreateRGBSurfaceWithFormatFrom,utils/sdl_wrap.h,37,40,5babaced12476cc6d595c2c8868001be0d7e09336e84974e89f491f14e62e974,
"utils/sdl_wrap.h|devilution::SDLWrap::ConvertSurface(SDL_Surface *src, const SDL_PixelFormat *fmt, Uint32 flags)",devilution::SDLWrap::ConvertSurface,utils/sdl_wrap.h,43,49,90812f8b8407c7531f077869549ff0125103d7c1b61ac285bc7e04c509a5cd56,
"utils/sdl_wrap.h|devilution::SDLWrap::ConvertSurfaceFormat(SDL_Surface *src, Uint32 pixel_format, Uint32 flags)",devilution::SDLWrap::ConvertSurfaceFormat,utils/sdl_wrap.h,52,55,fddb7540401551955a37a7325afd220bb4043f25cc96d55a42ea00a60f87d479,
"utils/sdl_wrap.h|devilution::SDLWrap::CreateTexture(SDL_Renderer *renderer, Uint32 format, int access, int w, int h)",devilution::SDLWrap::CreateTexture,utils/sdl_wrap.h,59,62,ee8a3fbd3dc836cc487d63b5f7a6785e9db94f3114d8f1908a58307babe7560e,
utils/sdl_wrap.h|devilution::SDLWrap::AllocPalette(int ncolors = 256),devilution::SDLWrap::AllocPalette,utils/sdl_wrap.h,65,68,51a96c4fe16465f2682fc30cb221f53a0f6f38f12172007195d0a2583a0ddc2b,
utils/soundsample.cpp|devilution::PanLogToLinear(int logPan),devilution::PanLogToLinear,utils/soundsample.cpp,51,59,08695714def1dd540213ebcb0f26e8ab76427a04d7fb070a1978c15fb941b104,
utils/soundsample.cpp|devilution::CreateDecoder(bool isMp3),devilution::CreateDecoder,utils/soundsample.cpp,61,66,9fe66cfb904747936a2e64cee1d25e101a6eedb6e986b0b8800e86edf9856b95,
"utils/soundsample.cpp|devilution::CreateStream(SDL_RWops *handle, bool isMp3)",devilution::CreateStream,utils/soundsample.cpp,68,75,b2aabffda3e1c12248409a89745ccf66c7c95aec9884eb44b146c15d96cca61f,
"utils/soundsample.cpp|devilution::VolumeLogToLinear(int logVolume, int logMin, int logMax)",devilution::VolumeLogToLinear,utils/soundsample.cpp,84,88,146f3e98ac7073699a9890f375d143007104da6aafe0d85a79560de6d8828a50,
utils/soundsample.cpp|devilution::SoundSample::Release(),devilution::SoundSample::Release,utils/soundsample.cpp,94,99,41eb7c621dc84e836f58139cb63dad53eabaaa843442a0cd7a31e89ddd4b6ff0,
utils/soundsample.cpp|devilution::SoundSample::IsPlaying(),devilution::SoundSample::IsPlaying,utils/soundsample.cpp,104,107,573032431a8cbeefa4e99620c047f733fc4be4bfe1c026ba4aa385dd3e6475d1,
utils/soundsample.cpp|devilution::SoundSample::Play(int numIterations),devilution::SoundSample::Play,utils/soundsample.cpp,109,116,9348b139e6e225cdd09d616921134f20c37fe1dcce4d74edbe71d5a29ad1e143,
"utils/soundsample.cpp|devilution::SoundSample::SetChunkStream(std::string filePath, bool isMp3, bool logErrors)",devilution::SoundSample::SetChunkStream,utils/soundsample.cpp,118,136,9459943e599c4cdd43ecfdda8fda321e3fee50b82fd37b554a8fb22f84e69cc1,0x1402554b0
"utils/soundsample.cpp|devilution::SoundSample::SetChunk(ArraySharedPtr<std::uint8_t> fileData, std::size_t dwBytes, bool isMp3)",devilution::SoundSample::SetChunk,utils/soundsample.cpp,138,157,5dd6b13b73f24e1365df19923479e104062933c71ab0ae6c95efc27821fff032,0x140164b80
"utils/soundsample.cpp|devilution::SoundSample::SetVolume(int logVolume, int logMin, int logMax)",devilution::SoundSample::SetVolume,utils/soundsample.cpp,159,162,2f95bafc3231053ec9d253fafbb1f6dbcbd12e55e4d0dbe7667756968c40e3f4,
utils/soundsample.cpp|devilution::SoundSample::SetStereoPosition(int logPan),devilution::SoundSample::SetStereoPosition,utils/soundsample.cpp,164,167,340bc5278fcf4b098fa196fbaa9dd74e3a432ff9e17401c805899f4e38b7657b,
utils/soundsample.cpp|devilution::SoundSample::GetLength(),devilution::SoundSample::GetLength,utils/soundsample.cpp,169,174,c7cac83ea70dd3d1e92bc6cf27e538a7ac68a7a12b0832ab97af2b8e2e170cb3,
utils/soundsample.h|devilution::SoundSample::IsLoaded(),devilution::SoundSample::IsLoaded,utils/soundsample.h,20,23,a9fd4ad0eeebbacb379a0568685cc18935ae4878efd70e7c7b053d11414c1883,
utils/soundsample.h|devilution::SoundSample::SetFinishCallback(Aulib::Stream::Callback &&callback),devilution::SoundSample::SetFinishCallback,utils/soundsample.h,31,34,233f2ca29ce95a2d5459814934aa8b9e4fb41362b7bf43a475296481f54a92e7,
utils/soundsample.h|devilution::SoundSample::IsStreaming(),devilution::SoundSample::IsStreaming,utils/soundsample.h,45,48,ad102236d80bb0e667eed901dd2ebab0c05415c145d922525298feb8432e845a,
utils/soundsample.h|devilution::SoundSample::DuplicateFrom(const SoundSample &other),devilution::SoundSample::DuplicateFrom,utils/soundsample.h,50,55,e1fa615e69567c9b96886f577d2d2dd1a0b0a17c43d2200950b8cdf9aeed1b4f,
"utils/soundsample.h|devilution::SoundSample::PlayWithVolumeAndPan(int logSoundVolume, int logUserVolume, int logPan)",devilution::SoundSample::PlayWithVolumeAndPan,utils/soundsample.h,65,70,3084f4119cab1dcafa7f7a28167f2db4b340b321fa718fe8057200aeba30e37e,
utils/soundsample.h|devilution::SoundSample::Stop(),devilution::SoundSample::Stop,utils/soundsample.h,75,78,3353a4f98939173723eae0b69dbaee22845a22f29b30593cab7e2c9d9c70fadc,
utils/soundsample.h|devilution::SoundSample::Mute(),devilution::SoundSample::Mute,utils/soundsample.h,83,86,a9e1edfb74fa752ea5e3874234446dd9358d750a1cbe3a1aed01e25060582774,
utils/soundsample.h|devilution::SoundSample::Unmute(),devilution::SoundSample::Unmute,utils/soundsample.h,88,91,68b96dfddecb1978d80bc977db28a3fbc1bbaf2c26771baaab9602acbeb774e1,
utils/static_vector.hpp|devilution::StaticVector::StaticVector(std::initializer_list<U> elements),devilution::StaticVector::StaticVector,utils/static_vector.hpp,23,29,33da033173fba2789de6c9c7807ddc4a7735435153020f9fe5c10da916cbdbda,
utils/static_vector.hpp|devilution::StaticVector::begin(),devilution::StaticVector::begin,utils/static_vector.hpp,31,34,818da44bffe29c831a1c9a93ffe112d71539119e86af2d6ebc8c7a9860cb46f3,
utils/static_vector.hpp|devilution::StaticVector::end(),devilution::StaticVector::end,utils/static_vector.hpp,36,39,e6b1480b2f1ad0fbc647f0981f0ad3c3d85ff337ba676799b643ddae210dff4b,
utils/static_vector.hpp|devilution::StaticVector::size(),devilution::StaticVector::size,utils/static_vector.hpp,41,44,44f24ea9f7df7f6c509368b93c29df2dae517ac38f2fd12f14f95d08a03c98a5,
utils/static_vector.hpp|devilution::StaticVector::back(),devilution::StaticVector::back,utils/static_vector.hpp,46,49,46b1f53e24f2fdbda489c7e04b4458396ad25f369ba11b49e5f16d395870f098,
utils/static_vector.hpp|devilution::StaticVector::back()#2,devilution::StaticVector::back,utils/static_vector.hpp,51,54,3a6390c7659239dc36dacfa6ca607a493e095553070e4285197b5513afb8d695,
utils/static_vector.hpp|devilution::StaticVector::emplace_back(Args &&...args),devilution::StaticVector::emplace_back,utils/static_vector.hpp,56,61,bdfe095eaa7c36c3801103766bdf49f9571b9099fc562f5cf6b4555d833a661f,
utils/static_vector.hpp|devilution::StaticVector::operator[](std::size_t pos),devilution::StaticVector::operator[],utils/static_vector.hpp,63,66,d7309bee49db0d90c90a3babe21c7a9d50d2f0072593f3f0d8a8e1188c61eb28,
utils/static_vector.hpp|devilution::StaticVector::operator[](std::size_t pos)#2,devilution::StaticVector::operator[],utils/static_vector.hpp,68,71,bcd66f81550865885fa937b4959571097715a4fd21c426371f6fc777147e5dfe,
utils/static_vector.hpp|devilution::StaticVector::~StaticVector(),devilution::StaticVector::~StaticVector,utils/static_vector.hpp,73,82,6ee8618461ffa846e783c299f2145433437d6baa89fef7d3f6294c8b4e5df556,
utils/static_vector.hpp|devilution::StaticVector::AlignedStorage::ptr(),devilution::StaticVector::AlignedStorage::ptr,utils/static_vector.hpp,88,95,17d5597afe0a76a2f1c398d8388a7ab3c241c07250fa0daeaefa65cf83f95257,
utils/static_vector.hpp|devilution::StaticVector::AlignedStorage::ptr()#2,devilution::StaticVector::AlignedStorage::ptr,utils/static_vector.hpp,97,104,bbfea71f782136775303e4e6fbfc3299e984573819ca5a801e3c8da59a0ab6b7,
utils/stdcompat/abs.hpp|devilution::abs(const T &a),devilution::abs,utils/stdcompat/abs.hpp,7,15,95cae6000e8e1c66d18078d46e08f9ba263c5767a3124d3b1f0f6cd526de1d39,
utils/stdcompat/shared_ptr_array.hpp|devilution::MakeArraySharedPtr(std::size_t size),devilution::MakeArraySharedPtr,utils/stdcompat/shared_ptr_array.hpp,13,17,e411de63bc4894be1ed408ee35e69761b1f620d76b13daa962cc73500145b7f3,
"utils/stdcompat/string_view.hpp|devilution::AppendStrView(std::string &out, string_view str)",devilution::AppendStrView,utils/stdcompat/string_view.hpp,11,14,fcfe9068f7aa6ba0cd899d1d179655c68127da07472f87fede8bcce89d6405e4,
utils/str_case.cpp|devilution::AsciiStrToLower(std::string &str),devilution::AsciiStrToLower,utils/str_case.cpp,5,11,2a2fc7e0ae0b7f7eeac137f31b73974e67bfb7755aa0ebf0a5f82a850a3e8fc3,
utils/str_case.hpp|devilution::AsciiStrToLower(string_view str),devilution::AsciiStrToLower,utils/str_case.hpp,11,16,6edc8c96e282f82c4d15291dc0bfe154d82c87e01d8b4d37b8eb080197f14989,
"utils/str_cat.cpp|devilution::BufCopy(char *out, int value)",devilution::BufCopy,utils/str_cat.cpp,7,12,350be5f92d5bec6523b13e1c657b07d8a7c62c146c232c6b8c53b481c024962f,0x140155420
"utils/str_cat.cpp|devilution::StrAppend(std::string &out, int value)",devilution::StrAppend,utils/str_cat.cpp,14,18,bdb6b62a1edf3dc255bc36a8fc1cce2bb17e68e0466dba8dbd6e44b8f7a65853,
"utils/str_cat.hpp|devilution::BufCopy(char *out, string_view value)",devilution::BufCopy,utils/str_cat.hpp,25,29,1207bd0487c19cdc2253a76635c31a88eaf27dd562c63648a26c20163fa380c3,
"utils/str_cat.hpp|devilution::StrAppend(std::string &out, string_view value)",devilution::StrAppend,utils/str_cat.hpp,34,37,3f4edc699d9fae7838206f26f87f05a73147cc969a6fa4d869a92b7f6dd03a8b,
"utils/str_cat.hpp|devilution::BufCopy(char *out, const char *str)",devilution::BufCopy,utils/str_cat.hpp,44,47,72e8a01b75094e41d4d0be78e8fcc71b45e22763b03f245e8a3dc150ae51b3fc,
"utils/str_cat.hpp|devilution::StrAppend(std::string &out, const char *str)",devilution::StrAppend,utils/str_cat.hpp,52,55,75caa40e9e70d7aa240ba4594b5dbd49dc9bc5ce4d1ad5775983cf3faf5cf32d,
"utils/str_cat.hpp|devilution::BufCopy(char *out, Args &&...args)",devilution::BufCopy,utils/str_cat.hpp,58,63,3dbccf1173c7a3181b245209a176d0c541a0eed4a6381b0ef025114fe503d1e5,
"utils/str_cat.hpp|devilution::StrAppend(std::string &out, Args &&...args)",devilution::StrAppend,utils/str_cat.hpp,74,79,be7e7a85ea6dbf357a81b1dbde1c79f14722d2278290671931487bff530485e4,
utils/str_cat.hpp|devilution::StrCat(Args &&...args),devilution::StrCat,utils/str_cat.hpp,90,96,291c4ceab00219f7c79e6e32e0a40902fa9557b07c12d7ecb177de0a80935084,
"utils/str_split.hpp|devilution::SplitByCharIterator::begin(string_view text, char split_by)",devilution::SplitByCharIterator::begin,utils/str_split.hpp,16,19,30552acbf288d72dd5f60fa7e078424584d2dc6e627bcf6809e9379c61c842d0,
"utils/str_split.hpp|devilution::SplitByCharIterator::end(string_view text, char split_by)",devilution::SplitByCharIterator::end,utils/str_split.hpp,21,24,8e7b1c5e88cc9699849086aeb66c7b91007c0a4155bb87ef71ff19dfd40c184f,
utils/str_split.hpp|devilution::SplitByCharIterator::operator*(),devilution::SplitByCharIterator::operator*,utils/str_split.hpp,26,29,c8b8330ecddb4336e98d544aa3c85db7609b40b199fb64b14e4ba7aaa31fa1cc,
utils/str_split.hpp|devilution::SplitByCharIterator::operator->(),devilution::SplitByCharIterator::operator->,utils/str_split.hpp,31,34,ef8790aaf603bb3f16c28f5d1998c24b424221dbe70dc4b42870091714272507,
utils/str_split.hpp|devilution::SplitByCharIterator::operator++(),devilution::SplitByCharIterator::operator++,utils/str_split.hpp,36,43,a248fed0acea3c24abb7261babdd20da71b545194faff108f44a5362ae75b11c,
utils/str_split.hpp|devilution::SplitByCharIterator::operator++(int),devilution::SplitByCharIterator::operator++,utils/str_split.hpp,45,50,183fe63f4a4959c2ffb92ee3140510fe86d834a429bee37454ef4ea7620668ba,
utils/str_split.hpp|devilution::SplitByCharIterator::operator==(const SplitByCharIterator &rhs),devilution::SplitByCharIterator::operator==,utils/str_split.hpp,52,55,1558cebc73d0807be6e9862285a3ad5c980e9f0b4a23e5af353fdec65a4f0bb0,
utils/str_split.hpp|devilution::SplitByCharIterator::operator!=(const SplitByCharIterator &rhs),devilution::SplitByCharIterator::operator!=,utils/str_split.hpp,57,60,6c63f9b97ebc27e37a5e1f2adb558cd6d0c6dd793caf4dc1f055d079a405075f,
"utils/str_split.hpp|devilution::SplitByCharIterator::SplitByCharIterator(char split_by, string_view text, string_view slice)",devilution::SplitByCharIterator::SplitByCharIterator,utils/str_split.hpp,63,68,7caf6d0b7ca3eb44e913b7e66d03cce72174bf55e38eb9617de3c9423a224620,
"utils/str_split.hpp|devilution::SplitByChar::SplitByChar(string_view text, char split_by)",devilution::SplitByChar::SplitByChar,utils/str_split.hpp,77,81,0eddc3d50cf5be08e117a8c8397dab7d7b84a69e873128ba299e585fef51cd78,
utils/str_split.hpp|devilution::SplitByChar::begin(),devilution::SplitByChar::begin,utils/str_split.hpp,83,86,137b6067d6a6a9b9e6ea9223d95b0e9850ddf66535268736dc7658f8d5ff6a7a,
utils/str_split.hpp|devilution::SplitByChar::end(),devilution::SplitByChar::end,utils/str_split.hpp,88,91,d8942dcd7d70fb049192e7b19630fa910e9f44506b0e359ceb5f4ea957b7e456,
utils/string_or_view.hpp|devilution::StringOrView::StringOrView(),devilution::StringOrView::StringOrView,utils/string_or_view.hpp,12,16,fd134eab20a6971af1c5c539df148228b4e94ae66ab7bf83f9803f4cda3cf7ba,
utils/string_or_view.hpp|devilution::StringOrView::StringOrView(std::string &&str),devilution::StringOrView::StringOrView,utils/string_or_view.hpp,18,22,4c85bba942930d124a7c8ae58423be6d1aafc341b668bf109c285fecc22e748b,
utils/string_or_view.hpp|devilution::StringOrView::StringOrView(string_view str),devilution::StringOrView::StringOrView,utils/string_or_view.hpp,24,28,dc1123a1b5912d2d80ca39c2f34dc7eefbe4da4789fd6946b25f73cdf2208ace,
utils/string_or_view.hpp|devilution::StringOrView::StringOrView(StringOrView &&other),devilution::StringOrView::StringOrView,utils/string_or_view.hpp,30,38,fcc78a1475400b6cd49ba05cde1ad9e76c4cff0313db9c4b0b9d91e8037a3e8b,
utils/string_or_view.hpp|devilution::StringOrView::operator=(StringOrView &&other),devilution::StringOrView::operator=,utils/string_or_view.hpp,40,60,ccace846e28fb2c4b3c74d323ad82288ffd8ee20d8394faef2c334ca103fa25f,
utils/string_or_view.hpp|devilution::StringOrView::~StringOrView(),devilution::StringOrView::~StringOrView,utils/string_or_view.hpp,62,69,972dddcb75e1cfb35ebb9a9e1b4b17f688bffca4100d408c1d1c57576133849f,
utils/string_or_view.hpp|devilution::StringOrView::empty(),devilution::StringOrView::empty,utils/string_or_view.hpp,71,74,7f5df464885b9ca739853792802013c3551de80d727c31272458aaced81eb27a,
utils/string_or_view.hpp|devilution::StringOrView::str(),devilution::StringOrView::str,utils/string_or_view.hpp,76,79,ae2578e8aff8cb383c057dcc393174baa7d0b28ce9ec0aa87d3fbf3e6ae9aea2,
utils/string_or_view.hpp|devilution::StringOrView::operatorstring_view(),devilution::StringOrView::operatorstring_view,utils/string_or_view.hpp,81,84,0d682036eca28415ff3c309f34f826412a156a8b7c82e01d15f098a6bf583e77,
"utils/surface_to_clx.cpp|devilution::SurfaceToClx(const Surface &surface, unsigned numFrames, std::optional<uint8_t> transparentColor)",devilution::SurfaceToClx,utils/surface_to_clx.cpp,17,95,bdfffcdb4e4570bdb7943bf1e7cf83a7eee19d8c6739375429d88dc6ba811f50,
"utils/utf8.cpp|devilution::TruncateUtf8(string_view str, std::size_t len)",devilution::TruncateUtf8,utils/utf8.cpp,16,25,c206e3507d996e99aabe311ab9ab19f0fb90733186a7686c1e4ac966f579e77f,
"utils/utf8.cpp|devilution::DecodeFirstUtf8CodePoint(string_view input, std::size_t *len)",devilution::DecodeFirstUtf8CodePoint,utils/utf8.cpp,29,46,a0a2224de61613dd4f875baa80455d6de9bd22df151aec487075d2151ef985af,0x140155ae0
"utils/utf8.cpp|devilution::CopyUtf8(char *dest, string_view source, std::size_t bytes)",devilution::CopyUtf8,utils/utf8.cpp,48,53,2efac627520a9b3ecaf6c26404a6ec9f829ca44381f511a891af0a9097cba370,
"utils/utf8.cpp|devilution::AppendUtf8(char32_t codepoint, std::string &out)",devilution::AppendUtf8,utils/utf8.cpp,55,79,c6b494575474195c94334af686350ad87da910910fe401bcca8b40bab894beb7,
utils/utf8.hpp|devilution::ConsumeFirstUtf8CodePoint(string_view *input),devilution::ConsumeFirstUtf8CodePoint,utils/utf8.hpp,24,30,2fae8f65befad531b06d7a2b5dd25018f2a6ebb7a4160cfe8bf8413a694f920f,
utils/utf8.hpp|devilution::IsBasicLatin(char x),devilution::IsBasicLatin,utils/utf8.hpp,37,40,ac98cd8645d05095bd5c7d5df17344459f8320b0d883b5ac022cb31bca7531fc,
utils/utf8.hpp|devilution::IsTrailUtf8CodeUnit(char x),devilution::IsTrailUtf8CodeUnit,utils/utf8.hpp,49,54,b2160aa70e8e99658ae467f128f22d9d78322bcbd8eece74d111d653e888ca73,
utils/utf8.hpp|devilution::FindLastUtf8Symbols(string_view input),devilution::FindLastUtf8Symbols,utils/utf8.hpp,59,68,e2c4af3594377f026dad402673e4cecfd81733d29f839ea6dab559a924b601be,
