key,status,replaced_by,reason,rust
DiabloUI/button.cpp|devilution::LoadDialogButtonGraphics(),ported,,,src/diablo_ui/button.rs
DiabloUI/button.cpp|devilution::FreeDialogButtonGraphics(),ported,,,src/diablo_ui/button.rs
DiabloUI/button.cpp|devilution::ButtonSprite(bool pressed),ported,,,src/diablo_ui/button.rs
DiabloUI/button.cpp|devilution::RenderButton(const UiButton &button),ported,,,src/diablo_ui/button.rs
"DiabloUI/button.cpp|devilution::HandleMouseEventButton(const SDL_Event &event, UiButton *button)",ported,,,src/diablo_ui/button.rs
DiabloUI/button.cpp|devilution::HandleGlobalMouseUpButton(UiButton *button),ported,,,src/diablo_ui/button.rs
"DiabloUI/credits.cpp|devilution::CreditsRenderer::CreditsRenderer(char const *const *text, std::size_t textLines)",pending,,,
DiabloUI/credits.cpp|devilution::CreditsRenderer::~CreditsRenderer(),pending,,,
DiabloUI/credits.cpp|devilution::CreditsRenderer::Finished(),pending,,,
DiabloUI/credits.cpp|devilution::CreditsRenderer::Render(),pending,,,
"DiabloUI/credits.cpp|devilution::TextDialog(char const *const *text, std::size_t textLines)",pending,,,
DiabloUI/credits.cpp|devilution::UiCreditsDialog(),pending,,,
DiabloUI/credits.cpp|devilution::UiSupportDialog(),pending,,,
DiabloUI/diabloui.cpp|devilution::ScrollBarState::ScrollBarState(),pending,,,
DiabloUI/diabloui.cpp|devilution::AdjustListOffset(std::size_t itemIndex),ported,,,src/diablo_ui/diabloui.rs
"DiabloUI/diabloui.cpp|devilution::UiInitList(void (*fnFocus)(int value), void (*fnSelect)(int value), void (*fnEsc)(), const std::vector<std::unique_ptr<UiItemBase>> &items, bool itemsWraps, void (*fnFullscreen)(), bool (*fnYesNo)(), size_t selectedItem)",ported,,,src/diablo_ui/diabloui.rs
DiabloUI/diabloui.cpp|devilution::UiRenderListItems(),ported,,,src/diablo_ui/diabloui.rs
DiabloUI/diabloui.cpp|devilution::UiInitList_clear(),ported,,,src/diablo_ui/diabloui.rs
DiabloUI/diabloui.cpp|devilution::UiPlayMoveSound(),ported,,,src/diablo_ui/diabloui.rs
DiabloUI/diabloui.cpp|devilution::UiPlaySelectSound(),ported,,,src/diablo_ui/diabloui.rs
"DiabloUI/diabloui.cpp|devilution::UiFocus(std::size_t itemIndex, bool checkUp, bool ignoreItemsWraps = false)",ported,,,src/diablo_ui/diabloui.rs
DiabloUI/diabloui.cpp|devilution::UiFocusUp(),ported,,,src/diablo_ui/diabloui.rs
DiabloUI/diabloui.cpp|devilution::UiFocusDown(),ported,,,src/diablo_ui/diabloui.rs
DiabloUI/diabloui.cpp|devilution::UiFocusPageUp(),ported,,,src/diablo_ui/diabloui.rs
DiabloUI/diabloui.cpp|devilution::UiFocusPageDown(),ported,,,src/diablo_ui/diabloui.rs
"DiabloUI/diabloui.cpp|devilution::SelheroCatToName(const char *inBuf, char *outBuf, int cnt)",ported,,,src/diablo_ui/diabloui.rs
DiabloUI/diabloui.cpp|devilution::HandleMenuAction(MenuAction menuAction),ported,,,src/diablo_ui/diabloui.rs
DiabloUI/diabloui.cpp|devilution::UiOnBackgroundChange(),ported,,,src/diablo_ui/diabloui.rs
DiabloUI/diabloui.cpp|devilution::UiFocusNavigation(SDL_Event *event),ported,,,src/diablo_ui/diabloui.rs
DiabloUI/diabloui.cpp|devilution::UiHandleEvents(SDL_Event *event),ported,,,src/diablo_ui/diabloui.rs
DiabloUI/diabloui.cpp|devilution::UiFocusNavigationSelect(),ported,,,src/diablo_ui/diabloui.rs
DiabloUI/diabloui.cpp|devilution::UiFocusNavigationEsc(),ported,,,src/diablo_ui/diabloui.rs
DiabloUI/diabloui.cpp|devilution::UiFocusNavigationYesNo(),ported,,,src/diablo_ui/diabloui.rs
"DiabloUI/diabloui.cpp|devilution::IsInsideRect(const SDL_Event &event, const SDL_Rect &rect)",ported,,,src/diablo_ui/diabloui.rs
DiabloUI/diabloui.cpp|devilution::LoadHeros(),ported,,,src/diablo_ui/diabloui.rs
DiabloUI/diabloui.cpp|devilution::LoadUiGFX(),ported,,,src/diablo_ui/diabloui.rs
DiabloUI/diabloui.cpp|devilution::UiGetHeroDialogSprite(size_t heroClassIndex),ported,,,src/diablo_ui/diabloui.rs
DiabloUI/diabloui.cpp|devilution::UnloadUiGFX(),ported,,,src/diablo_ui/diabloui.rs
DiabloUI/diabloui.cpp|devilution::UiInitialize(),ported,,,src/diablo_ui/diabloui.rs
DiabloUI/diabloui.cpp|devilution::UiDestroy(),ported,,,src/diablo_ui/diabloui.rs
DiabloUI/diabloui.cpp|devilution::UiValidPlayerName(string_view name),ported,,,src/diablo_ui/diabloui.rs
"DiabloUI/diabloui.cpp|devilution::GetCenterOffset(Sint16 w, Sint16 bw)",ported,,,src/diablo_ui/diabloui.rs
DiabloUI/diabloui.cpp|devilution::UiLoadDefaultPalette(),ported,,,src/diablo_ui/diabloui.rs
DiabloUI/diabloui.cpp|devilution::UiLoadBlackBackground(),ported,,,src/diablo_ui/diabloui.rs
"DiabloUI/diabloui.cpp|devilution::LoadBackgroundArt(const char *pszFile, int frames)",ported,,,src/diablo_ui/diabloui.rs
DiabloUI/diabloui.cpp|devilution::UiAddBackground(std::vector<std::unique_ptr<UiItemBase>> *vecDialog),ported,,,src/diablo_ui/diabloui.rs
DiabloUI/diabloui.cpp|devilution::UiAddLogo(std::vector<std::unique_ptr<UiItemBase>> *vecDialog),ported,,,src/diablo_ui/diabloui.rs
DiabloUI/diabloui.cpp|devilution::UiFadeIn(),ported,,,src/diablo_ui/diabloui.rs
DiabloUI/diabloui.cpp|devilution::DrawSelector(const SDL_Rect &rect),ported,,,src/diablo_ui/diabloui.rs
DiabloUI/diabloui.cpp|devilution::UiClearScreen(),ported,,,src/diablo_ui/diabloui.rs
DiabloUI/diabloui.cpp|devilution::UiPollAndRender(std::optional<tl::function_ref<bool(SDL_Event &)>> eventHandler),ported,,,src/diablo_ui/diabloui.rs
DiabloUI/diabloui.cpp|devilution::Render(const UiText &uiText),ported,,,src/diablo_ui/diabloui.rs
DiabloUI/diabloui.cpp|devilution::Render(const UiArtText &uiArtText),ported,,,src/diablo_ui/diabloui.rs
DiabloUI/diabloui.cpp|devilution::Render(const UiImageClx &uiImage),ported,,,src/diablo_ui/diabloui.rs
DiabloUI/diabloui.cpp|devilution::Render(const UiImageAnimatedClx &uiImage),ported,,,src/diablo_ui/diabloui.rs
DiabloUI/diabloui.cpp|devilution::Render(const UiArtTextButton &uiButton),ported,,,src/diablo_ui/diabloui.rs
DiabloUI/diabloui.cpp|devilution::Render(const UiList &uiList),ported,,,src/diablo_ui/diabloui.rs
DiabloUI/diabloui.cpp|devilution::Render(const UiScrollbar &uiSb),ported,,,src/diablo_ui/diabloui.rs
DiabloUI/diabloui.cpp|devilution::Render(const UiEdit &uiEdit),ported,,,src/diablo_ui/diabloui.rs
"DiabloUI/diabloui.cpp|devilution::HandleMouseEventArtTextButton(const SDL_Event &event, const UiArtTextButton *uiButton)",ported,,,src/diablo_ui/diabloui.rs
"DiabloUI/diabloui.cpp|devilution::HandleMouseEventList(const SDL_Event &event, UiList *uiList)",ported,,,src/diablo_ui/diabloui.rs
"DiabloUI/diabloui.cpp|devilution::HandleMouseEventScrollBar(const SDL_Event &event, const UiScrollbar *uiSb)",ported,,,src/diablo_ui/diabloui.rs
"DiabloUI/diabloui.cpp|devilution::HandleMouseEvent(const SDL_Event &event, UiItemBase *item)",ported,,,src/diablo_ui/diabloui.rs
DiabloUI/diabloui.cpp|devilution::LoadPalInMem(const SDL_Color *pPal),ported,,,src/diablo_ui/diabloui.rs
DiabloUI/diabloui.cpp|devilution::UiRenderItem(const UiItemBase &item),ported,,,src/diablo_ui/diabloui.rs
DiabloUI/diabloui.cpp|devilution::UiRenderItems(const std::vector<UiItemBase *> &items),ported,,,src/diablo_ui/diabloui.rs
DiabloUI/diabloui.cpp|devilution::UiRenderItems(const std::vector<std::unique_ptr<UiItemBase>> &items),ported,,,src/diablo_ui/diabloui.rs
"DiabloUI/diabloui.cpp|devilution::UiItemMouseEvents(SDL_Event *event, const std::vector<UiItemBase *> &items)",ported,,,src/diablo_ui/diabloui.rs
"DiabloUI/diabloui.cpp|devilution::UiItemMouseEvents(SDL_Event *event, const std::vector<std::unique_ptr<UiItemBase>> &items)",ported,,,src/diablo_ui/diabloui.rs
DiabloUI/diabloui.cpp|devilution::DrawMouse(),ported,,,src/diablo_ui/diabloui.rs
DiabloUI/diabloui.h|devilution::DiabloUiSurface(),pending,,,
DiabloUI/dialogs.cpp|devilution::DialogActionOK(),pending,,,
"DiabloUI/dialogs.cpp|devilution::LoadDialogSprite(bool hasCaption, bool isError)",pending,,,
"DiabloUI/dialogs.cpp|devilution::Init(string_view caption, string_view text, bool error, bool renderBehind)",pending,,,
DiabloUI/dialogs.cpp|devilution::Deinit(),pending,,,
"DiabloUI/dialogs.cpp|devilution::DialogLoop(const std::vector<std::unique_ptr<UiItemBase>> &items, const std::vector<std::unique_ptr<UiItemBase>> &renderBehind)",pending,,,
"DiabloUI/dialogs.cpp|devilution::UiOkDialog(string_view caption, string_view text, bool error, const std::vector<std::unique_ptr<UiItemBase>> &renderBehind)",ported,,,src/diablo_ui/dialogs.rs
"DiabloUI/dialogs.cpp|devilution::UiErrorOkDialog(string_view caption, string_view text, const std::vector<std::unique_ptr<UiItemBase>> &renderBehind)",pending,,,
"DiabloUI/dialogs.cpp|devilution::UiErrorOkDialog(string_view caption, string_view text, bool error)",ported,,,src/diablo_ui/dialogs.rs
"DiabloUI/dialogs.cpp|devilution::UiErrorOkDialog(string_view text, const std::vector<std::unique_ptr<UiItemBase>> &renderBehind)",pending,,,
DiabloUI/hero/selhero.cpp|devilution::SelheroUiFocusNavigationYesNo(),pending,,,
DiabloUI/hero/selhero.cpp|devilution::SelheroFree(),pending,,,
DiabloUI/hero/selhero.cpp|devilution::SelheroSetStats(),pending,,,
DiabloUI/hero/selhero.cpp|devilution::RenderDifficultyIndicators(),pending,,,
DiabloUI/hero/selhero.cpp|devilution::SelHeroGetHeroInfo(_uiheroinfo *pInfo),pending,,,
DiabloUI/hero/selhero.cpp|devilution::SelheroListFocus(int value),pending,,,
DiabloUI/hero/selhero.cpp|devilution::SelheroListDeleteYesNo(),pending,,,
DiabloUI/hero/selhero.cpp|devilution::SelheroListSelect(int value),pending,,,
DiabloUI/hero/selhero.cpp|devilution::SelheroListEsc(),pending,,,
DiabloUI/hero/selhero.cpp|devilution::SelheroClassSelectorFocus(int value),pending,,,
DiabloUI/hero/selhero.cpp|devilution::ShouldPrefillHeroName(),pending,,,
DiabloUI/hero/selhero.cpp|devilution::RemoveSelHeroBackground(),pending,,,
DiabloUI/hero/selhero.cpp|devilution::AddSelHeroBackground(),pending,,,
DiabloUI/hero/selhero.cpp|devilution::SelheroClassSelectorSelect(int value),pending,,,
DiabloUI/hero/selhero.cpp|devilution::SelheroClassSelectorEsc(),pending,,,
DiabloUI/hero/selhero.cpp|devilution::SelheroNameSelect(int),pending,,,
DiabloUI/hero/selhero.cpp|devilution::SelheroNameEsc(),pending,,,
DiabloUI/hero/selhero.cpp|devilution::SelheroLoadFocus(int value),pending,,,
DiabloUI/hero/selhero.cpp|devilution::SelheroLoadSelect(int value),pending,,,
DiabloUI/hero/selhero.cpp|devilution::SelheroGenerateName(HeroClass heroClass),pending,,,
DiabloUI/hero/selhero.cpp|devilution::selhero_Init(),pending,,,
DiabloUI/hero/selhero.cpp|devilution::selhero_List_Init(),pending,,,
"DiabloUI/hero/selhero.cpp|devilution::UiSelHeroDialog(bool (*fninfo)(bool (*fninfofunc)(_uiheroinfo *)), bool (*fncreate)(_uiheroinfo *), void (*fnstats)(unsigned int, _uidefaultstats *), bool (*fnremove)(_uiheroinfo *), _selhero_selections *dlgresult, uint32_t *saveNumber)",pending,,,
"DiabloUI/hero/selhero.cpp|devilution::UiSelHeroSingDialog(bool (*fninfo)(bool (*fninfofunc)(_uiheroinfo *)), bool (*fncreate)(_uiheroinfo *), bool (*fnremove)(_uiheroinfo *), void (*fnstats)(unsigned int, _uidefaultstats *), _selhero_selections *dlgresult, uint32_t *saveNumber, _difficulty *difficulty)",pending,,,
"DiabloUI/hero/selhero.cpp|devilution::UiSelHeroMultDialog(bool (*fninfo)(bool (*fninfofunc)(_uiheroinfo *)), bool (*fncreate)(_uiheroinfo *), bool (*fnremove)(_uiheroinfo *), void (*fnstats)(unsigned int, _uidefaultstats *), _selhero_selections *dlgresult, uint32_t *saveNumber)",pending,,,
DiabloUI/mainmenu.cpp|devilution::UiMainMenuSelect(int value),ported,,,src/diablo_ui/mainmenu.rs
DiabloUI/mainmenu.cpp|devilution::MainmenuEsc(),ported,,,src/diablo_ui/mainmenu.rs
DiabloUI/mainmenu.cpp|devilution::MainmenuLoad(const char *name),ported,,,src/diablo_ui/mainmenu.rs
DiabloUI/mainmenu.cpp|devilution::MainmenuFree(),ported,,,src/diablo_ui/mainmenu.rs
DiabloUI/mainmenu.cpp|devilution::mainmenu_restart_repintro(),ported,,,src/diablo_ui/mainmenu.rs
"DiabloUI/mainmenu.cpp|devilution::UiMainMenuDialog(const char *name, _mainmenu_selections *pdwResult, int attractTimeOut)",ported,,,src/diablo_ui/mainmenu.rs
DiabloUI/multi/selconn.cpp|devilution::SelconnLoad(),pending,,,
DiabloUI/multi/selconn.cpp|devilution::SelconnFree(),pending,,,
DiabloUI/multi/selconn.cpp|devilution::SelconnEsc(),pending,,,
DiabloUI/multi/selconn.cpp|devilution::SelconnFocus(int value),pending,,,
DiabloUI/multi/selconn.cpp|devilution::SelconnSelect(int value),pending,,,
DiabloUI/multi/selconn.cpp|devilution::UiSelectProvider(GameData *gameData),pending,,,
DiabloUI/multi/selgame.cpp|devilution::selgame_FreeVectors(),pending,,,
DiabloUI/multi/selgame.cpp|devilution::selgame_Init(),pending,,,
DiabloUI/multi/selgame.cpp|devilution::selgame_Free(),pending,,,
DiabloUI/multi/selgame.cpp|devilution::IsGameCompatible(const GameData &data),pending,,,
DiabloUI/multi/selgame.cpp|devilution::GetErrorMessageIncompatibility(const GameData &data),pending,,,
DiabloUI/multi/selgame.cpp|devilution::UiInitGameSelectionList(string_view search),pending,,,
DiabloUI/multi/selgame.cpp|devilution::selgame_GameSelection_Init(),pending,,,
DiabloUI/multi/selgame.cpp|devilution::selgame_GameSelection_Focus(int value),pending,,,
DiabloUI/multi/selgame.cpp|devilution::UpdateHeroLevel(_uiheroinfo *pInfo),pending,,,
DiabloUI/multi/selgame.cpp|devilution::selgame_GameSelection_Select(int value),pending,,,
DiabloUI/multi/selgame.cpp|devilution::selgame_GameSelection_Esc(),pending,,,
DiabloUI/multi/selgame.cpp|devilution::selgame_Diff_Focus(int value),pending,,,
DiabloUI/multi/selgame.cpp|devilution::IsDifficultyAllowed(int value),pending,,,
DiabloUI/multi/selgame.cpp|devilution::selgame_Diff_Select(int value),pending,,,
DiabloUI/multi/selgame.cpp|devilution::selgame_Diff_Esc(),pending,,,
DiabloUI/multi/selgame.cpp|devilution::selgame_GameSpeedSelection(),pending,,,
DiabloUI/multi/selgame.cpp|devilution::selgame_Speed_Focus(int value),pending,,,
DiabloUI/multi/selgame.cpp|devilution::selgame_Speed_Esc(),pending,,,
DiabloUI/multi/selgame.cpp|devilution::selgame_Speed_Select(int value),pending,,,
DiabloUI/multi/selgame.cpp|devilution::selgame_Password_Init(int),pending,,,
DiabloUI/multi/selgame.cpp|devilution::IsGameCompatibleWithErrorMessage(const GameData &data),pending,,,
DiabloUI/multi/selgame.cpp|devilution::selgame_Password_Select(int),pending,,,
DiabloUI/multi/selgame.cpp|devilution::selgame_Password_Esc(),pending,,,
DiabloUI/multi/selgame.cpp|devilution::RefreshGameList(),pending,,,
"DiabloUI/multi/selgame.cpp|devilution::UiSelectGame(GameData *gameData, int *playerId)",pending,,,
DiabloUI/progress.cpp|devilution::DialogActionCancel(),pending,,,
DiabloUI/progress.cpp|devilution::ProgressLoadBackground(),pending,,,
DiabloUI/progress.cpp|devilution::ProgressLoadForeground(),pending,,,
DiabloUI/progress.cpp|devilution::ProgressFreeBackground(),pending,,,
DiabloUI/progress.cpp|devilution::ProgressFreeForeground(),pending,,,
DiabloUI/progress.cpp|devilution::GetPosition(),pending,,,
DiabloUI/progress.cpp|devilution::ProgressRenderBackground(),pending,,,
DiabloUI/progress.cpp|devilution::ProgressRenderForeground(int progress),pending,,,
DiabloUI/progress.cpp|devilution::UiProgressDialog(int (*fnfunc)()),pending,,,
DiabloUI/scrollbar.cpp|devilution::LoadScrollBar(),ported,,,src/diablo_ui/scrollbar.rs
DiabloUI/scrollbar.cpp|devilution::UnloadScrollBar(),ported,,,src/diablo_ui/scrollbar.rs
DiabloUI/scrollbar.h|devilution::UpArrowRect(const UiScrollbar &bar),ported,,,src/diablo_ui/scrollbar.rs
DiabloUI/scrollbar.h|devilution::DownArrowRect(const UiScrollbar &bar),ported,,,src/diablo_ui/scrollbar.rs
DiabloUI/scrollbar.h|devilution::BarHeight(const UiScrollbar &bar),ported,,,src/diablo_ui/scrollbar.rs
DiabloUI/scrollbar.h|devilution::BarRect(const UiScrollbar &bar),ported,,,src/diablo_ui/scrollbar.rs
"DiabloUI/scrollbar.h|devilution::ThumbRect(const UiScrollbar &bar, size_t selectedIndex, size_t numItems)",ported,,,src/diablo_ui/scrollbar.rs
DiabloUI/selok.cpp|devilution::selok_Free(),pending,,,
DiabloUI/selok.cpp|devilution::selok_Select(int),pending,,,
DiabloUI/selok.cpp|devilution::selok_Esc(),pending,,,
"DiabloUI/selok.cpp|devilution::UiSelOkDialog(const char *title, const char *body, bool background)",pending,,,
DiabloUI/selstart.cpp|devilution::ItemSelected(int value),ported,,,src/diablo_ui/selstart.rs
DiabloUI/selstart.cpp|devilution::EscPressed(),ported,,,src/diablo_ui/selstart.rs
DiabloUI/selstart.cpp|devilution::UiSelStartUpGameOption(),ported,,,src/diablo_ui/selstart.rs
DiabloUI/selyesno.cpp|devilution::SelyesnoFree(),pending,,,
DiabloUI/selyesno.cpp|devilution::SelyesnoSelect(int value),pending,,,
DiabloUI/selyesno.cpp|devilution::SelyesnoEsc(),pending,,,
"DiabloUI/selyesno.cpp|devilution::UiSelHeroYesNoDialog(const char *title, const char *body)",pending,,,
DiabloUI/settingsmenu.cpp|devilution::IsValidEntry(OptionEntryBase *pOptionEntry),pending,,,
DiabloUI/settingsmenu.cpp|devilution::CreateDrawStringFormatArgForEntry(OptionEntryBase *pEntry),pending,,,
DiabloUI/settingsmenu.cpp|devilution::NeedsTwoLinesToDisplayOption(std::vector<DrawStringFormatArg> &formatArgs),pending,,,
DiabloUI/settingsmenu.cpp|devilution::CleanUpSettingsUI(),pending,,,
DiabloUI/settingsmenu.cpp|devilution::GoBackOneMenuLevel(),pending,,,
DiabloUI/settingsmenu.cpp|devilution::StartPadEntryTimer(),pending,,,
DiabloUI/settingsmenu.cpp|devilution::StopPadEntryTimer(),pending,,,
DiabloUI/settingsmenu.cpp|devilution::UpdatePadEntryTimerText(),pending,,,
DiabloUI/settingsmenu.cpp|devilution::UpdateDescription(const OptionEntryBase &option),pending,,,
DiabloUI/settingsmenu.cpp|devilution::UpdateDescription(const OptionCategoryBase &category),pending,,,
DiabloUI/settingsmenu.cpp|devilution::ItemFocused(int value),pending,,,
"DiabloUI/settingsmenu.cpp|devilution::ChangeOptionValue(OptionEntryBase *pOption, size_t listIndex)",pending,,,
DiabloUI/settingsmenu.cpp|devilution::ItemSelected(int value),pending,,,
DiabloUI/settingsmenu.cpp|devilution::EscPressed(),pending,,,
DiabloUI/settingsmenu.cpp|devilution::FullscreenChanged(),pending,,,
DiabloUI/settingsmenu.cpp|devilution::UiSettingsMenu(),pending,,,
DiabloUI/title.cpp|devilution::TitleLoad(),ported,,,src/diablo_ui/title.rs
DiabloUI/title.cpp|devilution::TitleFree(),ported,,,src/diablo_ui/title.rs
DiabloUI/title.cpp|devilution::UiTitleDialog(),ported,,,src/diablo_ui/title.rs
DiabloUI/ui_item.h|devilution::UiItemBase::GetType(),pending,,,
DiabloUI/ui_item.h|devilution::UiItemBase::IsType(UiType testType),pending,,,
DiabloUI/ui_item.h|devilution::UiItemBase::GetFlags(),pending,,,
DiabloUI/ui_item.h|devilution::UiItemBase::IsHidden(),pending,,,
DiabloUI/ui_item.h|devilution::UiItemBase::IsNotInteractive(),pending,,,
DiabloUI/ui_item.h|devilution::UiItemBase::Hide(),pending,,,
DiabloUI/ui_item.h|devilution::UiItemBase::Show(),pending,,,
"DiabloUI/ui_item.h|devilution::UiItemBase::UiItemBase(UiType type, SDL_Rect rect, UiFlags flags)",pending,,,
DiabloUI/ui_item.h|devilution::UiItemBase::SetFlags(UiFlags flags),pending,,,
"DiabloUI/ui_item.h|devilution::UiImageClx::UiImageClx(ClxSprite sprite, SDL_Rect rect, UiFlags flags = UiFlags::None)",pending,,,
DiabloUI/ui_item.h|devilution::UiImageClx::isCentered(),pending,,,
DiabloUI/ui_item.h|devilution::UiImageClx::sprite(),pending,,,
DiabloUI/ui_item.h|devilution::UiImageClx::setSprite(ClxSprite sprite),pending,,,
"DiabloUI/ui_item.h|devilution::UiImageAnimatedClx::UiImageAnimatedClx(ClxSpriteList list, SDL_Rect rect, UiFlags flags = UiFlags::None)",pending,,,
DiabloUI/ui_item.h|devilution::UiImageAnimatedClx::isCentered(),pending,,,
DiabloUI/ui_item.h|devilution::UiImageAnimatedClx::sprite(uint16_t frame),pending,,,
DiabloUI/ui_item.h|devilution::UiImageAnimatedClx::numFrames(),pending,,,
"DiabloUI/ui_item.h|devilution::UiArtText::UiArtText(const char *text, SDL_Rect rect, UiFlags flags = UiFlags::None, int spacing = 1, int lineHeight = -1)",pending,,,
"DiabloUI/ui_item.h|devilution::UiArtText::UiArtText(const char **ptext, SDL_Rect rect, UiFlags flags = UiFlags::None, int spacing = 1, int lineHeight = -1)",pending,,,
DiabloUI/ui_item.h|devilution::UiArtText::GetText(),pending,,,
DiabloUI/ui_item.h|devilution::UiArtText::GetSpacing(),pending,,,
DiabloUI/ui_item.h|devilution::UiArtText::GetLineHeight(),pending,,,
"DiabloUI/ui_item.h|devilution::UiScrollbar::UiScrollbar(ClxSprite bg, ClxSprite thumb, ClxSpriteList arrow, SDL_Rect rect, UiFlags flags = UiFlags::None)",pending,,,
"DiabloUI/ui_item.h|devilution::UiArtTextButton::UiArtTextButton(string_view text, Callback action, SDL_Rect rect, UiFlags flags = UiFlags::None)",pending,,,
DiabloUI/ui_item.h|devilution::UiArtTextButton::SetFlags(UiFlags flags),pending,,,
DiabloUI/ui_item.h|devilution::UiArtTextButton::GetText(),pending,,,
DiabloUI/ui_item.h|devilution::UiArtTextButton::Activate(),pending,,,
"DiabloUI/ui_item.h|devilution::UiEdit::UiEdit(string_view hint, char *value, std::size_t maxLength, bool allowEmpty, SDL_Rect rect, UiFlags flags = UiFlags::None)",pending,,,
"DiabloUI/ui_item.h|devilution::UiText::UiText(string_view text, SDL_Rect rect, UiFlags flags = UiFlags::ColorDialogWhite)",pending,,,
DiabloUI/ui_item.h|devilution::UiText::GetText(),pending,,,
"DiabloUI/ui_item.h|devilution::UiButton::UiButton(string_view text, Callback action, SDL_Rect rect, UiFlags flags = UiFlags::None)",pending,,,
DiabloUI/ui_item.h|devilution::UiButton::GetText(),pending,,,
DiabloUI/ui_item.h|devilution::UiButton::Activate(),pending,,,
DiabloUI/ui_item.h|devilution::UiButton::IsPressed(),pending,,,
DiabloUI/ui_item.h|devilution::UiButton::Press(),pending,,,
DiabloUI/ui_item.h|devilution::UiButton::Release(),pending,,,
"DiabloUI/ui_item.h|devilution::UiListItem::UiListItem(string_view text = """", int value = 0, UiFlags uiFlags = UiFlags::None)",pending,,,
"DiabloUI/ui_item.h|devilution::UiListItem::UiListItem(string_view text, std::vector<DrawStringFormatArg> &args, int value = 0, UiFlags uiFlags = UiFlags::None)",pending,,,
"DiabloUI/ui_item.h|devilution::UiList::UiList(const vUiListItem &vItems, size_t viewportMaxSize, Sint16 x, Sint16 y, Uint16 item_width, Uint16 item_height, UiFlags flags = UiFlags::None, int spacing = 1)",pending,,,
DiabloUI/ui_item.h|devilution::UiList::itemRect(int i),pending,,,
DiabloUI/ui_item.h|devilution::UiList::indexAt(Sint16 y),pending,,,
DiabloUI/ui_item.h|devilution::UiList::GetItem(std::size_t i),pending,,,
DiabloUI/ui_item.h|devilution::UiList::GetSpacing(),pending,,,
DiabloUI/ui_item.h|devilution::UiList::IsPressed(size_t index),pending,,,
DiabloUI/ui_item.h|devilution::UiList::Press(size_t index),pending,,,
DiabloUI/ui_item.h|devilution::UiList::Release(),pending,,,
"DiabloUI/ui_item.h|devilution::UiList::UiList(PrivateConstructor tag, const vUiListItem &vItems, size_t viewportSize, Sint16 x, Sint16 y, Uint16 item_width, Uint16 item_height, UiFlags flags, int spacing)",pending,,,
appfat.cpp|devilution::FreeDlg(),ported,,,src/appfat.rs
appfat.cpp|devilution::app_fatal(string_view str),ported,,,src/appfat.rs
"appfat.cpp|devilution::ErrDlg(const char *title, string_view error, string_view logFilePath, int logLineNr)",ported,,,src/appfat.rs
appfat.cpp|devilution::InsertCDDlg(string_view archiveName),ported,,,src/appfat.rs
appfat.cpp|devilution::DirErrorDlg(string_view error),ported,,,src/appfat.rs
automap.cpp|devilution::AutomapTile::HasFlag(Flags test),pending,,,
"automap.cpp|devilution::DrawDiamond(const Surface &out, Point center, uint8_t color)",pending,,,
"automap.cpp|devilution::DrawMapVerticalDoor(const Surface &out, Point center, uint8_t colorBright, uint8_t colorDim)",pending,,,
"automap.cpp|devilution::DrawMapHorizontalDoor(const Surface &out, Point center, uint8_t colorBright, uint8_t colorDim)",pending,,,
"automap.cpp|devilution::DrawDirt(const Surface &out, Point center, uint8_t color)",pending,,,
"automap.cpp|devilution::DrawBridge(const Surface &out, Point center, uint8_t color)",pending,,,
"automap.cpp|devilution::DrawRiverRightIn(const Surface &out, Point center, uint8_t color)",pending,,,
"automap.cpp|devilution::DrawRiverCornerSouth(const Surface &out, Point center, uint8_t color)",pending,,,
"automap.cpp|devilution::DrawRiverCornerNorth(const Surface &out, Point center, uint8_t color)",pending,,,
"automap.cpp|devilution::DrawRiverLeftOut(const Surface &out, Point center, uint8_t color)",pending,,,
"automap.cpp|devilution::DrawRiverLeftIn(const Surface &out, Point center, uint8_t color)",pending,,,
"automap.cpp|devilution::DrawRiverCornerWest(const Surface &out, Point center, uint8_t color)",pending,,,
"automap.cpp|devilution::DrawRiverCornerEast(const Surface &out, Point center, uint8_t color)",pending,,,
"automap.cpp|devilution::DrawRiverRightOut(const Surface &out, Point center, uint8_t color)",pending,,,
"automap.cpp|devilution::DrawRiver(const Surface &out, Point center, uint8_t color)",pending,,,
"automap.cpp|devilution::DrawRiverForkIn(const Surface &out, Point center, uint8_t color)",pending,,,
"automap.cpp|devilution::DrawRiverForkOut(const Surface &out, Point center, uint8_t color)",pending,,,
"automap.cpp|devilution::DrawStairs(const Surface &out, Point center, uint8_t color)",pending,,,
"automap.cpp|devilution::DrawHorizontal(const Surface &out, Point center, AutomapTile tile, uint8_t colorBright, uint8_t colorDim)",pending,,,
"automap.cpp|devilution::DrawVertical(const Surface &out, Point center, AutomapTile tile, uint8_t colorBright, uint8_t colorDim)",pending,,,
"automap.cpp|devilution::DrawCaveHorizontal(const Surface &out, Point center, AutomapTile tile, uint8_t colorBright, uint8_t colorDim)",pending,,,
"automap.cpp|devilution::DrawCaveVertical(const Surface &out, Point center, AutomapTile tile, uint8_t colorBright, uint8_t colorDim)",pending,,,
"automap.cpp|devilution::HasAutomapFlag(Point position, AutomapTile::Flags type)",pending,,,
automap.cpp|devilution::GetAutomapType(Point position),pending,,,
automap.cpp|devilution::GetAutomapTypeView(Point map),pending,,,
"automap.cpp|devilution::DrawAutomapTile(const Surface &out, Point center, Point map)",pending,,,
"automap.cpp|devilution::SearchAutomapItem(const Surface &out, const Displacement &myPlayerOffset, int searchRadius, tl::function_ref<bool(Point position)> highlightTile)",pending,,,
"automap.cpp|devilution::DrawAutomapPlr(const Surface &out, const Displacement &myPlayerOffset, int playerId)",pending,,,
automap.cpp|devilution::DrawAutomapText(const Surface &out),pending,,,
automap.cpp|devilution::LoadAutomapData(size_t &tileCount),pending,,,
automap.cpp|devilution::InitAutomapOnce(),pending,,,
automap.cpp|devilution::InitAutomap(),pending,,,
automap.cpp|devilution::StartAutomap(),pending,,,
automap.cpp|devilution::AutomapUp(),pending,,,
automap.cpp|devilution::AutomapDown(),pending,,,
automap.cpp|devilution::AutomapLeft(),pending,,,
automap.cpp|devilution::AutomapRight(),pending,,,
automap.cpp|devilution::AutomapZoomIn(),pending,,,
automap.cpp|devilution::AutomapZoomOut(),pending,,,
automap.cpp|devilution::DrawAutomap(const Surface &out),pending,,,
"automap.cpp|devilution::UpdateAutomapExplorer(Point map, MapExplorationType explorer)",pending,,,
"automap.cpp|devilution::SetAutomapView(Point position, MapExplorationType explorer)",pending,,,
automap.cpp|devilution::AutomapZoomReset(),pending,,,
automap.h|devilution::AmLine(int x),pending,,,
"capture.cpp|devilution::CaptureHdr(int16_t width, int16_t height, FILE *out)",pending,,,
"capture.cpp|devilution::CapturePal(SDL_Color *palette, FILE *out)",pending,,,
"capture.cpp|devilution::CaptureEnc(uint8_t *src, uint8_t *dst, int width)",pending,,,
"capture.cpp|devilution::CapturePix(const Surface &buf, FILE *out)",pending,,,
capture.cpp|devilution::CaptureFile(std::string *dstPath),pending,,,
capture.cpp|devilution::RedPalette(),pending,,,
capture.cpp|devilution::CaptureScreen(),pending,,,
codec.cpp|devilution::CodecInitKey(const char *pszPassword),ported,,,src/codec.rs
codec.cpp|devilution::GetCodecSignature(byte *src),pending,,,
"codec.cpp|devilution::SetCodecSignature(byte *dst, CodecSignature sig)",pending,,,
codec.cpp|devilution::ByteSwapBlock(uint32_t *data),pending,,,
"codec.cpp|devilution::XorBlock(const uint32_t *shaResult, uint32_t *out)",ported,,,src/codec.rs
"codec.cpp|devilution::codec_decode(byte *pbSrcDst, std::size_t size, const char *pszPassword)",ported,,,src/codec.rs
codec.cpp|devilution::codec_get_encoded_len(std::size_t dwSrcBytes),ported,,,src/codec.rs
"codec.cpp|devilution::codec_encode(byte *pbSrcDst, std::size_t size, std::size_t size64, const char *pszPassword)",ported,,,src/codec.rs
control.cpp|devilution::GetMainPanel(),ported,,,src/control.rs
control.cpp|devilution::GetLeftPanel(),ported,,,src/control.rs
control.cpp|devilution::GetRightPanel(),ported,,,src/control.rs
control.cpp|devilution::IsLeftPanelOpen(),ported,,,src/control.rs
control.cpp|devilution::IsRightPanelOpen(),ported,,,src/control.rs
"control.cpp|devilution::DrawFlaskTop(const Surface &out, Point position, const Surface &celBuf, int y0, int y1)",pending,,,
"control.cpp|devilution::DrawFlask(const Surface &out, const Surface &celBuf, Point sourcePosition, Point targetPosition, int h)",pending,,,
"control.cpp|devilution::DrawFlaskUpper(const Surface &out, const Surface &sourceBuffer, int offset, int fillPer)",pending,,,
"control.cpp|devilution::DrawFlaskLower(const Surface &out, const Surface &sourceBuffer, int offset, int fillPer)",pending,,,
control.cpp|devilution::SetButtonStateDown(int btnId),pending,,,
control.cpp|devilution::PrintInfo(const Surface &out),pending,,,
"control.cpp|devilution::CapStatPointsToAdd(int remainingStatPoints, const Player &player, CharacterAttribute attribute)",pending,,,
"control.cpp|devilution::DrawDurIcon4Item(const Surface &out, Item &pItem, int x, int c)",pending,,,
control.cpp|devilution::TextCmdHelp(const string_view parameter),pending,,,
control.cpp|devilution::AppendArenaOverview(std::string &ret),pending,,,
control.cpp|devilution::TextCmdArena(const string_view parameter),pending,,,
control.cpp|devilution::TextCmdArenaPot(const string_view parameter),pending,,,
control.cpp|devilution::TextCmdInspect(const string_view parameter),pending,,,
control.cpp|devilution::IsQuestEnabled(const Quest &quest),pending,,,
control.cpp|devilution::TextCmdLevelSeed(const string_view parameter),pending,,,
control.cpp|devilution::CheckTextCommand(const string_view text),pending,,,
control.cpp|devilution::ResetTalkMsg(),pending,,,
control.cpp|devilution::ControlPressEnter(),pending,,,
control.cpp|devilution::ControlUpDown(int v),pending,,,
"control.cpp|devilution::RemoveGold(Player &player, int goldIndex)",pending,,,
control.cpp|devilution::IsLevelUpButtonVisible(),pending,,,
control.cpp|devilution::CalculatePanelAreas(),ported,,,src/control.rs
control.cpp|devilution::IsChatAvailable(),pending,,,
control.cpp|devilution::FocusOnCharInfo(),pending,,,
control.cpp|devilution::OpenCharPanel(),pending,,,
control.cpp|devilution::CloseCharPanel(),pending,,,
control.cpp|devilution::ToggleCharPanel(),pending,,,
control.cpp|devilution::AddPanelString(string_view str),ported,,,src/control.rs
control.cpp|devilution::AddPanelString(std::string &&str),ported,,,src/control.rs
"control.cpp|devilution::GetPanelPosition(UiPanels panel, Point offset)",pending,,,
"control.cpp|devilution::DrawPanelBox(const Surface &out, SDL_Rect srcRect, Point targetPosition)",pending,,,
control.cpp|devilution::DrawLifeFlaskUpper(const Surface &out),pending,,,
control.cpp|devilution::DrawManaFlaskUpper(const Surface &out),pending,,,
control.cpp|devilution::DrawLifeFlaskLower(const Surface &out),pending,,,
control.cpp|devilution::DrawManaFlaskLower(const Surface &out),pending,,,
"control.cpp|devilution::DrawFlaskValues(const Surface &out, Point pos, int currValue, int maxValue)",pending,,,
control.cpp|devilution::control_update_life_mana(),pending,,,
control.cpp|devilution::InitControlPan(),pending,,,
control.cpp|devilution::DrawCtrlPan(const Surface &out),pending,,,
control.cpp|devilution::DrawCtrlBtns(const Surface &out),pending,,,
control.cpp|devilution::ClearPanBtn(),pending,,,
control.cpp|devilution::DoPanBtn(),pending,,,
control.cpp|devilution::control_check_btn_press(),pending,,,
control.cpp|devilution::DoAutoMap(),pending,,,
control.cpp|devilution::CheckPanelInfo(),pending,,,
control.cpp|devilution::CheckBtnUp(),pending,,,
control.cpp|devilution::FreeControlPan(),pending,,,
control.cpp|devilution::DrawInfoBox(const Surface &out),pending,,,
control.cpp|devilution::CheckLvlBtn(),pending,,,
control.cpp|devilution::ReleaseLvlBtn(),pending,,,
control.cpp|devilution::DrawLevelUpIcon(const Surface &out),pending,,,
control.cpp|devilution::CheckChrBtns(),pending,,,
control.cpp|devilution::ReleaseChrBtns(bool addAllStatPoints),pending,,,
control.cpp|devilution::DrawDurIcon(const Surface &out),pending,,,
control.cpp|devilution::RedBack(const Surface &out),pending,,,
"control.cpp|devilution::DrawGoldSplit(const Surface &out, int amount)",pending,,,
control.cpp|devilution::control_drop_gold(SDL_Keycode vkey),pending,,,
control.cpp|devilution::DrawTalkPan(const Surface &out),pending,,,
control.cpp|devilution::control_check_talk_btn(),pending,,,
control.cpp|devilution::control_release_talk_btn(),pending,,,
control.cpp|devilution::control_type_message(),pending,,,
control.cpp|devilution::control_reset_talk(),pending,,,
control.cpp|devilution::IsTalkActive(),pending,,,
control.cpp|devilution::control_new_text(string_view text),pending,,,
control.cpp|devilution::control_presskeys(SDL_Keycode vkey),pending,,,
control.cpp|devilution::DiabloHotkeyMsg(uint32_t dwMsg),pending,,,
control.cpp|devilution::CloseGoldDrop(),pending,,,
control.cpp|devilution::GoldDropNewText(string_view text),pending,,,
control.h|devilution::CanPanelsCoverView(),pending,,,
controls/axis_direction.cpp|devilution::AxisDirectionRepeater::Get(AxisDirection axisDirection),ported,,,src/controls/controller.rs
controls/axis_direction.h|devilution::AxisDirectionRepeater::AxisDirectionRepeater(int min_interval_ms = 200),pending,,,
controls/controller.cpp|devilution::UnlockControllerState(const SDL_Event &event),ported,,,src/controls/controller.rs
controls/controller.cpp|devilution::ToControllerButtonEvents(const SDL_Event &event),ported,,,src/controls/controller.rs
controls/controller.cpp|devilution::IsControllerButtonPressed(ControllerButton button),ported,,,src/controls/controller.rs
controls/controller.cpp|devilution::IsControllerButtonComboPressed(ControllerButtonCombo combo),ported,,,src/controls/controller.rs
controls/controller.cpp|devilution::HandleControllerAddedOrRemovedEvent(const SDL_Event &event),ported,,,src/controls/controller.rs
"controls/controller.h|devilution::ControllerButtonEvent::ControllerButtonEvent(ControllerButton button, bool up)",pending,,,
controls/controller_buttons.cpp|devilution::ToPlayStationIcon(ControllerButton button),pending,,,
controls/controller_buttons.cpp|devilution::ToNintendoIcon(ControllerButton button),pending,,,
controls/controller_buttons.cpp|devilution::ToXboxIcon(ControllerButton button),pending,,,
controls/controller_buttons.cpp|devilution::ToGenericButtonText(ControllerButton button),pending,,,
controls/controller_buttons.cpp|devilution::ToString(ControllerButton button),pending,,,
controls/controller_buttons.h|devilution::ControllerButtonCombo::ControllerButtonCombo(),pending,,,
controls/controller_buttons.h|devilution::ControllerButtonCombo::ControllerButtonCombo(ControllerButton button),pending,,,
"controls/controller_buttons.h|devilution::ControllerButtonCombo::ControllerButtonCombo(ControllerButton modifier, ControllerButton button)",pending,,,
controls/controller_buttons.h|devilution::IsDPadButton(ControllerButton button),pending,,,
"controls/controller_motion.cpp|devilution::ScaleJoystickAxes(float *x, float *y, float deadzone)",pending,,,
controls/controller_motion.cpp|devilution::IsMovementOverriddenByPadmapper(ControllerButton button),ported,,,src/controls/controller.rs
controls/controller_motion.cpp|devilution::TriggersQuickSpellAction(ControllerButton button),ported,,,src/controls/controller.rs
controls/controller_motion.cpp|devilution::IsPressedForMovement(ControllerButton button),ported,,,src/controls/controller.rs
controls/controller_motion.cpp|devilution::SetSimulatingMouseWithPadmapper(bool value),pending,,,
controls/controller_motion.cpp|devilution::ScaleJoysticks(),pending,,,
controls/controller_motion.cpp|devilution::IsControllerMotion(const SDL_Event &event),ported,,,src/controls/controller.rs
controls/controller_motion.cpp|devilution::ProcessControllerMotion(const SDL_Event &event),ported,,,src/controls/controller.rs
controls/controller_motion.cpp|devilution::GetLeftStickOrDpadDirection(bool usePadmapper),ported,,,src/controls/controller.rs
controls/controller_motion.cpp|devilution::SimulateRightStickWithPadmapper(ControllerButtonEvent ctrlEvent),pending,,,
controls/devices/game_controller.cpp|devilution::GameController::UnlockTriggerState(),pending,,,
controls/devices/game_controller.cpp|devilution::GameController::ToControllerButton(const SDL_Event &event),pending,,,
controls/devices/game_controller.cpp|devilution::GameController::ToSdlGameControllerButton(ControllerButton button),pending,,,
controls/devices/game_controller.cpp|devilution::GameController::IsPressed(ControllerButton button),pending,,,
controls/devices/game_controller.cpp|devilution::GameController::ProcessAxisMotion(const SDL_Event &event),pending,,,
controls/devices/game_controller.cpp|devilution::GameController::Add(int joystickIndex),pending,,,
controls/devices/game_controller.cpp|devilution::GameController::Remove(SDL_JoystickID instanceId),pending,,,
controls/devices/game_controller.cpp|devilution::GameController::Get(SDL_JoystickID instanceId),pending,,,
controls/devices/game_controller.cpp|devilution::GameController::Get(const SDL_Event &event),pending,,,
controls/devices/game_controller.cpp|devilution::GameController::All(),pending,,,
"controls/devices/game_controller.cpp|devilution::GameController::IsPressedOnAnyController(ControllerButton button, SDL_JoystickID *which)",pending,,,
controls/devices/game_controller.cpp|devilution::GameController::getLayout(const SDL_Event &event),pending,,,
controls/devices/joystick.cpp|devilution::Joystick::ToControllerButtonEvents(const SDL_Event &event),pending,,,
controls/devices/joystick.cpp|devilution::Joystick::GetHatEvents(),pending,,,
controls/devices/joystick.cpp|devilution::Joystick::UpdateHatState(const SDL_JoyHatEvent &event),pending,,,
controls/devices/joystick.cpp|devilution::Joystick::UnlockHatState(),pending,,,
controls/devices/joystick.cpp|devilution::Joystick::ToSdlJoyButton(ControllerButton button),pending,,,
controls/devices/joystick.cpp|devilution::Joystick::IsHatButtonPressed(ControllerButton button),pending,,,
controls/devices/joystick.cpp|devilution::Joystick::IsPressed(ControllerButton button),pending,,,
controls/devices/joystick.cpp|devilution::Joystick::ProcessAxisMotion(const SDL_Event &event),pending,,,
controls/devices/joystick.cpp|devilution::Joystick::Add(int deviceIndex),pending,,,
controls/devices/joystick.cpp|devilution::Joystick::Remove(SDL_JoystickID instanceId),pending,,,
controls/devices/joystick.cpp|devilution::Joystick::All(),pending,,,
controls/devices/joystick.cpp|devilution::Joystick::Get(SDL_JoystickID instanceId),pending,,,
controls/devices/joystick.cpp|devilution::Joystick::Get(const SDL_Event &event),pending,,,
controls/devices/joystick.cpp|devilution::Joystick::IsPressedOnAnyJoystick(ControllerButton button),pending,,,
controls/devices/joystick.h|devilution::Joystick::instance_id(),pending,,,
controls/game_controls.cpp|devilution::TranslateControllerButtonToGameMenuKey(ControllerButton controllerButton),pending,,,
controls/game_controls.cpp|devilution::TranslateControllerButtonToMenuKey(ControllerButton controllerButton),pending,,,
controls/game_controls.cpp|devilution::TranslateControllerButtonToQuestLogKey(ControllerButton controllerButton),pending,,,
controls/game_controls.cpp|devilution::TranslateControllerButtonToSpellbookKey(ControllerButton controllerButton),pending,,,
"controls/game_controls.cpp|devilution::GetGameAction(const SDL_Event &event, ControllerButtonEvent ctrlEvent, GameAction *action)",pending,,,
controls/game_controls.cpp|devilution::PressControllerButton(ControllerButton button),pending,,,
"controls/game_controls.cpp|devilution::TranslateTo(GamepadLayout layout, ControllerButton button)",ported,,,src/controls/game_controls.rs
controls/game_controls.cpp|devilution::SkipsMovie(ControllerButtonEvent ctrlEvent),ported,,,src/controls/game_controls.rs
controls/game_controls.cpp|devilution::IsSimulatedMouseClickBinding(ControllerButtonEvent ctrlEvent),ported,,,src/controls/game_controls.rs
controls/game_controls.cpp|devilution::GetMoveDirection(),pending,,,
"controls/game_controls.cpp|devilution::HandleControllerButtonEvent(const SDL_Event &event, const ControllerButtonEvent ctrlEvent, GameAction &action)",pending,,,
controls/game_controls.h|devilution::GameAction::GameAction(),pending,,,
controls/game_controls.h|devilution::GameAction::GameAction(GameActionType type),pending,,,
controls/game_controls.h|devilution::GameAction::GameAction(GameActionSendKey send_key),pending,,,
controls/input.h|devilution::PollEvent(SDL_Event *event),ported,,,src/engine/events.rs
controls/menu_controls.cpp|devilution::GetMenuHeldUpDownAction(),ported,,,src/controls/controller.rs
controls/menu_controls.cpp|devilution::GetMenuActions(const SDL_Event &event),ported,,,src/controls/controller.rs
"controls/modifier_hints.cpp|devilution::CircleMenuHint::CircleMenuHint(HintIcon top, HintIcon right, HintIcon bottom, HintIcon left)",pending,,,
"controls/modifier_hints.cpp|devilution::DrawCircleMenuHint(const Surface &out, const CircleMenuHint &hint, const Point &origin)",pending,,,
"controls/modifier_hints.cpp|devilution::DrawSpellsCircleMenuHint(const Surface &out, const Point &origin)",pending,,,
controls/modifier_hints.cpp|devilution::DrawGamepadMenuNavigator(const Surface &out),pending,,,
controls/modifier_hints.cpp|devilution::DrawGamepadHotspellMenu(const Surface &out),pending,,,
controls/modifier_hints.cpp|devilution::InitModifierHints(),pending,,,
controls/modifier_hints.cpp|devilution::FreeModifierHints(),pending,,,
controls/modifier_hints.cpp|devilution::DrawControllerModifierHints(const Surface &out),pending,,,
controls/plrctrls.cpp|devilution::InGameMenu(),pending,,,
controls/plrctrls.cpp|devilution::GetRotaryDistance(Point destination),pending,,,
controls/plrctrls.cpp|devilution::GetMinDistance(Point position),pending,,,
"controls/plrctrls.cpp|devilution::GetDistance(Point destination, int maxDistance)",pending,,,
controls/plrctrls.cpp|devilution::GetDistanceRanged(Point destination),pending,,,
controls/plrctrls.cpp|devilution::FindItemOrObject(),pending,,,
controls/plrctrls.cpp|devilution::CheckTownersNearby(),pending,,,
controls/plrctrls.cpp|devilution::HasRangedSpell(),pending,,,
controls/plrctrls.cpp|devilution::CanTargetMonster(const Monster &monster),pending,,,
controls/plrctrls.cpp|devilution::FindRangedTarget(),pending,,,
controls/plrctrls.cpp|devilution::FindMeleeTarget(),pending,,,
controls/plrctrls.cpp|devilution::CheckMonstersNearby(),pending,,,
controls/plrctrls.cpp|devilution::CheckPlayerNearby(),pending,,,
controls/plrctrls.cpp|devilution::FindActor(),pending,,,
controls/plrctrls.cpp|devilution::FindTrigger(),pending,,,
controls/plrctrls.cpp|devilution::IsStandingGround(),pending,,,
controls/plrctrls.cpp|devilution::Interact(),pending,,,
controls/plrctrls.cpp|devilution::AttrIncBtnSnap(AxisDirection dir),pending,,,
controls/plrctrls.cpp|devilution::InvGetEquipSlotCoord(const inv_body_loc invSlot),pending,,,
controls/plrctrls.cpp|devilution::InvGetEquipSlotCoordFromInvSlot(const inv_xy_slot slot),pending,,,
controls/plrctrls.cpp|devilution::GetSlotCoord(int slot),pending,,,
controls/plrctrls.cpp|devilution::GetItemIdOnSlot(int slot),pending,,,
controls/plrctrls.cpp|devilution::GetItemSizeOnSlot(int slot),pending,,,
controls/plrctrls.cpp|devilution::FindFirstSlotOnItem(int8_t itemInvId),pending,,,
controls/plrctrls.cpp|devilution::FindFirstStashSlotOnItem(StashStruct::StashCell itemInvId),pending,,,
controls/plrctrls.cpp|devilution::ResetInvCursorPosition(),pending,,,
controls/plrctrls.cpp|devilution::FindClosestInventorySlot(Point mousePos),pending,,,
controls/plrctrls.cpp|devilution::FindClosestStashSlot(Point mousePos),pending,,,
controls/plrctrls.cpp|devilution::InventoryMoveToBody(int slot),pending,,,
controls/plrctrls.cpp|devilution::InventoryMove(AxisDirection dir),pending,,,
controls/plrctrls.cpp|devilution::CheckInventoryMove(AxisDirection dir),pending,,,
controls/plrctrls.cpp|devilution::BlurInventory(),pending,,,
controls/plrctrls.cpp|devilution::StashMove(AxisDirection dir),pending,,,
controls/plrctrls.cpp|devilution::HotSpellMove(AxisDirection dir),pending,,,
controls/plrctrls.cpp|devilution::SpellBookMove(AxisDirection dir),pending,,,
"controls/plrctrls.cpp|devilution::IsPathBlocked(Point position, Direction dir)",pending,,,
"controls/plrctrls.cpp|devilution::WalkInDir(size_t playerId, AxisDirection dir)",pending,,,
controls/plrctrls.cpp|devilution::QuestLogMove(AxisDirection moveDir),pending,,,
controls/plrctrls.cpp|devilution::StoreMove(AxisDirection moveDir),pending,,,
controls/plrctrls.cpp|devilution::GetLeftStickOrDPadGameUIHandler(),pending,,,
controls/plrctrls.cpp|devilution::ProcessLeftStickOrDPadGameUI(),pending,,,
controls/plrctrls.cpp|devilution::Movement(size_t playerId),pending,,,
controls/plrctrls.cpp|devilution::RightStickAccumulator::RightStickAccumulator(),pending,,,
"controls/plrctrls.cpp|devilution::RightStickAccumulator::Pool(int *x, int *y, int slowdown)",pending,,,
controls/plrctrls.cpp|devilution::RightStickAccumulator::Clear(),pending,,,
controls/plrctrls.cpp|devilution::IsStickMovementSignificant(),pending,,,
controls/plrctrls.cpp|devilution::GetInputTypeFromEvent(const SDL_Event &event),ported,,,src/controls/plrctrls.rs
"controls/plrctrls.cpp|devilution::ContinueSimulatedMouseEvent(const SDL_Event &event, const ControllerButtonEvent &gamepadEvent)",ported,,,src/controls/plrctrls.rs
controls/plrctrls.cpp|devilution::ControlTypeToString(ControlTypes controlType),ported,,,src/controls/controller.rs
"controls/plrctrls.cpp|devilution::LogControlDeviceAndModeChange(ControlTypes newControlDevice, ControlTypes newControlMode)",ported,,,src/controls/controller.rs
controls/plrctrls.cpp|devilution::GamepadTypeToString(GamepadLayout gamepadLayout),pending,,,
controls/plrctrls.cpp|devilution::LogGamepadChange(GamepadLayout newGamepad),pending,,,
"controls/plrctrls.cpp|devilution::DetectInputMethod(const SDL_Event &event, const ControllerButtonEvent &gamepadEvent)",ported,,,src/controls/plrctrls.rs
controls/plrctrls.cpp|devilution::ProcessGameAction(const GameAction &action),pending,,,
controls/plrctrls.cpp|devilution::HandleRightStickMotion(),pending,,,
controls/plrctrls.cpp|devilution::InvalidateInventorySlot(),pending,,,
controls/plrctrls.cpp|devilution::FocusOnInventory(),pending,,,
controls/plrctrls.cpp|devilution::SetPointAndClick(bool value),pending,,,
controls/plrctrls.cpp|devilution::IsPointAndClick(),pending,,,
controls/plrctrls.cpp|devilution::IsMovementHandlerActive(),pending,,,
controls/plrctrls.cpp|devilution::plrctrls_after_check_curs_move(),pending,,,
controls/plrctrls.cpp|devilution::plrctrls_every_frame(),pending,,,
controls/plrctrls.cpp|devilution::plrctrls_after_game_logic(),pending,,,
controls/plrctrls.cpp|devilution::UseBeltItem(int type),pending,,,
controls/plrctrls.cpp|devilution::PerformPrimaryAction(),pending,,,
controls/plrctrls.cpp|devilution::SpellHasActorTarget(),pending,,,
controls/plrctrls.cpp|devilution::UpdateSpellTarget(SpellID spell),pending,,,
controls/plrctrls.cpp|devilution::TryDropItem(),pending,,,
controls/plrctrls.cpp|devilution::PerformSpellAction(),pending,,,
controls/plrctrls.cpp|devilution::CtrlUseInvItem(),pending,,,
controls/plrctrls.cpp|devilution::CtrlUseStashItem(),pending,,,
controls/plrctrls.cpp|devilution::PerformSecondaryAction(),pending,,,
controls/plrctrls.cpp|devilution::QuickCast(size_t slot),pending,,,
controls/remap_keyboard.h|devilution::remap_keyboard_key(SDL_Keycode *sym),pending,,,
"controls/touch/event_handlers.cpp|devilution::ScaleToScreenCoordinates(float x, float y)",replaced,none,touch-screen controls for mobile builds; not a target platform,
controls/touch/event_handlers.cpp|devilution::SimulateMouseMovement(const SDL_Event &event),replaced,none,touch-screen controls for mobile builds; not a target platform,
controls/touch/event_handlers.cpp|devilution::HandleGameMenuInteraction(const SDL_Event &event),replaced,none,touch-screen controls for mobile builds; not a target platform,
controls/touch/event_handlers.cpp|devilution::HandleStoreInteraction(const SDL_Event &event),replaced,none,touch-screen controls for mobile builds; not a target platform,
controls/touch/event_handlers.cpp|devilution::HandleSpellBookInteraction(const SDL_Event &event),replaced,none,touch-screen controls for mobile builds; not a target platform,
controls/touch/event_handlers.cpp|devilution::HandleSpeedBookInteraction(const SDL_Event &event),replaced,none,touch-screen controls for mobile builds; not a target platform,
controls/touch/event_handlers.cpp|devilution::HandleBottomPanelInteraction(const SDL_Event &event),replaced,none,touch-screen controls for mobile builds; not a target platform,
controls/touch/event_handlers.cpp|devilution::HandleCharacterPanelInteraction(const SDL_Event &event),replaced,none,touch-screen controls for mobile builds; not a target platform,
controls/touch/event_handlers.cpp|devilution::HandleStashPanelInteraction(const SDL_Event &event),replaced,none,touch-screen controls for mobile builds; not a target platform,
controls/touch/event_handlers.cpp|devilution::HandleTouchEvent(const SDL_Event &event),replaced,none,touch-screen controls for mobile builds; not a target platform,
controls/touch/event_handlers.cpp|devilution::VirtualGamepadEventHandler::Handle(const SDL_Event &event),replaced,none,touch-screen controls for mobile builds; not a target platform,
controls/touch/event_handlers.cpp|devilution::VirtualDirectionPadEventHandler::Handle(const SDL_Event &event),replaced,none,touch-screen controls for mobile builds; not a target platform,
controls/touch/event_handlers.cpp|devilution::VirtualDirectionPadEventHandler::HandleFingerDown(const SDL_TouchFingerEvent &event),replaced,none,touch-screen controls for mobile builds; not a target platform,
controls/touch/event_handlers.cpp|devilution::VirtualDirectionPadEventHandler::HandleFingerUp(const SDL_TouchFingerEvent &event),replaced,none,touch-screen controls for mobile builds; not a target platform,
controls/touch/event_handlers.cpp|devilution::VirtualDirectionPadEventHandler::HandleFingerMotion(const SDL_TouchFingerEvent &event),replaced,none,touch-screen controls for mobile builds; not a target platform,
controls/touch/event_handlers.cpp|devilution::VirtualButtonEventHandler::Handle(const SDL_Event &event),replaced,none,touch-screen controls for mobile builds; not a target platform,
controls/touch/event_handlers.cpp|devilution::VirtualButtonEventHandler::HandleFingerDown(const SDL_TouchFingerEvent &event),replaced,none,touch-screen controls for mobile builds; not a target platform,
controls/touch/event_handlers.cpp|devilution::VirtualButtonEventHandler::HandleFingerUp(const SDL_TouchFingerEvent &event),replaced,none,touch-screen controls for mobile builds; not a target platform,
controls/touch/event_handlers.cpp|devilution::VirtualButtonEventHandler::HandleFingerMotion(const SDL_TouchFingerEvent &event),replaced,none,touch-screen controls for mobile builds; not a target platform,
controls/touch/event_handlers.h|devilution::VirtualDirectionPadEventHandler::VirtualDirectionPadEventHandler(VirtualDirectionPad *virtualDirectionPad),replaced,none,touch-screen controls for mobile builds; not a target platform,
"controls/touch/event_handlers.h|devilution::VirtualButtonEventHandler::VirtualButtonEventHandler(VirtualButton *virtualButton, bool toggles = false)",replaced,none,touch-screen controls for mobile builds; not a target platform,
controls/touch/event_handlers.h|devilution::VirtualGamepadEventHandler::VirtualGamepadEventHandler(VirtualGamepad *virtualGamepad),replaced,none,touch-screen controls for mobile builds; not a target platform,
controls/touch/gamepad.cpp|devilution::PointsUp(double angle),replaced,none,touch-screen controls for mobile builds; not a target platform,
controls/touch/gamepad.cpp|devilution::PointsDown(double angle),replaced,none,touch-screen controls for mobile builds; not a target platform,
controls/touch/gamepad.cpp|devilution::PointsLeft(double angle),replaced,none,touch-screen controls for mobile builds; not a target platform,
controls/touch/gamepad.cpp|devilution::PointsRight(double angle),replaced,none,touch-screen controls for mobile builds; not a target platform,
controls/touch/gamepad.cpp|devilution::InitializeVirtualGamepad(),replaced,none,touch-screen controls for mobile builds; not a target platform,
controls/touch/gamepad.cpp|devilution::ActivateVirtualGamepad(),replaced,none,touch-screen controls for mobile builds; not a target platform,
controls/touch/gamepad.cpp|devilution::DeactivateVirtualGamepad(),replaced,none,touch-screen controls for mobile builds; not a target platform,
controls/touch/gamepad.cpp|devilution::VirtualGamepad::Deactivate(),replaced,none,touch-screen controls for mobile builds; not a target platform,
controls/touch/gamepad.cpp|devilution::VirtualMenuPanel::Deactivate(),replaced,none,touch-screen controls for mobile builds; not a target platform,
controls/touch/gamepad.cpp|devilution::VirtualDirectionPad::UpdatePosition(Point touchCoordinates),replaced,none,touch-screen controls for mobile builds; not a target platform,
controls/touch/gamepad.cpp|devilution::VirtualDirectionPad::Deactivate(),replaced,none,touch-screen controls for mobile builds; not a target platform,
controls/touch/gamepad.cpp|devilution::VirtualButton::Deactivate(),replaced,none,touch-screen controls for mobile builds; not a target platform,
controls/touch/gamepad.h|devilution::VirtualDirectionPad::VirtualDirectionPad(),replaced,none,touch-screen controls for mobile builds; not a target platform,
controls/touch/gamepad.h|devilution::VirtualButton::VirtualButton(),replaced,none,touch-screen controls for mobile builds; not a target platform,
controls/touch/gamepad.h|devilution::VirtualMenuButton::VirtualMenuButton(),replaced,none,touch-screen controls for mobile builds; not a target platform,
controls/touch/gamepad.h|devilution::VirtualMenuButton::contains(Point point),replaced,none,touch-screen controls for mobile builds; not a target platform,
controls/touch/gamepad.h|devilution::VirtualPadButton::VirtualPadButton(),replaced,none,touch-screen controls for mobile builds; not a target platform,
controls/touch/gamepad.h|devilution::VirtualPadButton::contains(Point point),replaced,none,touch-screen controls for mobile builds; not a target platform,
controls/touch/gamepad.h|devilution::VirtualMenuPanel::VirtualMenuPanel(),replaced,none,touch-screen controls for mobile builds; not a target platform,
controls/touch/renderers.cpp|devilution::GetAttackButtonType(bool isPressed),replaced,none,touch-screen controls for mobile builds; not a target platform,
controls/touch/renderers.cpp|devilution::GetTalkButtonType(bool isPressed),replaced,none,touch-screen controls for mobile builds; not a target platform,
controls/touch/renderers.cpp|devilution::GetItemButtonType(bool isPressed),replaced,none,touch-screen controls for mobile builds; not a target platform,
controls/touch/renderers.cpp|devilution::GetObjectButtonType(bool isPressed),replaced,none,touch-screen controls for mobile builds; not a target platform,
controls/touch/renderers.cpp|devilution::GetCastButtonType(bool isPressed),replaced,none,touch-screen controls for mobile builds; not a target platform,
controls/touch/renderers.cpp|devilution::GetBackButtonType(bool isPressed),replaced,none,touch-screen controls for mobile builds; not a target platform,
controls/touch/renderers.cpp|devilution::GetBlankButtonType(bool isPressed),replaced,none,touch-screen controls for mobile builds; not a target platform,
controls/touch/renderers.cpp|devilution::GetPotionButtonType(bool isPressed),replaced,none,touch-screen controls for mobile builds; not a target platform,
controls/touch/renderers.cpp|devilution::GetApplyButtonType(bool isPressed),replaced,none,touch-screen controls for mobile builds; not a target platform,
controls/touch/renderers.cpp|devilution::GetEquipButtonType(bool isPressed),replaced,none,touch-screen controls for mobile builds; not a target platform,
controls/touch/renderers.cpp|devilution::GetDropButtonType(bool isPressed),replaced,none,touch-screen controls for mobile builds; not a target platform,
controls/touch/renderers.cpp|devilution::GetStairsButtonType(bool isPressed),replaced,none,touch-screen controls for mobile builds; not a target platform,
controls/touch/renderers.cpp|devilution::GetStandButtonType(bool isPressed),replaced,none,touch-screen controls for mobile builds; not a target platform,
"controls/touch/renderers.cpp|devilution::LoadButtonArt(ButtonTexture *buttonArt, SDL_Renderer *renderer)",replaced,none,touch-screen controls for mobile builds; not a target platform,
"controls/touch/renderers.cpp|devilution::LoadPotionArt(ButtonTexture *potionArt, SDL_Renderer *renderer)",replaced,none,touch-screen controls for mobile builds; not a target platform,
controls/touch/renderers.cpp|devilution::InteractsWithCharButton(Point point),replaced,none,touch-screen controls for mobile builds; not a target platform,
controls/touch/renderers.cpp|devilution::ButtonTexture::size(),replaced,none,touch-screen controls for mobile builds; not a target platform,
controls/touch/renderers.cpp|devilution::RenderVirtualGamepad(SDL_Renderer *renderer),replaced,none,touch-screen controls for mobile builds; not a target platform,
controls/touch/renderers.cpp|devilution::RenderVirtualGamepad(SDL_Surface *surface),replaced,none,touch-screen controls for mobile builds; not a target platform,
controls/touch/renderers.cpp|devilution::VirtualGamepadRenderer::LoadArt(SDL_Renderer *renderer),replaced,none,touch-screen controls for mobile builds; not a target platform,
controls/touch/renderers.cpp|devilution::VirtualMenuPanelRenderer::LoadArt(SDL_Renderer *renderer),replaced,none,touch-screen controls for mobile builds; not a target platform,
controls/touch/renderers.cpp|devilution::VirtualDirectionPadRenderer::LoadArt(SDL_Renderer *renderer),replaced,none,touch-screen controls for mobile builds; not a target platform,
controls/touch/renderers.cpp|devilution::VirtualGamepadRenderer::Render(RenderFunction renderFunction),replaced,none,touch-screen controls for mobile builds; not a target platform,
controls/touch/renderers.cpp|devilution::VirtualMenuPanelRenderer::Render(RenderFunction renderFunction),replaced,none,touch-screen controls for mobile builds; not a target platform,
controls/touch/renderers.cpp|devilution::VirtualDirectionPadRenderer::Render(RenderFunction renderFunction),replaced,none,touch-screen controls for mobile builds; not a target platform,
controls/touch/renderers.cpp|devilution::VirtualDirectionPadRenderer::RenderPad(RenderFunction renderFunction),replaced,none,touch-screen controls for mobile builds; not a target platform,
controls/touch/renderers.cpp|devilution::VirtualDirectionPadRenderer::RenderKnob(RenderFunction renderFunction),replaced,none,touch-screen controls for mobile builds; not a target platform,
"controls/touch/renderers.cpp|devilution::VirtualPadButtonRenderer::Render(RenderFunction renderFunction, const ButtonTexture &buttonArt)",replaced,none,touch-screen controls for mobile builds; not a target platform,
"controls/touch/renderers.cpp|devilution::PotionButtonRenderer::RenderPotion(RenderFunction renderFunction, const ButtonTexture &potionArt)",replaced,none,touch-screen controls for mobile builds; not a target platform,
controls/touch/renderers.cpp|devilution::PotionButtonRenderer::GetPotionType(),replaced,none,touch-screen controls for mobile builds; not a target platform,
controls/touch/renderers.cpp|devilution::StandButtonRenderer::GetButtonType(),replaced,none,touch-screen controls for mobile builds; not a target platform,
controls/touch/renderers.cpp|devilution::PrimaryActionButtonRenderer::GetButtonType(),replaced,none,touch-screen controls for mobile builds; not a target platform,
controls/touch/renderers.cpp|devilution::PrimaryActionButtonRenderer::GetTownButtonType(),replaced,none,touch-screen controls for mobile builds; not a target platform,
controls/touch/renderers.cpp|devilution::PrimaryActionButtonRenderer::GetDungeonButtonType(),replaced,none,touch-screen controls for mobile builds; not a target platform,
controls/touch/renderers.cpp|devilution::PrimaryActionButtonRenderer::GetInventoryButtonType(),replaced,none,touch-screen controls for mobile builds; not a target platform,
controls/touch/renderers.cpp|devilution::SecondaryActionButtonRenderer::GetButtonType(),replaced,none,touch-screen controls for mobile builds; not a target platform,
controls/touch/renderers.cpp|devilution::SpellActionButtonRenderer::GetButtonType(),replaced,none,touch-screen controls for mobile builds; not a target platform,
controls/touch/renderers.cpp|devilution::CancelButtonRenderer::GetButtonType(),replaced,none,touch-screen controls for mobile builds; not a target platform,
controls/touch/renderers.cpp|devilution::PotionButtonRenderer::GetButtonType(),replaced,none,touch-screen controls for mobile builds; not a target platform,
controls/touch/renderers.cpp|devilution::VirtualGamepadRenderer::UnloadArt(),replaced,none,touch-screen controls for mobile builds; not a target platform,
controls/touch/renderers.cpp|devilution::VirtualMenuPanelRenderer::UnloadArt(),replaced,none,touch-screen controls for mobile builds; not a target platform,
controls/touch/renderers.cpp|devilution::VirtualDirectionPadRenderer::UnloadArt(),replaced,none,touch-screen controls for mobile builds; not a target platform,
controls/touch/renderers.cpp|devilution::InitVirtualGamepadGFX(SDL_Renderer *renderer),replaced,none,touch-screen controls for mobile builds; not a target platform,
controls/touch/renderers.cpp|devilution::FreeVirtualGamepadGFX(),replaced,none,touch-screen controls for mobile builds; not a target platform,
controls/touch/renderers.h|devilution::ButtonTexture::clear(),replaced,none,touch-screen controls for mobile builds; not a target platform,
controls/touch/renderers.h|devilution::VirtualMenuPanelRenderer::VirtualMenuPanelRenderer(VirtualMenuPanel *virtualMenuPanel),replaced,none,touch-screen controls for mobile builds; not a target platform,
controls/touch/renderers.h|devilution::VirtualDirectionPadRenderer::VirtualDirectionPadRenderer(VirtualDirectionPad *virtualDirectionPad),replaced,none,touch-screen controls for mobile builds; not a target platform,
controls/touch/renderers.h|devilution::VirtualPadButtonRenderer::VirtualPadButtonRenderer(VirtualPadButton *virtualPadButton),replaced,none,touch-screen controls for mobile builds; not a target platform,
controls/touch/renderers.h|devilution::StandButtonRenderer::StandButtonRenderer(VirtualPadButton *standButton),replaced,none,touch-screen controls for mobile builds; not a target platform,
controls/touch/renderers.h|devilution::PrimaryActionButtonRenderer::PrimaryActionButtonRenderer(VirtualPadButton *primaryActionButton),replaced,none,touch-screen controls for mobile builds; not a target platform,
controls/touch/renderers.h|devilution::SecondaryActionButtonRenderer::SecondaryActionButtonRenderer(VirtualPadButton *secondaryActionButton),replaced,none,touch-screen controls for mobile builds; not a target platform,
controls/touch/renderers.h|devilution::SpellActionButtonRenderer::SpellActionButtonRenderer(VirtualPadButton *spellActionButton),replaced,none,touch-screen controls for mobile builds; not a target platform,
controls/touch/renderers.h|devilution::CancelButtonRenderer::CancelButtonRenderer(VirtualPadButton *cancelButton),replaced,none,touch-screen controls for mobile builds; not a target platform,
"controls/touch/renderers.h|devilution::PotionButtonRenderer::PotionButtonRenderer(VirtualPadButton *potionButton, belt_item_type potionType)",replaced,none,touch-screen controls for mobile builds; not a target platform,
controls/touch/renderers.h|devilution::VirtualGamepadRenderer::VirtualGamepadRenderer(VirtualGamepad *virtualGamepad),replaced,none,touch-screen controls for mobile builds; not a target platform,
cursor.cpp|devilution::InitCursor(),pending,,,
cursor.cpp|devilution::FreeCursor(),pending,,,
cursor.cpp|devilution::GetInvItemSprite(int cursId),pending,,,
cursor.cpp|devilution::GetNumInvItems(),pending,,,
cursor.cpp|devilution::GetInvItemSize(int cursId),pending,,,
cursor.cpp|devilution::GetHalfSizeItemSprite(int cursId),pending,,,
cursor.cpp|devilution::GetHalfSizeItemSpriteRed(int cursId),pending,,,
cursor.cpp|devilution::CreateHalfSizeItemSprites(),pending,,,
cursor.cpp|devilution::FreeHalfSizeItemSprites(),pending,,,
"cursor.cpp|devilution::DrawItem(const Item &item, const Surface &out, Point position, ClxSprite clx)",pending,,,
cursor.cpp|devilution::ResetCursor(),ported,,,src/cursor.rs
cursor.cpp|devilution::NewCursor(const Item &item),pending,,,
cursor.cpp|devilution::NewCursor(int cursId),ported,,,src/cursor.rs
"cursor.cpp|devilution::DrawSoftwareCursor(const Surface &out, Point position, int cursId)",pending,,,
cursor.cpp|devilution::InitLevelCursor(),pending,,,
cursor.cpp|devilution::CheckTown(),pending,,,
cursor.cpp|devilution::CheckRportal(),pending,,,
cursor.cpp|devilution::CheckCursMove(),pending,,,
"dead.cpp|devilution::InitDeadAnimationFromMonster(Corpse &corpse, const CMonster &mon)",pending,,,
dead.cpp|devilution::MoveLightToCorpse(Monster &monster),pending,,,
dead.cpp|devilution::InitCorpses(),pending,,,
"dead.cpp|devilution::AddCorpse(Point tilePosition, int8_t dv, Direction ddir)",pending,,,
dead.cpp|devilution::MoveLightsToCorpses(),pending,,,
dead.h|devilution::Corpse::spritesForDirection(Direction direction),pending,,,
diablo.cpp|devilution::StartGame(interface_mode uMsg),pending,,,
diablo.cpp|devilution::FreeGame(),pending,,,
diablo.cpp|devilution::ProcessInput(),pending,,,
diablo.cpp|devilution::LeftMouseCmd(bool bShift),pending,,,
diablo.cpp|devilution::TryOpenDungeonWithMouse(),pending,,,
diablo.cpp|devilution::LeftMouseDown(uint16_t modState),pending,,,
diablo.cpp|devilution::LeftMouseUp(uint16_t modState),pending,,,
diablo.cpp|devilution::RightMouseDown(bool isShiftHeld),pending,,,
diablo.cpp|devilution::ReleaseKey(SDL_Keycode vkey),pending,,,
diablo.cpp|devilution::ClosePanels(),pending,,,
"diablo.cpp|devilution::PressKey(SDL_Keycode vkey, uint16_t modState)",pending,,,
"diablo.cpp|devilution::HandleMouseButtonDown(Uint8 button, uint16_t modState)",pending,,,
"diablo.cpp|devilution::HandleMouseButtonUp(Uint8 button, uint16_t modState)",pending,,,
diablo.cpp|devilution::HandleTextInput(string_view text),pending,,,
"diablo.cpp|devilution::LogUnhandledEvent(const char *name, int value)",pending,,,
"diablo.cpp|devilution::GameEventHandler(const SDL_Event &event, uint16_t modState)",pending,,,
diablo.cpp|devilution::RunGameLoop(interface_mode uMsg),pending,,,
"diablo.cpp|devilution::PrintWithRightPadding(string_view str, size_t width)",ported,,,src/diablo.rs
"diablo.cpp|devilution::PrintHelpOption(string_view flags, string_view description)",ported,,,src/diablo.rs
diablo.cpp|devilution::PrintHelpAndExit(),ported,,,src/diablo.rs
diablo.cpp|devilution::PrintFlagsRequiresArgument(string_view flag),ported,,,src/diablo.rs
"diablo.cpp|devilution::DiabloParseFlags(int argc, char **argv)",ported,,,src/diablo.rs
diablo.cpp|devilution::DiabloInitScreen(),ported,,,src/diablo.rs
diablo.cpp|devilution::SetApplicationVersions(),ported,,,src/diablo.rs
diablo.cpp|devilution::CheckArchivesUpToDate(),ported,,,src/diablo_ui/diabloui.rs
diablo.cpp|devilution::ApplicationInit(),ported,,,src/diablo.rs
diablo.cpp|devilution::DiabloInit(),ported,,,src/diablo.rs
diablo.cpp|devilution::DiabloSplash(),ported,,,src/diablo.rs
diablo.cpp|devilution::DiabloDeinit(),ported,,,src/diablo.rs
diablo.cpp|devilution::LoadLvlGFX(),pending,,,
diablo.cpp|devilution::LoadAllGFX(),pending,,,
diablo.cpp|devilution::CreateLevel(lvl_entry entry),pending,,,
diablo.cpp|devilution::UnstuckChargers(),pending,,,
diablo.cpp|devilution::UpdateMonsterLights(),pending,,,
diablo.cpp|devilution::GameLogic(),pending,,,
diablo.cpp|devilution::TimeoutCursor(bool bTimeout),pending,,,
diablo.cpp|devilution::HelpKeyPressed(),pending,,,
diablo.cpp|devilution::InventoryKeyPressed(),pending,,,
diablo.cpp|devilution::CharacterSheetKeyPressed(),pending,,,
diablo.cpp|devilution::QuestLogKeyPressed(),pending,,,
diablo.cpp|devilution::DisplaySpellsKeyPressed(),pending,,,
diablo.cpp|devilution::SpellBookKeyPressed(),pending,,,
diablo.cpp|devilution::IsPlayerDead(),pending,,,
diablo.cpp|devilution::IsGameRunning(),pending,,,
diablo.cpp|devilution::CanPlayerTakeAction(),pending,,,
diablo.cpp|devilution::InitKeymapActions(),pending,,,
diablo.cpp|devilution::InitPadmapActions(),pending,,,
diablo.cpp|devilution::SetCursorPos(Point position),ported,,,src/controls/mod.rs
diablo.cpp|devilution::FreeGameMem(),ported,,,src/diablo.rs
"diablo.cpp|devilution::StartGame(bool bNewGame, bool bSinglePlayer)",pending,,,
diablo.cpp|devilution::diablo_quit(int exitStatus),ported,,,src/diablo.rs
"diablo.cpp|devilution::DiabloMain(int argc, char **argv)",ported,,,src/diablo.rs
diablo.cpp|devilution::TryIconCurs(),pending,,,
diablo.cpp|devilution::diablo_pause_game(),pending,,,
diablo.cpp|devilution::diablo_is_focused(),ported,,,src/diablo.rs
diablo.cpp|devilution::diablo_focus_pause(),ported,,,src/diablo.rs
diablo.cpp|devilution::diablo_focus_unpause(),ported,,,src/diablo.rs
diablo.cpp|devilution::PressEscKey(),pending,,,
"diablo.cpp|devilution::DisableInputEventHandler(const SDL_Event &event, uint16_t modState)",pending,,,
"diablo.cpp|devilution::LoadGameLevel(bool firstflag, lvl_entry lvldir)",pending,,,
diablo.cpp|devilution::game_loop(bool bStartup),pending,,,
diablo.cpp|devilution::diablo_color_cyc_logic(),pending,,,
diablo.cpp|devilution::IsDiabloAlive(bool playSFX),pending,,,
diablo.cpp|devilution::PrintScreen(SDL_Keycode vkey),pending,,,
discord/discord.cpp|devilution::discord_manager::PlayerData::operator!=(const PlayerData &other),replaced,none (logged),Discord Rich Presence reaches outside the game; disabled by default (brief Phase 5.7),
discord/discord.cpp|devilution::discord_manager::GetLocationString(),replaced,none (logged),Discord Rich Presence reaches outside the game; disabled by default (brief Phase 5.7),
discord/discord.cpp|devilution::discord_manager::GetCharacterString(),replaced,none (logged),Discord Rich Presence reaches outside the game; disabled by default (brief Phase 5.7),
discord/discord.cpp|devilution::discord_manager::GetDetailString(),replaced,none (logged),Discord Rich Presence reaches outside the game; disabled by default (brief Phase 5.7),
discord/discord.cpp|devilution::discord_manager::GetStateString(),replaced,none (logged),Discord Rich Presence reaches outside the game; disabled by default (brief Phase 5.7),
discord/discord.cpp|devilution::discord_manager::GetTooltipString(),replaced,none (logged),Discord Rich Presence reaches outside the game; disabled by default (brief Phase 5.7),
discord/discord.cpp|devilution::discord_manager::GetPlayerAssetString(),replaced,none (logged),Discord Rich Presence reaches outside the game; disabled by default (brief Phase 5.7),
discord/discord.cpp|devilution::discord_manager::ResetStartTime(),replaced,none (logged),Discord Rich Presence reaches outside the game; disabled by default (brief Phase 5.7),
discord/discord.cpp|devilution::discord_manager::GetIconAsset(),replaced,none (logged),Discord Rich Presence reaches outside the game; disabled by default (brief Phase 5.7),
discord/discord.cpp|devilution::discord_manager::UpdateGame(),replaced,none (logged),Discord Rich Presence reaches outside the game; disabled by default (brief Phase 5.7),
discord/discord.cpp|devilution::discord_manager::StartGame(),replaced,none (logged),Discord Rich Presence reaches outside the game; disabled by default (brief Phase 5.7),
discord/discord.cpp|devilution::discord_manager::UpdateMenu(bool forced),replaced,none (logged),Discord Rich Presence reaches outside the game; disabled by default (brief Phase 5.7),
discord/discord.h|devilution::discord_manager::UpdateGame(),replaced,none (logged),Discord Rich Presence reaches outside the game; disabled by default (brief Phase 5.7),
discord/discord.h|devilution::discord_manager::StartGame(),replaced,none (logged),Discord Rich Presence reaches outside the game; disabled by default (brief Phase 5.7),
discord/discord.h|devilution::discord_manager::UpdateMenu(bool forced = false),replaced,none (logged),Discord Rich Presence reaches outside the game; disabled by default (brief Phase 5.7),
doom.cpp|devilution::doom_init(),pending,,,
doom.cpp|devilution::doom_close(),pending,,,
doom.cpp|devilution::doom_draw(const Surface &out),pending,,,
dvlnet/abstract_net.cpp|devilution::net::abstract_net::MakeNet(provider_t provider),pending,,,
dvlnet/abstract_net.h|devilution::net::dvlnet_exception::what(),pending,,,
dvlnet/abstract_net.h|devilution::net::abstract_net::setup_password(std::string passwd),pending,,,
dvlnet/abstract_net.h|devilution::net::abstract_net::clear_password(),pending,,,
dvlnet/abstract_net.h|devilution::net::abstract_net::send_info_request(),pending,,,
dvlnet/abstract_net.h|devilution::net::abstract_net::clear_gamelist(),pending,,,
dvlnet/abstract_net.h|devilution::net::abstract_net::get_gamelist(),pending,,,
dvlnet/base.cpp|devilution::net::base::setup_gameinfo(buffer_t info),pending,,,
dvlnet/base.cpp|devilution::net::base::setup_password(std::string pw),pending,,,
dvlnet/base.cpp|devilution::net::base::clear_password(),pending,,,
dvlnet/base.cpp|devilution::net::base::RunEventHandler(_SNETEVENT &ev),pending,,,
dvlnet/base.cpp|devilution::net::base::DisconnectNet(plr_t plr),pending,,,
dvlnet/base.cpp|devilution::net::base::SendEchoRequest(plr_t player),pending,,,
dvlnet/base.cpp|devilution::net::base::HandleAccept(packet &pkt),pending,,,
dvlnet/base.cpp|devilution::net::base::HandleConnect(packet &pkt),pending,,,
dvlnet/base.cpp|devilution::net::base::HandleTurn(packet &pkt),pending,,,
dvlnet/base.cpp|devilution::net::base::HandleDisconnect(packet &pkt),pending,,,
dvlnet/base.cpp|devilution::net::base::HandleEchoRequest(packet &pkt),pending,,,
dvlnet/base.cpp|devilution::net::base::HandleEchoReply(packet &pkt),pending,,,
dvlnet/base.cpp|devilution::net::base::ClearMsg(plr_t plr),pending,,,
dvlnet/base.cpp|devilution::net::base::Connect(plr_t player),pending,,,
dvlnet/base.cpp|devilution::net::base::IsConnected(plr_t player),pending,,,
dvlnet/base.cpp|devilution::net::base::RecvLocal(packet &pkt),pending,,,
"dvlnet/base.cpp|devilution::net::base::SNetReceiveMessage(uint8_t *sender, void **data, uint32_t *size)",pending,,,
"dvlnet/base.cpp|devilution::net::base::SNetSendMessage(int playerId, void *data, unsigned int size)",pending,,,
dvlnet/base.cpp|devilution::net::base::AllTurnsArrived(),pending,,,
"dvlnet/base.cpp|devilution::net::base::SNetReceiveTurns(char **data, size_t *size, uint32_t *status)",pending,,,
"dvlnet/base.cpp|devilution::net::base::SNetSendTurn(char *data, unsigned int size)",pending,,,
dvlnet/base.cpp|devilution::net::base::SendTurnIfReady(turn_t turn),pending,,,
dvlnet/base.cpp|devilution::net::base::SendFirstTurnIfReady(plr_t player),pending,,,
dvlnet/base.cpp|devilution::net::base::MakeReady(seq_t sequenceNumber),pending,,,
dvlnet/base.cpp|devilution::net::base::SNetGetProviderCaps(struct _SNETCAPS *caps),pending,,,
dvlnet/base.cpp|devilution::net::base::SNetUnregisterEventHandler(event_type evtype),pending,,,
"dvlnet/base.cpp|devilution::net::base::SNetRegisterEventHandler(event_type evtype, SEVTHANDLER func)",pending,,,
dvlnet/base.cpp|devilution::net::base::SNetLeaveGame(int type),pending,,,
"dvlnet/base.cpp|devilution::net::base::SNetDropPlayer(int playerid, uint32_t flags)",pending,,,
dvlnet/base.cpp|devilution::net::base::GetOwner(),pending,,,
dvlnet/base.cpp|devilution::net::base::SNetGetOwnerTurnsWaiting(uint32_t *turns),pending,,,
dvlnet/base.cpp|devilution::net::base::SNetGetTurnsInTransit(uint32_t *turns),pending,,,
dvlnet/base.h|devilution::net::base::message_t::message_t(),pending,,,
"dvlnet/base.h|devilution::net::base::message_t::message_t(int s, buffer_t p)",pending,,,
dvlnet/base_protocol.h|devilution::net::get_master(),pending,,,
dvlnet/base_protocol.h|devilution::net::wait_network(),pending,,,
dvlnet/base_protocol.h|devilution::net::DisconnectNet(plr_t plr),pending,,,
dvlnet/base_protocol.h|devilution::net::wait_firstpeer(),pending,,,
dvlnet/base_protocol.h|devilution::net::send_info_request(),pending,,,
dvlnet/base_protocol.h|devilution::net::wait_join(),pending,,,
dvlnet/base_protocol.h|devilution::net::create(std::string addrstr),pending,,,
dvlnet/base_protocol.h|devilution::net::join(std::string addrstr),pending,,,
dvlnet/base_protocol.h|devilution::net::IsGameHost(),pending,,,
dvlnet/base_protocol.h|devilution::net::poll(),pending,,,
dvlnet/base_protocol.h|devilution::net::InitiateHandshake(plr_t player),pending,,,
dvlnet/base_protocol.h|devilution::net::send(packet &pkt),pending,,,
"dvlnet/base_protocol.h|devilution::net::SendTo(plr_t player, packet &pkt)",pending,,,
dvlnet/base_protocol.h|devilution::net::recv(),pending,,,
"dvlnet/base_protocol.h|devilution::net::handle_join_request(packet &pkt, endpoint_t sender)",pending,,,
"dvlnet/base_protocol.h|devilution::net::recv_decrypted(packet &pkt, endpoint_t sender)",pending,,,
"dvlnet/base_protocol.h|devilution::net::recv_ingame(packet &pkt, endpoint_t sender)",pending,,,
dvlnet/base_protocol.h|devilution::net::DrainSendQueue(plr_t player),pending,,,
dvlnet/base_protocol.h|devilution::net::is_recognized(endpoint_t sender),pending,,,
dvlnet/base_protocol.h|devilution::net::clear_gamelist(),pending,,,
dvlnet/base_protocol.h|devilution::net::get_gamelist(),pending,,,
dvlnet/base_protocol.h|devilution::net::SNetLeaveGame(int type),pending,,,
dvlnet/base_protocol.h|devilution::net::make_default_gamename(),pending,,,
dvlnet/cdwrap.h|devilution::net::cdwrap(),pending,,,
dvlnet/cdwrap.h|devilution::net::reset(),pending,,,
dvlnet/cdwrap.h|devilution::net::create(std::string addrstr),pending,,,
dvlnet/cdwrap.h|devilution::net::join(std::string addrstr),pending,,,
dvlnet/cdwrap.h|devilution::net::setup_gameinfo(buffer_t info),pending,,,
"dvlnet/cdwrap.h|devilution::net::SNetReceiveMessage(uint8_t *sender, void **data, uint32_t *size)",pending,,,
"dvlnet/cdwrap.h|devilution::net::SNetSendMessage(int playerID, void *data, unsigned int size)",pending,,,
"dvlnet/cdwrap.h|devilution::net::SNetReceiveTurns(char **data, size_t *size, uint32_t *status)",pending,,,
"dvlnet/cdwrap.h|devilution::net::SNetSendTurn(char *data, unsigned int size)",pending,,,
dvlnet/cdwrap.h|devilution::net::SNetGetProviderCaps(struct _SNETCAPS *caps),pending,,,
dvlnet/cdwrap.h|devilution::net::SNetUnregisterEventHandler(event_type evtype),pending,,,
"dvlnet/cdwrap.h|devilution::net::SNetRegisterEventHandler(event_type evtype, SEVTHANDLER func)",pending,,,
dvlnet/cdwrap.h|devilution::net::SNetLeaveGame(int type),pending,,,
"dvlnet/cdwrap.h|devilution::net::SNetDropPlayer(int playerid, uint32_t flags)",pending,,,
dvlnet/cdwrap.h|devilution::net::SNetGetOwnerTurnsWaiting(uint32_t *turns),pending,,,
dvlnet/cdwrap.h|devilution::net::SNetGetTurnsInTransit(uint32_t *turns),pending,,,
dvlnet/cdwrap.h|devilution::net::make_default_gamename(),pending,,,
dvlnet/cdwrap.h|devilution::net::send_info_request(),pending,,,
dvlnet/cdwrap.h|devilution::net::clear_gamelist(),pending,,,
dvlnet/cdwrap.h|devilution::net::get_gamelist(),pending,,,
dvlnet/cdwrap.h|devilution::net::setup_password(std::string pw),pending,,,
dvlnet/cdwrap.h|devilution::net::clear_password(),pending,,,
dvlnet/frame_queue.cpp|devilution::net::frame_queue::Size(),pending,,,
dvlnet/frame_queue.cpp|devilution::net::frame_queue::Read(framesize_t s),pending,,,
dvlnet/frame_queue.cpp|devilution::net::frame_queue::Write(buffer_t buf),pending,,,
dvlnet/frame_queue.cpp|devilution::net::frame_queue::PacketReady(),pending,,,
dvlnet/frame_queue.cpp|devilution::net::frame_queue::ReadPacket(),pending,,,
dvlnet/frame_queue.cpp|devilution::net::frame_queue::MakeFrame(buffer_t packetbuf),pending,,,
dvlnet/frame_queue.h|devilution::net::frame_queue_exception::what(),pending,,,
dvlnet/loopback.cpp|devilution::net::loopback::create(std::string),pending,,,
dvlnet/loopback.cpp|devilution::net::loopback::join(std::string),pending,,,
"dvlnet/loopback.cpp|devilution::net::loopback::SNetReceiveMessage(uint8_t *sender, void **data, uint32_t *size)",pending,,,
"dvlnet/loopback.cpp|devilution::net::loopback::SNetSendMessage(int dest, void *data, unsigned int size)",pending,,,
"dvlnet/loopback.cpp|devilution::net::loopback::SNetReceiveTurns(char **data, size_t *size, uint32_t *)",pending,,,
"dvlnet/loopback.cpp|devilution::net::loopback::SNetSendTurn(char * , unsigned int)",pending,,,
dvlnet/loopback.cpp|devilution::net::loopback::SNetGetProviderCaps(struct _SNETCAPS *caps),pending,,,
"dvlnet/loopback.cpp|devilution::net::loopback::SNetRegisterEventHandler(event_type , SEVTHANDLER)",pending,,,
dvlnet/loopback.cpp|devilution::net::loopback::SNetUnregisterEventHandler(event_type),pending,,,
dvlnet/loopback.cpp|devilution::net::loopback::SNetLeaveGame(int),pending,,,
"dvlnet/loopback.cpp|devilution::net::loopback::SNetDropPlayer(int , uint32_t)",pending,,,
dvlnet/loopback.cpp|devilution::net::loopback::setup_gameinfo(buffer_t info),pending,,,
dvlnet/loopback.cpp|devilution::net::loopback::SNetGetOwnerTurnsWaiting(uint32_t *turns),pending,,,
dvlnet/loopback.cpp|devilution::net::loopback::SNetGetTurnsInTransit(uint32_t *turns),pending,,,
dvlnet/loopback.cpp|devilution::net::loopback::make_default_gamename(),pending,,,
dvlnet/loopback.h|devilution::net::loopback::loopback(),pending,,,
dvlnet/packet.cpp|devilution::net::packet_out::GenerateCookie(),pending,,,
dvlnet/packet.cpp|devilution::net::packet_type_to_string(uint8_t packetType),pending,,,
"dvlnet/packet.cpp|devilution::net::wrong_packet_type_exception::wrong_packet_type_exception(std::initializer_list<packet_type> expectedTypes, std::uint8_t actual)",pending,,,
"dvlnet/packet.cpp|devilution::net::CheckPacketTypeOneOf(std::initializer_list<packet_type> expectedTypes, std::uint8_t actualType)",pending,,,
dvlnet/packet.cpp|devilution::net::packet::Data(),pending,,,
dvlnet/packet.cpp|devilution::net::packet::Type(),pending,,,
dvlnet/packet.cpp|devilution::net::packet::Source(),pending,,,
dvlnet/packet.cpp|devilution::net::packet::Destination(),pending,,,
dvlnet/packet.cpp|devilution::net::packet::Message(),pending,,,
dvlnet/packet.cpp|devilution::net::packet::Turn(),pending,,,
dvlnet/packet.cpp|devilution::net::packet::Cookie(),pending,,,
dvlnet/packet.cpp|devilution::net::packet::NewPlayer(),pending,,,
dvlnet/packet.cpp|devilution::net::packet::Time(),pending,,,
dvlnet/packet.cpp|devilution::net::packet::Info(),pending,,,
dvlnet/packet.cpp|devilution::net::packet::LeaveInfo(),pending,,,
dvlnet/packet.cpp|devilution::net::packet_in::Create(buffer_t buf),pending,,,
dvlnet/packet.cpp|devilution::net::packet_in::Decrypt(buffer_t buf),pending,,,
dvlnet/packet.cpp|devilution::net::packet_out::Encrypt(),pending,,,
dvlnet/packet.cpp|devilution::net::packet_factory::packet_factory(),pending,,,
dvlnet/packet.cpp|devilution::net::packet_factory::packet_factory(std::string pw),pending,,,
dvlnet/packet.h|devilution::net::packet_exception::what(),pending,,,
dvlnet/packet.h|devilution::net::wrong_packet_type_exception::what(),pending,,,
dvlnet/packet.h|devilution::net::packet::packet(const key_t &k),pending,,,
dvlnet/packet.h|devilution::net::process_data(),pending,,,
dvlnet/packet.h|devilution::net::packet_in::process_element(buffer_t &x),pending,,,
dvlnet/packet.h|devilution::net::packet_in::process_element(T &x),pending,,,
"dvlnet/packet.h|devilution::net::packet_out::create<PT_INFO_REQUEST>(plr_t s, plr_t d)",pending,,,
"dvlnet/packet.h|devilution::net::packet_out::create<PT_INFO_REPLY>(plr_t s, plr_t d, buffer_t i)",pending,,,
"dvlnet/packet.h|devilution::net::packet_out::create<PT_MESSAGE>(plr_t s, plr_t d, buffer_t m)",pending,,,
"dvlnet/packet.h|devilution::net::packet_out::create<PT_TURN>(plr_t s, plr_t d, turn_t u)",pending,,,
"dvlnet/packet.h|devilution::net::packet_out::create<PT_JOIN_REQUEST>(plr_t s, plr_t d, cookie_t c, buffer_t i)",pending,,,
"dvlnet/packet.h|devilution::net::packet_out::create<PT_JOIN_ACCEPT>(plr_t s, plr_t d, cookie_t c, plr_t n, buffer_t i)",pending,,,
"dvlnet/packet.h|devilution::net::packet_out::create<PT_CONNECT>(plr_t s, plr_t d, plr_t n, buffer_t i)",pending,,,
"dvlnet/packet.h|devilution::net::packet_out::create<PT_CONNECT>(plr_t s, plr_t d, plr_t n)",pending,,,
"dvlnet/packet.h|devilution::net::packet_out::create<PT_DISCONNECT>(plr_t s, plr_t d, plr_t n, leaveinfo_t l)",pending,,,
"dvlnet/packet.h|devilution::net::packet_out::create<PT_ECHO_REQUEST>(plr_t s, plr_t d, timestamp_t t)",pending,,,
"dvlnet/packet.h|devilution::net::packet_out::create<PT_ECHO_REPLY>(plr_t s, plr_t d, timestamp_t t)",pending,,,
dvlnet/packet.h|devilution::net::packet_out::process_element(buffer_t &x),pending,,,
dvlnet/packet.h|devilution::net::packet_out::process_element(T &x),pending,,,
dvlnet/packet.h|devilution::net::packet_out::begin(const T &x),pending,,,
dvlnet/packet.h|devilution::net::packet_out::end(const T &x),pending,,,
dvlnet/packet.h|devilution::net::packet_factory::make_packet(buffer_t buf),pending,,,
dvlnet/packet.h|devilution::net::packet_factory::make_packet(Args... args),pending,,,
dvlnet/protocol_zt.cpp|devilution::net::protocol_zt::protocol_zt(),replaced,none (logged),ZeroTier online multiplayer is an outside service; disabled by default,
dvlnet/protocol_zt.cpp|devilution::net::protocol_zt::set_nonblock(int fd),replaced,none (logged),ZeroTier online multiplayer is an outside service; disabled by default,
dvlnet/protocol_zt.cpp|devilution::net::protocol_zt::set_nodelay(int fd),replaced,none (logged),ZeroTier online multiplayer is an outside service; disabled by default,
dvlnet/protocol_zt.cpp|devilution::net::protocol_zt::set_reuseaddr(int fd),replaced,none (logged),ZeroTier online multiplayer is an outside service; disabled by default,
dvlnet/protocol_zt.cpp|devilution::net::protocol_zt::network_online(),replaced,none (logged),ZeroTier online multiplayer is an outside service; disabled by default,
"dvlnet/protocol_zt.cpp|devilution::net::protocol_zt::send(const endpoint &peer, const buffer_t &data)",replaced,none (logged),ZeroTier online multiplayer is an outside service; disabled by default,
"dvlnet/protocol_zt.cpp|devilution::net::protocol_zt::send_oob(const endpoint &peer, const buffer_t &data)",replaced,none (logged),ZeroTier online multiplayer is an outside service; disabled by default,
dvlnet/protocol_zt.cpp|devilution::net::protocol_zt::send_oob_mc(const buffer_t &data),replaced,none (logged),ZeroTier online multiplayer is an outside service; disabled by default,
dvlnet/protocol_zt.cpp|devilution::net::protocol_zt::send_queued_peer(const endpoint &peer),replaced,none (logged),ZeroTier online multiplayer is an outside service; disabled by default,
dvlnet/protocol_zt.cpp|devilution::net::protocol_zt::recv_peer(const endpoint &peer),replaced,none (logged),ZeroTier online multiplayer is an outside service; disabled by default,
dvlnet/protocol_zt.cpp|devilution::net::protocol_zt::send_queued_all(),replaced,none (logged),ZeroTier online multiplayer is an outside service; disabled by default,
dvlnet/protocol_zt.cpp|devilution::net::protocol_zt::recv_from_peers(),replaced,none (logged),ZeroTier online multiplayer is an outside service; disabled by default,
dvlnet/protocol_zt.cpp|devilution::net::protocol_zt::recv_from_udp(),replaced,none (logged),ZeroTier online multiplayer is an outside service; disabled by default,
dvlnet/protocol_zt.cpp|devilution::net::protocol_zt::accept_all(),replaced,none (logged),ZeroTier online multiplayer is an outside service; disabled by default,
"dvlnet/protocol_zt.cpp|devilution::net::protocol_zt::recv(endpoint &peer, buffer_t &data)",replaced,none (logged),ZeroTier online multiplayer is an outside service; disabled by default,
dvlnet/protocol_zt.cpp|devilution::net::protocol_zt::get_disconnected(endpoint &peer),replaced,none (logged),ZeroTier online multiplayer is an outside service; disabled by default,
dvlnet/protocol_zt.cpp|devilution::net::protocol_zt::disconnect(const endpoint &peer),replaced,none (logged),ZeroTier online multiplayer is an outside service; disabled by default,
dvlnet/protocol_zt.cpp|devilution::net::protocol_zt::close_all(),replaced,none (logged),ZeroTier online multiplayer is an outside service; disabled by default,
dvlnet/protocol_zt.cpp|devilution::net::protocol_zt::~protocol_zt(),replaced,none (logged),ZeroTier online multiplayer is an outside service; disabled by default,
dvlnet/protocol_zt.cpp|devilution::net::protocol_zt::endpoint::from_string(const std::string &str),replaced,none (logged),ZeroTier online multiplayer is an outside service; disabled by default,
dvlnet/protocol_zt.cpp|devilution::net::protocol_zt::current_ms(),replaced,none (logged),ZeroTier online multiplayer is an outside service; disabled by default,
dvlnet/protocol_zt.cpp|devilution::net::protocol_zt::is_peer_connected(endpoint &peer),replaced,none (logged),ZeroTier online multiplayer is an outside service; disabled by default,
dvlnet/protocol_zt.cpp|devilution::net::protocol_zt::make_default_gamename(),replaced,none (logged),ZeroTier online multiplayer is an outside service; disabled by default,
dvlnet/protocol_zt.h|devilution::net::protocol_exception::what(),replaced,none (logged),ZeroTier online multiplayer is an outside service; disabled by default,
dvlnet/protocol_zt.h|devilution::net::protocol_zt::endpoint::operatorbool(),replaced,none (logged),ZeroTier online multiplayer is an outside service; disabled by default,
dvlnet/protocol_zt.h|devilution::net::protocol_zt::endpoint::operator==(const endpoint &rhs),replaced,none (logged),ZeroTier online multiplayer is an outside service; disabled by default,
dvlnet/protocol_zt.h|devilution::net::protocol_zt::endpoint::operator!=(const endpoint &rhs),replaced,none (logged),ZeroTier online multiplayer is an outside service; disabled by default,
dvlnet/protocol_zt.h|devilution::net::protocol_zt::endpoint::operator<(const endpoint &rhs),replaced,none (logged),ZeroTier online multiplayer is an outside service; disabled by default,
dvlnet/protocol_zt.h|devilution::net::protocol_zt::endpoint::serialize(),replaced,none (logged),ZeroTier online multiplayer is an outside service; disabled by default,
dvlnet/protocol_zt.h|devilution::net::protocol_zt::endpoint::unserialize(const buffer_t &buf),replaced,none (logged),ZeroTier online multiplayer is an outside service; disabled by default,
dvlnet/tcp_client.cpp|devilution::net::tcp_client::create(std::string addrstr),pending,,,
dvlnet/tcp_client.cpp|devilution::net::tcp_client::join(std::string addrstr),pending,,,
dvlnet/tcp_client.cpp|devilution::net::tcp_client::IsGameHost(),pending,,,
dvlnet/tcp_client.cpp|devilution::net::tcp_client::poll(),pending,,,
"dvlnet/tcp_client.cpp|devilution::net::tcp_client::HandleReceive(const asio::error_code &error, size_t bytesRead)",pending,,,
dvlnet/tcp_client.cpp|devilution::net::tcp_client::StartReceive(),pending,,,
"dvlnet/tcp_client.cpp|devilution::net::tcp_client::HandleSend(const asio::error_code &error, size_t bytesSent)",pending,,,
dvlnet/tcp_client.cpp|devilution::net::tcp_client::send(packet &pkt),pending,,,
dvlnet/tcp_client.cpp|devilution::net::tcp_client::SNetLeaveGame(int type),pending,,,
dvlnet/tcp_client.cpp|devilution::net::tcp_client::make_default_gamename(),pending,,,
"dvlnet/tcp_server.cpp|devilution::net::tcp_server::tcp_server(asio::io_context &ioc, const std::string &bindaddr, unsigned short port, packet_factory &pktfty)",pending,,,
dvlnet/tcp_server.cpp|devilution::net::tcp_server::LocalhostSelf(),pending,,,
dvlnet/tcp_server.cpp|devilution::net::tcp_server::MakeConnection(),pending,,,
dvlnet/tcp_server.cpp|devilution::net::tcp_server::NextFree(),pending,,,
dvlnet/tcp_server.cpp|devilution::net::tcp_server::Empty(),pending,,,
dvlnet/tcp_server.cpp|devilution::net::tcp_server::StartReceive(const scc &con),pending,,,
"dvlnet/tcp_server.cpp|devilution::net::tcp_server::HandleReceive(const scc &con, const asio::error_code &ec, size_t bytesRead)",pending,,,
"dvlnet/tcp_server.cpp|devilution::net::tcp_server::HandleReceiveNewPlayer(const scc &con, packet &pkt)",pending,,,
dvlnet/tcp_server.cpp|devilution::net::tcp_server::HandleReceivePacket(packet &pkt),pending,,,
dvlnet/tcp_server.cpp|devilution::net::tcp_server::SendPacket(packet &pkt),pending,,,
"dvlnet/tcp_server.cpp|devilution::net::tcp_server::StartSend(const scc &con, packet &pkt)",pending,,,
"dvlnet/tcp_server.cpp|devilution::net::tcp_server::HandleSend(const scc &con, const asio::error_code &ec, size_t bytesSent)",pending,,,
dvlnet/tcp_server.cpp|devilution::net::tcp_server::StartAccept(),pending,,,
"dvlnet/tcp_server.cpp|devilution::net::tcp_server::HandleAccept(const scc &con, const asio::error_code &ec)",pending,,,
dvlnet/tcp_server.cpp|devilution::net::tcp_server::StartTimeout(const scc &con),pending,,,
"dvlnet/tcp_server.cpp|devilution::net::tcp_server::HandleTimeout(const scc &con, const asio::error_code &ec)",pending,,,
dvlnet/tcp_server.cpp|devilution::net::tcp_server::DropConnection(const scc &con),pending,,,
dvlnet/tcp_server.cpp|devilution::net::tcp_server::Close(),pending,,,
dvlnet/tcp_server.h|devilution::net::server_exception::what(),pending,,,
dvlnet/tcp_server.h|devilution::net::tcp_server::client_connection::client_connection(asio::io_context &ioc),pending,,,
dvlnet/zerotier_lwip.cpp|devilution::net::print_ip6_addr(void *x),replaced,none (logged),ZeroTier online multiplayer is an outside service; disabled by default,
dvlnet/zerotier_lwip.cpp|devilution::net::zt_ip6setup(),replaced,none (logged),ZeroTier online multiplayer is an outside service; disabled by default,
dvlnet/zerotier_native.cpp|devilution::net::Callback(void *ptr),replaced,none (logged),ZeroTier online multiplayer is an outside service; disabled by default,
dvlnet/zerotier_native.cpp|devilution::net::zerotier_network_ready(),replaced,none (logged),ZeroTier online multiplayer is an outside service; disabled by default,
dvlnet/zerotier_native.cpp|devilution::net::zerotier_network_start(),replaced,none (logged),ZeroTier online multiplayer is an outside service; disabled by default,
"effects.cpp|devilution::StreamPlay(TSFX *pSFX, int lVolume, int lPan)",ported,,,src/effects.rs
effects.cpp|devilution::StreamUpdate(),ported,,,src/effects.rs
"effects.cpp|devilution::PlaySfxPriv(TSFX *pSFX, bool loc, Point position)",ported,,,src/effects.rs
effects.cpp|devilution::RndSFX(_sfx_id psfx),ported,,,src/effects.rs
effects.cpp|devilution::PrivSoundInit(uint8_t bLoadMask),ported,,,src/effects.rs
effects.cpp|devilution::effect_is_playing(int nSFX),ported,,,src/effects.rs
effects.cpp|devilution::stream_stop(),ported,,,src/effects.rs
effects.cpp|devilution::PlaySFX(_sfx_id psfx),ported,,,src/effects.rs
"effects.cpp|devilution::PlaySfxLoc(_sfx_id psfx, Point position, bool randomizeByCategory)",ported,,,src/effects.rs
effects.cpp|devilution::sound_stop(),ported,,,src/effects.rs
effects.cpp|devilution::sound_update(),ported,,,src/effects.rs
effects.cpp|devilution::effects_cleanup_sfx(),ported,,,src/effects.rs
effects.cpp|devilution::sound_init(),ported,,,src/effects.rs
effects.cpp|devilution::ui_sound_init(),ported,,,src/effects.rs
effects.cpp|devilution::effects_play_sound(_sfx_id id),ported,,,src/effects.rs
effects.cpp|devilution::GetSFXLength(int nSFX),ported,,,src/effects.rs
effects_stubs.cpp|devilution::effect_is_playing(int nSFX),replaced,none,NOSOUND build-variant stubs; not compiled into the shipped exe,
effects_stubs.cpp|devilution::stream_stop(),replaced,none,NOSOUND build-variant stubs; not compiled into the shipped exe,
effects_stubs.cpp|devilution::PlaySFX(_sfx_id psfx),replaced,none,NOSOUND build-variant stubs; not compiled into the shipped exe,
"effects_stubs.cpp|devilution::PlaySfxLoc(_sfx_id psfx, Point position, bool randomizeByCategory)",replaced,none,NOSOUND build-variant stubs; not compiled into the shipped exe,
effects_stubs.cpp|devilution::sound_stop(),replaced,none,NOSOUND build-variant stubs; not compiled into the shipped exe,
effects_stubs.cpp|devilution::sound_update(),replaced,none,NOSOUND build-variant stubs; not compiled into the shipped exe,
effects_stubs.cpp|devilution::effects_cleanup_sfx(),replaced,none,NOSOUND build-variant stubs; not compiled into the shipped exe,
effects_stubs.cpp|devilution::sound_init(),replaced,none,NOSOUND build-variant stubs; not compiled into the shipped exe,
effects_stubs.cpp|devilution::ui_sound_init(),replaced,none,NOSOUND build-variant stubs; not compiled into the shipped exe,
effects_stubs.cpp|devilution::effects_play_sound(_sfx_id id),replaced,none,NOSOUND build-variant stubs; not compiled into the shipped exe,
effects_stubs.cpp|devilution::GetSFXLength(int nSFX),replaced,none,NOSOUND build-variant stubs; not compiled into the shipped exe,
"encrypt.cpp|devilution::PkwareBufferRead(char *buf, unsigned int *size, void *param)",replaced,slice input to pkware::explode,callback adapter for the C implode/explode API,
"encrypt.cpp|devilution::PkwareBufferWrite(char *buf, unsigned int *size, void *param)",replaced,Vec output of pkware::explode,callback adapter for the C implode/explode API,
"encrypt.cpp|devilution::Decrypt(uint32_t *castBlock, uint32_t size, uint32_t key)",ported,,,src/encrypt.rs
"encrypt.cpp|devilution::Encrypt(uint32_t *castBlock, uint32_t size, uint32_t key)",ported,,,src/encrypt.rs
"encrypt.cpp|devilution::Hash(const char *s, int type)",ported,,,src/encrypt.rs
"encrypt.cpp|devilution::PkwareCompress(byte *srcData, uint32_t size)",ported,,,src/encrypt.rs
"encrypt.cpp|devilution::PkwareDecompress(byte *inBuff, uint32_t recvSize, int maxBytes)",ported,,,src/encrypt.rs
"engine.cpp|devilution::DrawHalfTransparentUnalignedBlendedRectTo(const Surface &out, unsigned sx, unsigned sy, unsigned width, unsigned height)",ported,,,src/engine/mod.rs
"engine.cpp|devilution::DrawHalfTransparentAligned32BlendedRectTo(const Surface &out, unsigned sx, unsigned sy, unsigned width, unsigned height)",pending,,,
"engine.cpp|devilution::DrawHalfTransparentBlendedRectTo(const Surface &out, unsigned sx, unsigned sy, unsigned width, unsigned height)",pending,,,
"engine.cpp|devilution::DrawHorizontalLine(const Surface &out, Point from, int width, std::uint8_t colorIndex)",ported,,,src/engine/mod.rs
"engine.cpp|devilution::UnsafeDrawHorizontalLine(const Surface &out, Point from, int width, std::uint8_t colorIndex)",ported,,,src/engine/mod.rs
"engine.cpp|devilution::DrawVerticalLine(const Surface &out, Point from, int height, std::uint8_t colorIndex)",ported,,,src/engine/mod.rs
"engine.cpp|devilution::UnsafeDrawVerticalLine(const Surface &out, Point from, int height, std::uint8_t colorIndex)",ported,,,src/engine/mod.rs
"engine.cpp|devilution::DrawHalfTransparentRectTo(const Surface &out, int sx, int sy, int width, int height)",ported,,,src/engine/mod.rs
"engine.cpp|devilution::UnsafeDrawBorder2px(const Surface &out, Rectangle rect, uint8_t color)",ported,,,src/engine/mod.rs
"engine.cpp|devilution::GetDirection(Point start, Point destination)",ported,,,src/engine/mod.rs
engine.cpp|devilution::CalculateWidth2(int width),ported,,,src/engine/mod.rs
"engine.h|devilution::IsAnyOf(const V &v, X x, Xs... xs)",pending,,,
"engine.h|devilution::IsNoneOf(const V &v, X x, Xs... xs)",pending,,,
"engine.h|devilution::GetAnimationFrame(int frames, int fps = 60)",ported,,,src/engine/mod.rs
engine/actor_position.cpp|devilution::RoundedWalkVelocity::getVelocity(VelocityToUse velocityToUse),ported,,,src/engine/actor_position.rs
engine/actor_position.cpp|devilution::WalkParameter::getVelocity(int8_t numberOfFrames),ported,,,src/engine/actor_position.rs
"engine/actor_position.cpp|devilution::ActorPosition::CalculateWalkingOffset(Direction dir, const AnimationInfo &animInfo)",ported,,,src/engine/actor_position.rs
"engine/actor_position.cpp|devilution::ActorPosition::CalculateWalkingOffsetShifted4(Direction dir, const AnimationInfo &animInfo)",ported,,,src/engine/actor_position.rs
"engine/actor_position.cpp|devilution::ActorPosition::CalculateWalkingOffsetShifted8(Direction dir, const AnimationInfo &animInfo)",ported,,,src/engine/actor_position.rs
"engine/actor_position.cpp|devilution::ActorPosition::GetWalkingVelocityShifted4(Direction dir, const AnimationInfo &animInfo)",ported,,,src/engine/actor_position.rs
"engine/actor_position.cpp|devilution::ActorPosition::GetWalkingVelocityShifted8(Direction dir, const AnimationInfo &animInfo)",ported,,,src/engine/actor_position.rs
engine/animationinfo.cpp|devilution::AnimationInfo::getFrameToUseForRendering(),ported,,,src/engine/animationinfo.rs
engine/animationinfo.cpp|devilution::AnimationInfo::getAnimationProgress(),ported,,,src/engine/animationinfo.rs
"engine/animationinfo.cpp|devilution::AnimationInfo::setNewAnimation(OptionalClxSpriteList celSprite, int8_t numberOfFrames, int8_t ticksPerFrame, AnimationDistributionFlags flags , int8_t numSkippedFrames , int8_t distributeFramesBeforeFrame , uint8_t previewShownGameTickFragments)",ported,,,src/engine/animationinfo.rs
"engine/animationinfo.cpp|devilution::AnimationInfo::changeAnimationData(OptionalClxSpriteList celSprite, int8_t numberOfFrames, int8_t ticksPerFrame)",ported,,,src/engine/animationinfo.rs
engine/animationinfo.cpp|devilution::AnimationInfo::processAnimation(bool reverseAnimation),ported,,,src/engine/animationinfo.rs
engine/animationinfo.cpp|devilution::AnimationInfo::getProgressToNextGameTick(),ported,,,src/engine/animationinfo.rs
engine/animationinfo.h|devilution::AnimationInfo::currentSprite(),pending,,,
engine/animationinfo.h|devilution::AnimationInfo::isLastFrame(),pending,,,
engine/assets.cpp|devilution::IsDebugLogging(),pending,,,
engine/assets.cpp|devilution::OpenOptionalRWops(const std::string &path),pending,,,
"engine/assets.cpp|devilution::FindMpqFile(const char *filename, MpqArchive **archive, uint32_t *fileNumber)",ported,,,src/engine/assets.rs
engine/assets.cpp|devilution::FindAsset(const char *filename),ported,,,src/engine/assets.rs
"engine/assets.cpp|devilution::OpenAsset(AssetRef &&ref, bool threadsafe)",ported,,,src/engine/assets.rs
"engine/assets.cpp|devilution::OpenAsset(const char *filename, bool threadsafe)",ported,,,src/engine/assets.rs
"engine/assets.cpp|devilution::OpenAsset(const char *filename, size_t &fileSize, bool threadsafe)",pending,,,
"engine/assets.cpp|devilution::OpenAssetAsSdlRwOps(const char *filename, bool threadsafe)",pending,,,
engine/assets.hpp|devilution::AssetRef::AssetRef(AssetRef &&other),pending,,,
engine/assets.hpp|devilution::AssetRef::operator=(AssetRef &&other),pending,,,
engine/assets.hpp|devilution::AssetRef::~AssetRef(),pending,,,
engine/assets.hpp|devilution::AssetRef::ok(),pending,,,
engine/assets.hpp|devilution::AssetRef::error(),pending,,,
engine/assets.hpp|devilution::AssetRef::size(),pending,,,
engine/assets.hpp|devilution::AssetHandle::AssetHandle(SDL_RWops *handle),pending,,,
engine/assets.hpp|devilution::AssetHandle::AssetHandle(AssetHandle &&other),pending,,,
engine/assets.hpp|devilution::AssetHandle::operator=(AssetHandle &&other),pending,,,
engine/assets.hpp|devilution::AssetHandle::~AssetHandle(),pending,,,
engine/assets.hpp|devilution::AssetHandle::ok(),pending,,,
"engine/assets.hpp|devilution::AssetHandle::read(void *buffer, size_t len)",pending,,,
engine/assets.hpp|devilution::AssetHandle::seek(long pos),pending,,,
engine/assets.hpp|devilution::AssetHandle::error(),pending,,,
engine/assets.hpp|devilution::AssetHandle::release(),pending,,,
"engine/assets.hpp|devilution::FailedToOpenFileError(const char *path, const char *error)",ported,,,src/engine/assets.rs
"engine/assets.hpp|devilution::ValidatAssetRef(const char *path, const AssetRef &ref)",pending,,,
"engine/assets.hpp|devilution::ValidateHandle(const char *path, const AssetHandle &handle)",ported,,,src/engine/assets.rs
engine/backbuffer_state.cpp|devilution::GetBackbufferState(),ported,,,src/engine/backbuffer_state.rs
engine/backbuffer_state.cpp|devilution::IsRedrawEverything(),ported,,,src/engine/backbuffer_state.rs
engine/backbuffer_state.cpp|devilution::RedrawViewport(),ported,,,src/engine/backbuffer_state.rs
engine/backbuffer_state.cpp|devilution::IsRedrawViewport(),ported,,,src/engine/backbuffer_state.rs
engine/backbuffer_state.cpp|devilution::RedrawComplete(),ported,,,src/engine/backbuffer_state.rs
engine/backbuffer_state.cpp|devilution::RedrawEverything(),ported,,,src/engine/backbuffer_state.rs
engine/backbuffer_state.cpp|devilution::InitBackbufferState(),ported,,,src/engine/backbuffer_state.rs
engine/backbuffer_state.cpp|devilution::RedrawComponent(PanelDrawComponent component),ported,,,src/engine/backbuffer_state.rs
engine/backbuffer_state.cpp|devilution::IsRedrawComponent(PanelDrawComponent component),ported,,,src/engine/backbuffer_state.rs
engine/backbuffer_state.cpp|devilution::RedrawComponentComplete(PanelDrawComponent component),ported,,,src/engine/backbuffer_state.rs
engine/backbuffer_state.cpp|devilution::GetDrawnCursor(),ported,,,src/engine/backbuffer_state.rs
engine/circle.hpp|devilution::Circle::contains(Point point),ported,,,src/engine/geometry.rs
"engine/clx_sprite.hpp|devilution::ClxSprite::ClxSprite(const uint8_t *data, uint32_t dataSize)",pending,,,
engine/clx_sprite.hpp|devilution::ClxSprite::width(),pending,,,
engine/clx_sprite.hpp|devilution::ClxSprite::height(),pending,,,
engine/clx_sprite.hpp|devilution::ClxSprite::pixelData(),pending,,,
engine/clx_sprite.hpp|devilution::ClxSprite::pixelDataSize(),pending,,,
engine/clx_sprite.hpp|devilution::ClxSprite::operator==(const ClxSprite &other),pending,,,
engine/clx_sprite.hpp|devilution::ClxSprite::operator!=(const ClxSprite &other),pending,,,
engine/clx_sprite.hpp|devilution::ClxSprite::ClxSprite(),pending,,,
engine/clx_sprite.hpp|devilution::ClxSpriteList::ClxSpriteList(const uint8_t *data),pending,,,
engine/clx_sprite.hpp|devilution::ClxSpriteList::numSprites(),pending,,,
engine/clx_sprite.hpp|devilution::ClxSpriteList::operator[](size_t spriteIndex),pending,,,
engine/clx_sprite.hpp|devilution::ClxSpriteList::spriteOffset(size_t spriteIndex),pending,,,
engine/clx_sprite.hpp|devilution::ClxSpriteList::nextSpriteSheetOffsetOrFileSize(),pending,,,
engine/clx_sprite.hpp|devilution::ClxSpriteList::data(),pending,,,
engine/clx_sprite.hpp|devilution::ClxSpriteList::ClxSpriteList(),pending,,,
"engine/clx_sprite.hpp|devilution::ClxSpriteListIterator::ClxSpriteListIterator(ClxSpriteList list, size_t index)",pending,,,
engine/clx_sprite.hpp|devilution::ClxSpriteListIterator::operator*(),pending,,,
engine/clx_sprite.hpp|devilution::ClxSpriteListIterator::operator++(),pending,,,
engine/clx_sprite.hpp|devilution::ClxSpriteListIterator::operator++(int),pending,,,
engine/clx_sprite.hpp|devilution::ClxSpriteListIterator::operator==(const ClxSpriteListIterator &other),pending,,,
engine/clx_sprite.hpp|devilution::ClxSpriteListIterator::operator!=(const ClxSpriteListIterator &other),pending,,,
engine/clx_sprite.hpp|devilution::ClxSpriteList::begin(),pending,,,
engine/clx_sprite.hpp|devilution::ClxSpriteList::end(),pending,,,
"engine/clx_sprite.hpp|devilution::ClxSpriteSheet::ClxSpriteSheet(const uint8_t *data, uint16_t numLists)",pending,,,
engine/clx_sprite.hpp|devilution::ClxSpriteSheet::numLists(),pending,,,
engine/clx_sprite.hpp|devilution::ClxSpriteSheet::operator[](size_t sheetIndex),pending,,,
engine/clx_sprite.hpp|devilution::ClxSpriteSheet::sheetOffset(size_t sheetIndex),pending,,,
engine/clx_sprite.hpp|devilution::ClxSpriteSheet::data(),pending,,,
engine/clx_sprite.hpp|devilution::ClxSpriteSheet::ClxSpriteSheet(),pending,,,
"engine/clx_sprite.hpp|devilution::ClxSpriteSheetIterator::ClxSpriteSheetIterator(ClxSpriteSheet sheet, size_t index)",pending,,,
engine/clx_sprite.hpp|devilution::ClxSpriteSheetIterator::operator*(),pending,,,
engine/clx_sprite.hpp|devilution::ClxSpriteSheetIterator::operator++(),pending,,,
engine/clx_sprite.hpp|devilution::ClxSpriteSheetIterator::operator++(int),pending,,,
engine/clx_sprite.hpp|devilution::ClxSpriteSheetIterator::operator==(const ClxSpriteSheetIterator &other),pending,,,
engine/clx_sprite.hpp|devilution::ClxSpriteSheetIterator::operator!=(const ClxSpriteSheetIterator &other),pending,,,
engine/clx_sprite.hpp|devilution::ClxSpriteSheet::begin(),pending,,,
engine/clx_sprite.hpp|devilution::ClxSpriteSheet::end(),pending,,,
engine/clx_sprite.hpp|devilution::OwnedClxSpriteList::OwnedClxSpriteList(std::unique_ptr<uint8_t[]> &&data),pending,,,
engine/clx_sprite.hpp|devilution::OwnedClxSpriteList::clone(),pending,,,
engine/clx_sprite.hpp|devilution::OwnedClxSpriteList::operator[](size_t spriteIndex),pending,,,
engine/clx_sprite.hpp|devilution::ClxSpriteList::ClxSpriteList(const OwnedClxSpriteList &owned),pending,,,
engine/clx_sprite.hpp|devilution::ClxSpriteList::clone(),pending,,,
"engine/clx_sprite.hpp|devilution::OwnedClxSpriteSheet::OwnedClxSpriteSheet(std::unique_ptr<uint8_t[]> &&data, uint16_t numLists)",pending,,,
engine/clx_sprite.hpp|devilution::OwnedClxSpriteSheet::operator[](size_t sheetIndex),pending,,,
engine/clx_sprite.hpp|devilution::OwnedClxSpriteSheet::begin(),pending,,,
engine/clx_sprite.hpp|devilution::OwnedClxSpriteSheet::end(),pending,,,
engine/clx_sprite.hpp|devilution::OwnedClxSpriteSheet::OwnedClxSpriteSheet(),pending,,,
engine/clx_sprite.hpp|devilution::ClxSpriteSheet::ClxSpriteSheet(const OwnedClxSpriteSheet &owned),pending,,,
"engine/clx_sprite.hpp|devilution::GetNumListsFromClxListOrSheetBuffer(const uint8_t *data, size_t size)",ported,,,src/engine/clx_sprite.rs
"engine/clx_sprite.hpp|devilution::ClxSpriteListOrSheet::ClxSpriteListOrSheet(const uint8_t *data, uint16_t numLists)",pending,,,
engine/clx_sprite.hpp|devilution::ClxSpriteListOrSheet::list(),pending,,,
engine/clx_sprite.hpp|devilution::ClxSpriteListOrSheet::sheet(),pending,,,
engine/clx_sprite.hpp|devilution::ClxSpriteListOrSheet::isSheet(),pending,,,
engine/clx_sprite.hpp|devilution::ClxSpriteListOrSheet::ClxSpriteListOrSheet(),pending,,,
"engine/clx_sprite.hpp|devilution::OwnedClxSpriteListOrSheet::FromBuffer(std::unique_ptr<uint8_t[]> &&data, size_t size)",pending,,,
"engine/clx_sprite.hpp|devilution::OwnedClxSpriteListOrSheet::OwnedClxSpriteListOrSheet(std::unique_ptr<uint8_t[]> &&data, uint16_t numLists)",pending,,,
engine/clx_sprite.hpp|devilution::OwnedClxSpriteListOrSheet::OwnedClxSpriteListOrSheet(OwnedClxSpriteSheet &&sheet),pending,,,
engine/clx_sprite.hpp|devilution::OwnedClxSpriteListOrSheet::OwnedClxSpriteListOrSheet(OwnedClxSpriteList &&list),pending,,,
engine/clx_sprite.hpp|devilution::OwnedClxSpriteListOrSheet::list(),pending,,,
engine/clx_sprite.hpp|devilution::OwnedClxSpriteListOrSheet::list()#2,pending,,,
engine/clx_sprite.hpp|devilution::OwnedClxSpriteListOrSheet::sheet(),pending,,,
engine/clx_sprite.hpp|devilution::OwnedClxSpriteListOrSheet::sheet()#2,pending,,,
engine/clx_sprite.hpp|devilution::OwnedClxSpriteListOrSheet::isSheet(),pending,,,
engine/clx_sprite.hpp|devilution::OwnedClxSpriteListOrSheet::OwnedClxSpriteListOrSheet(),pending,,,
engine/clx_sprite.hpp|devilution::ClxSpriteListOrSheet::ClxSpriteListOrSheet(const OwnedClxSpriteListOrSheet &listOrSheet),pending,,,
"engine/demomode.cpp|devilution::ReadSettings(FILE *in, uint8_t version)",pending,,,
engine/demomode.cpp|devilution::WriteSettings(FILE *out),pending,,,
"engine/demomode.cpp|devilution::CreateSdlEvent(const DemoMsg &dmsg, SDL_Event &event, uint16_t &modState)",pending,,,
engine/demomode.cpp|devilution::LogDemoMessage(const DemoMsg &msg),pending,,,
engine/demomode.cpp|devilution::LoadDemoMessages(int i),pending,,,
engine/demomode.cpp|devilution::RecordEventHeader(const SDL_Event &event),pending,,,
"engine/demomode.cpp|devilution::demo::InitPlayBack(int demoNumber, bool timedemo)",pending,,,
"engine/demomode.cpp|devilution::demo::InitRecording(int recordNumber, bool createDemoReference)",pending,,,
engine/demomode.cpp|devilution::demo::OverrideOptions(),pending,,,
engine/demomode.cpp|devilution::demo::IsRunning(),ported,,,src/engine/demomode.rs
engine/demomode.cpp|devilution::demo::IsRecording(),ported,,,src/engine/demomode.rs
"engine/demomode.cpp|devilution::demo::GetRunGameLoop(bool &drawGame, bool &processInput)",pending,,,
"engine/demomode.cpp|devilution::demo::FetchMessage(SDL_Event *event, uint16_t *modState)",pending,,,
engine/demomode.cpp|devilution::demo::RecordGameLoopResult(bool runGameLoop),pending,,,
"engine/demomode.cpp|devilution::demo::RecordMessage(const SDL_Event &event, uint16_t modState)",pending,,,
engine/demomode.cpp|devilution::demo::NotifyGameLoopStart(),pending,,,
engine/demomode.cpp|devilution::demo::NotifyGameLoopEnd(),pending,,,
engine/direction.cpp|devilution::DirectionToString(Direction direction),ported,,,src/engine/geometry.rs
engine/direction.hpp|devilution::Left(Direction facing),ported,,,src/engine/geometry.rs
engine/direction.hpp|devilution::Right(Direction facing),ported,,,src/engine/geometry.rs
engine/direction.hpp|devilution::Opposite(Direction facing),ported,,,src/engine/geometry.rs
engine/displacement.hpp|devilution::DisplacementOf::DisplacementOf(DisplacementOf<DisplacementDeltaT> other),ported,,,src/engine/geometry.rs
"engine/displacement.hpp|devilution::DisplacementOf::DisplacementOf(DeltaT deltaX, DeltaT deltaY)",ported,,,src/engine/geometry.rs
engine/displacement.hpp|devilution::DisplacementOf::DisplacementOf(DeltaT delta),ported,,,src/engine/geometry.rs
engine/displacement.hpp|devilution::DisplacementOf::DisplacementOf(const SizeOf<SizeT> &size),ported,,,src/engine/geometry.rs
engine/displacement.hpp|devilution::DisplacementOf::DisplacementOf(Direction direction),ported,,,src/engine/geometry.rs
engine/displacement.hpp|devilution::DisplacementOf::operator==(const DisplacementOf<DisplacementDeltaT> &other),ported,,,src/engine/geometry.rs
engine/displacement.hpp|devilution::DisplacementOf::operator!=(const DisplacementOf<DisplacementDeltaT> &other),ported,,,src/engine/geometry.rs
engine/displacement.hpp|devilution::DisplacementOf::operator+=(DisplacementOf<DisplacementDeltaT> displacement),ported,,,src/engine/geometry.rs
engine/displacement.hpp|devilution::DisplacementOf::operator-=(DisplacementOf<DisplacementDeltaT> displacement),ported,,,src/engine/geometry.rs
engine/displacement.hpp|devilution::DisplacementOf::operator*=(const int factor),ported,,,src/engine/geometry.rs
engine/displacement.hpp|devilution::DisplacementOf::operator*=(const float factor),ported,,,src/engine/geometry.rs
engine/displacement.hpp|devilution::DisplacementOf::operator*=(const DisplacementOf<DeltaU> factor),ported,,,src/engine/geometry.rs
engine/displacement.hpp|devilution::DisplacementOf::operator/=(const int factor),ported,,,src/engine/geometry.rs
engine/displacement.hpp|devilution::DisplacementOf::operator/=(const float factor),ported,,,src/engine/geometry.rs
engine/displacement.hpp|devilution::DisplacementOf::magnitude(),ported,,,src/engine/geometry.rs
engine/displacement.hpp|devilution::DisplacementOf::worldToScreen(),ported,,,src/engine/geometry.rs
engine/displacement.hpp|devilution::DisplacementOf::screenToWorld(),ported,,,src/engine/geometry.rs
engine/displacement.hpp|devilution::DisplacementOf::screenToMissile(),ported,,,src/engine/geometry.rs
engine/displacement.hpp|devilution::DisplacementOf::screenToLight(),ported,,,src/engine/geometry.rs
engine/displacement.hpp|devilution::DisplacementOf::worldToNormalScreen(),ported,,,src/engine/geometry.rs
engine/displacement.hpp|devilution::DisplacementOf::Rotate(int quadrants),ported,,,src/engine/geometry.rs
engine/displacement.hpp|devilution::DisplacementOf::flipX(),ported,,,src/engine/geometry.rs
engine/displacement.hpp|devilution::DisplacementOf::flipY(),ported,,,src/engine/geometry.rs
engine/displacement.hpp|devilution::DisplacementOf::flipXY(),ported,,,src/engine/geometry.rs
engine/displacement.hpp|devilution::DisplacementOf::fromDirection(Direction direction),ported,,,src/engine/geometry.rs
"engine/displacement.hpp|devilution::operator+(DisplacementOf<DisplacementDeltaT> a, DisplacementOf<OtherDisplacementDeltaT> b)",ported,,,src/engine/geometry.rs
"engine/displacement.hpp|devilution::operator-(DisplacementOf<DisplacementDeltaT> a, DisplacementOf<OtherDisplacementDeltaT> b)",ported,,,src/engine/geometry.rs
"engine/displacement.hpp|devilution::operator*(DisplacementOf<DisplacementDeltaT> a, const int factor)",ported,,,src/engine/geometry.rs
"engine/displacement.hpp|devilution::operator*(DisplacementOf<DisplacementDeltaT> a, const float factor)",ported,,,src/engine/geometry.rs
"engine/displacement.hpp|devilution::operator*(DisplacementOf<DisplacementDeltaT> a, const DisplacementOf<DisplacementDeltaU> factor)",ported,,,src/engine/geometry.rs
"engine/displacement.hpp|devilution::operator/(DisplacementOf<DisplacementDeltaT> a, const int factor)",ported,,,src/engine/geometry.rs
"engine/displacement.hpp|devilution::operator/(DisplacementOf<DisplacementDeltaT> a, const float factor)",ported,,,src/engine/geometry.rs
engine/displacement.hpp|devilution::operator-(DisplacementOf<DisplacementDeltaT> a),ported,,,src/engine/geometry.rs
"engine/displacement.hpp|devilution::operator<<(DisplacementOf<DisplacementDeltaT> a, unsigned factor)",ported,,,src/engine/geometry.rs
"engine/displacement.hpp|devilution::operator>>(DisplacementOf<DisplacementDeltaT> a, unsigned factor)",ported,,,src/engine/geometry.rs
engine/displacement.hpp|devilution::abs(DisplacementOf<DisplacementDeltaT> a),ported,,,src/engine/geometry.rs
engine/displacement.hpp|devilution::normalized(),ported,,,src/engine/geometry.rs
engine/dx.cpp|devilution::CanRenderDirectlyToOutputSurface(),pending,,,
engine/dx.cpp|devilution::LimitFrameRate(),ported,,,src/engine/dx.rs
engine/dx.cpp|devilution::dx_init(),ported,,,src/engine/dx.rs
engine/dx.cpp|devilution::GlobalBackBuffer(),ported,,,src/engine/dx.rs
engine/dx.cpp|devilution::dx_cleanup(),ported,,,src/engine/dx.rs
engine/dx.cpp|devilution::CreateBackBuffer(),ported,,,src/engine/dx.rs
engine/dx.cpp|devilution::InitPalette(),ported,,,src/engine/dx.rs
"engine/dx.cpp|devilution::BltFast(SDL_Rect *srcRect, SDL_Rect *dstRect)",ported,,,src/engine/dx.rs
"engine/dx.cpp|devilution::Blit(SDL_Surface *src, SDL_Rect *srcRect, SDL_Rect *dstRect)",ported,,,src/engine/dx.rs
engine/dx.cpp|devilution::RenderPresent(),ported,,,src/engine/dx.rs
"engine/dx.cpp|devilution::PaletteGetEntries(int dwNumEntries, SDL_Color *lpEntries)",ported,,,src/engine/dx.rs
"engine/events.cpp|devilution::FalseAvail(const char *name, int value)",pending,,,
"engine/events.cpp|devilution::FetchMessage_Real(SDL_Event *event, uint16_t *modState)",pending,,,
engine/events.cpp|devilution::SetEventHandler(EventHandler eventHandler),pending,,,
"engine/events.cpp|devilution::FetchMessage(SDL_Event *event, uint16_t *modState)",pending,,,
"engine/events.cpp|devilution::HandleMessage(const SDL_Event &event, uint16_t modState)",pending,,,
"engine/load_cel.cpp|devilution::LoadCelListOrSheet(const char *pszName, PointerOrValue<uint16_t> widthOrWidths)",ported,,,src/engine/load_sprites.rs
"engine/load_cel.hpp|devilution::LoadCel(const char *pszName, uint16_t width)",ported,,,src/engine/load_sprites.rs
"engine/load_cel.hpp|devilution::LoadCel(const char *pszName, const uint16_t *widths)",ported,,,src/engine/load_sprites.rs
"engine/load_cel.hpp|devilution::LoadCelSheet(const char *pszName, uint16_t width)",ported,,,src/engine/load_sprites.rs
"engine/load_cl2.cpp|devilution::LoadCl2ListOrSheet(const char *pszName, PointerOrValue<uint16_t> widthOrWidths)",ported,,,src/engine/load_sprites.rs
"engine/load_cl2.hpp|devilution::LoadMultipleCl2Sheet(tl::function_ref<const char *(size_t)> filenames, size_t count, uint16_t width)",ported,,,src/engine/load_sprites.rs
"engine/load_cl2.hpp|devilution::LoadCl2(const char *pszName, uint16_t width)",ported,,,src/engine/load_sprites.rs
"engine/load_cl2.hpp|devilution::LoadCl2(const char *pszName, const uint16_t *widths)",ported,,,src/engine/load_sprites.rs
"engine/load_cl2.hpp|devilution::LoadCl2Sheet(const char *pszName, uint16_t width)",ported,,,src/engine/load_sprites.rs
engine/load_clx.cpp|devilution::LoadOptionalClxListOrSheet(const char *path),ported,,,src/engine/load_sprites.rs
engine/load_clx.cpp|devilution::LoadClxListOrSheet(const char *path),ported,,,src/engine/load_sprites.rs
engine/load_clx.hpp|devilution::LoadClx(const char *path),ported,,,src/engine/load_sprites.rs
engine/load_clx.hpp|devilution::LoadClxSheet(const char *path),ported,,,src/engine/load_sprites.rs
engine/load_clx.hpp|devilution::LoadOptionalClx(const char *path),ported,,,src/engine/load_sprites.rs
"engine/load_file.hpp|devilution::LoadFileInMem(const char *path, T *data)",pending,,,
"engine/load_file.hpp|devilution::LoadFileInMem(const char *path, T *data, std::size_t count)",ported,,,src/engine/load_file.rs
"engine/load_file.hpp|devilution::LoadOptionalFileInMem(const char *path, T *data, std::size_t count)",ported,,,src/engine/load_file.rs
"engine/load_file.hpp|devilution::LoadFileInMem(const char *path, std::array<T, N> &data)",ported,,,src/engine/load_file.rs
"engine/load_file.hpp|devilution::LoadFileInMem(const char *path, std::size_t *numRead = nullptr)",ported,,,src/engine/load_file.rs
engine/load_file.hpp|devilution::MultiFileLoader::DefaultFilterFn::operator()(),pending,,,
engine/load_file.hpp|devilution::MultiFileLoader::operator()(),pending,,,
"engine/load_pcx.cpp|devilution::LoadPcxSpriteList(const char *filename, int numFramesOrFrameHeight, std::optional<uint8_t> transparentColor, SDL_Color *outPalette, bool logError)",ported,,,src/engine/load_sprites.rs
"engine/load_pcx.hpp|devilution::LoadPcx(const char *filename, std::optional<uint8_t> transparentColor = std::nullopt, SDL_Color *outPalette = nullptr, bool logError = true)",ported,,,src/engine/load_sprites.rs
engine/palette.cpp|devilution::LoadGamma(),ported,,,src/engine/palette.rs
"engine/palette.cpp|devilution::FindBestMatchForColor(std::array<SDL_Color, 256> &palette, SDL_Color color, int skipFrom, int skipTo)",ported,,,src/engine/palette.rs
"engine/palette.cpp|devilution::GenerateBlendedLookupTable(std::array<SDL_Color, 256> &palette, int skipFrom, int skipTo, int toUpdate = 256)",ported,,,src/engine/palette.rs
"engine/palette.cpp|devilution::CycleColors(int from, int to)",ported,,,src/engine/palette.rs
"engine/palette.cpp|devilution::CycleColorsReverse(int from, int to)",ported,,,src/engine/palette.rs
"engine/palette.cpp|devilution::palette_update(int first, int ncolor)",ported,,,src/engine/palette.rs
"engine/palette.cpp|devilution::ApplyGamma(std::array<SDL_Color, 256> &dst, const std::array<SDL_Color, 256> &src, int n)",ported,,,src/engine/palette.rs
engine/palette.cpp|devilution::palette_init(),ported,,,src/engine/palette.rs
"engine/palette.cpp|devilution::LoadPalette(const char *pszFileName, bool blend)",ported,,,src/engine/palette.rs
engine/palette.cpp|devilution::LoadRndLvlPal(dungeon_type l),ported,,,src/engine/palette.rs
engine/palette.cpp|devilution::IncreaseGamma(),ported,,,src/engine/palette.rs
engine/palette.cpp|devilution::DecreaseGamma(),ported,,,src/engine/palette.rs
engine/palette.cpp|devilution::UpdateGamma(int gamma),ported,,,src/engine/palette.rs
"engine/palette.cpp|devilution::SetFadeLevel(int fadeval, bool updateHardwareCursor)",ported,,,src/engine/palette.rs
engine/palette.cpp|devilution::BlackPalette(),ported,,,src/engine/palette.rs
engine/palette.cpp|devilution::PaletteFadeIn(int fr),ported,,,src/engine/palette.rs
engine/palette.cpp|devilution::PaletteFadeOut(int fr),ported,,,src/engine/palette.rs
engine/palette.cpp|devilution::palette_update_caves(),ported,,,src/engine/palette.rs
engine/palette.cpp|devilution::palette_update_crypt(),ported,,,src/engine/palette.rs
engine/palette.cpp|devilution::palette_update_hive(),ported,,,src/engine/palette.rs
engine/palette.cpp|devilution::palette_update_quest_palette(int n),ported,,,src/engine/palette.rs
engine/path.cpp|devilution::PathNode::position(),pending,,,
engine/path.cpp|devilution::PathNode::addChild(uint16_t childIndex),ported,,,src/engine/path.rs
engine/path.cpp|devilution::GetNode1(Point targetPosition),ported,,,src/engine/path.rs
engine/path.cpp|devilution::NextNode(uint16_t front),ported,,,src/engine/path.rs
engine/path.cpp|devilution::GetNode2(Point targetPosition),ported,,,src/engine/path.rs
engine/path.cpp|devilution::GetNextPath(),ported,,,src/engine/path.rs
engine/path.cpp|devilution::NewStep(),ported,,,src/engine/path.rs
engine/path.cpp|devilution::PushActiveStep(uint16_t pPath),ported,,,src/engine/path.rs
engine/path.cpp|devilution::PopActiveStep(),ported,,,src/engine/path.rs
"engine/path.cpp|devilution::CheckEqual(Point startPosition, Point destinationPosition)",ported,,,src/engine/path.rs
engine/path.cpp|devilution::SetCoords(uint16_t pPath),ported,,,src/engine/path.rs
"engine/path.cpp|devilution::GetPathDirection(Point startPosition, Point destinationPosition)",ported,,,src/engine/path.rs
"engine/path.cpp|devilution::GetHeuristicCost(Point startPosition, Point destinationPosition)",ported,,,src/engine/path.rs
"engine/path.cpp|devilution::ParentPath(uint16_t pathIndex, Point candidatePosition, Point destinationPosition)",ported,,,src/engine/path.rs
"engine/path.cpp|devilution::GetPath(tl::function_ref<bool(Point)> posOk, uint16_t pathIndex, Point destination)",ported,,,src/engine/path.rs
engine/path.cpp|devilution::IsTileNotSolid(Point position),ported,,,src/engine/path.rs
engine/path.cpp|devilution::IsTileSolid(Point position),ported,,,src/engine/path.rs
"engine/path.cpp|devilution::IsTileWalkable(Point position, bool ignoreDoors)",ported,,,src/engine/path.rs
engine/path.cpp|devilution::IsTileOccupied(Point position),ported,,,src/engine/path.rs
"engine/path.cpp|devilution::FindPath(tl::function_ref<bool(Point)> posOk, Point startPosition, Point destinationPosition, int8_t path[MaxPathLength])",ported,,,src/engine/path.rs
"engine/path.cpp|devilution::path_solid_pieces(Point startPosition, Point destinationPosition)",ported,,,src/engine/path.rs
"engine/path.cpp|devilution::FindClosestValidPosition(tl::function_ref<bool(Point)> posOk, Point startingPosition, unsigned int minimumRadius, unsigned int maximumRadius)",ported,,,src/engine/path.rs
engine/point.hpp|devilution::PointOf::PointOf(PointOf<PointCoordT> other),ported,,,src/engine/geometry.rs
"engine/point.hpp|devilution::PointOf::PointOf(CoordT x, CoordT y)",ported,,,src/engine/geometry.rs
engine/point.hpp|devilution::PointOf::operator==(const PointOf<PointCoordT> &other),ported,,,src/engine/geometry.rs
engine/point.hpp|devilution::PointOf::operator!=(const PointOf<PointCoordT> &other),ported,,,src/engine/geometry.rs
engine/point.hpp|devilution::PointOf::operator+=(const DisplacementOf<DisplacementDeltaT> &displacement),ported,,,src/engine/geometry.rs
engine/point.hpp|devilution::PointOf::operator+=(Direction direction),ported,,,src/engine/geometry.rs
engine/point.hpp|devilution::PointOf::operator-=(const DisplacementOf<DisplacementDeltaT> &displacement),ported,,,src/engine/geometry.rs
engine/point.hpp|devilution::PointOf::operator*=(const float factor),ported,,,src/engine/geometry.rs
engine/point.hpp|devilution::PointOf::operator*=(const int factor),ported,,,src/engine/geometry.rs
engine/point.hpp|devilution::PointOf::operator-(),ported,,,src/engine/geometry.rs
engine/point.hpp|devilution::PointOf::ApproxDistance(PointOf<PointCoordT> other),ported,,,src/engine/geometry.rs
engine/point.hpp|devilution::PointOf::ExactDistance(PointOf<PointCoordT> other),ported,,,src/engine/geometry.rs
engine/point.hpp|devilution::PointOf::ManhattanDistance(PointOf<PointCoordT> other),ported,,,src/engine/geometry.rs
engine/point.hpp|devilution::PointOf::WalkingDistance(PointOf<PointCoordT> other),ported,,,src/engine/geometry.rs
engine/point.hpp|devilution::PointOf::megaToWorld(),ported,,,src/engine/geometry.rs
engine/point.hpp|devilution::PointOf::worldToMega(),ported,,,src/engine/geometry.rs
"engine/point.hpp|devilution::operator+(PointOf<PointCoordT> a, DisplacementOf<DisplacementDeltaT> displacement)",ported,,,src/engine/geometry.rs
"engine/point.hpp|devilution::operator+(PointOf<PointCoordT> a, Direction direction)",ported,,,src/engine/geometry.rs
"engine/point.hpp|devilution::operator-(PointOf<PointCoordT> a, PointOf<OtherPointCoordT> b)",ported,,,src/engine/geometry.rs
"engine/point.hpp|devilution::operator-(PointOf<PointCoordT> a, DisplacementOf<DisplacementDeltaT> displacement)",ported,,,src/engine/geometry.rs
"engine/point.hpp|devilution::operator*(PointOf<PointCoordT> a, const float factor)",ported,,,src/engine/geometry.rs
"engine/point.hpp|devilution::operator*(PointOf<PointCoordT> a, const int factor)",ported,,,src/engine/geometry.rs
engine/point.hpp|devilution::abs(PointOf<PointCoordT> a),ported,,,src/engine/geometry.rs
"engine/points_in_rectangle_range.hpp|devilution::PointsInRectangleIteratorBase::PointsInRectangleIteratorBase(PointOf<CoordT> origin, int majorDimension, int majorIndex, int minorIndex)",replaced,engine/geometry.rs points_in_rectangle*,C++ iterator classes become Rust iterator adaptors,
"engine/points_in_rectangle_range.hpp|devilution::PointsInRectangleIteratorBase::PointsInRectangleIteratorBase(PointOf<CoordT> origin, int majorDimension, int index = 0)",replaced,engine/geometry.rs points_in_rectangle*,C++ iterator classes become Rust iterator adaptors,
engine/points_in_rectangle_range.hpp|devilution::PointsInRectangleIteratorBase::Increment(),replaced,engine/geometry.rs points_in_rectangle*,C++ iterator classes become Rust iterator adaptors,
engine/points_in_rectangle_range.hpp|devilution::PointsInRectangleIteratorBase::Decrement(),replaced,engine/geometry.rs points_in_rectangle*,C++ iterator classes become Rust iterator adaptors,
engine/points_in_rectangle_range.hpp|devilution::PointsInRectangleIteratorBase::Offset(difference_type delta),replaced,engine/geometry.rs points_in_rectangle*,C++ iterator classes become Rust iterator adaptors,
engine/points_in_rectangle_range.hpp|devilution::PointsInRectangleRange::PointsInRectangleRange(RectangleOf<CoordT> region),replaced,engine/geometry.rs points_in_rectangle*,C++ iterator classes become Rust iterator adaptors,
engine/points_in_rectangle_range.hpp|devilution::PointsInRectangleRange::cbegin(),replaced,engine/geometry.rs points_in_rectangle*,C++ iterator classes become Rust iterator adaptors,
engine/points_in_rectangle_range.hpp|devilution::PointsInRectangleRange::begin(),replaced,engine/geometry.rs points_in_rectangle*,C++ iterator classes become Rust iterator adaptors,
engine/points_in_rectangle_range.hpp|devilution::PointsInRectangleRange::cend(),replaced,engine/geometry.rs points_in_rectangle*,C++ iterator classes become Rust iterator adaptors,
engine/points_in_rectangle_range.hpp|devilution::PointsInRectangleRange::end(),replaced,engine/geometry.rs points_in_rectangle*,C++ iterator classes become Rust iterator adaptors,
engine/points_in_rectangle_range.hpp|devilution::PointsInRectangleRange::crbegin(),replaced,engine/geometry.rs points_in_rectangle*,C++ iterator classes become Rust iterator adaptors,
engine/points_in_rectangle_range.hpp|devilution::PointsInRectangleRange::rbegin(),replaced,engine/geometry.rs points_in_rectangle*,C++ iterator classes become Rust iterator adaptors,
engine/points_in_rectangle_range.hpp|devilution::PointsInRectangleRange::crend(),replaced,engine/geometry.rs points_in_rectangle*,C++ iterator classes become Rust iterator adaptors,
engine/points_in_rectangle_range.hpp|devilution::PointsInRectangleRange::rend(),replaced,engine/geometry.rs points_in_rectangle*,C++ iterator classes become Rust iterator adaptors,
engine/points_in_rectangle_range.hpp|devilution::PointsInRectangle(RectangleOf<CoordT> region),replaced,engine/geometry.rs points_in_rectangle*,C++ iterator classes become Rust iterator adaptors,
engine/points_in_rectangle_range.hpp|devilution::PointsInRectangleColMajorRange::PointsInRectangleColMajorRange(RectangleOf<CoordT> region),replaced,engine/geometry.rs points_in_rectangle*,C++ iterator classes become Rust iterator adaptors,
engine/points_in_rectangle_range.hpp|devilution::PointsInRectangleColMajorRange::cbegin(),replaced,engine/geometry.rs points_in_rectangle*,C++ iterator classes become Rust iterator adaptors,
engine/points_in_rectangle_range.hpp|devilution::PointsInRectangleColMajorRange::begin(),replaced,engine/geometry.rs points_in_rectangle*,C++ iterator classes become Rust iterator adaptors,
engine/points_in_rectangle_range.hpp|devilution::PointsInRectangleColMajorRange::cend(),replaced,engine/geometry.rs points_in_rectangle*,C++ iterator classes become Rust iterator adaptors,
engine/points_in_rectangle_range.hpp|devilution::PointsInRectangleColMajorRange::end(),replaced,engine/geometry.rs points_in_rectangle*,C++ iterator classes become Rust iterator adaptors,
engine/points_in_rectangle_range.hpp|devilution::PointsInRectangleColMajorRange::crbegin(),replaced,engine/geometry.rs points_in_rectangle*,C++ iterator classes become Rust iterator adaptors,
engine/points_in_rectangle_range.hpp|devilution::PointsInRectangleColMajorRange::rbegin(),replaced,engine/geometry.rs points_in_rectangle*,C++ iterator classes become Rust iterator adaptors,
engine/points_in_rectangle_range.hpp|devilution::PointsInRectangleColMajorRange::crend(),replaced,engine/geometry.rs points_in_rectangle*,C++ iterator classes become Rust iterator adaptors,
engine/points_in_rectangle_range.hpp|devilution::PointsInRectangleColMajorRange::rend(),replaced,engine/geometry.rs points_in_rectangle*,C++ iterator classes become Rust iterator adaptors,
engine/points_in_rectangle_range.hpp|devilution::PointsInRectangleColMajor(RectangleOf<CoordT> region),replaced,engine/geometry.rs points_in_rectangle*,C++ iterator classes become Rust iterator adaptors,
engine/random.cpp|devilution::SetRndSeed(uint32_t seed),ported,,,src/engine/random.rs
engine/random.cpp|devilution::GetLCGEngineState(),ported,,,src/engine/random.rs
engine/random.cpp|devilution::DiscardRandomValues(unsigned count),ported,,,src/engine/random.rs
engine/random.cpp|devilution::GenerateSeed(),ported,,,src/engine/random.rs
engine/random.cpp|devilution::AdvanceRndSeed(),ported,,,src/engine/random.rs
engine/random.cpp|devilution::GenerateRnd(int32_t v),ported,,,src/engine/random.rs
engine/random.cpp|devilution::FlipCoin(unsigned frequency),ported,,,src/engine/random.rs
engine/random.hpp|devilution::PickRandomlyAmong(const std::initializer_list<T> &values),ported,,,src/engine/random.rs
engine/random.hpp|devilution::RandomIntLessThan(int32_t v),ported,,,src/engine/random.rs
"engine/random.hpp|devilution::RandomIntBetween(int32_t min, int32_t max, bool halfOpen = false)",ported,,,src/engine/random.rs
"engine/rectangle.hpp|devilution::RectangleOf::RectangleOf(PointOf<CoordT> position, SizeOf<SizeT> size)",ported,,,src/engine/geometry.rs
"engine/rectangle.hpp|devilution::RectangleOf::RectangleOf(PointOf<CoordT> center, SizeT radius)",ported,,,src/engine/geometry.rs
engine/rectangle.hpp|devilution::RectangleOf::contains(PointOf<PointCoordT> point),ported,,,src/engine/geometry.rs
"engine/rectangle.hpp|devilution::RectangleOf::contains(T x, T y)",ported,,,src/engine/geometry.rs
engine/rectangle.hpp|devilution::RectangleOf::Center(),ported,,,src/engine/geometry.rs
engine/rectangle.hpp|devilution::RectangleOf::inset(DisplacementOf<SizeT> factor),ported,,,src/engine/geometry.rs
"engine/render/automap_render.cpp|devilution::DrawMapLine(const Surface &out, Point from, int height, std::uint8_t colorIndex)",pending,,,
"engine/render/automap_render.cpp|devilution::DrawMapLineSteep(const Surface &out, Point from, int width, std::uint8_t colorIndex)",pending,,,
"engine/render/automap_render.cpp|devilution::DrawMapLineNE(const Surface &out, Point from, int height, std::uint8_t colorIndex)",pending,,,
"engine/render/automap_render.cpp|devilution::DrawMapLineSE(const Surface &out, Point from, int height, std::uint8_t colorIndex)",pending,,,
"engine/render/automap_render.cpp|devilution::DrawMapLineNW(const Surface &out, Point from, int height, std::uint8_t colorIndex)",pending,,,
"engine/render/automap_render.cpp|devilution::DrawMapLineSW(const Surface &out, Point from, int height, std::uint8_t colorIndex)",pending,,,
"engine/render/automap_render.cpp|devilution::DrawMapLineSteepNE(const Surface &out, Point from, int width, std::uint8_t colorIndex)",pending,,,
"engine/render/automap_render.cpp|devilution::DrawMapLineSteepSE(const Surface &out, Point from, int width, std::uint8_t colorIndex)",pending,,,
"engine/render/automap_render.cpp|devilution::DrawMapLineSteepNW(const Surface &out, Point from, int width, std::uint8_t colorIndex)",pending,,,
"engine/render/automap_render.cpp|devilution::DrawMapLineSteepSW(const Surface &out, Point from, int width, std::uint8_t colorIndex)",pending,,,
"engine/render/blit_impl.hpp|devilution::BlitFillDirect(uint8_t *dst, unsigned length, uint8_t color)",pending,,,
"engine/render/blit_impl.hpp|devilution::BlitPixelsDirect(uint8_t *DVL_RESTRICT dst, const uint8_t *DVL_RESTRICT src, unsigned length)",pending,,,
engine/render/blit_impl.hpp|devilution::BlitDirect::operator()(),pending,,,
"engine/render/blit_impl.hpp|devilution::BlitFillWithMap(uint8_t *dst, unsigned length, uint8_t color, const uint8_t *DVL_RESTRICT colorMap)",pending,,,
"engine/render/blit_impl.hpp|devilution::BlitPixelsWithMap(uint8_t *DVL_RESTRICT dst, const uint8_t *DVL_RESTRICT src, unsigned length, const uint8_t *DVL_RESTRICT colorMap)",pending,,,
"engine/render/blit_impl.hpp|devilution::BlitFillBlended(uint8_t *dst, unsigned length, uint8_t color)",pending,,,
"engine/render/blit_impl.hpp|devilution::BlitPixelsBlended(uint8_t *DVL_RESTRICT dst, const uint8_t *DVL_RESTRICT src, unsigned length)",pending,,,
engine/render/blit_impl.hpp|devilution::BlitWithMap::operator()(),pending,,,
"engine/render/blit_impl.hpp|devilution::BlitPixelsBlendedWithMap(uint8_t *DVL_RESTRICT dst, const uint8_t *DVL_RESTRICT src, unsigned length, const uint8_t *DVL_RESTRICT colorMap)",pending,,,
engine/render/blit_impl.hpp|devilution::BlitBlendedWithMap::operator()(),pending,,,
"engine/render/clx_render.cpp|devilution::CalculateClipX(int_fast16_t x, std::size_t w, const Surface &out)",ported,,,src/engine/render/clx_render.rs
"engine/render/clx_render.cpp|devilution::GetSkipSize(int_fast16_t remainingWidth, int_fast16_t srcWidth)",ported,,,src/engine/render/clx_render.rs
"engine/render/clx_render.cpp|devilution::SkipRestOfLineWithOverrun(const uint8_t *src, int_fast16_t srcWidth, SkipSize &skipSize)",ported,,,src/engine/render/clx_render.rs
"engine/render/clx_render.cpp|devilution::SkipLinesForRenderBackwardsWithOverrun(Point &position, RenderSrc &src, int_fast16_t dstHeight)",ported,,,src/engine/render/clx_render.rs
"engine/render/clx_render.cpp|devilution::DoRenderBackwardsClipY(const Surface &out, Point position, RenderSrc src, BlitFn &&blitFn)",ported,,,src/engine/render/clx_render.rs
"engine/render/clx_render.cpp|devilution::DoRenderBackwardsClipXY(const Surface &out, Point position, RenderSrc src, ClipX clipX, BlitFn &&blitFn)",ported,,,src/engine/render/clx_render.rs
"engine/render/clx_render.cpp|devilution::DoRenderBackwards(const Surface &out, Point position, const uint8_t *src, size_t srcSize, unsigned srcWidth, unsigned srcHeight, BlitFn &&blitFn)",ported,,,src/engine/render/clx_render.rs
"engine/render/clx_render.cpp|devilution::RenderOutlineForPixel(uint8_t *dst, int dstPitch, uint8_t color)",ported,,,src/engine/render/clx_render.rs
"engine/render/clx_render.cpp|devilution::RenderOutlineForPixel(uint8_t *dst, int dstPitch, uint8_t srcColor, uint8_t color)",ported,,,src/engine/render/clx_render.rs
"engine/render/clx_render.cpp|devilution::RenderOutlineForPixels(uint8_t *dst, int dstPitch, int width, uint8_t color)",ported,,,src/engine/render/clx_render.rs
"engine/render/clx_render.cpp|devilution::RenderOutlineForPixels(uint8_t *dst, int dstPitch, int width, const uint8_t *src, uint8_t color)",ported,,,src/engine/render/clx_render.rs
"engine/render/clx_render.cpp|devilution::RenderClxOutlinePixelsCheckFirstColumn(uint8_t *dst, int dstPitch, int dstX, const uint8_t *src, uint8_t width, uint8_t color)",ported,,,src/engine/render/clx_render.rs
"engine/render/clx_render.cpp|devilution::RenderClxOutlinePixelsCheckLastColumn(uint8_t *dst, int dstPitch, int dstX, int dstW, const uint8_t *src, uint8_t width, uint8_t color)",ported,,,src/engine/render/clx_render.rs
"engine/render/clx_render.cpp|devilution::RenderClxOutlinePixels(uint8_t *dst, int dstPitch, int dstX, int dstW, const uint8_t *src, uint8_t width, uint8_t color)",ported,,,src/engine/render/clx_render.rs
"engine/render/clx_render.cpp|devilution::RenderClxOutlineRowClipped(const Surface &out, Point position, const uint8_t *src, std::size_t srcWidth, ClipX clipX, uint8_t color, SkipSize &skipSize)",ported,,,src/engine/render/clx_render.rs
"engine/render/clx_render.cpp|devilution::RenderClxOutlineClippedY(const Surface &out, Point position, RenderSrc src, uint8_t color)",ported,,,src/engine/render/clx_render.rs
"engine/render/clx_render.cpp|devilution::RenderClxOutlineClippedXY(const Surface &out, Point position, RenderSrc src, uint8_t color)",ported,,,src/engine/render/clx_render.rs
"engine/render/clx_render.cpp|devilution::RenderClxOutline(const Surface &out, Point position, const uint8_t *src, std::size_t srcSize, std::size_t srcWidth, uint8_t color)",ported,,,src/engine/render/clx_render.rs
"engine/render/clx_render.cpp|devilution::ClxApplyTrans(ClxSprite sprite, const uint8_t *trn)",ported,,,src/engine/render/clx_render.rs
"engine/render/clx_render.cpp|devilution::ClxApplyTrans(ClxSpriteList list, const uint8_t *trn)",ported,,,src/engine/render/clx_render.rs
"engine/render/clx_render.cpp|devilution::ClxApplyTrans(ClxSpriteSheet sheet, const uint8_t *trn)",ported,,,src/engine/render/clx_render.rs
engine/render/clx_render.cpp|devilution::ClxMeasureSolidHorizontalBounds(ClxSprite clx),ported,,,src/engine/render/clx_render.rs
"engine/render/clx_render.cpp|devilution::ClxDraw(const Surface &out, Point position, ClxSprite clx)",ported,,,src/engine/render/clx_render.rs
"engine/render/clx_render.cpp|devilution::ClxDrawTRN(const Surface &out, Point position, ClxSprite clx, const uint8_t *trn)",ported,,,src/engine/render/clx_render.rs
"engine/render/clx_render.cpp|devilution::ClxDrawBlendedTRN(const Surface &out, Point position, ClxSprite clx, const uint8_t *trn)",ported,,,src/engine/render/clx_render.rs
"engine/render/clx_render.cpp|devilution::ClxDrawOutline(const Surface &out, uint8_t col, Point position, ClxSprite clx)",ported,,,src/engine/render/clx_render.rs
"engine/render/clx_render.cpp|devilution::ClxDrawOutlineSkipColorZero(const Surface &out, uint8_t col, Point position, ClxSprite clx)",ported,,,src/engine/render/clx_render.rs
"engine/render/clx_render.hpp|devilution::RenderClxSprite(const Surface &out, ClxSprite clx, Point position)",ported,,,src/engine/render/text_render.rs
"engine/render/clx_render.hpp|devilution::RenderClxSpriteWithTRN(const Surface &out, ClxSprite clx, Point position, const uint8_t *trn)",ported,,,src/engine/render/text_render.rs
"engine/render/clx_render.hpp|devilution::ClxDrawLight(const Surface &out, Point position, ClxSprite clx)",pending,,,
"engine/render/clx_render.hpp|devilution::ClxDrawLightBlended(const Surface &out, Point position, ClxSprite clx)",pending,,,
engine/render/dun_render.cpp|devilution::GetTileHeight(TileType tile),pending,,,
engine/render/dun_render.cpp|devilution::InitPrefix(),pending,,,
engine/render/dun_render.cpp|devilution::InitPrefix(int8_t y),pending,,,
"engine/render/dun_render.cpp|devilution::RenderLineOpaque<LightType::FullyDark>(uint8_t *DVL_RESTRICT dst, [[maybe_unused]] const uint8_t *DVL_RESTRICT src, uint_fast8_t n, [[maybe_unused]] const uint8_t *DVL_RESTRICT tbl)",pending,,,
"engine/render/dun_render.cpp|devilution::RenderLineOpaque<LightType::FullyLit>(uint8_t *DVL_RESTRICT dst, const uint8_t *DVL_RESTRICT src, uint_fast8_t n, [[maybe_unused]] const uint8_t *DVL_RESTRICT tbl)",pending,,,
"engine/render/dun_render.cpp|devilution::RenderLineOpaque<LightType::PartiallyLit>(uint8_t *DVL_RESTRICT dst, const uint8_t *DVL_RESTRICT src, uint_fast8_t n, const uint8_t *DVL_RESTRICT tbl)",pending,,,
"engine/render/dun_render.cpp|devilution::RenderLineTransparent<LightType::FullyDark>(uint8_t *DVL_RESTRICT dst, [[maybe_unused]] const uint8_t *DVL_RESTRICT src, uint_fast8_t n, [[maybe_unused]] const uint8_t *DVL_RESTRICT tbl)",pending,,,
"engine/render/dun_render.cpp|devilution::RenderLineTransparent<LightType::FullyLit>(uint8_t *DVL_RESTRICT dst, const uint8_t *DVL_RESTRICT src, uint_fast8_t n, [[maybe_unused]] const uint8_t *DVL_RESTRICT tbl)",pending,,,
"engine/render/dun_render.cpp|devilution::RenderLineTransparent<LightType::PartiallyLit>(uint8_t *DVL_RESTRICT dst, const uint8_t *DVL_RESTRICT src, uint_fast8_t n, const uint8_t *DVL_RESTRICT tbl)",pending,,,
"engine/render/dun_render.cpp|devilution::RenderLineTransparentOrOpaque(uint8_t *DVL_RESTRICT dst, const uint8_t *DVL_RESTRICT src, uint_fast8_t width, const uint8_t *DVL_RESTRICT tbl)",pending,,,
"engine/render/dun_render.cpp|devilution::RenderLineTransparentAndOpaque(uint8_t *DVL_RESTRICT dst, const uint8_t *DVL_RESTRICT src, uint_fast8_t prefixWidth, uint_fast8_t width, const uint8_t *DVL_RESTRICT tbl)",pending,,,
"engine/render/dun_render.cpp|devilution::RenderLine(uint8_t *DVL_RESTRICT dst, const uint8_t *DVL_RESTRICT src, uint_fast8_t n, const uint8_t *DVL_RESTRICT tbl, int8_t prefix)",pending,,,
"engine/render/dun_render.cpp|devilution::CalculateClip(int_fast16_t x, int_fast16_t y, int_fast16_t w, int_fast16_t h, const Surface &out)",pending,,,
"engine/render/dun_render.cpp|devilution::RenderSquareFull(uint8_t *DVL_RESTRICT dst, uint16_t dstPitch, const uint8_t *DVL_RESTRICT src, const uint8_t *DVL_RESTRICT tbl)",pending,,,
"engine/render/dun_render.cpp|devilution::RenderSquareClipped(uint8_t *DVL_RESTRICT dst, uint16_t dstPitch, const uint8_t *DVL_RESTRICT src, const uint8_t *DVL_RESTRICT tbl, Clip clip)",pending,,,
"engine/render/dun_render.cpp|devilution::RenderSquare(uint8_t *DVL_RESTRICT dst, uint16_t dstPitch, const uint8_t *DVL_RESTRICT src, const uint8_t *DVL_RESTRICT tbl, Clip clip)",pending,,,
"engine/render/dun_render.cpp|devilution::RenderTransparentSquareFull(uint8_t *DVL_RESTRICT dst, uint16_t dstPitch, const uint8_t *DVL_RESTRICT src, const uint8_t *DVL_RESTRICT tbl)",pending,,,
"engine/render/dun_render.cpp|devilution::RenderTransparentSquareClipped(uint8_t *DVL_RESTRICT dst, uint16_t dstPitch, const uint8_t *DVL_RESTRICT src, const uint8_t *DVL_RESTRICT tbl, Clip clip)",pending,,,
"engine/render/dun_render.cpp|devilution::RenderTransparentSquare(uint8_t *DVL_RESTRICT dst, uint16_t dstPitch, const uint8_t *DVL_RESTRICT src, const uint8_t *DVL_RESTRICT tbl, Clip clip)",pending,,,
engine/render/dun_render.cpp|devilution::CalculateDiamondClipY(const Clip &clip),pending,,,
engine/render/dun_render.cpp|devilution::CalculateTriangleSourceSkipLowerBottom(int_fast16_t numLines),pending,,,
engine/render/dun_render.cpp|devilution::CalculateTriangleSourceSkipUpperBottom(int_fast16_t numLines),pending,,,
"engine/render/dun_render.cpp|devilution::RenderLeftTriangleLower(uint8_t *DVL_RESTRICT &dst, uint16_t dstPitch, const uint8_t *DVL_RESTRICT &src, const uint8_t *DVL_RESTRICT tbl)",pending,,,
"engine/render/dun_render.cpp|devilution::RenderLeftTriangleLowerClipVertical(const DiamondClipY &clipY, uint8_t *DVL_RESTRICT &dst, uint16_t dstPitch, const uint8_t *DVL_RESTRICT &src, const uint8_t *DVL_RESTRICT tbl)",pending,,,
"engine/render/dun_render.cpp|devilution::RenderLeftTriangleLowerClipLeftAndVertical(int_fast16_t clipLeft, const DiamondClipY &clipY, uint8_t *DVL_RESTRICT &dst, uint16_t dstPitch, const uint8_t *DVL_RESTRICT &src, const uint8_t *DVL_RESTRICT tbl)",pending,,,
"engine/render/dun_render.cpp|devilution::RenderLeftTriangleLowerClipRightAndVertical(int_fast16_t clipRight, const DiamondClipY &clipY, uint8_t *DVL_RESTRICT &dst, uint16_t dstPitch, const uint8_t *DVL_RESTRICT &src, const uint8_t *DVL_RESTRICT tbl)",pending,,,
"engine/render/dun_render.cpp|devilution::RenderLeftTriangleFull(uint8_t *DVL_RESTRICT dst, uint16_t dstPitch, const uint8_t *DVL_RESTRICT src, const uint8_t *DVL_RESTRICT tbl)",pending,,,
"engine/render/dun_render.cpp|devilution::RenderLeftTriangleClipVertical(uint8_t *DVL_RESTRICT dst, uint16_t dstPitch, const uint8_t *DVL_RESTRICT src, const uint8_t *DVL_RESTRICT tbl, Clip clip)",pending,,,
"engine/render/dun_render.cpp|devilution::RenderLeftTriangleClipLeftAndVertical(uint8_t *DVL_RESTRICT dst, uint16_t dstPitch, const uint8_t *DVL_RESTRICT src, const uint8_t *DVL_RESTRICT tbl, Clip clip)",pending,,,
"engine/render/dun_render.cpp|devilution::RenderLeftTriangleClipRightAndVertical(uint8_t *DVL_RESTRICT dst, uint16_t dstPitch, const uint8_t *DVL_RESTRICT src, const uint8_t *DVL_RESTRICT tbl, Clip clip)",pending,,,
"engine/render/dun_render.cpp|devilution::RenderLeftTriangle(uint8_t *DVL_RESTRICT dst, uint16_t dstPitch, const uint8_t *DVL_RESTRICT src, const uint8_t *DVL_RESTRICT tbl, Clip clip)",pending,,,
"engine/render/dun_render.cpp|devilution::RenderRightTriangleLower(uint8_t *DVL_RESTRICT &dst, uint16_t dstPitch, const uint8_t *DVL_RESTRICT &src, const uint8_t *DVL_RESTRICT tbl)",pending,,,
"engine/render/dun_render.cpp|devilution::RenderRightTriangleLowerClipVertical(const DiamondClipY &clipY, uint8_t *DVL_RESTRICT &dst, uint16_t dstPitch, const uint8_t *DVL_RESTRICT &src, const uint8_t *DVL_RESTRICT tbl)",pending,,,
"engine/render/dun_render.cpp|devilution::RenderRightTriangleLowerClipLeftAndVertical(int_fast16_t clipLeft, const DiamondClipY &clipY, uint8_t *DVL_RESTRICT &dst, uint16_t dstPitch, const uint8_t *DVL_RESTRICT &src, const uint8_t *DVL_RESTRICT tbl)",pending,,,
"engine/render/dun_render.cpp|devilution::RenderRightTriangleLowerClipRightAndVertical(int_fast16_t clipRight, const DiamondClipY &clipY, uint8_t *DVL_RESTRICT &dst, uint16_t dstPitch, const uint8_t *DVL_RESTRICT &src, const uint8_t *DVL_RESTRICT tbl)",pending,,,
"engine/render/dun_render.cpp|devilution::RenderRightTriangleFull(uint8_t *DVL_RESTRICT dst, uint16_t dstPitch, const uint8_t *DVL_RESTRICT src, const uint8_t *DVL_RESTRICT tbl)",pending,,,
"engine/render/dun_render.cpp|devilution::RenderRightTriangleClipVertical(uint8_t *DVL_RESTRICT dst, uint16_t dstPitch, const uint8_t *DVL_RESTRICT src, const uint8_t *DVL_RESTRICT tbl, Clip clip)",pending,,,
"engine/render/dun_render.cpp|devilution::RenderRightTriangleClipLeftAndVertical(uint8_t *DVL_RESTRICT dst, uint16_t dstPitch, const uint8_t *DVL_RESTRICT src, const uint8_t *DVL_RESTRICT tbl, Clip clip)",pending,,,
"engine/render/dun_render.cpp|devilution::RenderRightTriangleClipRightAndVertical(uint8_t *DVL_RESTRICT dst, uint16_t dstPitch, const uint8_t *DVL_RESTRICT src, const uint8_t *DVL_RESTRICT tbl, Clip clip)",pending,,,
"engine/render/dun_render.cpp|devilution::RenderRightTriangle(uint8_t *DVL_RESTRICT dst, uint16_t dstPitch, const uint8_t *DVL_RESTRICT src, const uint8_t *DVL_RESTRICT tbl, Clip clip)",pending,,,
"engine/render/dun_render.cpp|devilution::RenderTrapezoidUpperHalf(uint8_t *DVL_RESTRICT dst, uint16_t dstPitch, const uint8_t *DVL_RESTRICT src, const uint8_t *DVL_RESTRICT tbl)",pending,,,
"engine/render/dun_render.cpp|devilution::RenderTrapezoidUpperHalfClipVertical(const Clip &clip, const DiamondClipY &clipY, uint8_t *DVL_RESTRICT dst, uint16_t dstPitch, const uint8_t *DVL_RESTRICT src, const uint8_t *DVL_RESTRICT tbl)",pending,,,
"engine/render/dun_render.cpp|devilution::RenderTrapezoidUpperHalfClipLeftAndVertical(const Clip &clip, const DiamondClipY &clipY, uint8_t *DVL_RESTRICT dst, uint16_t dstPitch, const uint8_t *DVL_RESTRICT src, const uint8_t *DVL_RESTRICT tbl)",pending,,,
"engine/render/dun_render.cpp|devilution::RenderTrapezoidUpperHalfClipRightAndVertical(const Clip &clip, const DiamondClipY &clipY, uint8_t *DVL_RESTRICT dst, uint16_t dstPitch, const uint8_t *DVL_RESTRICT src, const uint8_t *DVL_RESTRICT tbl)",pending,,,
"engine/render/dun_render.cpp|devilution::RenderLeftTrapezoidFull(uint8_t *DVL_RESTRICT dst, uint16_t dstPitch, const uint8_t *DVL_RESTRICT src, const uint8_t *DVL_RESTRICT tbl)",pending,,,
"engine/render/dun_render.cpp|devilution::RenderLeftTrapezoidClipVertical(uint8_t *DVL_RESTRICT dst, uint16_t dstPitch, const uint8_t *DVL_RESTRICT src, const uint8_t *DVL_RESTRICT tbl, Clip clip)",pending,,,
"engine/render/dun_render.cpp|devilution::RenderLeftTrapezoidClipLeftAndVertical(uint8_t *DVL_RESTRICT dst, uint16_t dstPitch, const uint8_t *DVL_RESTRICT src, const uint8_t *DVL_RESTRICT tbl, Clip clip)",pending,,,
"engine/render/dun_render.cpp|devilution::RenderLeftTrapezoidClipRightAndVertical(uint8_t *DVL_RESTRICT dst, uint16_t dstPitch, const uint8_t *DVL_RESTRICT src, const uint8_t *DVL_RESTRICT tbl, Clip clip)",pending,,,
"engine/render/dun_render.cpp|devilution::RenderLeftTrapezoid(uint8_t *DVL_RESTRICT dst, uint16_t dstPitch, const uint8_t *DVL_RESTRICT src, const uint8_t *DVL_RESTRICT tbl, Clip clip)",pending,,,
"engine/render/dun_render.cpp|devilution::RenderRightTrapezoidFull(uint8_t *DVL_RESTRICT dst, uint16_t dstPitch, const uint8_t *DVL_RESTRICT src, const uint8_t *DVL_RESTRICT tbl)",pending,,,
"engine/render/dun_render.cpp|devilution::RenderRightTrapezoidClipVertical(uint8_t *DVL_RESTRICT dst, uint16_t dstPitch, const uint8_t *DVL_RESTRICT src, const uint8_t *DVL_RESTRICT tbl, Clip clip)",pending,,,
"engine/render/dun_render.cpp|devilution::RenderRightTrapezoidClipLeftAndVertical(uint8_t *DVL_RESTRICT dst, uint16_t dstPitch, const uint8_t *DVL_RESTRICT src, const uint8_t *DVL_RESTRICT tbl, Clip clip)",pending,,,
"engine/render/dun_render.cpp|devilution::RenderRightTrapezoidClipRightAndVertical(uint8_t *DVL_RESTRICT dst, uint16_t dstPitch, const uint8_t *DVL_RESTRICT src, const uint8_t *DVL_RESTRICT tbl, Clip clip)",pending,,,
"engine/render/dun_render.cpp|devilution::RenderRightTrapezoid(uint8_t *DVL_RESTRICT dst, uint16_t dstPitch, const uint8_t *DVL_RESTRICT src, const uint8_t *DVL_RESTRICT tbl, Clip clip)",pending,,,
"engine/render/dun_render.cpp|devilution::RenderTileType(TileType tile, uint8_t *DVL_RESTRICT dst, uint16_t dstPitch, const uint8_t *DVL_RESTRICT src, const uint8_t *DVL_RESTRICT tbl, Clip clip)",pending,,,
"engine/render/dun_render.cpp|devilution::RenderTransparentSquareDispatch(uint8_t *DVL_RESTRICT dst, uint16_t dstPitch, const uint8_t *DVL_RESTRICT src, const uint8_t *DVL_RESTRICT tbl, Clip clip)",pending,,,
"engine/render/dun_render.cpp|devilution::RenderLeftTrapezoidOrTransparentSquare(TileType tile, uint8_t *DVL_RESTRICT dst, uint16_t dstPitch, const uint8_t *DVL_RESTRICT src, const uint8_t *DVL_RESTRICT tbl, Clip clip)",pending,,,
"engine/render/dun_render.cpp|devilution::RenderRightTrapezoidOrTransparentSquare(TileType tile, uint8_t *DVL_RESTRICT dst, uint16_t dstPitch, const uint8_t *DVL_RESTRICT src, const uint8_t *DVL_RESTRICT tbl, Clip clip)",pending,,,
"engine/render/dun_render.cpp|devilution::RenderLeftTrapezoidOrTransparentSquareDispatch(TileType tile, uint8_t *DVL_RESTRICT dst, uint16_t dstPitch, const uint8_t *DVL_RESTRICT src, const uint8_t *DVL_RESTRICT tbl, Clip clip)",pending,,,
"engine/render/dun_render.cpp|devilution::RenderRightTrapezoidOrTransparentSquareDispatch(TileType tile, uint8_t *DVL_RESTRICT dst, uint16_t dstPitch, const uint8_t *DVL_RESTRICT src, const uint8_t *DVL_RESTRICT tbl, Clip clip)",pending,,,
"engine/render/dun_render.cpp|devilution::RenderTileDispatch(TileType tile, uint8_t *DVL_RESTRICT dst, uint16_t dstPitch, const uint8_t *DVL_RESTRICT src, const uint8_t *DVL_RESTRICT tbl, Clip clip)",pending,,,
"engine/render/dun_render.cpp|devilution::RenderBlackTileClipLeftAndVertical(uint8_t *DVL_RESTRICT dst, uint16_t dstPitch, int sx, DiamondClipY clipY)",pending,,,
"engine/render/dun_render.cpp|devilution::RenderBlackTileClipRightAndVertical(uint8_t *DVL_RESTRICT dst, uint16_t dstPitch, int_fast16_t maxWidth, DiamondClipY clipY)",pending,,,
"engine/render/dun_render.cpp|devilution::RenderBlackTileClipY(uint8_t *DVL_RESTRICT dst, uint16_t dstPitch, DiamondClipY clipY)",pending,,,
"engine/render/dun_render.cpp|devilution::RenderBlackTileFull(uint8_t *DVL_RESTRICT dst, uint16_t dstPitch)",pending,,,
"engine/render/dun_render.cpp|devilution::RenderTile(const Surface &out, Point position, LevelCelBlock levelCelBlock, MaskType maskType, const uint8_t *tbl)",pending,,,
"engine/render/dun_render.cpp|devilution::world_draw_black_tile(const Surface &out, int sx, int sy)",pending,,,
engine/render/dun_render.hpp|devilution::LevelCelBlock::LevelCelBlock(uint16_t data),pending,,,
engine/render/dun_render.hpp|devilution::LevelCelBlock::hasValue(),pending,,,
engine/render/dun_render.hpp|devilution::LevelCelBlock::type(),pending,,,
engine/render/dun_render.hpp|devilution::LevelCelBlock::frame(),pending,,,
engine/render/scrollrt.cpp|devilution::PointHash::operator()(),pending,,,
"engine/render/scrollrt.cpp|devilution::CouldMissileCollide(Point tile, bool checkPlayerAndMonster)",pending,,,
"engine/render/scrollrt.cpp|devilution::UpdateMissilePositionForRendering(Missile &m, int progress)",pending,,,
engine/render/scrollrt.cpp|devilution::UpdateMissileRendererData(Missile &m),pending,,,
engine/render/scrollrt.cpp|devilution::UpdateMissilesRendererData(),pending,,,
"engine/render/scrollrt.cpp|devilution::BlitCursor(uint8_t *dst, uint32_t dstPitch, uint8_t *src, uint32_t srcPitch, uint32_t srcWidth, uint32_t srcHeight)",pending,,,
engine/render/scrollrt.cpp|devilution::UndrawCursor(const Surface &out),pending,,,
engine/render/scrollrt.cpp|devilution::ShouldShowCursor(),pending,,,
engine/render/scrollrt.cpp|devilution::DrawCursor(const Surface &out),pending,,,
"engine/render/scrollrt.cpp|devilution::DrawMissilePrivate(const Surface &out, const Missile &missile, Point targetBufferPosition, bool pre)",pending,,,
"engine/render/scrollrt.cpp|devilution::DrawMissile(const Surface &out, Point tilePosition, Point targetBufferPosition, bool pre)",pending,,,
"engine/render/scrollrt.cpp|devilution::DrawMonster(const Surface &out, Point tilePosition, Point targetBufferPosition, const Monster &monster)",pending,,,
"engine/render/scrollrt.cpp|devilution::DrawPlayerIconHelper(const Surface &out, MissileGraphicID missileGraphicId, Point position, bool lighting, bool infraVision)",pending,,,
"engine/render/scrollrt.cpp|devilution::DrawPlayerIcons(const Surface &out, const Player &player, Point position, bool infraVision)",pending,,,
"engine/render/scrollrt.cpp|devilution::DrawPlayer(const Surface &out, const Player &player, Point tilePosition, Point targetBufferPosition)",pending,,,
"engine/render/scrollrt.cpp|devilution::DrawDeadPlayer(const Surface &out, Point tilePosition, Point targetBufferPosition)",pending,,,
"engine/render/scrollrt.cpp|devilution::DrawObject(const Surface &out, Point tilePosition, Point targetBufferPosition, bool pre)",pending,,,
"engine/render/scrollrt.cpp|devilution::DrawCell(const Surface &out, Point tilePosition, Point targetBufferPosition)",pending,,,
"engine/render/scrollrt.cpp|devilution::DrawFloor(const Surface &out, Point tilePosition, Point targetBufferPosition)",pending,,,
"engine/render/scrollrt.cpp|devilution::DrawItem(const Surface &out, Point tilePosition, Point targetBufferPosition, bool pre)",pending,,,
"engine/render/scrollrt.cpp|devilution::DrawMonsterHelper(const Surface &out, Point tilePosition, Point targetBufferPosition)",pending,,,
"engine/render/scrollrt.cpp|devilution::DrawPlayerHelper(const Surface &out, const Player &player, Point tilePosition, Point targetBufferPosition)",pending,,,
"engine/render/scrollrt.cpp|devilution::DrawDungeon(const Surface &out, Point tilePosition, Point targetBufferPosition)",pending,,,
"engine/render/scrollrt.cpp|devilution::DrawFloor(const Surface &out, Point tilePosition, Point targetBufferPosition, int rows, int columns)",pending,,,
engine/render/scrollrt.cpp|devilution::IsWall(Point position),pending,,,
"engine/render/scrollrt.cpp|devilution::DrawTileContent(const Surface &out, Point tilePosition, Point targetBufferPosition, int rows, int columns)",pending,,,
engine/render/scrollrt.cpp|devilution::Zoom(const Surface &out),pending,,,
"engine/render/scrollrt.cpp|devilution::CalcFirstTilePosition(Point &position, Displacement &offset)",pending,,,
"engine/render/scrollrt.cpp|devilution::DrawGame(const Surface &fullOut, Point position, Displacement offset)",pending,,,
"engine/render/scrollrt.cpp|devilution::DrawView(const Surface &out, Point startPosition)",pending,,,
engine/render/scrollrt.cpp|devilution::DrawFPS(const Surface &out),pending,,,
"engine/render/scrollrt.cpp|devilution::DoBlitScreen(int x, int y, int w, int h)",pending,,,
"engine/render/scrollrt.cpp|devilution::DrawMain(const Surface &out, int dwHgt, bool drawDesc, bool drawHp, bool drawMana, bool drawSbar, bool drawBtn)",pending,,,
"engine/render/scrollrt.cpp|devilution::GetOffsetForWalking(const AnimationInfo &animationInfo, const Direction dir, bool cameraMode)",pending,,,
engine/render/scrollrt.cpp|devilution::ClearCursor(),pending,,,
"engine/render/scrollrt.cpp|devilution::ShiftGrid(int *x, int *y, int horizontal, int vertical)",pending,,,
engine/render/scrollrt.cpp|devilution::RowsCoveredByPanel(),pending,,,
"engine/render/scrollrt.cpp|devilution::CalcTileOffset(int *offsetX, int *offsetY)",pending,,,
"engine/render/scrollrt.cpp|devilution::TilesInView(int *rcolumns, int *rrows)",pending,,,
engine/render/scrollrt.cpp|devilution::CalcViewportGeometry(),pending,,,
engine/render/scrollrt.cpp|devilution::ClearScreenBuffer(),pending,,,
engine/render/scrollrt.cpp|devilution::EnableFrameCount(),ported,,,src/diablo.rs
engine/render/scrollrt.cpp|devilution::scrollrt_draw_game_screen(),pending,,,
engine/render/scrollrt.cpp|devilution::DrawAndBlit(),pending,,,
engine/render/text_render.cpp|devilution::GetSizeFromFlags(UiFlags flags),ported,,,src/engine/render/text_render.rs
engine/render/text_render.cpp|devilution::GetColorFromFlags(UiFlags flags),ported,,,src/engine/render/text_render.rs
engine/render/text_render.cpp|devilution::GetUnicodeRow(char32_t codePoint),ported,,,src/engine/render/text_render.rs
engine/render/text_render.cpp|devilution::IsCJK(uint16_t row),ported,,,src/engine/render/text_render.rs
engine/render/text_render.cpp|devilution::IsHangul(uint16_t row),ported,,,src/engine/render/text_render.rs
engine/render/text_render.cpp|devilution::IsSmallFontTallRow(uint16_t row),ported,,,src/engine/render/text_render.rs
"engine/render/text_render.cpp|devilution::GetFontPath(GameFontTables size, uint16_t row, string_view ext, char *out)",ported,,,src/engine/render/text_render.rs
"engine/render/text_render.cpp|devilution::GetFontId(GameFontTables size, uint16_t row)",ported,,,src/engine/render/text_render.rs
"engine/render/text_render.cpp|devilution::LoadFont(GameFontTables size, text_color color, uint16_t row)",ported,,,src/engine/render/text_render.rs
"engine/render/text_render.cpp|devilution::CurrentFont::load(GameFontTables size, text_color color, char32_t next)",ported,,,src/engine/render/text_render.rs
engine/render/text_render.cpp|devilution::CurrentFont::clear(),ported,,,src/engine/render/text_render.rs
"engine/render/text_render.cpp|devilution::DrawFont(const Surface &out, Point position, const ClxSpriteList font, text_color color, int frame, bool outline)",ported,,,src/engine/render/text_render.rs
engine/render/text_render.cpp|devilution::IsWhitespace(char32_t c),ported,,,src/engine/render/text_render.rs
engine/render/text_render.cpp|devilution::IsFullWidthPunct(char32_t c),ported,,,src/engine/render/text_render.rs
"engine/render/text_render.cpp|devilution::IsBreakAllowed(char32_t codepoint, char32_t nextCodepoint)",ported,,,src/engine/render/text_render.rs
"engine/render/text_render.cpp|devilution::CountNewlines(string_view fmt, const DrawStringFormatArg *args, std::size_t argsLen)",ported,,,src/engine/render/text_render.rs
"engine/render/text_render.cpp|devilution::FmtArgParser::FmtArgParser(string_view fmt, DrawStringFormatArg *args, size_t len, size_t offset = 0)",pending,,,
engine/render/text_render.cpp|devilution::FmtArgParser::operator()(),ported,,,src/engine/render/text_render.rs
engine/render/text_render.cpp|devilution::FmtArgParser::offset(),pending,,,
engine/render/text_render.cpp|devilution::ContainsSmallFontTallCodepoints(string_view text),ported,,,src/engine/render/text_render.rs
"engine/render/text_render.cpp|devilution::GetLineHeight(string_view fmt, DrawStringFormatArg *args, std::size_t argsLen, GameFontTables fontIndex)",ported,,,src/engine/render/text_render.rs
"engine/render/text_render.cpp|devilution::ClipSurface(const Surface &out, Rectangle rect)",ported,,,src/engine/render/text_render.rs
"engine/render/text_render.cpp|devilution::MaybeWrap(Point &characterPosition, int characterWidth, int rightMargin, int initialX, int lineHeight)",ported,,,src/engine/render/text_render.rs
"engine/render/text_render.cpp|devilution::GetLineStartX(UiFlags flags, const Rectangle &rect, int lineWidth)",ported,,,src/engine/render/text_render.rs
"engine/render/text_render.cpp|devilution::DoDrawString(const Surface &out, string_view text, Rectangle rect, Point &characterPosition, int spacing, int lineHeight, int lineWidth, int rightMargin, int bottomMargin, UiFlags flags, GameFontTables size, text_color color, bool outline)",ported,,,src/engine/render/text_render.rs
engine/render/text_render.cpp|devilution::LoadSmallSelectionSpinner(),ported,,,src/engine/render/text_render.rs
engine/render/text_render.cpp|devilution::UnloadFonts(),ported,,,src/engine/render/text_render.rs
"engine/render/text_render.cpp|devilution::GetLineWidth(string_view text, GameFontTables size, int spacing, int *charactersInLine)",ported,,,src/engine/render/text_render.rs
"engine/render/text_render.cpp|devilution::GetLineWidth(string_view fmt, DrawStringFormatArg *args, std::size_t argsLen, size_t argsOffset, GameFontTables size, int spacing, int *charactersInLine)",ported,,,src/engine/render/text_render.rs
"engine/render/text_render.cpp|devilution::GetLineHeight(string_view text, GameFontTables fontIndex)",ported,,,src/engine/render/text_render.rs
"engine/render/text_render.cpp|devilution::AdjustSpacingToFitHorizontally(int &lineWidth, int maxSpacing, int charactersInLine, int availableWidth)",ported,,,src/engine/render/text_render.rs
"engine/render/text_render.cpp|devilution::WordWrapString(string_view text, unsigned width, GameFontTables size, int spacing)",ported,,,src/engine/render/text_render.rs
"engine/render/text_render.cpp|devilution::DrawString(const Surface &out, string_view text, const Rectangle &rect, UiFlags flags, int spacing, int lineHeight)",ported,,,src/engine/render/text_render.rs
"engine/render/text_render.cpp|devilution::DrawStringWithColors(const Surface &out, string_view fmt, DrawStringFormatArg *args, std::size_t argsLen, const Rectangle &rect, UiFlags flags, int spacing, int lineHeight)",ported,,,src/engine/render/text_render.rs
engine/render/text_render.cpp|devilution::PentSpn2Spin(),ported,,,src/engine/render/text_render.rs
"engine/render/text_render.hpp|devilution::DrawStringFormatArg::DrawStringFormatArg(string_view value, UiFlags flags)",pending,,,
"engine/render/text_render.hpp|devilution::DrawStringFormatArg::DrawStringFormatArg(int value, UiFlags flags)",pending,,,
engine/render/text_render.hpp|devilution::DrawStringFormatArg::GetType(),pending,,,
engine/render/text_render.hpp|devilution::DrawStringFormatArg::GetFormatted(),pending,,,
engine/render/text_render.hpp|devilution::DrawStringFormatArg::SetFormatted(std::string &&value),pending,,,
engine/render/text_render.hpp|devilution::DrawStringFormatArg::HasFormatted(),pending,,,
engine/render/text_render.hpp|devilution::DrawStringFormatArg::GetIntValue(),pending,,,
engine/render/text_render.hpp|devilution::DrawStringFormatArg::GetFlags(),pending,,,
"engine/render/text_render.hpp|devilution::DrawString(const Surface &out, string_view text, const Point &position, UiFlags flags = UiFlags::None, int spacing = 1, int lineHeight = -1)",ported,,,src/engine/render/text_render.rs
"engine/render/text_render.hpp|devilution::DrawStringWithColors(const Surface &out, string_view fmt, std::vector<DrawStringFormatArg> args, const Rectangle &rect, UiFlags flags = UiFlags::None, int spacing = 1, int lineHeight = -1)",pending,,,
"engine/size.hpp|devilution::SizeOf::SizeOf(SizeT width, SizeT height)",ported,,,src/engine/geometry.rs
engine/size.hpp|devilution::SizeOf::SizeOf(SizeT size),ported,,,src/engine/geometry.rs
engine/size.hpp|devilution::SizeOf::operator==(const SizeOf<SizeT> &other),ported,,,src/engine/geometry.rs
engine/size.hpp|devilution::SizeOf::operator!=(const SizeOf<SizeT> &other),ported,,,src/engine/geometry.rs
engine/size.hpp|devilution::SizeOf::operator+=(SizeT factor),ported,,,src/engine/geometry.rs
engine/size.hpp|devilution::SizeOf::operator-=(SizeT factor),ported,,,src/engine/geometry.rs
engine/size.hpp|devilution::SizeOf::operator*=(SizeT factor),ported,,,src/engine/geometry.rs
engine/size.hpp|devilution::SizeOf::operator*=(float factor),ported,,,src/engine/geometry.rs
engine/size.hpp|devilution::SizeOf::operator/=(SizeT factor),ported,,,src/engine/geometry.rs
"engine/size.hpp|devilution::SizeOf::operator+(SizeOf<SizeT> a, SizeT factor)",ported,,,src/engine/geometry.rs
"engine/size.hpp|devilution::SizeOf::operator-(SizeOf<SizeT> a, SizeT factor)",ported,,,src/engine/geometry.rs
"engine/size.hpp|devilution::SizeOf::operator*(SizeOf<SizeT> a, SizeT factor)",ported,,,src/engine/geometry.rs
"engine/size.hpp|devilution::SizeOf::operator/(SizeOf<SizeT> a, SizeT factor)",ported,,,src/engine/geometry.rs
engine/sound.cpp|devilution::GetMp3Path(const char *path),ported,,,src/engine/sound.rs
"engine/sound.cpp|devilution::LoadAudioFile(const char *path, bool stream, bool errorDialog, SoundSample &result)",ported,,,src/engine/sound.rs
engine/sound.cpp|devilution::DuplicateSound(const SoundSample &sound),ported,,,src/engine/sound.rs
engine/sound.cpp|devilution::CapVolume(int volume),ported,,,src/engine/sound.rs
engine/sound.cpp|devilution::ClearDuplicateSounds(),ported,,,src/engine/sound.rs
"engine/sound.cpp|devilution::snd_play_snd(TSnd *pSnd, int lVolume, int lPan)",ported,,,src/engine/sound.rs
"engine/sound.cpp|devilution::sound_file_load(const char *path, bool stream)",ported,,,src/engine/sound.rs
engine/sound.cpp|devilution::TSnd::~TSnd(),ported,,,src/engine/sound.rs
engine/sound.cpp|devilution::snd_init(),ported,,,src/engine/sound.rs
engine/sound.cpp|devilution::snd_deinit(),ported,,,src/engine/sound.rs
engine/sound.cpp|devilution::GetLevelMusic(dungeon_type dungeonType),ported,,,src/engine/sound.rs
engine/sound.cpp|devilution::music_stop(),ported,,,src/engine/sound.rs
engine/sound.cpp|devilution::music_start(_music_id nTrack),ported,,,src/engine/sound.rs
engine/sound.cpp|devilution::sound_disable_music(bool disable),ported,,,src/engine/sound.rs
engine/sound.cpp|devilution::sound_get_or_set_music_volume(int volume),ported,,,src/engine/sound.rs
engine/sound.cpp|devilution::sound_get_or_set_sound_volume(int volume),ported,,,src/engine/sound.rs
engine/sound.cpp|devilution::music_mute(),ported,,,src/engine/sound.rs
engine/sound.cpp|devilution::music_unmute(),ported,,,src/engine/sound.rs
engine/sound.h|devilution::TSnd::isPlaying(),pending,,,
"engine/sound_position.cpp|devilution::CalculateSoundPosition(Point soundPosition, int *plVolume, int *plPan)",ported,,,src/engine/sound.rs
engine/sound_stubs.cpp|devilution::ClearDuplicateSounds(),replaced,none,NOSOUND build-variant stubs; not compiled into the shipped exe,
"engine/sound_stubs.cpp|devilution::snd_play_snd(TSnd *pSnd, int lVolume, int lPan)",replaced,none,NOSOUND build-variant stubs; not compiled into the shipped exe,
"engine/sound_stubs.cpp|devilution::sound_file_load(const char *path, bool stream)",replaced,none,NOSOUND build-variant stubs; not compiled into the shipped exe,
engine/sound_stubs.cpp|devilution::TSnd::~TSnd(),replaced,none,NOSOUND build-variant stubs; not compiled into the shipped exe,
engine/sound_stubs.cpp|devilution::snd_init(),replaced,none,NOSOUND build-variant stubs; not compiled into the shipped exe,
engine/sound_stubs.cpp|devilution::snd_deinit(),replaced,none,NOSOUND build-variant stubs; not compiled into the shipped exe,
engine/sound_stubs.cpp|devilution::music_stop(),replaced,none,NOSOUND build-variant stubs; not compiled into the shipped exe,
engine/sound_stubs.cpp|devilution::music_start(_music_id nTrack),replaced,none,NOSOUND build-variant stubs; not compiled into the shipped exe,
engine/sound_stubs.cpp|devilution::sound_disable_music(bool disable),replaced,none,NOSOUND build-variant stubs; not compiled into the shipped exe,
engine/sound_stubs.cpp|devilution::sound_get_or_set_music_volume(int volume),replaced,none,NOSOUND build-variant stubs; not compiled into the shipped exe,
engine/sound_stubs.cpp|devilution::sound_get_or_set_sound_volume(int volume),replaced,none,NOSOUND build-variant stubs; not compiled into the shipped exe,
engine/sound_stubs.cpp|devilution::music_mute(),replaced,none,NOSOUND build-variant stubs; not compiled into the shipped exe,
engine/sound_stubs.cpp|devilution::music_unmute(),replaced,none,NOSOUND build-variant stubs; not compiled into the shipped exe,
engine/sound_stubs.cpp|devilution::GetLevelMusic(dungeon_type dungeonType),replaced,none,NOSOUND build-variant stubs; not compiled into the shipped exe,
"engine/surface.cpp|devilution::SurfaceBlit(const Surface &src, SDL_Rect srcRect, const Surface &dst, Point dstPosition)",pending,,,
"engine/surface.cpp|devilution::Surface::BlitFrom(const Surface &src, SDL_Rect srcRect, Point targetPosition)",ported,,,src/engine/surface.rs
"engine/surface.cpp|devilution::Surface::BlitFromSkipColorIndexZero(const Surface &src, SDL_Rect srcRect, Point targetPosition)",ported,,,src/engine/surface.rs
engine/surface.hpp|devilution::Surface::Surface(),pending,,,
engine/surface.hpp|devilution::Surface::Surface(SDL_Surface *surface),pending,,,
"engine/surface.hpp|devilution::Surface::Surface(SDL_Surface *surface, SDL_Rect region)",pending,,,
engine/surface.hpp|devilution::Surface::w(),pending,,,
engine/surface.hpp|devilution::Surface::h(),pending,,,
engine/surface.hpp|devilution::Surface::operator[](Point p),pending,,,
"engine/surface.hpp|devilution::Surface::at(int x, int y)",pending,,,
engine/surface.hpp|devilution::Surface::begin(),pending,,,
engine/surface.hpp|devilution::Surface::end(),pending,,,
"engine/surface.hpp|devilution::Surface::SetPixel(Point position, std::uint8_t col)",pending,,,
engine/surface.hpp|devilution::Surface::pitch(),pending,,,
engine/surface.hpp|devilution::Surface::InBounds(Point position),pending,,,
"engine/surface.hpp|devilution::Surface::subregion(int x, int y, int w, int h)",pending,,,
"engine/surface.hpp|devilution::Surface::subregionY(int y, int h)",pending,,,
"engine/surface.hpp|devilution::Surface::Clip(SDL_Rect *srcRect, Point *targetPosition)",pending,,,
engine/surface.hpp|devilution::OwnedSurface::OwnedSurface(SDLSurfaceUniquePtr surface),pending,,,
"engine/surface.hpp|devilution::OwnedSurface::OwnedSurface(int width, int height)",pending,,,
engine/surface.hpp|devilution::OwnedSurface::OwnedSurface(Size size),pending,,,
engine/trn.cpp|devilution::GetInfravisionTRN(),ported,,,src/engine/trn.rs
engine/trn.cpp|devilution::GetStoneTRN(),ported,,,src/engine/trn.rs
engine/trn.cpp|devilution::GetPauseTRN(),ported,,,src/engine/trn.rs
engine/trn.cpp|devilution::GetClassTRN(Player &player),ported,,,src/engine/trn.rs
engine/world_tile.hpp|std::hash::operator()(),pending,,,
error.cpp|devilution::InitNextLines(),ported,,,src/error.rs
"error.cpp|devilution::InitDiabloMsg(diablo_message e, uint32_t duration)",ported,,,src/error.rs
"error.cpp|devilution::InitDiabloMsg(string_view msg, uint32_t duration)",ported,,,src/error.rs
error.cpp|devilution::IsDiabloMsgAvailable(),ported,,,src/error.rs
error.cpp|devilution::CancelCurrentDiabloMsg(),ported,,,src/error.rs
error.cpp|devilution::ClrDiabloMsg(),ported,,,src/error.rs
error.cpp|devilution::DrawDiabloMsg(const Surface &out),pending,,,
gamemenu.cpp|devilution::GamemenuUpdateSingle(),pending,,,
gamemenu.cpp|devilution::GamemenuUpdateMulti(),pending,,,
gamemenu.cpp|devilution::GamemenuPrevious(bool),pending,,,
gamemenu.cpp|devilution::GamemenuNewGame(bool),pending,,,
gamemenu.cpp|devilution::GamemenuRestartTown(bool),pending,,,
"gamemenu.cpp|devilution::GamemenuSoundMusicToggle(const char *const *names, TMenuItem *menuItem, int volume)",pending,,,
gamemenu.cpp|devilution::GamemenuSliderMusicSound(TMenuItem *menuItem),pending,,,
gamemenu.cpp|devilution::GamemenuGetMusic(),pending,,,
gamemenu.cpp|devilution::GamemenuGetSound(),pending,,,
gamemenu.cpp|devilution::GamemenuGetGamma(),pending,,,
gamemenu.cpp|devilution::GamemenuGetSpeed(),pending,,,
gamemenu.cpp|devilution::GamemenuSliderGamma(),pending,,,
gamemenu.cpp|devilution::GamemenuOptions(bool),pending,,,
gamemenu.cpp|devilution::GamemenuMusicVolume(bool bActivate),pending,,,
gamemenu.cpp|devilution::GamemenuSoundVolume(bool bActivate),pending,,,
gamemenu.cpp|devilution::GamemenuGamma(bool bActivate),pending,,,
gamemenu.cpp|devilution::GamemenuSpeed(bool bActivate),pending,,,
gamemenu.cpp|devilution::gamemenu_quit_game(bool bActivate),pending,,,
gamemenu.cpp|devilution::gamemenu_load_game(bool),pending,,,
gamemenu.cpp|devilution::gamemenu_save_game(bool),pending,,,
gamemenu.cpp|devilution::gamemenu_on(),pending,,,
gamemenu.cpp|devilution::gamemenu_off(),pending,,,
gamemenu.cpp|devilution::gamemenu_handle_previous(),pending,,,
gmenu.cpp|devilution::GmenuUpDown(bool isDown),pending,,,
gmenu.cpp|devilution::GmenuLeftRight(bool isRight),pending,,,
gmenu.cpp|devilution::GmenuGetLineWidth(TMenuItem *pItem),pending,,,
"gmenu.cpp|devilution::GmenuDrawMenuItem(const Surface &out, TMenuItem *pItem, int y)",pending,,,
gmenu.cpp|devilution::GameMenuMove(),pending,,,
gmenu.cpp|devilution::GmenuMouseIsOverSlider(),pending,,,
gmenu.cpp|devilution::GmenuGetSliderFill(),pending,,,
gmenu.cpp|devilution::gmenu_draw_pause(const Surface &out),pending,,,
gmenu.cpp|devilution::FreeGMenu(),pending,,,
gmenu.cpp|devilution::gmenu_init_menu(),pending,,,
gmenu.cpp|devilution::gmenu_is_active(),pending,,,
"gmenu.cpp|devilution::gmenu_set_items(TMenuItem *pItem, void (*gmFunc)())",pending,,,
gmenu.cpp|devilution::gmenu_draw(const Surface &out),pending,,,
gmenu.cpp|devilution::gmenu_presskeys(SDL_Keycode vkey),pending,,,
gmenu.cpp|devilution::gmenu_on_mouse_move(),pending,,,
gmenu.cpp|devilution::gmenu_left_mouse(bool isDown),pending,,,
"gmenu.cpp|devilution::gmenu_slider_set(TMenuItem *pItem, int min, int max, int value)",pending,,,
"gmenu.cpp|devilution::gmenu_slider_get(TMenuItem *pItem, int min, int max)",pending,,,
"gmenu.cpp|devilution::gmenu_slider_steps(TMenuItem *pItem, int steps)",pending,,,
gmenu.h|devilution::TMenuItem::enabled(),pending,,,
gmenu.h|devilution::TMenuItem::isSlider(),pending,,,
gmenu.h|devilution::TMenuItem::sliderStep(),pending,,,
gmenu.h|devilution::TMenuItem::setSliderStep(uint16_t step),pending,,,
gmenu.h|devilution::TMenuItem::sliderSteps(),pending,,,
gmenu.h|devilution::TMenuItem::setSliderSteps(uint16_t steps),pending,,,
gmenu.h|devilution::TMenuItem::addFlags(uint32_t flags),pending,,,
gmenu.h|devilution::TMenuItem::removeFlags(uint32_t flags),pending,,,
gmenu.h|devilution::TMenuItem::setEnabled(bool enabled),pending,,,
help.cpp|devilution::LineHeight(),pending,,,
help.cpp|devilution::BlankLineHeight(),pending,,,
help.cpp|devilution::DividerLineMarginY(),pending,,,
help.cpp|devilution::HeaderHeight(),pending,,,
help.cpp|devilution::ContentPaddingY(),pending,,,
help.cpp|devilution::ContentsTextHeight(),pending,,,
help.cpp|devilution::NumVisibleLines(),pending,,,
help.cpp|devilution::DrawHelpSlider(const Surface &out),pending,,,
help.cpp|devilution::InitHelp(),pending,,,
help.cpp|devilution::DrawHelp(const Surface &out),pending,,,
help.cpp|devilution::DisplayHelp(),pending,,,
help.cpp|devilution::HelpScrollUp(),pending,,,
help.cpp|devilution::HelpScrollDown(),pending,,,
hwcursor.cpp|devilution::ScaledSize(Size size),ported,,,src/hwcursor.rs
hwcursor.cpp|devilution::IsCursorSizeAllowed(Size size),ported,,,src/hwcursor.rs
"hwcursor.cpp|devilution::GetHotpointPosition(const SDL_Surface &surface, HotpointPosition position)",ported,,,src/hwcursor.rs
hwcursor.cpp|devilution::ShouldUseBilinearScaling(),ported,,,src/hwcursor.rs
"hwcursor.cpp|devilution::SetHardwareCursorFromSurface(SDL_Surface *surface, HotpointPosition hotpointPosition)",ported,,,src/hwcursor.rs
"hwcursor.cpp|devilution::SetHardwareCursorFromClxSprite(ClxSprite sprite, HotpointPosition hotpointPosition)",ported,,,src/hwcursor.rs
hwcursor.cpp|devilution::SetHardwareCursorFromSprite(int pcurs),pending,,,
hwcursor.cpp|devilution::GetCurrentCursorInfo(),ported,,,src/hwcursor.rs
hwcursor.cpp|devilution::SetHardwareCursor(CursorInfo cursorInfo),ported,,,src/hwcursor.rs
hwcursor.hpp|devilution::IsHardwareCursorEnabled(),ported,,,src/hwcursor.rs
hwcursor.hpp|devilution::CursorInfo::UserInterfaceCursor(),pending,,,
hwcursor.hpp|devilution::CursorInfo::GameCursor(int gameSpriteId),pending,,,
hwcursor.hpp|devilution::CursorInfo::UnknownCursor(),pending,,,
hwcursor.hpp|devilution::CursorInfo::type(),pending,,,
hwcursor.hpp|devilution::CursorInfo::id(),pending,,,
hwcursor.hpp|devilution::CursorInfo::Enabled(),pending,,,
hwcursor.hpp|devilution::CursorInfo::SetEnabled(bool value),pending,,,
hwcursor.hpp|devilution::CursorInfo::needsReinitialization(),pending,,,
hwcursor.hpp|devilution::CursorInfo::setNeedsReinitialization(bool value),pending,,,
hwcursor.hpp|devilution::CursorInfo::operator==(const CursorInfo &other),pending,,,
hwcursor.hpp|devilution::CursorInfo::operator!=(const CursorInfo &other),pending,,,
"hwcursor.hpp|devilution::CursorInfo::CursorInfo(CursorType type, int id = 0)",pending,,,
hwcursor.hpp|devilution::IsHardwareCursor(),ported,,,src/hwcursor.rs
hwcursor.hpp|devilution::DoReinitializeHardwareCursor(),ported,,,src/hwcursor.rs
hwcursor.hpp|devilution::IsHardwareCursorVisible(),ported,,,src/hwcursor.rs
hwcursor.hpp|devilution::SetHardwareCursorVisible(bool visible),ported,,,src/hwcursor.rs
hwcursor.hpp|devilution::ReinitializeHardwareCursor(),ported,,,src/hwcursor.rs
"init.cpp|devilution::LoadMPQ(const std::vector<std::string> &paths, string_view mpqName)",ported,,,src/init.rs
init.cpp|devilution::GetMPQSearchPaths(),ported,,,src/init.rs
init.cpp|devilution::CheckExtraFontsVersion(AssetRef &&ref),ported,,,src/init.rs
init.cpp|devilution::AreExtraFontsOutOfDate(MpqArchive &archive),ported,,,src/init.rs
init.cpp|devilution::init_cleanup(),ported,,,src/init.rs
init.cpp|devilution::LoadCoreArchives(),ported,,,src/init.rs
init.cpp|devilution::LoadLanguageArchive(),ported,,,src/init.rs
init.cpp|devilution::LoadGameArchives(),ported,,,src/init.rs
init.cpp|devilution::init_create_window(),ported,,,src/init.rs
init.cpp|devilution::MainWndProc(const SDL_Event &event),pending,,,
init.h|devilution::HaveSpawn(),pending,,,
init.h|devilution::HaveDiabdat(),pending,,,
init.h|devilution::HaveHellfire(),pending,,,
init.h|devilution::HaveExtraFonts(),ported,,,src/engine/render/text_render.rs
init.h|devilution::AreExtraFontsOutOfDate(),ported,,,src/init.rs
interfac.cpp|devilution::GetCutSceneFromLevelType(dungeon_type type),pending,,,
interfac.cpp|devilution::PickCutscene(interface_mode uMsg),pending,,,
interfac.cpp|devilution::LoadCutsceneBackground(interface_mode uMsg),pending,,,
interfac.cpp|devilution::FreeCutsceneBackground(),pending,,,
interfac.cpp|devilution::DrawCutsceneBackground(),pending,,,
interfac.cpp|devilution::DrawCutsceneForeground(),pending,,,
interfac.cpp|devilution::RegisterCustomEvents(),pending,,,
interfac.cpp|devilution::IsCustomEvent(uint32_t eventType),pending,,,
interfac.cpp|devilution::GetCustomEvent(uint32_t eventType),pending,,,
interfac.cpp|devilution::CustomEventToSdlEvent(interface_mode eventType),pending,,,
interfac.cpp|devilution::interface_msg_pump(),pending,,,
interfac.cpp|devilution::IncProgress(),pending,,,
interfac.cpp|devilution::CompleteProgress(),pending,,,
interfac.cpp|devilution::ShowProgress(interface_mode uMsg),pending,,,
"inv.cpp|devilution::AddItemToInvGrid(Player &player, int invGridIndex, int invListIndex, Size itemSize)",pending,,,
inv.cpp|devilution::FitsInBeltSlot(const Item &item),pending,,,
inv.cpp|devilution::CanEquip(const Item &item),pending,,,
"inv.cpp|devilution::CanWield(Player &player, const Item &item)",pending,,,
"inv.cpp|devilution::CanEquip(Player &player, const Item &item, inv_body_loc bodyLocation)",pending,,,
"inv.cpp|devilution::ChangeEquipment(Player &player, inv_body_loc bodyLocation, const Item &item)",pending,,,
"inv.cpp|devilution::AutoEquip(Player &player, const Item &item, inv_body_loc bodyLocation, bool persistItem)",pending,,,
"inv.cpp|devilution::FindTargetSlotUnderItemCursor(Point cursorPosition, Size itemSize)",pending,,,
"inv.cpp|devilution::CheckInvPaste(Player &player, Point cursorPosition)",pending,,,
"inv.cpp|devilution::CheckInvCut(Player &player, Point cursorPosition, bool automaticMove, bool dropItem)",pending,,,
"inv.cpp|devilution::TryCombineNaKrulNotes(Player &player, Item &noteItem)",pending,,,
"inv.cpp|devilution::CheckQuestItem(Player &player, Item &questItem)",pending,,,
inv.cpp|devilution::CleanupItems(int ii),pending,,,
"inv.cpp|devilution::CanUseStaff(Item &staff, SpellID spell)",pending,,,
inv.cpp|devilution::StartGoldDrop(),pending,,,
"inv.cpp|devilution::CreateGoldItemInInventorySlot(Player &player, int slotIndex, int value)",pending,,,
"inv.cpp|devilution::InvDrawSlotBack(const Surface &out, Point targetPosition, Size size, item_quality itemQuality)",pending,,,
inv.cpp|devilution::CanBePlacedOnBelt(const Item &item),pending,,,
inv.cpp|devilution::FreeInvGFX(),pending,,,
inv.cpp|devilution::InitInv(),pending,,,
inv.cpp|devilution::DrawInv(const Surface &out),pending,,,
inv.cpp|devilution::DrawInvBelt(const Surface &out),pending,,,
"inv.cpp|devilution::RemoveEquipment(Player &player, inv_body_loc bodyLocation, bool hiPri)",pending,,,
"inv.cpp|devilution::AutoPlaceItemInBelt(Player &player, const Item &item, bool persistItem)",pending,,,
"inv.cpp|devilution::AutoEquip(Player &player, const Item &item, bool persistItem)",pending,,,
"inv.cpp|devilution::AutoEquipEnabled(const Player &player, const Item &item)",pending,,,
"inv.cpp|devilution::AutoPlaceItemInInventory(Player &player, const Item &item, bool persistItem)",pending,,,
"inv.cpp|devilution::AutoPlaceItemInInventorySlot(Player &player, int slotIndex, const Item &item, bool persistItem)",pending,,,
inv.cpp|devilution::RoomForGold(),pending,,,
"inv.cpp|devilution::AddGoldToInventory(Player &player, int value)",pending,,,
"inv.cpp|devilution::GoldAutoPlace(Player &player, Item &goldStack)",pending,,,
"inv.cpp|devilution::CheckInvSwap(Player &player, inv_body_loc bLoc)",pending,,,
"inv.cpp|devilution::inv_update_rem_item(Player &player, inv_body_loc iv)",pending,,,
"inv.cpp|devilution::CheckInvSwap(Player &player, const Item &item, int invGridIndex)",pending,,,
"inv.cpp|devilution::CheckInvRemove(Player &player, int invGridIndex)",pending,,,
"inv.cpp|devilution::TransferItemToStash(Player &player, int location)",pending,,,
"inv.cpp|devilution::CheckInvItem(bool isShiftHeld, bool isCtrlHeld)",pending,,,
"inv.cpp|devilution::CheckInvScrn(bool isShiftHeld, bool isCtrlHeld)",pending,,,
"inv.cpp|devilution::InvGetItem(Player &player, int ii)",pending,,,
"inv.cpp|devilution::FindAdjacentPositionForItem(Point origin, Direction facing)",pending,,,
"inv.cpp|devilution::AutoGetItem(Player &player, Item *itemPointer, int ii)",pending,,,
"inv.cpp|devilution::FindGetItem(uint32_t iseed, _item_indexes idx, uint16_t createInfo)",pending,,,
"inv.cpp|devilution::SyncGetItem(Point position, uint32_t iseed, _item_indexes idx, uint16_t ci)",pending,,,
inv.cpp|devilution::CanPut(Point position),pending,,,
"inv.cpp|devilution::ClampDurability(const Item &item, int durability)",ported,,,src/inv.rs
"inv.cpp|devilution::ClampToHit(const Item &item, int16_t toHit)",ported,,,src/inv.rs
"inv.cpp|devilution::ClampMaxDam(const Item &item, uint8_t maxDam)",ported,,,src/inv.rs
"inv.cpp|devilution::SyncDropItem(Point position, _item_indexes idx, uint16_t icreateinfo, int iseed, int id, int dur, int mdur, int ch, int mch, int ivalue, uint32_t ibuff, int toHit, int maxDam)",pending,,,
"inv.cpp|devilution::SyncDropEar(Point position, uint16_t icreateinfo, uint32_t iseed, uint8_t cursval, string_view heroname)",pending,,,
inv.cpp|devilution::CheckInvHLight(),pending,,,
inv.cpp|devilution::ConsumeScroll(Player &player),pending,,,
"inv.cpp|devilution::CanUseScroll(Player &player, SpellID spell)",pending,,,
inv.cpp|devilution::ConsumeStaffCharge(Player &player),pending,,,
"inv.cpp|devilution::CanUseStaff(Player &player, SpellID spellId)",pending,,,
"inv.cpp|devilution::GetInventoryItem(Player &player, int location)",pending,,,
inv.cpp|devilution::UseInvItem(int cii),pending,,,
inv.cpp|devilution::CloseInventory(),pending,,,
inv.cpp|devilution::CloseStash(),pending,,,
inv.cpp|devilution::DoTelekinesis(),pending,,,
inv.cpp|devilution::CalculateGold(Player &player),pending,,,
inv.cpp|devilution::GetInventorySize(const Item &item),pending,,,
"inv.h|devilution::HasInventoryItem(Player &player, Predicate &&predicate)",pending,,,
"inv.h|devilution::HasBeltItem(Player &player, Predicate &&predicate)",pending,,,
"inv.h|devilution::HasInventoryOrBeltItem(Player &player, Predicate &&predicate)",pending,,,
"inv.h|devilution::HasInventoryItemWithId(Player &player, _item_indexes id)",pending,,,
"inv.h|devilution::HasBeltItemWithId(Player &player, _item_indexes id)",pending,,,
"inv.h|devilution::HasInventoryOrBeltItemWithId(Player &player, _item_indexes id)",pending,,,
"inv.h|devilution::RemoveInventoryItem(Player &player, Predicate &&predicate)",pending,,,
"inv.h|devilution::RemoveBeltItem(Player &player, Predicate &&predicate)",pending,,,
"inv.h|devilution::RemoveInventoryOrBeltItem(Player &player, Predicate &&predicate)",pending,,,
"inv.h|devilution::RemoveInventoryItemById(Player &player, _item_indexes id)",pending,,,
"inv.h|devilution::RemoveBeltItemById(Player &player, _item_indexes id)",pending,,,
"inv.h|devilution::RemoveInventoryOrBeltItemById(Player &player, _item_indexes id)",pending,,,
"inv_iterators.hpp|devilution::ItemsContainerRange::Iterator::Iterator(Item *items, std::size_t count, std::size_t index)",pending,,,
inv_iterators.hpp|devilution::ItemsContainerRange::Iterator::operator->(),pending,,,
inv_iterators.hpp|devilution::ItemsContainerRange::Iterator::operator*(),pending,,,
inv_iterators.hpp|devilution::ItemsContainerRange::Iterator::operator++(),pending,,,
inv_iterators.hpp|devilution::ItemsContainerRange::Iterator::operator++(int),pending,,,
inv_iterators.hpp|devilution::ItemsContainerRange::Iterator::operator==(const Iterator &other),pending,,,
inv_iterators.hpp|devilution::ItemsContainerRange::Iterator::operator!=(const Iterator &other),pending,,,
inv_iterators.hpp|devilution::ItemsContainerRange::Iterator::atEnd(),pending,,,
inv_iterators.hpp|devilution::ItemsContainerRange::Iterator::index(),pending,,,
inv_iterators.hpp|devilution::ItemsContainerRange::Iterator::advancePastEmpty(),pending,,,
"inv_iterators.hpp|devilution::ItemsContainerRange::ItemsContainerRange(Item *items, std::size_t count)",pending,,,
inv_iterators.hpp|devilution::ItemsContainerRange::begin(),pending,,,
inv_iterators.hpp|devilution::ItemsContainerRange::end(),pending,,,
inv_iterators.hpp|devilution::ItemsContainerListRange::Iterator::Iterator(std::vector<ItemsContainerRange::Iterator> iterators),pending,,,
inv_iterators.hpp|devilution::ItemsContainerListRange::Iterator::operator->(),pending,,,
inv_iterators.hpp|devilution::ItemsContainerListRange::Iterator::operator*(),pending,,,
inv_iterators.hpp|devilution::ItemsContainerListRange::Iterator::operator++(),pending,,,
inv_iterators.hpp|devilution::ItemsContainerListRange::Iterator::operator++(int),pending,,,
inv_iterators.hpp|devilution::ItemsContainerListRange::Iterator::operator==(const Iterator &other),pending,,,
inv_iterators.hpp|devilution::ItemsContainerListRange::Iterator::operator!=(const Iterator &other),pending,,,
inv_iterators.hpp|devilution::ItemsContainerListRange::Iterator::advancePastEmpty(),pending,,,
inv_iterators.hpp|devilution::EquippedPlayerItemsRange::EquippedPlayerItemsRange(Player &player),pending,,,
inv_iterators.hpp|devilution::EquippedPlayerItemsRange::begin(),pending,,,
inv_iterators.hpp|devilution::EquippedPlayerItemsRange::end(),pending,,,
inv_iterators.hpp|devilution::EquippedPlayerItemsRange::containerSize(),pending,,,
inv_iterators.hpp|devilution::InventoryPlayerItemsRange::InventoryPlayerItemsRange(Player &player),pending,,,
inv_iterators.hpp|devilution::InventoryPlayerItemsRange::begin(),pending,,,
inv_iterators.hpp|devilution::InventoryPlayerItemsRange::end(),pending,,,
inv_iterators.hpp|devilution::InventoryPlayerItemsRange::containerSize(),pending,,,
inv_iterators.hpp|devilution::BeltPlayerItemsRange::BeltPlayerItemsRange(Player &player),pending,,,
inv_iterators.hpp|devilution::BeltPlayerItemsRange::begin(),pending,,,
inv_iterators.hpp|devilution::BeltPlayerItemsRange::end(),pending,,,
inv_iterators.hpp|devilution::BeltPlayerItemsRange::containerSize(),pending,,,
inv_iterators.hpp|devilution::InventoryAndBeltPlayerItemsRange::InventoryAndBeltPlayerItemsRange(Player &player),pending,,,
inv_iterators.hpp|devilution::InventoryAndBeltPlayerItemsRange::begin(),pending,,,
inv_iterators.hpp|devilution::InventoryAndBeltPlayerItemsRange::end(),pending,,,
inv_iterators.hpp|devilution::PlayerItemsRange::PlayerItemsRange(Player &player),pending,,,
inv_iterators.hpp|devilution::PlayerItemsRange::begin(),pending,,,
inv_iterators.hpp|devilution::PlayerItemsRange::end(),pending,,,
itemdat.cpp|devilution::ItemTypeToString(ItemType itemType),pending,,,
"items.cpp|devilution::IsPrefixValidForItemType(int i, AffixItemType flgs, bool hellfireItem)",ported,,,src/items.rs
"items.cpp|devilution::IsSuffixValidForItemType(int i, AffixItemType flgs, bool hellfireItem)",ported,,,src/items.rs
items.cpp|devilution::ItemsGetCurrlevel(),ported,,,src/items.rs
items.cpp|devilution::ItemPlace(Point position),ported,,,src/items.rs
items.cpp|devilution::GetRandomAvailableItemPosition(),ported,,,src/items.rs
items.cpp|devilution::AddInitItems(),ported,,,src/items.rs
items.cpp|devilution::SpawnNote(),ported,,,src/items.rs
items.cpp|devilution::CalcSelfItems(Player &player),ported,,,src/items.rs
"items.cpp|devilution::GetItemSpace(Point position, int8_t inum)",ported,,,src/items.rs
"items.cpp|devilution::GetSuperItemSpace(Point position, int8_t inum)",ported,,,src/items.rs
items.cpp|devilution::CalcItemValue(Item &item),ported,,,src/items.rs
"items.cpp|devilution::GetBookSpell(Item &item, int lvl)",ported,,,src/items.rs
"items.cpp|devilution::RndPL(int param1, int param2)",ported,,,src/items.rs
items.cpp|devilution::CalculateToHitBonus(int level),ported,,,src/items.rs
"items.cpp|devilution::SaveItemPower(const Player &player, Item &item, ItemPower &power)",ported,,,src/items.rs
items.cpp|devilution::StringInPanel(const char *str),ported,,,src/items.rs
"items.cpp|devilution::PLVal(int pv, int p1, int p2, int minv, int maxv)",ported,,,src/items.rs
"items.cpp|devilution::SaveItemAffix(const Player &player, Item &item, const PLStruct &affix)",ported,,,src/items.rs
"items.cpp|devilution::GetStaffPrefixId(int lvl, bool onlygood, bool hellfireItem)",ported,,,src/items.rs
"items.cpp|devilution::GenerateStaffName(const ItemData &baseItemData, SpellID spellId, bool translate)",ported,,,src/items.rs
"items.cpp|devilution::GenerateStaffNameMagical(const ItemData &baseItemData, SpellID spellId, int preidx, bool translate, std::optional<bool> forceNameLengthCheck)",ported,,,src/items.rs
"items.cpp|devilution::GetStaffPower(const Player &player, Item &item, int lvl, SpellID bs, bool onlygood)",ported,,,src/items.rs
"items.cpp|devilution::GenerateMagicItemName(const string_view &baseNamel, const PLStruct *pPrefix, const PLStruct *pSufix, bool translate)",ported,,,src/items.rs
"items.cpp|devilution::GetItemPowerPrefixAndSuffix(int minlvl, int maxlvl, AffixItemType flgs, bool onlygood, bool hellfireItem, tl::function_ref<void(const PLStruct &prefix)> prefixFound, tl::function_ref<void(const PLStruct &suffix)> suffixFound)",ported,,,src/items.rs
"items.cpp|devilution::GetItemPower(const Player &player, Item &item, int minlvl, int maxlvl, AffixItemType flgs, bool onlygood)",ported,,,src/items.rs
"items.cpp|devilution::GetStaffSpell(const Player &player, Item &item, int lvl, bool onlygood)",ported,,,src/items.rs
"items.cpp|devilution::GetOilType(Item &item, int maxLvl)",ported,,,src/items.rs
"items.cpp|devilution::GetItemBonus(const Player &player, Item &item, int minlvl, int maxlvl, bool onlygood, bool allowspells)",ported,,,src/items.rs
"items.cpp|devilution::GetItemIndexForDroppableItem(bool considerDropRate, tl::function_ref<bool(const ItemData &item)> isItemOkay)",ported,,,src/items.rs
items.cpp|devilution::RndUItem(Monster *monster),ported,,,src/items.rs
items.cpp|devilution::RndAllItems(),ported,,,src/items.rs
"items.cpp|devilution::RndTypeItems(ItemType itemType, int imid, int lvl)",ported,,,src/items.rs
"items.cpp|devilution::CheckUnique(Item &item, int lvl, int uper, bool recreate)",ported,,,src/items.rs
"items.cpp|devilution::GetUniqueItem(const Player &player, Item &item, _unique_items uid)",ported,,,src/items.rs
items.cpp|devilution::ItemRndDur(Item &item),ported,,,src/items.rs
"items.cpp|devilution::GetItemBLevel(int lvl, item_misc_id miscId, bool onlygood, bool uper15)",ported,,,src/items.rs
"items.cpp|devilution::SetupAllItems(const Player &player, Item &item, _item_indexes idx, uint32_t iseed, int lvl, int uper, bool onlygood, bool recreate, bool pregen)",ported,,,src/items.rs
"items.cpp|devilution::SetupBaseItem(Point position, _item_indexes idx, bool onlygood, bool sendmsg, bool delta, bool spawn = false)",ported,,,src/items.rs
"items.cpp|devilution::SetupAllUseful(Item &item, int iseed, int lvl)",ported,,,src/items.rs
items.cpp|devilution::Char2int(uint8_t input),ported,,,src/items.rs
"items.cpp|devilution::Hex2bin(const char *src, int bytes, uint8_t *target)",ported,,,src/items.rs
items.cpp|devilution::SpawnRock(),ported,,,src/items.rs
items.cpp|devilution::ItemDoppel(),ported,,,src/items.rs
items.cpp|devilution::PrintItemOil(char iDidx),ported,,,src/items.rs
items.cpp|devilution::DrawUniqueInfoWindow(const Surface &out),pending,,,
"items.cpp|devilution::printItemMiscKBM(const Item &item, const bool isOil, const bool isCastOnTarget)",ported,,,src/items.rs
"items.cpp|devilution::printItemMiscGenericGamepad(const Item &item, const bool isOil, bool isCastOnTarget)",ported,,,src/items.rs
"items.cpp|devilution::printItemMiscGamepad(const Item &item, bool isOil, bool isCastOnTarget)",ported,,,src/items.rs
items.cpp|devilution::PrintItemMisc(const Item &item),ported,,,src/items.rs
items.cpp|devilution::PrintItemInfo(const Item &item),ported,,,src/items.rs
"items.cpp|devilution::SmithItemOk(const Player &player, const ItemData &item)",ported,,,src/items.rs
"items.cpp|devilution::RndVendorItem(const Player &player, int minlvl, int maxlvl)",ported,,,src/items.rs
"items.cpp|devilution::RndSmithItem(const Player &player, int lvl)",ported,,,src/items.rs
items.cpp|devilution::SortVendor(Item *itemList),ported,,,src/items.rs
"items.cpp|devilution::PremiumItemOk(const Player &player, const ItemData &item)",ported,,,src/items.rs
"items.cpp|devilution::RndPremiumItem(const Player &player, int minlvl, int maxlvl)",ported,,,src/items.rs
"items.cpp|devilution::SpawnOnePremium(Item &premiumItem, int plvl, const Player &player)",ported,,,src/items.rs
"items.cpp|devilution::WitchItemOk(const Player &player, const ItemData &item)",ported,,,src/items.rs
"items.cpp|devilution::RndWitchItem(const Player &player, int lvl)",ported,,,src/items.rs
"items.cpp|devilution::RndBoyItem(const Player &player, int lvl)",ported,,,src/items.rs
"items.cpp|devilution::HealerItemOk(const Player &player, const ItemData &item)",ported,,,src/items.rs
"items.cpp|devilution::RndHealerItem(const Player &player, int lvl)",ported,,,src/items.rs
"items.cpp|devilution::RecreateSmithItem(const Player &player, Item &item, int lvl, int iseed)",ported,,,src/items.rs
"items.cpp|devilution::RecreatePremiumItem(const Player &player, Item &item, int plvl, int iseed)",ported,,,src/items.rs
"items.cpp|devilution::RecreateBoyItem(const Player &player, Item &item, int lvl, int iseed)",ported,,,src/items.rs
"items.cpp|devilution::RecreateWitchItem(const Player &player, Item &item, _item_indexes idx, int lvl, int iseed)",ported,,,src/items.rs
"items.cpp|devilution::RecreateHealerItem(const Player &player, Item &item, _item_indexes idx, int lvl, int iseed)",ported,,,src/items.rs
"items.cpp|devilution::RecreateTownItem(const Player &player, Item &item, _item_indexes idx, uint16_t icreateinfo, int iseed)",ported,,,src/items.rs
"items.cpp|devilution::CreateMagicItem(Point position, int lvl, ItemType itemType, int imid, int icurs, bool sendmsg, bool delta, bool spawn = false)",ported,,,src/items.rs
items.cpp|devilution::NextItemRecord(int i),ported,,,src/items.rs
items.cpp|devilution::RndItemForMonsterLevel(int8_t monsterLevel),ported,,,src/items.rs
items.cpp|devilution::GetTranslatedItemName(const Item &item),ported,,,src/items.rs
"items.cpp|devilution::GetTranslatedItemNameMagical(const Item &item, bool hellfireItem, bool translate, std::optional<bool> forceNameLengthCheck)",ported,,,src/items.rs
items.cpp|devilution::IsItemAvailable(int i),ported,,,src/items.rs
"items.cpp|devilution::GetOutlineColor(const Item &item, bool checkReq)",ported,,,src/items.rs
items.cpp|devilution::IsUniqueAvailable(int i),ported,,,src/items.rs
items.cpp|devilution::InitItemGFX(),ported,,,src/items.rs
items.cpp|devilution::InitItems(),ported,,,src/items.rs
"items.cpp|devilution::CalcPlrItemVals(Player &player, bool loadgfx)",ported,,,src/items.rs
"items.cpp|devilution::CalcPlrInv(Player &player, bool loadgfx)",ported,,,src/items.rs
"items.cpp|devilution::InitializeItem(Item &item, _item_indexes itemData)",ported,,,src/items.rs
items.cpp|devilution::GenerateNewSeed(Item &item),ported,,,src/items.rs
items.cpp|devilution::GetGoldCursor(int value),ported,,,src/items.rs
items.cpp|devilution::SetPlrHandGoldCurs(Item &gold),ported,,,src/items.rs
items.cpp|devilution::CreatePlrItems(Player &player),ported,,,src/items.rs
items.cpp|devilution::ItemSpaceOk(Point position),ported,,,src/items.rs
items.cpp|devilution::AllocateItem(),ported,,,src/items.rs
"items.cpp|devilution::PlaceItemInWorld(Item &&item, WorldTilePosition position)",ported,,,src/items.rs
items.cpp|devilution::GetSuperItemLoc(Point position),ported,,,src/items.rs
"items.cpp|devilution::GetItemAttrs(Item &item, _item_indexes itemData, int lvl)",ported,,,src/items.rs
items.cpp|devilution::SetupItem(Item &item),ported,,,src/items.rs
"items.cpp|devilution::SpawnUnique(_unique_items uid, Point position, std::optional<int> level , bool sendmsg , bool exactPosition)",ported,,,src/items.rs
"items.cpp|devilution::SpawnItem(Monster &monster, Point position, bool sendmsg, bool spawn)",ported,,,src/items.rs
"items.cpp|devilution::CreateRndItem(Point position, bool onlygood, bool sendmsg, bool delta)",ported,,,src/items.rs
"items.cpp|devilution::CreateRndUseful(Point position, bool sendmsg)",ported,,,src/items.rs
"items.cpp|devilution::CreateTypeItem(Point position, bool onlygood, ItemType itemType, int imisc, bool sendmsg, bool delta, bool spawn)",ported,,,src/items.rs
"items.cpp|devilution::RecreateItem(const Player &player, Item &item, _item_indexes idx, uint16_t icreateinfo, uint32_t iseed, int ivalue, bool isHellfire)",ported,,,src/items.rs
"items.cpp|devilution::RecreateEar(Item &item, uint16_t ic, uint32_t iseed, uint8_t bCursval, string_view heroName)",ported,,,src/items.rs
items.cpp|devilution::CornerstoneSave(),ported,,,src/items.rs
items.cpp|devilution::CornerstoneLoad(Point position),ported,,,src/items.rs
"items.cpp|devilution::SpawnQuestItem(_item_indexes itemid, Point position, int randarea, int selflag, bool sendmsg)",ported,,,src/items.rs
"items.cpp|devilution::SpawnRewardItem(_item_indexes itemid, Point position, bool sendmsg)",ported,,,src/items.rs
"items.cpp|devilution::SpawnMapOfDoom(Point position, bool sendmsg)",ported,,,src/items.rs
"items.cpp|devilution::SpawnRuneBomb(Point position, bool sendmsg)",ported,,,src/items.rs
"items.cpp|devilution::SpawnTheodore(Point position, bool sendmsg)",ported,,,src/items.rs
"items.cpp|devilution::RespawnItem(Item &item, bool flipFlag)",ported,,,src/items.rs
items.cpp|devilution::DeleteItem(int i),ported,,,src/items.rs
items.cpp|devilution::ProcessItems(),ported,,,src/items.rs
items.cpp|devilution::FreeItemGFX(),ported,,,src/items.rs
items.cpp|devilution::GetItemFrm(Item &item),ported,,,src/items.rs
items.cpp|devilution::GetItemStr(Item &item),ported,,,src/items.rs
"items.cpp|devilution::CheckIdentify(Player &player, int cii)",ported,,,src/items.rs
"items.cpp|devilution::DoRepair(Player &player, int cii)",ported,,,src/items.rs
"items.cpp|devilution::DoRecharge(Player &player, int cii)",ported,,,src/items.rs
"items.cpp|devilution::DoOil(Player &player, int cii)",ported,,,src/items.rs
"items.cpp|devilution::PrintItemPower(char plidx, const Item &item)",ported,,,src/items.rs
items.cpp|devilution::DrawUniqueInfo(const Surface &out),pending,,,
items.cpp|devilution::PrintItemDetails(const Item &item),ported,,,src/items.rs
items.cpp|devilution::PrintItemDur(const Item &item),ported,,,src/items.rs
"items.cpp|devilution::UseItem(size_t pnum, item_misc_id mid, SpellID spellID, int spellFrom)",ported,,,src/items.rs
"items.cpp|devilution::UseItemOpensHive(const Item &item, Point position)",ported,,,src/items.rs
"items.cpp|devilution::UseItemOpensGrave(const Item &item, Point position)",ported,,,src/items.rs
items.cpp|devilution::SpawnSmith(int lvl),ported,,,src/items.rs
items.cpp|devilution::SpawnPremium(const Player &player),ported,,,src/items.rs
items.cpp|devilution::SpawnWitch(int lvl),ported,,,src/items.rs
items.cpp|devilution::SpawnBoy(int lvl),ported,,,src/items.rs
items.cpp|devilution::SpawnHealer(int lvl),ported,,,src/items.rs
"items.cpp|devilution::MakeGoldStack(Item &goldItem, int value)",ported,,,src/items.rs
items.cpp|devilution::ItemNoFlippy(),ported,,,src/items.rs
"items.cpp|devilution::CreateSpellBook(Point position, SpellID ispell, bool sendmsg, bool delta)",ported,,,src/items.rs
"items.cpp|devilution::CreateMagicArmor(Point position, ItemType itemType, int icurs, bool sendmsg, bool delta)",ported,,,src/items.rs
"items.cpp|devilution::CreateAmulet(Point position, int lvl, bool sendmsg, bool delta, bool spawn)",ported,,,src/items.rs
"items.cpp|devilution::CreateMagicWeapon(Point position, ItemType itemType, int icurs, bool sendmsg, bool delta)",ported,,,src/items.rs
"items.cpp|devilution::GetItemRecord(uint32_t nSeed, uint16_t wCI, int nIndex)",ported,,,src/items.rs
"items.cpp|devilution::SetItemRecord(uint32_t nSeed, uint16_t wCI, int nIndex)",ported,,,src/items.rs
"items.cpp|devilution::PutItemRecord(uint32_t nSeed, uint16_t wCI, int nIndex)",ported,,,src/items.rs
items.cpp|devilution::Item::isUsable(),ported,,,src/items.rs
items.cpp|devilution::Item::setNewAnimation(bool showAnimation),ported,,,src/items.rs
items.cpp|devilution::Item::updateRequiredStatsCacheForPlayer(const Player &player),ported,,,src/items.rs
items.cpp|devilution::Item::getName(),ported,,,src/items.rs
items.cpp|devilution::CornerStoneStruct::isAvailable(),ported,,,src/items.rs
items.cpp|devilution::initItemGetRecords(),ported,,,src/items.rs
"items.cpp|devilution::RepairItem(Item &item, int lvl)",ported,,,src/items.rs
"items.cpp|devilution::RechargeItem(Item &item, Player &player)",ported,,,src/items.rs
"items.cpp|devilution::ApplyOilToItem(Item &item, Player &player)",ported,,,src/items.rs
"items.cpp|devilution::UpdateHellfireFlag(Item &item, const char *identifiedItemName)",ported,,,src/items.rs
items.h|devilution::Item::pop(),pending,,,
items.h|devilution::Item::clear(),pending,,,
items.h|devilution::Item::isEmpty(),pending,,,
items.h|devilution::Item::isEquipment(),pending,,,
items.h|devilution::Item::isWeapon(),pending,,,
items.h|devilution::Item::isArmor(),pending,,,
items.h|devilution::Item::isHelm(),pending,,,
items.h|devilution::Item::isShield(),pending,,,
items.h|devilution::Item::isJewelry(),pending,,,
items.h|devilution::Item::isScroll(),pending,,,
items.h|devilution::Item::isScrollOf(SpellID spellId),pending,,,
items.h|devilution::Item::isRune(),pending,,,
items.h|devilution::Item::isRuneOf(SpellID spellId),pending,,,
"items.h|devilution::Item::keyAttributesMatch(uint32_t seed, _item_indexes itemIndex, uint16_t createInfo)",pending,,,
items.h|devilution::Item::getTextColor(),pending,,,
items.h|devilution::Item::getTextColorWithStatCheck(),pending,,,
levels/crypt.cpp|devilution::ApplyCryptShadowsPatterns(),pending,,,
"levels/crypt.cpp|devilution::PlaceMiniSetRandom1x1(uint8_t search, uint8_t replace, int rndper)",pending,,,
levels/crypt.cpp|devilution::CryptCracked(int rndper),pending,,,
levels/crypt.cpp|devilution::CryptBroken(int rndper),pending,,,
levels/crypt.cpp|devilution::CryptLeaking(int rndper),pending,,,
levels/crypt.cpp|devilution::CryptSubstitions1(int rndper),pending,,,
levels/crypt.cpp|devilution::CryptSubstitions2(int rndper),pending,,,
levels/crypt.cpp|devilution::CryptFloor(int rndper),pending,,,
levels/crypt.cpp|devilution::InitCryptPieces(),pending,,,
levels/crypt.cpp|devilution::SetCryptRoom(),pending,,,
levels/crypt.cpp|devilution::SetCornerRoom(),pending,,,
levels/crypt.cpp|devilution::FixCryptDirtTiles(),pending,,,
levels/crypt.cpp|devilution::PlaceCryptStairs(lvl_entry entry),pending,,,
levels/crypt.cpp|devilution::CryptSubstitution(),pending,,,
levels/crypt.cpp|devilution::SetCryptSetPieceRoom(),pending,,,
levels/crypt.cpp|devilution::PlaceCryptLights(),pending,,,
levels/drlg_l1.cpp|devilution::ApplyShadowsPatterns(),pending,,,
"levels/drlg_l1.cpp|devilution::CanReplaceTile(uint8_t replace, Point tile)",pending,,,
levels/drlg_l1.cpp|devilution::FillFloor(),pending,,,
levels/drlg_l1.cpp|devilution::LoadQuestSetPieces(),pending,,,
levels/drlg_l1.cpp|devilution::InitDungeonPieces(),pending,,,
levels/drlg_l1.cpp|devilution::InitDungeonFlags(),pending,,,
levels/drlg_l1.cpp|devilution::MapRoom(Rectangle room),pending,,,
levels/drlg_l1.cpp|devilution::CheckRoom(Rectangle room),pending,,,
"levels/drlg_l1.cpp|devilution::GenerateRoom(Rectangle area, bool verticalLayout)",pending,,,
levels/drlg_l1.cpp|devilution::FirstRoom(),pending,,,
levels/drlg_l1.cpp|devilution::FindArea(),pending,,,
levels/drlg_l1.cpp|devilution::MakeDmt(),pending,,,
levels/drlg_l1.cpp|devilution::HorizontalWallOk(Point position),pending,,,
levels/drlg_l1.cpp|devilution::VerticalWallOk(Point position),pending,,,
"levels/drlg_l1.cpp|devilution::HorizontalWall(Point position, Tile start, int maxX)",pending,,,
"levels/drlg_l1.cpp|devilution::VerticalWall(Point position, Tile start, int maxY)",pending,,,
levels/drlg_l1.cpp|devilution::AddWall(),pending,,,
"levels/drlg_l1.cpp|devilution::GenerateChamber(Point position, bool connectPrevious, bool connectNext, bool verticalLayout)",pending,,,
"levels/drlg_l1.cpp|devilution::GenerateHall(Point start, int length, bool verticalLayout)",pending,,,
levels/drlg_l1.cpp|devilution::FixTilesPatterns(),pending,,,
levels/drlg_l1.cpp|devilution::Substitution(),pending,,,
levels/drlg_l1.cpp|devilution::FillChambers(),pending,,,
levels/drlg_l1.cpp|devilution::FixTransparency(),pending,,,
levels/drlg_l1.cpp|devilution::FixDirtTiles(),pending,,,
levels/drlg_l1.cpp|devilution::FixCornerTiles(),pending,,,
levels/drlg_l1.cpp|devilution::PlaceCathedralStairs(lvl_entry entry),pending,,,
levels/drlg_l1.cpp|devilution::PlaceStairs(lvl_entry entry),pending,,,
levels/drlg_l1.cpp|devilution::GenerateLevel(lvl_entry entry),pending,,,
levels/drlg_l1.cpp|devilution::Pass3(),pending,,,
"levels/drlg_l1.cpp|devilution::PlaceMiniSetRandom(const Miniset &miniset, int rndper)",pending,,,
levels/drlg_l1.cpp|devilution::SelectChamber(),pending,,,
"levels/drlg_l1.cpp|devilution::CreateL5Dungeon(uint32_t rseed, lvl_entry entry)",pending,,,
levels/drlg_l1.cpp|devilution::LoadPreL1Dungeon(const char *path),pending,,,
"levels/drlg_l1.cpp|devilution::LoadL1Dungeon(const char *path, Point spawn)",pending,,,
levels/drlg_l2.cpp|devilution::ApplyShadowsPatterns(),pending,,,
"levels/drlg_l2.cpp|devilution::PlaceMiniSetRandom(const Miniset &miniset, int rndper)",pending,,,
"levels/drlg_l2.cpp|devilution::PlaceMiniSetRandom1x1(uint8_t search, uint8_t replace, int rndper)",pending,,,
levels/drlg_l2.cpp|devilution::LoadQuestSetPieces(),pending,,,
levels/drlg_l2.cpp|devilution::InitDungeonPieces(),pending,,,
levels/drlg_l2.cpp|devilution::InitDungeonFlags(),pending,,,
"levels/drlg_l2.cpp|devilution::MapRoom(int x1, int y1, int x2, int y2)",pending,,,
"levels/drlg_l2.cpp|devilution::DefineRoom(Point topLeft, Point bottomRight, bool forceHW)",pending,,,
levels/drlg_l2.cpp|devilution::CreateDoorType(Point position),pending,,,
levels/drlg_l2.cpp|devilution::PlaceHallExt(Point position),pending,,,
"levels/drlg_l2.cpp|devilution::CreateRoom(WorldTilePosition topLeft, WorldTilePosition bottomRight, int nRDest, HallDirection nHDir, std::optional<WorldTileSize> size)",pending,,,
levels/drlg_l2.cpp|devilution::ConnectHall(const HallNode &node),pending,,,
"levels/drlg_l2.cpp|devilution::DoPatternCheck(int i, int j)",pending,,,
levels/drlg_l2.cpp|devilution::FixTilesPatterns(),pending,,,
levels/drlg_l2.cpp|devilution::Substitution(),pending,,,
levels/drlg_l2.cpp|devilution::CountEmptyTiles(),pending,,,
"levels/drlg_l2.cpp|devilution::KnockWalls(int x1, int y1, int x2, int y2)",pending,,,
"levels/drlg_l2.cpp|devilution::FillVoid(bool xf1, bool yf1, bool xf2, bool yf2, int xx, int yy)",pending,,,
levels/drlg_l2.cpp|devilution::FillVoids(),pending,,,
levels/drlg_l2.cpp|devilution::CreateDungeon(),pending,,,
levels/drlg_l2.cpp|devilution::FixTransparency(),pending,,,
levels/drlg_l2.cpp|devilution::FixDirtTiles(),pending,,,
levels/drlg_l2.cpp|devilution::FixLockout(),pending,,,
levels/drlg_l2.cpp|devilution::FixDoors(),pending,,,
levels/drlg_l2.cpp|devilution::PlaceStairs(lvl_entry entry),pending,,,
levels/drlg_l2.cpp|devilution::GenerateLevel(lvl_entry entry),pending,,,
levels/drlg_l2.cpp|devilution::Pass3(),pending,,,
"levels/drlg_l2.cpp|devilution::CreateL2Dungeon(uint32_t rseed, lvl_entry entry)",pending,,,
levels/drlg_l2.cpp|devilution::LoadPreL2Dungeon(const char *path),pending,,,
"levels/drlg_l2.cpp|devilution::LoadL2Dungeon(const char *path, Point spawn)",pending,,,
levels/drlg_l3.cpp|devilution::InitDungeonFlags(),pending,,,
"levels/drlg_l3.cpp|devilution::FillRoom(int x1, int y1, int x2, int y2)",pending,,,
"levels/drlg_l3.cpp|devilution::CreateBlock(int x, int y, int obs, int dir)",pending,,,
"levels/drlg_l3.cpp|devilution::FloorArea(int x1, int y1, int x2, int y2)",pending,,,
levels/drlg_l3.cpp|devilution::FillDiagonals(),pending,,,
levels/drlg_l3.cpp|devilution::FillSingles(),pending,,,
levels/drlg_l3.cpp|devilution::FillStraights(),pending,,,
levels/drlg_l3.cpp|devilution::Edges(),pending,,,
levels/drlg_l3.cpp|devilution::GetFloorArea(),pending,,,
levels/drlg_l3.cpp|devilution::MakeMegas(),pending,,,
levels/drlg_l3.cpp|devilution::River(),pending,,,
"levels/drlg_l3.cpp|devilution::SpawnEdge(int x, int y, int *totarea)",pending,,,
"levels/drlg_l3.cpp|devilution::Spawn(int x, int y, int *totarea)",pending,,,
"levels/drlg_l3.cpp|devilution::CanReplaceTile(uint8_t replace, Point tile)",pending,,,
"levels/drlg_l3.cpp|devilution::PlaceMiniSetRandom(const Miniset &miniset, int rndper)",pending,,,
"levels/drlg_l3.cpp|devilution::PlaceMiniSetRandom1x1(uint8_t search, uint8_t replace, int rndper)",pending,,,
levels/drlg_l3.cpp|devilution::PlaceSlimePool(),pending,,,
levels/drlg_l3.cpp|devilution::PlaceLavaPool(),pending,,,
levels/drlg_l3.cpp|devilution::PlacePool(),pending,,,
levels/drlg_l3.cpp|devilution::PoolFix(),pending,,,
"levels/drlg_l3.cpp|devilution::FenceVerticalUp(int i, int y)",pending,,,
"levels/drlg_l3.cpp|devilution::FenceVerticalDown(int i, int y)",pending,,,
"levels/drlg_l3.cpp|devilution::FenceHorizontalLeft(int x, int j)",pending,,,
"levels/drlg_l3.cpp|devilution::FenceHorizontalRight(int x, int j)",pending,,,
levels/drlg_l3.cpp|devilution::AddFenceDoors(),pending,,,
levels/drlg_l3.cpp|devilution::FenceDoorFix(),pending,,,
levels/drlg_l3.cpp|devilution::Fence(),pending,,,
levels/drlg_l3.cpp|devilution::LoadQuestSetPieces(),pending,,,
levels/drlg_l3.cpp|devilution::PlaceAnvil(),pending,,,
levels/drlg_l3.cpp|devilution::Warp(),pending,,,
levels/drlg_l3.cpp|devilution::HallOfHeroes(),pending,,,
"levels/drlg_l3.cpp|devilution::LockRectangle(int x, int y)",pending,,,
levels/drlg_l3.cpp|devilution::Lockout(),pending,,,
levels/drlg_l3.cpp|devilution::PlaceCaveStairs(lvl_entry entry),pending,,,
levels/drlg_l3.cpp|devilution::PlaceNestStairs(lvl_entry entry),pending,,,
levels/drlg_l3.cpp|devilution::PlaceStairs(lvl_entry entry),pending,,,
levels/drlg_l3.cpp|devilution::GenerateLevel(lvl_entry entry),pending,,,
levels/drlg_l3.cpp|devilution::Pass3(),pending,,,
levels/drlg_l3.cpp|devilution::PlaceCaveLights(),pending,,,
levels/drlg_l3.cpp|devilution::PlaceHiveLights(),pending,,,
levels/drlg_l3.cpp|devilution::PlaceLights(),pending,,,
"levels/drlg_l3.cpp|devilution::CreateL3Dungeon(uint32_t rseed, lvl_entry entry)",pending,,,
levels/drlg_l3.cpp|devilution::LoadPreL3Dungeon(const char *path),pending,,,
"levels/drlg_l3.cpp|devilution::LoadL3Dungeon(const char *path, Point spawn)",pending,,,
levels/drlg_l4.cpp|devilution::ApplyShadowsPatterns(),pending,,,
levels/drlg_l4.cpp|devilution::LoadQuestSetPieces(),pending,,,
levels/drlg_l4.cpp|devilution::InitDungeonFlags(),pending,,,
levels/drlg_l4.cpp|devilution::MapRoom(WorldTileRectangle room),pending,,,
levels/drlg_l4.cpp|devilution::CheckRoom(WorldTileRectangle room),pending,,,
"levels/drlg_l4.cpp|devilution::GenerateRoom(WorldTileRectangle area, bool verticalLayout)",pending,,,
levels/drlg_l4.cpp|devilution::FirstRoom(),pending,,,
levels/drlg_l4.cpp|devilution::MirrorDungeonLayout(),pending,,,
levels/drlg_l4.cpp|devilution::MakeDmt(),pending,,,
"levels/drlg_l4.cpp|devilution::HorizontalWallOk(int i, int j)",pending,,,
"levels/drlg_l4.cpp|devilution::VerticalWallOk(int i, int j)",pending,,,
"levels/drlg_l4.cpp|devilution::HorizontalWall(int i, int j, int dx)",pending,,,
"levels/drlg_l4.cpp|devilution::VerticalWall(int i, int j, int dy)",pending,,,
levels/drlg_l4.cpp|devilution::AddWall(),pending,,,
levels/drlg_l4.cpp|devilution::FixTilesPatterns(),pending,,,
levels/drlg_l4.cpp|devilution::Substitution(),pending,,,
levels/drlg_l4.cpp|devilution::PrepareInnerBorders(),pending,,,
levels/drlg_l4.cpp|devilution::FindArea(),pending,,,
levels/drlg_l4.cpp|devilution::ProtectQuads(),pending,,,
levels/drlg_l4.cpp|devilution::LoadDiabQuads(bool preflag),pending,,,
levels/drlg_l4.cpp|devilution::IsDURightWall(char d),pending,,,
levels/drlg_l4.cpp|devilution::IsDLLeftWall(char dd),pending,,,
levels/drlg_l4.cpp|devilution::FixTransparency(),pending,,,
levels/drlg_l4.cpp|devilution::FixCornerTiles(),pending,,,
levels/drlg_l4.cpp|devilution::CloseOuterBorders(),pending,,,
levels/drlg_l4.cpp|devilution::GeneralFix(),pending,,,
levels/drlg_l4.cpp|devilution::PlaceStairs(lvl_entry entry),pending,,,
levels/drlg_l4.cpp|devilution::GenerateLevel(lvl_entry entry),pending,,,
levels/drlg_l4.cpp|devilution::Pass3(),pending,,,
"levels/drlg_l4.cpp|devilution::CreateL4Dungeon(uint32_t rseed, lvl_entry entry)",pending,,,
levels/drlg_l4.cpp|devilution::LoadPreL4Dungeon(const char *path),pending,,,
"levels/drlg_l4.cpp|devilution::LoadL4Dungeon(const char *path, Point spawn)",pending,,,
levels/gendung.cpp|devilution::LoadMinData(size_t &tileCount),ported,,,src/levels/gendung.rs
"levels/gendung.cpp|devilution::GetSizeForThemeRoom(uint8_t floor, WorldTilePosition origin, WorldTileCoord minSize, WorldTileCoord maxSize)",ported,,,src/levels/gendung.rs
levels/gendung.cpp|devilution::CreateThemeRoom(int themeIndex),ported,,,src/levels/gendung.rs
"levels/gendung.cpp|devilution::IsFloor(Point p, uint8_t floorID)",ported,,,src/levels/gendung.rs
"levels/gendung.cpp|devilution::FillTransparencyValues(Point floor, uint8_t floorID)",ported,,,src/levels/gendung.rs
"levels/gendung.cpp|devilution::FindTransparencyValues(Point floor, uint8_t floorID)",ported,,,src/levels/gendung.rs
levels/gendung.cpp|devilution::InitGlobals(),ported,,,src/levels/gendung.rs
levels/gendung.cpp|devilution::GetLevelType(int level),ported,,,src/levels/gendung.rs
"levels/gendung.cpp|devilution::CreateDungeon(uint32_t rseed, lvl_entry entry)",ported,,,src/levels/gendung.rs
"levels/gendung.cpp|devilution::TileHasAny(int tileId, TileProperties property)",ported,,,src/levels/gendung.rs
levels/gendung.cpp|devilution::LoadLevelSOLData(),ported,,,src/levels/gendung.rs
levels/gendung.cpp|devilution::SetDungeonMicros(),ported,,,src/levels/gendung.rs
levels/gendung.cpp|devilution::DRLG_InitTrans(),ported,,,src/levels/gendung.rs
levels/gendung.cpp|devilution::DRLG_RectTrans(WorldTileRectangle area),ported,,,src/levels/gendung.rs
levels/gendung.cpp|devilution::DRLG_MRectTrans(WorldTileRectangle area),ported,,,src/levels/gendung.rs
"levels/gendung.cpp|devilution::DRLG_MRectTrans(WorldTilePosition origin, WorldTilePosition extent)",ported,,,src/levels/gendung.rs
"levels/gendung.cpp|devilution::DRLG_CopyTrans(int sx, int sy, int dx, int dy)",ported,,,src/levels/gendung.rs
levels/gendung.cpp|devilution::LoadTransparency(const uint16_t *dunData),ported,,,src/levels/gendung.rs
"levels/gendung.cpp|devilution::LoadDungeonBase(const char *path, Point spawn, int floorId, int dirtId)",ported,,,src/levels/gendung.rs
levels/gendung.cpp|devilution::Make_SetPC(WorldTileRectangle area),ported,,,src/levels/gendung.rs
"levels/gendung.cpp|devilution::PlaceMiniSet(const Miniset &miniset, int tries, bool drlg1Quirk)",ported,,,src/levels/gendung.rs
"levels/gendung.cpp|devilution::PlaceDunTiles(const uint16_t *dunData, Point position, int floorId)",ported,,,src/levels/gendung.rs
"levels/gendung.cpp|devilution::DRLG_PlaceThemeRooms(int minSize, int maxSize, int floor, int freq, bool rndSize)",ported,,,src/levels/gendung.rs
levels/gendung.cpp|devilution::DRLG_HoldThemeRooms(),ported,,,src/levels/gendung.rs
"levels/gendung.cpp|devilution::SetSetPieceRoom(WorldTilePosition position, int floorId)",ported,,,src/levels/gendung.rs
levels/gendung.cpp|devilution::FreeQuestSetPieces(),ported,,,src/levels/gendung.rs
levels/gendung.cpp|devilution::DRLG_LPass3(int lv),ported,,,src/levels/gendung.rs
levels/gendung.cpp|devilution::IsNearThemeRoom(WorldTilePosition testPosition),ported,,,src/levels/gendung.rs
levels/gendung.cpp|devilution::InitLevels(),ported,,,src/levels/gendung.rs
levels/gendung.cpp|devilution::FloodTransparencyValues(uint8_t floorID),ported,,,src/levels/gendung.rs
levels/gendung.h|devilution::IsArenaLevel(_setlevels setLevel),ported,,,src/levels/gendung.rs
levels/gendung.h|devilution::InDungeonBounds(Point position),ported,,,src/levels/gendung.rs
levels/gendung.h|devilution::TileContainsMissile(Point position),ported,,,src/levels/gendung.rs
levels/gendung.h|devilution::TileContainsDeadPlayer(Point position),ported,,,src/levels/gendung.rs
levels/gendung.h|devilution::TileContainsSetPiece(Point position),ported,,,src/levels/gendung.rs
levels/gendung.h|devilution::IsTileVisible(Point position),ported,,,src/levels/gendung.rs
levels/gendung.h|devilution::IsTileLit(Point position),ported,,,src/levels/gendung.rs
"levels/gendung.h|devilution::Miniset::matches(WorldTilePosition position, bool respectProtected = true)",ported,,,src/levels/gendung.rs
"levels/gendung.h|devilution::Miniset::place(WorldTilePosition position, bool protect = false)",ported,,,src/levels/gendung.rs
levels/setmaps.cpp|devilution::AddSKingObjs(),pending,,,
levels/setmaps.cpp|devilution::AddSChamObjs(),pending,,,
levels/setmaps.cpp|devilution::AddVileObjs(),pending,,,
levels/setmaps.cpp|devilution::SetMapTransparency(const char *path),pending,,,
"levels/setmaps.cpp|devilution::LoadCustomMap(const char *path, Point viewPosition)",pending,,,
"levels/setmaps.cpp|devilution::LoadArenaMap(const char *path, Point viewPosition, Point exitTrigger)",pending,,,
levels/setmaps.cpp|devilution::LoadSetMap(),pending,,,
levels/themes.cpp|devilution::TFit_Shrine(int i),pending,,,
"levels/themes.cpp|devilution::CheckThemeObj5(Point origin, int8_t regionId)",pending,,,
levels/themes.cpp|devilution::TFit_Obj5(int t),pending,,,
levels/themes.cpp|devilution::TFit_SkelRoom(int t),pending,,,
levels/themes.cpp|devilution::TFit_GoatShrine(int t),pending,,,
"levels/themes.cpp|devilution::CheckThemeObj3(Point origin, int8_t regionId, unsigned frequency = 0)",pending,,,
levels/themes.cpp|devilution::TFit_Obj3(int8_t regionId),pending,,,
levels/themes.cpp|devilution::CheckThemeReqs(theme_id t),pending,,,
"levels/themes.cpp|devilution::SpecialThemeFit(int i, theme_id t)",pending,,,
levels/themes.cpp|devilution::CheckThemeRoom(int tv),pending,,,
"levels/themes.cpp|devilution::PlaceThemeMonsts(int t, int f)",pending,,,
levels/themes.cpp|devilution::Theme_Barrel(int t),pending,,,
levels/themes.cpp|devilution::Theme_Shrine(int t),pending,,,
levels/themes.cpp|devilution::Theme_MonstPit(int t),pending,,,
"levels/themes.cpp|devilution::SpawnObjectOrSkeleton(unsigned frequency, _object_id objectType, Point tile)",pending,,,
levels/themes.cpp|devilution::Theme_SkelRoom(int t),pending,,,
levels/themes.cpp|devilution::Theme_Treasure(int t),pending,,,
levels/themes.cpp|devilution::Theme_Library(int t),pending,,,
levels/themes.cpp|devilution::Theme_Torture(int t),pending,,,
levels/themes.cpp|devilution::Theme_BloodFountain(int t),pending,,,
levels/themes.cpp|devilution::Theme_Decap(int t),pending,,,
levels/themes.cpp|devilution::Theme_PurifyingFountain(int t),pending,,,
levels/themes.cpp|devilution::Theme_ArmorStand(int t),pending,,,
levels/themes.cpp|devilution::Theme_GoatShrine(int t),pending,,,
levels/themes.cpp|devilution::Theme_Cauldron(int t),pending,,,
levels/themes.cpp|devilution::Theme_MurkyFountain(int t),pending,,,
levels/themes.cpp|devilution::Theme_TearFountain(int t),pending,,,
levels/themes.cpp|devilution::Theme_BrnCross(int t),pending,,,
levels/themes.cpp|devilution::Theme_WeaponRack(int t),pending,,,
levels/themes.cpp|devilution::UpdateL4Trans(),pending,,,
levels/themes.cpp|devilution::InitThemes(),pending,,,
levels/themes.cpp|devilution::HoldThemeRooms(),pending,,,
levels/themes.cpp|devilution::CreateThemeRooms(),pending,,,
"levels/town.cpp|devilution::FillSector(const char *path, int xi, int yy)",pending,,,
"levels/town.cpp|devilution::FillTile(int xx, int yy, int t)",pending,,,
levels/town.cpp|devilution::TownCloseHive(),pending,,,
levels/town.cpp|devilution::TownCloseGrave(),pending,,,
levels/town.cpp|devilution::InitTownPieces(),pending,,,
levels/town.cpp|devilution::DrlgTPass3(),pending,,,
levels/town.cpp|devilution::OpensHive(Point position),pending,,,
levels/town.cpp|devilution::OpensGrave(Point position),pending,,,
levels/town.cpp|devilution::OpenHive(),pending,,,
levels/town.cpp|devilution::OpenGrave(),pending,,,
levels/town.cpp|devilution::TownOpenHive(),pending,,,
levels/town.cpp|devilution::TownOpenGrave(),pending,,,
levels/town.cpp|devilution::CleanTownFountain(),pending,,,
levels/town.cpp|devilution::CreateTown(lvl_entry entry),pending,,,
levels/trigs.cpp|devilution::InitNoTriggers(),pending,,,
levels/trigs.cpp|devilution::IsWarpOpen(dungeon_type type),pending,,,
levels/trigs.cpp|devilution::InitTownTriggers(),pending,,,
levels/trigs.cpp|devilution::InitL1Triggers(),pending,,,
levels/trigs.cpp|devilution::InitL2Triggers(),pending,,,
levels/trigs.cpp|devilution::InitL3Triggers(),pending,,,
levels/trigs.cpp|devilution::InitL4Triggers(),pending,,,
levels/trigs.cpp|devilution::InitHiveTriggers(),pending,,,
levels/trigs.cpp|devilution::InitCryptTriggers(),pending,,,
levels/trigs.cpp|devilution::InitSKingTriggers(),pending,,,
levels/trigs.cpp|devilution::InitSChambTriggers(),pending,,,
levels/trigs.cpp|devilution::InitPWaterTriggers(),pending,,,
levels/trigs.cpp|devilution::InitVPTriggers(),pending,,,
levels/trigs.cpp|devilution::ForceTownTrig(),pending,,,
levels/trigs.cpp|devilution::ForceL1Trig(),pending,,,
levels/trigs.cpp|devilution::ForceL2Trig(),pending,,,
levels/trigs.cpp|devilution::ForceL3Trig(),pending,,,
levels/trigs.cpp|devilution::ForceL4Trig(),pending,,,
levels/trigs.cpp|devilution::ForceHiveTrig(),pending,,,
levels/trigs.cpp|devilution::ForceCryptTrig(),pending,,,
levels/trigs.cpp|devilution::Freeupstairs(),pending,,,
levels/trigs.cpp|devilution::ForceSKingTrig(),pending,,,
levels/trigs.cpp|devilution::ForceSChambTrig(),pending,,,
levels/trigs.cpp|devilution::ForcePWaterTrig(),pending,,,
levels/trigs.cpp|devilution::ForceArenaTrig(),pending,,,
levels/trigs.cpp|devilution::CheckTrigForce(),pending,,,
levels/trigs.cpp|devilution::CheckTriggers(),pending,,,
"levels/trigs.cpp|devilution::EntranceBoundaryContains(Point entrance, Point position)",pending,,,
"lighting.cpp|devilution::RotateRadius(DisplacementOf<int8_t> &offset, DisplacementOf<int8_t> &dist, DisplacementOf<int8_t> &light, DisplacementOf<int8_t> &block)",ported,,,src/lighting.rs
"lighting.cpp|devilution::SetLight(Point position, uint8_t v)",ported,,,src/lighting.rs
lighting.cpp|devilution::GetLight(Point position),ported,,,src/lighting.rs
"lighting.cpp|devilution::CrawlFlipsX(Displacement mirrored, tl::function_ref<bool(Displacement)> function)",ported,,,src/lighting.rs
"lighting.cpp|devilution::CrawlFlipsY(Displacement mirrored, tl::function_ref<bool(Displacement)> function)",ported,,,src/lighting.rs
"lighting.cpp|devilution::CrawlFlipsXY(Displacement mirrored, tl::function_ref<bool(Displacement)> function)",ported,,,src/lighting.rs
lighting.cpp|devilution::TileAllowsLight(Point position),ported,,,src/lighting.rs
"lighting.cpp|devilution::DoVisionFlags(Point position, MapExplorationType doAutomap, bool visible)",ported,,,src/lighting.rs
"lighting.cpp|devilution::DoCrawl(unsigned radius, tl::function_ref<bool(Displacement)> function)",ported,,,src/lighting.rs
"lighting.cpp|devilution::DoCrawl(unsigned minRadius, unsigned maxRadius, tl::function_ref<bool(Displacement)> function)",ported,,,src/lighting.rs
"lighting.cpp|devilution::DoUnLight(Point position, uint8_t radius)",ported,,,src/lighting.rs
"lighting.cpp|devilution::DoLighting(Point position, uint8_t radius, DisplacementOf<int8_t> offset)",ported,,,src/lighting.rs
"lighting.cpp|devilution::DoUnVision(Point position, uint8_t radius)",ported,,,src/lighting.rs
"lighting.cpp|devilution::DoVision(Point position, uint8_t radius, MapExplorationType doAutomap, bool visible)",ported,,,src/lighting.rs
lighting.cpp|devilution::MakeLightTable(),ported,,,src/lighting.rs
lighting.cpp|devilution::InitLighting(),ported,,,src/lighting.rs
"lighting.cpp|devilution::AddLight(Point position, uint8_t radius)",ported,,,src/lighting.rs
lighting.cpp|devilution::AddUnLight(int i),ported,,,src/lighting.rs
"lighting.cpp|devilution::ChangeLightRadius(int i, uint8_t radius)",ported,,,src/lighting.rs
"lighting.cpp|devilution::ChangeLightXY(int i, Point position)",ported,,,src/lighting.rs
"lighting.cpp|devilution::ChangeLightOffset(int i, DisplacementOf<int8_t> offset)",ported,,,src/lighting.rs
"lighting.cpp|devilution::ChangeLight(int i, Point position, uint8_t radius)",ported,,,src/lighting.rs
lighting.cpp|devilution::ProcessLightList(),ported,,,src/lighting.rs
lighting.cpp|devilution::SavePreLighting(),ported,,,src/lighting.rs
"lighting.cpp|devilution::ActivateVision(Point position, int r, int id)",ported,,,src/lighting.rs
"lighting.cpp|devilution::ChangeVisionRadius(int id, int r)",ported,,,src/lighting.rs
"lighting.cpp|devilution::ChangeVisionXY(int id, Point position)",ported,,,src/lighting.rs
lighting.cpp|devilution::ProcessVisionList(),ported,,,src/lighting.rs
lighting.cpp|devilution::lighting_color_cycling(),ported,,,src/lighting.rs
"lighting.h|devilution::Crawl(unsigned radius, F function)",pending,,,
"lighting.h|devilution::Crawl(unsigned minRadius, unsigned maxRadius, F function)",pending,,,
loadsave.cpp|devilution::SwapLE(T in),pending,,,
loadsave.cpp|devilution::SwapBE(T in),pending,,,
loadsave.cpp|devilution::LoadHelper::Next(),pending,,,
"loadsave.cpp|devilution::LoadHelper::LoadHelper(std::optional<SaveReader> archive, const char *szFileName)",ported,,,src/loadsave.rs
loadsave.cpp|devilution::LoadHelper::IsValid(size_t size = 1),pending,,,
loadsave.cpp|devilution::LoadHelper::Skip(size_t count = 1),pending,,,
loadsave.cpp|devilution::LoadHelper::Skip(size_t size),pending,,,
"loadsave.cpp|devilution::LoadHelper::NextBytes(void *bytes, size_t size)",pending,,,
loadsave.cpp|devilution::LoadHelper::NextLE(),pending,,,
loadsave.cpp|devilution::LoadHelper::NextBE(),pending,,,
loadsave.cpp|devilution::LoadHelper::NextLENarrow(TSource modifier = 0),pending,,,
loadsave.cpp|devilution::LoadHelper::NextBool8(),pending,,,
loadsave.cpp|devilution::LoadHelper::NextBool32(),pending,,,
"loadsave.cpp|devilution::SaveHelper::SaveHelper(SaveWriter &mpqWriter, const char *szFileName, size_t bufferLen)",ported,,,src/loadsave.rs
loadsave.cpp|devilution::SaveHelper::IsValid(size_t len = 1),pending,,,
loadsave.cpp|devilution::SaveHelper::Skip(size_t count = 1),pending,,,
loadsave.cpp|devilution::SaveHelper::Skip(size_t len),pending,,,
"loadsave.cpp|devilution::SaveHelper::WriteBytes(const void *bytes, size_t len)",pending,,,
loadsave.cpp|devilution::SaveHelper::WriteLE(T value),pending,,,
loadsave.cpp|devilution::SaveHelper::WriteBE(T value),pending,,,
loadsave.cpp|devilution::SaveHelper::~SaveHelper(),ported,,,src/loadsave.rs
"loadsave.cpp|devilution::LoadItemData(LoadHelper &file, Item &item)",ported,,,src/loadsave.rs
"loadsave.cpp|devilution::LoadAndValidateItemData(LoadHelper &file, Item &item)",ported,,,src/loadsave.rs
"loadsave.cpp|devilution::LoadPlayer(LoadHelper &file, Player &player)",ported,,,src/loadsave.rs
"loadsave.cpp|devilution::LoadMonster(LoadHelper *file, Monster &monster, MonsterConversionData *monsterConversionData = nullptr)",ported,,,src/loadsave.rs
loadsave.cpp|devilution::SyncPackSize(Monster &leader),ported,,,src/loadsave.rs
loadsave.cpp|devilution::LoadMissile(LoadHelper *file),ported,,,src/loadsave.rs
loadsave.cpp|devilution::ConvertFromHellfireObject(_object_id type),ported,,,src/loadsave.rs
"loadsave.cpp|devilution::LoadObject(LoadHelper &file, Object &object)",ported,,,src/loadsave.rs
"loadsave.cpp|devilution::LoadItem(LoadHelper &file, Item &item)",ported,,,src/loadsave.rs
"loadsave.cpp|devilution::LoadPremium(LoadHelper &file, int i)",ported,,,src/loadsave.rs
"loadsave.cpp|devilution::LoadQuest(LoadHelper *file, int i)",ported,,,src/loadsave.rs
"loadsave.cpp|devilution::LoadLighting(LoadHelper *file, Light *pLight)",ported,,,src/loadsave.rs
"loadsave.cpp|devilution::LoadPortal(LoadHelper *file, int i)",ported,,,src/loadsave.rs
"loadsave.cpp|devilution::GetLevelNames(string_view prefix, char *out)",ported,,,src/loadsave.rs
loadsave.cpp|devilution::GetTempLevelNames(char *szTemp),ported,,,src/loadsave.rs
loadsave.cpp|devilution::GetPermLevelNames(char *szPerm),ported,,,src/loadsave.rs
loadsave.cpp|devilution::LevelFileExists(SaveWriter &archive),ported,,,src/loadsave.rs
loadsave.cpp|devilution::IsShopPriceValid(const Item &item),ported,,,src/loadsave.rs
"loadsave.cpp|devilution::LoadMatchingItems(LoadHelper &file, const Player &player, const int n, Item *pItem)",ported,,,src/loadsave.rs
"loadsave.cpp|devilution::LoadDroppedItems(LoadHelper &file, size_t savedItemCount)",ported,,,src/loadsave.rs
loadsave.cpp|devilution::getHellfireLevelType(int type),ported,,,src/loadsave.rs
"loadsave.cpp|devilution::SaveItem(SaveHelper &file, const Item &item)",ported,,,src/loadsave.rs
"loadsave.cpp|devilution::SavePlayer(SaveHelper &file, const Player &player)",ported,,,src/loadsave.rs
"loadsave.cpp|devilution::SaveMonster(SaveHelper *file, Monster &monster, MonsterConversionData *monsterConversionData = nullptr)",ported,,,src/loadsave.rs
"loadsave.cpp|devilution::SaveMissile(SaveHelper *file, const Missile &missile)",ported,,,src/loadsave.rs
loadsave.cpp|devilution::ConvertToHellfireObject(_object_id type),ported,,,src/loadsave.rs
"loadsave.cpp|devilution::SaveObject(SaveHelper &file, const Object &object)",ported,,,src/loadsave.rs
"loadsave.cpp|devilution::SaveQuest(SaveHelper *file, int i)",ported,,,src/loadsave.rs
"loadsave.cpp|devilution::SaveLighting(SaveHelper *file, Light *pLight, bool vision = false)",ported,,,src/loadsave.rs
"loadsave.cpp|devilution::SavePortal(SaveHelper *file, int i)",ported,,,src/loadsave.rs
loadsave.cpp|devilution::SaveDroppedItems(SaveHelper &file),ported,,,src/loadsave.rs
"loadsave.cpp|devilution::SaveDroppedItemLocations(SaveHelper &file, const std::unordered_map<uint8_t, uint8_t> &itemIndexes)",ported,,,src/loadsave.rs
loadsave.cpp|devilution::SaveAdditionalMissiles(SaveWriter &saveWriter),ported,,,src/loadsave.rs
loadsave.cpp|devilution::LoadAdditionalMissiles(),ported,,,src/loadsave.rs
"loadsave.cpp|devilution::SaveLevel(SaveWriter &saveWriter, LevelConversionData *levelConversionData)",ported,,,src/loadsave.rs
loadsave.cpp|devilution::LoadLevel(LevelConversionData *levelConversionData),ported,,,src/loadsave.rs
loadsave.cpp|devilution::ConvertLevels(SaveWriter &saveWriter),ported,,,src/loadsave.rs
loadsave.cpp|devilution::RemoveInvalidItem(Item &item),ported,,,src/loadsave.rs
loadsave.cpp|devilution::RemapItemIdxFromDiablo(_item_indexes i),ported,,,src/loadsave.rs
loadsave.cpp|devilution::RemapItemIdxToDiablo(_item_indexes i),ported,,,src/loadsave.rs
loadsave.cpp|devilution::RemapItemIdxFromSpawn(_item_indexes i),ported,,,src/loadsave.rs
loadsave.cpp|devilution::RemapItemIdxToSpawn(_item_indexes i),ported,,,src/loadsave.rs
loadsave.cpp|devilution::IsHeaderValid(uint32_t magicNumber),ported,,,src/loadsave.rs
loadsave.cpp|devilution::HotkeysSize(size_t nHotkeys = NumHotkeys),ported,,,src/loadsave.rs
loadsave.cpp|devilution::LoadHotkeys(),ported,,,src/loadsave.rs
"loadsave.cpp|devilution::SaveHotkeys(SaveWriter &saveWriter, const Player &player)",ported,,,src/loadsave.rs
loadsave.cpp|devilution::LoadHeroItems(Player &player),ported,,,src/loadsave.rs
loadsave.cpp|devilution::LoadStash(),ported,,,src/loadsave.rs
loadsave.cpp|devilution::RemoveEmptyInventory(Player &player),ported,,,src/loadsave.rs
loadsave.cpp|devilution::LoadGame(bool firstflag),ported,,,src/loadsave.rs
"loadsave.cpp|devilution::SaveHeroItems(SaveWriter &saveWriter, Player &player)",ported,,,src/loadsave.rs
loadsave.cpp|devilution::SaveStash(SaveWriter &stashWriter),ported,,,src/loadsave.rs
loadsave.cpp|devilution::SaveGameData(SaveWriter &saveWriter),ported,,,src/loadsave.rs
loadsave.cpp|devilution::SaveGame(),ported,,,src/loadsave.rs
loadsave.cpp|devilution::SaveLevel(SaveWriter &saveWriter),ported,,,src/loadsave.rs
loadsave.cpp|devilution::LoadLevel(),ported,,,src/loadsave.rs
main.cpp|__asan_default_options(),pending,,,
"main.cpp|main(int argc, char **argv)",pending,,,
menu.cpp|devilution::NextTrack(),ported,,,src/menu.rs
menu.cpp|devilution::RefreshMusic(),ported,,,src/menu.rs
menu.cpp|devilution::InitMenu(_selhero_selections type),ported,,,src/menu.rs
menu.cpp|devilution::InitSinglePlayerMenu(),ported,,,src/menu.rs
menu.cpp|devilution::InitMultiPlayerMenu(),ported,,,src/menu.rs
menu.cpp|devilution::PlayIntro(),ported,,,src/menu.rs
menu.cpp|devilution::DummyGetHeroInfo(_uiheroinfo *),pending,,,
menu.cpp|devilution::mainmenu_select_hero_dialog(GameData *gameData),pending,,,
menu.cpp|devilution::mainmenu_wait_for_button_sound(),ported,,,src/menu.rs
menu.cpp|devilution::mainmenu_loop(),ported,,,src/menu.rs
minitext.cpp|devilution::LoadText(string_view text),pending,,,
minitext.cpp|devilution::CalculateTextSpeed(int nSFX),pending,,,
minitext.cpp|devilution::CalculateTextPosition(),pending,,,
minitext.cpp|devilution::DrawQTextContent(const Surface &out),pending,,,
minitext.cpp|devilution::FreeQuestText(),pending,,,
minitext.cpp|devilution::InitQuestText(),pending,,,
minitext.cpp|devilution::InitQTextMsg(_speech_id m),pending,,,
minitext.cpp|devilution::DrawQTextBack(const Surface &out),pending,,,
minitext.cpp|devilution::DrawQText(const Surface &out),pending,,,
misdat.cpp|devilution::Repeat(uint8_t v),pending,,,
misdat.cpp|devilution::MissileFileData::animDelay(uint8_t dir),pending,,,
misdat.cpp|devilution::MissileFileData::animLen(uint8_t dir),pending,,,
misdat.cpp|devilution::MissileFileData::LoadGFX(),pending,,,
misdat.cpp|devilution::InitMissileGFX(bool loadHellfireGraphics),pending,,,
misdat.cpp|devilution::FreeMissileGFX(),ported,,,src/missiles.rs
misdat.h|devilution::MissileData::isDrawn(),pending,,,
misdat.h|devilution::MissileData::isArrow(),pending,,,
misdat.h|devilution::MissileData::damageType(),pending,,,
misdat.h|devilution::MissileFileData::FreeGFX(),ported,,,src/missiles.rs
misdat.h|devilution::MissileFileData::spritesForDirection(size_t direction),pending,,,
misdat.h|devilution::GetMissileData(MissileID missileId),pending,,,
misdat.h|devilution::GetMissileSpriteData(MissileGraphicID graphicId),pending,,,
"missiles.cpp|devilution::AddClassHealingBonus(int hp, HeroClass heroClass)",pending,,,
"missiles.cpp|devilution::ScaleSpellEffect(int base, int spellLevel)",pending,,,
"missiles.cpp|devilution::GenerateRndSum(int range, int iterations)",pending,,,
"missiles.cpp|devilution::CheckBlock(Point from, Point to)",pending,,,
"missiles.cpp|devilution::FindClosest(Point source, int rad)",pending,,,
"missiles.cpp|devilution::Direction16Flip(Direction16 x, Direction16 pivot)",pending,,,
"missiles.cpp|devilution::UpdateMissileVelocity(Missile &missile, Point destination, int velocityInPixels)",pending,,,
missiles.cpp|devilution::PutMissile(Missile &missile),pending,,,
missiles.cpp|devilution::UpdateMissilePos(Missile &missile),pending,,,
missiles.cpp|devilution::MoveMissilePos(Missile &missile),pending,,,
missiles.cpp|devilution::ProjectileMonsterDamage(Missile &missile),pending,,,
missiles.cpp|devilution::ProjectileTrapDamage(Missile &missile),pending,,,
"missiles.cpp|devilution::MonsterMHit(int pnum, int monsterId, int mindam, int maxdam, int dist, MissileID t, DamageType damageType, bool shift)",pending,,,
"missiles.cpp|devilution::Plr2PlrMHit(const Player &player, int p, int mindam, int maxdam, int dist, MissileID mtype, DamageType damageType, bool shift, bool *blocked)",pending,,,
missiles.cpp|devilution::RotateBlockedMissile(Missile &missile),pending,,,
"missiles.cpp|devilution::CheckMissileCol(Missile &missile, DamageType damageType, int minDamage, int maxDamage, bool isDamageShifted, Point position, bool dontDeleteOnCollision)",pending,,,
"missiles.cpp|devilution::MoveMissile(Missile &missile, tl::function_ref<bool(Point)> checkTile, bool ifCheckTileFailsDontMoveToTile = false)",pending,,,
"missiles.cpp|devilution::MoveMissileAndCheckMissileCol(Missile &missile, DamageType damageType, int mindam, int maxdam, bool ignoreStart, bool ifCollidesDontMoveToHitTile)",pending,,,
"missiles.cpp|devilution::SetMissAnim(Missile &missile, MissileGraphicID animtype)",pending,,,
"missiles.cpp|devilution::AddRune(Missile &missile, Point dst, MissileID missileID)",pending,,,
missiles.cpp|devilution::CheckIfTrig(Point position),pending,,,
"missiles.cpp|devilution::GuardianTryFireAt(Missile &missile, Point target)",pending,,,
"missiles.cpp|devilution::GrowWall(int playerId, Point position, Point target, MissileID type, int spellLevel, int damage)",pending,,,
"missiles.cpp|devilution::SyncPositionWithParent(Missile &missile, const AddMissileParameter &parameter)",pending,,,
"missiles.cpp|devilution::SpawnLightning(Missile &missile, int dam)",pending,,,
missiles.cpp|devilution::IsMissileBlockedByTile(Point tile),pending,,,
"missiles.cpp|devilution::GetDamageAmt(SpellID i, int *mind, int *maxd)",pending,,,
"missiles.cpp|devilution::GetDirection16(Point p1, Point p2)",pending,,,
"missiles.cpp|devilution::MonsterTrapHit(int monsterId, int mindam, int maxdam, int dist, MissileID t, DamageType damageType, bool shift)",pending,,,
"missiles.cpp|devilution::PlayerMHit(int pnum, Monster *monster, int dist, int mind, int maxd, MissileID mtype, DamageType damageType, bool shift, DeathReason deathReason, bool *blocked)",pending,,,
"missiles.cpp|devilution::SetMissDir(Missile &missile, int dir)",pending,,,
missiles.cpp|devilution::InitMissiles(),pending,,,
"missiles.cpp|devilution::AddOpenNest(Missile &missile, AddMissileParameter &parameter)",pending,,,
"missiles.cpp|devilution::AddRuneOfFire(Missile &missile, AddMissileParameter &parameter)",pending,,,
"missiles.cpp|devilution::AddRuneOfLight(Missile &missile, AddMissileParameter &parameter)",pending,,,
"missiles.cpp|devilution::AddRuneOfNova(Missile &missile, AddMissileParameter &parameter)",pending,,,
"missiles.cpp|devilution::AddRuneOfImmolation(Missile &missile, AddMissileParameter &parameter)",pending,,,
"missiles.cpp|devilution::AddRuneOfStone(Missile &missile, AddMissileParameter &parameter)",pending,,,
"missiles.cpp|devilution::AddReflect(Missile &missile, AddMissileParameter &)",pending,,,
"missiles.cpp|devilution::AddBerserk(Missile &missile, AddMissileParameter &parameter)",pending,,,
"missiles.cpp|devilution::AddHorkSpawn(Missile &missile, AddMissileParameter &parameter)",pending,,,
"missiles.cpp|devilution::AddJester(Missile &missile, AddMissileParameter &parameter)",pending,,,
"missiles.cpp|devilution::AddStealPotions(Missile &missile, AddMissileParameter &)",pending,,,
"missiles.cpp|devilution::AddStealMana(Missile &missile, AddMissileParameter &)",pending,,,
"missiles.cpp|devilution::AddSpectralArrow(Missile &missile, AddMissileParameter &parameter)",pending,,,
"missiles.cpp|devilution::AddWarp(Missile &missile, AddMissileParameter &parameter)",pending,,,
"missiles.cpp|devilution::AddLightningWall(Missile &missile, AddMissileParameter &parameter)",pending,,,
"missiles.cpp|devilution::AddBigExplosion(Missile &missile, AddMissileParameter &)",pending,,,
"missiles.cpp|devilution::AddImmolation(Missile &missile, AddMissileParameter &parameter)",pending,,,
"missiles.cpp|devilution::AddLightningBow(Missile &missile, AddMissileParameter &parameter)",pending,,,
"missiles.cpp|devilution::AddMana(Missile &missile, AddMissileParameter &)",pending,,,
"missiles.cpp|devilution::AddMagi(Missile &missile, AddMissileParameter &)",pending,,,
"missiles.cpp|devilution::AddRingOfFire(Missile &missile, AddMissileParameter &)",pending,,,
"missiles.cpp|devilution::AddSearch(Missile &missile, AddMissileParameter &)",pending,,,
"missiles.cpp|devilution::AddChargedBoltBow(Missile &missile, AddMissileParameter &parameter)",pending,,,
"missiles.cpp|devilution::AddElementalArrow(Missile &missile, AddMissileParameter &parameter)",pending,,,
"missiles.cpp|devilution::AddArrow(Missile &missile, AddMissileParameter &parameter)",pending,,,
"missiles.cpp|devilution::UpdateVileMissPos(Missile &missile, Point dst)",pending,,,
"missiles.cpp|devilution::AddPhasing(Missile &missile, AddMissileParameter &parameter)",pending,,,
"missiles.cpp|devilution::AddFirebolt(Missile &missile, AddMissileParameter &parameter)",pending,,,
"missiles.cpp|devilution::AddMagmaBall(Missile &missile, AddMissileParameter &parameter)",pending,,,
"missiles.cpp|devilution::AddTeleport(Missile &missile, AddMissileParameter &parameter)",pending,,,
"missiles.cpp|devilution::AddNovaBall(Missile &missile, AddMissileParameter &parameter)",pending,,,
"missiles.cpp|devilution::AddFireWall(Missile &missile, AddMissileParameter &parameter)",pending,,,
"missiles.cpp|devilution::AddFireball(Missile &missile, AddMissileParameter &parameter)",pending,,,
"missiles.cpp|devilution::AddLightningControl(Missile &missile, AddMissileParameter &parameter)",pending,,,
"missiles.cpp|devilution::AddLightning(Missile &missile, AddMissileParameter &parameter)",pending,,,
"missiles.cpp|devilution::AddMissileExplosion(Missile &missile, AddMissileParameter &parameter)",pending,,,
"missiles.cpp|devilution::AddWeaponExplosion(Missile &missile, AddMissileParameter &parameter)",pending,,,
"missiles.cpp|devilution::AddTownPortal(Missile &missile, AddMissileParameter &parameter)",pending,,,
"missiles.cpp|devilution::AddFlashBottom(Missile &missile, AddMissileParameter &)",pending,,,
"missiles.cpp|devilution::AddFlashTop(Missile &missile, AddMissileParameter &)",pending,,,
"missiles.cpp|devilution::AddManaShield(Missile &missile, AddMissileParameter &parameter)",pending,,,
"missiles.cpp|devilution::AddFlameWave(Missile &missile, AddMissileParameter &parameter)",pending,,,
"missiles.cpp|devilution::AddGuardian(Missile &missile, AddMissileParameter &parameter)",pending,,,
"missiles.cpp|devilution::AddChainLightning(Missile &missile, AddMissileParameter &parameter)",pending,,,
"missiles.cpp|devilution::InitMissileAnimationFromMonster(Missile &mis, Direction midir, const Monster &mon, MonsterGraphic graphic)",pending,,,
"missiles.cpp|devilution::AddRhino(Missile &missile, AddMissileParameter &parameter)",pending,,,
"missiles.cpp|devilution::AddGenericMagicMissile(Missile &missile, AddMissileParameter &parameter)",pending,,,
"missiles.cpp|devilution::AddAcid(Missile &missile, AddMissileParameter &parameter)",pending,,,
"missiles.cpp|devilution::AddAcidPuddle(Missile &missile, AddMissileParameter &)",pending,,,
"missiles.cpp|devilution::AddStoneCurse(Missile &missile, AddMissileParameter &parameter)",pending,,,
"missiles.cpp|devilution::AddGolem(Missile &missile, AddMissileParameter &parameter)",pending,,,
"missiles.cpp|devilution::AddApocalypseBoom(Missile &missile, AddMissileParameter &parameter)",pending,,,
"missiles.cpp|devilution::AddHealing(Missile &missile, AddMissileParameter &)",pending,,,
"missiles.cpp|devilution::AddHealOther(Missile &missile, AddMissileParameter &)",pending,,,
"missiles.cpp|devilution::AddElemental(Missile &missile, AddMissileParameter &parameter)",pending,,,
"missiles.cpp|devilution::AddIdentify(Missile &missile, AddMissileParameter &)",pending,,,
"missiles.cpp|devilution::AddFireWallControl(Missile &missile, AddMissileParameter &parameter)",pending,,,
"missiles.cpp|devilution::AddInfravision(Missile &missile, AddMissileParameter &)",pending,,,
"missiles.cpp|devilution::AddFlameWaveControl(Missile &missile, AddMissileParameter &parameter)",pending,,,
"missiles.cpp|devilution::AddNova(Missile &missile, AddMissileParameter &parameter)",pending,,,
"missiles.cpp|devilution::AddRage(Missile &missile, AddMissileParameter &parameter)",pending,,,
"missiles.cpp|devilution::AddItemRepair(Missile &missile, AddMissileParameter &)",pending,,,
"missiles.cpp|devilution::AddStaffRecharge(Missile &missile, AddMissileParameter &)",pending,,,
"missiles.cpp|devilution::AddTrapDisarm(Missile &missile, AddMissileParameter &)",pending,,,
"missiles.cpp|devilution::AddApocalypse(Missile &missile, AddMissileParameter &)",pending,,,
"missiles.cpp|devilution::AddInferno(Missile &missile, AddMissileParameter &parameter)",pending,,,
"missiles.cpp|devilution::AddInfernoControl(Missile &missile, AddMissileParameter &parameter)",pending,,,
"missiles.cpp|devilution::AddChargedBolt(Missile &missile, AddMissileParameter &parameter)",pending,,,
"missiles.cpp|devilution::AddHolyBolt(Missile &missile, AddMissileParameter &parameter)",pending,,,
"missiles.cpp|devilution::AddResurrect(Missile &missile, AddMissileParameter &)",pending,,,
"missiles.cpp|devilution::AddResurrectBeam(Missile &missile, AddMissileParameter &parameter)",pending,,,
"missiles.cpp|devilution::AddTelekinesis(Missile &missile, AddMissileParameter &)",pending,,,
"missiles.cpp|devilution::AddBoneSpirit(Missile &missile, AddMissileParameter &parameter)",pending,,,
"missiles.cpp|devilution::AddRedPortal(Missile &missile, AddMissileParameter &)",pending,,,
"missiles.cpp|devilution::AddDiabloApocalypse(Missile &missile, AddMissileParameter &)",pending,,,
"missiles.cpp|devilution::AddMissile(Point src, Point dst, Direction midir, MissileID mitype, mienemy_type micaster, int id, int midam, int spllvl, Missile *parent, std::optional<_sfx_id> lSFX)",pending,,,
missiles.cpp|devilution::ProcessElementalArrow(Missile &missile),pending,,,
missiles.cpp|devilution::ProcessArrow(Missile &missile),pending,,,
missiles.cpp|devilution::ProcessGenericProjectile(Missile &missile),pending,,,
missiles.cpp|devilution::ProcessNovaBall(Missile &missile),pending,,,
missiles.cpp|devilution::ProcessAcidPuddle(Missile &missile),pending,,,
missiles.cpp|devilution::ProcessFireWall(Missile &missile),pending,,,
missiles.cpp|devilution::ProcessFireball(Missile &missile),pending,,,
missiles.cpp|devilution::ProcessHorkSpawn(Missile &missile),pending,,,
missiles.cpp|devilution::ProcessRune(Missile &missile),pending,,,
missiles.cpp|devilution::ProcessLightningWall(Missile &missile),pending,,,
missiles.cpp|devilution::ProcessBigExplosion(Missile &missile),pending,,,
missiles.cpp|devilution::ProcessLightningBow(Missile &missile),pending,,,
missiles.cpp|devilution::ProcessRingOfFire(Missile &missile),pending,,,
missiles.cpp|devilution::ProcessSearch(Missile &missile),pending,,,
missiles.cpp|devilution::ProcessLightningWallControl(Missile &missile),pending,,,
"missiles.cpp|devilution::ProcessNovaCommon(Missile &missile, MissileID projectileType)",pending,,,
missiles.cpp|devilution::ProcessImmolation(Missile &missile),pending,,,
missiles.cpp|devilution::ProcessNova(Missile &missile),pending,,,
missiles.cpp|devilution::ProcessSpectralArrow(Missile &missile),pending,,,
missiles.cpp|devilution::ProcessLightningControl(Missile &missile),pending,,,
missiles.cpp|devilution::ProcessLightning(Missile &missile),pending,,,
missiles.cpp|devilution::ProcessTownPortal(Missile &missile),pending,,,
missiles.cpp|devilution::ProcessFlashBottom(Missile &missile),pending,,,
missiles.cpp|devilution::ProcessFlashTop(Missile &missile),pending,,,
missiles.cpp|devilution::ProcessFlameWave(Missile &missile),pending,,,
missiles.cpp|devilution::ProcessGuardian(Missile &missile),pending,,,
missiles.cpp|devilution::ProcessChainLightning(Missile &missile),pending,,,
missiles.cpp|devilution::ProcessWeaponExplosion(Missile &missile),pending,,,
missiles.cpp|devilution::ProcessMissileExplosion(Missile &missile),pending,,,
missiles.cpp|devilution::ProcessAcidSplate(Missile &missile),pending,,,
missiles.cpp|devilution::ProcessTeleport(Missile &missile),pending,,,
missiles.cpp|devilution::ProcessStoneCurse(Missile &missile),pending,,,
missiles.cpp|devilution::ProcessApocalypseBoom(Missile &missile),pending,,,
missiles.cpp|devilution::ProcessRhino(Missile &missile),pending,,,
missiles.cpp|devilution::ProcessFireWallControl(Missile &missile),pending,,,
missiles.cpp|devilution::ProcessInfravision(Missile &missile),pending,,,
missiles.cpp|devilution::ProcessApocalypse(Missile &missile),pending,,,
missiles.cpp|devilution::ProcessFlameWaveControl(Missile &missile),pending,,,
missiles.cpp|devilution::ProcessRage(Missile &missile),pending,,,
missiles.cpp|devilution::ProcessInferno(Missile &missile),pending,,,
missiles.cpp|devilution::ProcessInfernoControl(Missile &missile),pending,,,
missiles.cpp|devilution::ProcessChargedBolt(Missile &missile),pending,,,
missiles.cpp|devilution::ProcessHolyBolt(Missile &missile),pending,,,
missiles.cpp|devilution::ProcessElemental(Missile &missile),pending,,,
missiles.cpp|devilution::ProcessBoneSpirit(Missile &missile),pending,,,
missiles.cpp|devilution::ProcessResurrectBeam(Missile &missile),pending,,,
missiles.cpp|devilution::ProcessRedPortal(Missile &missile),pending,,,
missiles.cpp|devilution::DeleteMissiles(),pending,,,
missiles.cpp|devilution::ProcessManaShield(),pending,,,
missiles.cpp|devilution::ProcessMissiles(),pending,,,
missiles.cpp|devilution::missiles_process_charge(),pending,,,
missiles.cpp|devilution::RedoMissileFlags(),pending,,,
missiles.h|devilution::MissilePosition::StopMissile(),pending,,,
missiles.h|devilution::Missile::IsTrap(),pending,,,
missiles.h|devilution::Missile::sourcePlayer(),pending,,,
missiles.h|devilution::Missile::sourceMonster(),pending,,,
missiles.h|devilution::Missile::isSameSource(Missile &missile),pending,,,
missiles.h|devilution::Missile::sourceType(),pending,,,
"missiles.h|devilution::SetMissDir(Missile &missile, Direction dir)",pending,,,
"missiles.h|devilution::SetMissDir(Missile &missile, Direction16 dir)",pending,,,
monstdat.cpp|devilution::Uniq(_unique_items item),pending,,,
monster.cpp|devilution::GetNumAnims(const MonsterData &monsterData),pending,,,
monster.cpp|devilution::InitMonsterTRN(CMonster &monst),pending,,,
"monster.cpp|devilution::InitMonster(Monster &monster, Direction rd, size_t typeIndex, Point position)",pending,,,
monster.cpp|devilution::CanPlaceMonster(Point position),pending,,,
"monster.cpp|devilution::PlaceMonster(int i, size_t typeIndex, Point position)",pending,,,
"monster.cpp|devilution::PlaceGroup(size_t typeIndex, unsigned num, Monster *leader = nullptr, bool leashed = false)",pending,,,
monster.cpp|devilution::GetMonsterTypeIndex(_monster_id type),pending,,,
"monster.cpp|devilution::PlaceUniqueMonst(UniqueMonsterType uniqindex, size_t minionType, int bosspacksize)",pending,,,
"monster.cpp|devilution::AddMonsterType(_monster_id type, placeflag placeflag)",pending,,,
"monster.cpp|devilution::AddMonsterType(UniqueMonsterType uniqueType, placeflag placeflag)",pending,,,
monster.cpp|devilution::ClearMVars(Monster &monster),pending,,,
monster.cpp|devilution::ClrAllMonsters(),pending,,,
monster.cpp|devilution::PlaceUniqueMonsters(),pending,,,
monster.cpp|devilution::PlaceQuestMonsters(),pending,,,
monster.cpp|devilution::LoadDiabMonsts(),pending,,,
monster.cpp|devilution::DeleteMonster(size_t activeIndex),pending,,,
"monster.cpp|devilution::NewMonsterAnim(Monster &monster, MonsterGraphic graphic, Direction md, AnimationDistributionFlags flags = AnimationDistributionFlags::None, int8_t numSkippedFrames = 0, int8_t distributeFramesBeforeFrame = 0)",pending,,,
monster.cpp|devilution::StartMonsterGotHit(Monster &monster),pending,,,
monster.cpp|devilution::IsRanged(Monster &monster),pending,,,
monster.cpp|devilution::UpdateEnemy(Monster &monster),pending,,,
"monster.cpp|devilution::AiDelay(Monster &monster, int len)",pending,,,
monster.cpp|devilution::GetMonsterDirection(Monster &monster),pending,,,
"monster.cpp|devilution::StartSpecialStand(Monster &monster, Direction md)",pending,,,
"monster.cpp|devilution::WalkNorthwards(Monster &monster, int xadd, int yadd, Direction endDir)",pending,,,
"monster.cpp|devilution::WalkSouthwards(Monster &monster, int xoff, int yoff, int xadd, int yadd, Direction endDir)",pending,,,
"monster.cpp|devilution::WalkSideways(Monster &monster, int xoff, int yoff, int xadd, int yadd, int mapx, int mapy, Direction endDir)",pending,,,
monster.cpp|devilution::StartAttack(Monster &monster),pending,,,
"monster.cpp|devilution::StartRangedAttack(Monster &monster, MissileID missileType, int dam)",pending,,,
"monster.cpp|devilution::StartRangedSpecialAttack(Monster &monster, MissileID missileType, int dam)",pending,,,
monster.cpp|devilution::StartSpecialAttack(Monster &monster),pending,,,
monster.cpp|devilution::StartEating(Monster &monster),pending,,,
"monster.cpp|devilution::DiabloDeath(Monster &diablo, bool sendmsg)",pending,,,
"monster.cpp|devilution::SpawnLoot(Monster &monster, bool sendmsg)",pending,,,
monster.cpp|devilution::GetTeleportTile(const Monster &monster),pending,,,
monster.cpp|devilution::Teleport(Monster &monster),pending,,,
"monster.cpp|devilution::IsHardHit(Monster &target, unsigned dam)",pending,,,
"monster.cpp|devilution::MonsterHitMonster(Monster &attacker, Monster &target, int dam)",pending,,,
"monster.cpp|devilution::StartDeathFromMonster(Monster &attacker, Monster &target)",pending,,,
"monster.cpp|devilution::StartFadein(Monster &monster, Direction md, bool backwards)",pending,,,
"monster.cpp|devilution::StartFadeout(Monster &monster, Direction md, bool backwards)",pending,,,
monster.cpp|devilution::StartHeal(Monster &monster),pending,,,
monster.cpp|devilution::SyncLightPosition(Monster &monster),pending,,,
monster.cpp|devilution::MonsterIdle(Monster &monster),pending,,,
"monster.cpp|devilution::MonsterWalk(Monster &monster, MonsterMode variant)",pending,,,
"monster.cpp|devilution::MonsterAttackMonster(Monster &attacker, Monster &target, int hper, int mind, int maxd)",pending,,,
"monster.cpp|devilution::CheckReflect(Monster &monster, Player &player, int dam)",pending,,,
monster.cpp|devilution::GetMinHit(),pending,,,
"monster.cpp|devilution::MonsterAttackPlayer(Monster &monster, Player &player, int hit, int minDam, int maxDam)",pending,,,
"monster.cpp|devilution::MonsterAttackEnemy(Monster &monster, int hit, int minDam, int maxDam)",pending,,,
monster.cpp|devilution::MonsterAttack(Monster &monster),pending,,,
monster.cpp|devilution::MonsterRangedAttack(Monster &monster),pending,,,
monster.cpp|devilution::MonsterRangedSpecialAttack(Monster &monster),pending,,,
monster.cpp|devilution::MonsterSpecialAttack(Monster &monster),pending,,,
monster.cpp|devilution::MonsterFadein(Monster &monster),pending,,,
monster.cpp|devilution::MonsterFadeout(Monster &monster),pending,,,
monster.cpp|devilution::MonsterHeal(Monster &monster),pending,,,
monster.cpp|devilution::MonsterTalk(Monster &monster),pending,,,
monster.cpp|devilution::MonsterGotHit(Monster &monster),pending,,,
monster.cpp|devilution::ReleaseMinions(const Monster &leader),pending,,,
monster.cpp|devilution::ShrinkLeaderPacksize(const Monster &monster),pending,,,
monster.cpp|devilution::MonsterDeath(Monster &monster),pending,,,
monster.cpp|devilution::MonsterSpecialStand(Monster &monster),pending,,,
monster.cpp|devilution::MonsterDelay(Monster &monster),pending,,,
monster.cpp|devilution::MonsterPetrified(Monster &monster),pending,,,
"monster.cpp|devilution::AddSkeleton(Point position, Direction dir, bool inMap)",pending,,,
"monster.cpp|devilution::SpawnSkeleton(Point position, Direction dir)",pending,,,
"monster.cpp|devilution::IsLineNotSolid(Point startPoint, Point endPoint)",pending,,,
monster.cpp|devilution::FollowTheLeader(Monster &monster),pending,,,
monster.cpp|devilution::GroupUnity(Monster &monster),pending,,,
"monster.cpp|devilution::RandomWalk(Monster &monster, Direction md)",pending,,,
"monster.cpp|devilution::RandomWalk2(Monster &monster, Direction md)",pending,,,
"monster.cpp|devilution::IsTileSafe(const Monster &monster, Point position)",pending,,,
monster.cpp|devilution::IsTileAvailable(Point position),pending,,,
"monster.cpp|devilution::IsTileAccessible(const Monster &monster, Point position)",pending,,,
monster.cpp|devilution::AiPlanWalk(Monster &monster),pending,,,
"monster.cpp|devilution::Turn(Direction direction, bool turnLeft)",pending,,,
"monster.cpp|devilution::RoundWalk(Monster &monster, Direction direction, int8_t *dir)",pending,,,
monster.cpp|devilution::AiPlanPath(Monster &monster),pending,,,
monster.cpp|devilution::AiAvoidance(Monster &monster),pending,,,
monster.cpp|devilution::GetMissileType(MonsterAIID ai),pending,,,
monster.cpp|devilution::AiRanged(Monster &monster),pending,,,
monster.cpp|devilution::AiRangedAvoidance(Monster &monster),pending,,,
monster.cpp|devilution::ZombieAi(Monster &monster),pending,,,
monster.cpp|devilution::OverlordAi(Monster &monster),pending,,,
monster.cpp|devilution::SkeletonAi(Monster &monster),pending,,,
monster.cpp|devilution::SkeletonBowAi(Monster &monster),pending,,,
monster.cpp|devilution::ScavengerFindCorpse(const Monster &scavenger),pending,,,
monster.cpp|devilution::ScavengerAi(Monster &monster),pending,,,
monster.cpp|devilution::RhinoAi(Monster &monster),pending,,,
monster.cpp|devilution::FallenAi(Monster &monster),pending,,,
monster.cpp|devilution::LeoricAi(Monster &monster),pending,,,
monster.cpp|devilution::BatAi(Monster &monster),pending,,,
monster.cpp|devilution::GargoyleAi(Monster &monster),pending,,,
monster.cpp|devilution::ButcherAi(Monster &monster),pending,,,
monster.cpp|devilution::SneakAi(Monster &monster),pending,,,
monster.cpp|devilution::GharbadAi(Monster &monster),pending,,,
monster.cpp|devilution::SnotSpilAi(Monster &monster),pending,,,
monster.cpp|devilution::SnakeAi(Monster &monster),pending,,,
monster.cpp|devilution::CounselorAi(Monster &monster),pending,,,
monster.cpp|devilution::ZharAi(Monster &monster),pending,,,
monster.cpp|devilution::MegaAi(Monster &monster),pending,,,
monster.cpp|devilution::LazarusAi(Monster &monster),pending,,,
monster.cpp|devilution::LazarusMinionAi(Monster &monster),pending,,,
monster.cpp|devilution::LachdananAi(Monster &monster),pending,,,
monster.cpp|devilution::WarlordAi(Monster &monster),pending,,,
monster.cpp|devilution::HorkDemonAi(Monster &monster),pending,,,
monster.cpp|devilution::GetMonsterTypeText(const MonsterData &monsterData),pending,,,
"monster.cpp|devilution::ActivateSpawn(Monster &monster, Point position, Direction dir)",pending,,,
"monster.cpp|devilution::IsRelativeMoveOK(const Monster &monster, Point position, Direction mdir)",pending,,,
monster.cpp|devilution::IsMonsterAvalible(const MonsterData &monsterData),pending,,,
monster.cpp|devilution::UpdateModeStance(Monster &monster),pending,,,
monster.cpp|devilution::InitTRNForUniqueMonster(Monster &monster),pending,,,
"monster.cpp|devilution::PrepareUniqueMonst(Monster &monster, UniqueMonsterType monsterType, size_t minionType, int bosspacksize, const UniqueMonsterData &uniqueMonsterData)",pending,,,
monster.cpp|devilution::InitLevelMonsters(),pending,,,
monster.cpp|devilution::GetLevelMTypes(),pending,,,
monster.cpp|devilution::InitMonsterSND(CMonster &monsterType),pending,,,
monster.cpp|devilution::InitMonsterGFX(CMonster &monsterType),pending,,,
monster.cpp|devilution::WeakenNaKrul(),pending,,,
monster.cpp|devilution::InitGolems(),pending,,,
monster.cpp|devilution::InitMonsters(),pending,,,
"monster.cpp|devilution::SetMapMonsters(const uint16_t *dunData, Point startPosition)",pending,,,
"monster.cpp|devilution::AddMonster(Point position, Direction dir, size_t typeIndex, bool inMap)",pending,,,
monster.cpp|devilution::AddDoppelganger(Monster &monster),pending,,,
"monster.cpp|devilution::ApplyMonsterDamage(DamageType damageType, Monster &monster, int damage)",pending,,,
monster.cpp|devilution::M_Talker(const Monster &monster),pending,,,
"monster.cpp|devilution::M_StartStand(Monster &monster, Direction md)",pending,,,
monster.cpp|devilution::M_ClearSquares(const Monster &monster),pending,,,
monster.cpp|devilution::M_GetKnockback(Monster &monster),pending,,,
"monster.cpp|devilution::M_StartHit(Monster &monster, int dam)",pending,,,
"monster.cpp|devilution::M_StartHit(Monster &monster, const Player &player, int dam)",pending,,,
"monster.cpp|devilution::MonsterDeath(Monster &monster, Direction md, bool sendmsg)",pending,,,
"monster.cpp|devilution::StartMonsterDeath(Monster &monster, const Player &player, bool sendmsg)",pending,,,
monster.cpp|devilution::KillMyGolem(),pending,,,
"monster.cpp|devilution::M_StartKill(Monster &monster, const Player &player)",pending,,,
"monster.cpp|devilution::M_SyncStartKill(Monster &monster, Point position, const Player &player)",pending,,,
monster.cpp|devilution::M_UpdateRelations(const Monster &monster),pending,,,
monster.cpp|devilution::DoEnding(),pending,,,
monster.cpp|devilution::PrepDoEnding(),pending,,,
"monster.cpp|devilution::Walk(Monster &monster, Direction md)",pending,,,
monster.cpp|devilution::GolumAi(Monster &golem),pending,,,
monster.cpp|devilution::DeleteMonsterList(),pending,,,
monster.cpp|devilution::ProcessMonsters(),pending,,,
monster.cpp|devilution::FreeMonsters(),ported,,,src/monster.rs
"monster.cpp|devilution::DirOK(const Monster &monster, Direction mdir)",pending,,,
monster.cpp|devilution::PosOkMissile(Point position),pending,,,
"monster.cpp|devilution::LineClearMissile(Point startPoint, Point endPoint)",pending,,,
"monster.cpp|devilution::LineClear(tl::function_ref<bool(Point)> clear, Point startPoint, Point endPoint)",pending,,,
monster.cpp|devilution::SyncMonsterAnim(Monster &monster),pending,,,
monster.cpp|devilution::M_FallenFear(Point position),pending,,,
monster.cpp|devilution::PrintMonstHistory(int mt),pending,,,
monster.cpp|devilution::PrintUniqueHistory(),pending,,,
"monster.cpp|devilution::PlayEffect(Monster &monster, MonsterSound mode)",pending,,,
"monster.cpp|devilution::MissToMonst(Missile &missile, Point position)",pending,,,
"monster.cpp|devilution::FindMonsterAtPosition(Point position, bool ignoreMovingMonsters)",pending,,,
monster.cpp|devilution::FindUniqueMonster(UniqueMonsterType monsterType),pending,,,
"monster.cpp|devilution::IsTileAvailable(const Monster &monster, Point position)",pending,,,
monster.cpp|devilution::IsSkel(_monster_id mt),pending,,,
monster.cpp|devilution::IsGoat(_monster_id mt),pending,,,
"monster.cpp|devilution::ActivateSkeleton(Monster &monster, Point position)",pending,,,
monster.cpp|devilution::PreSpawnSkeleton(),pending,,,
"monster.cpp|devilution::TalktoMonster(Player &player, Monster &monster)",pending,,,
"monster.cpp|devilution::SpawnGolem(Player &player, Monster &golem, Point position, Missile &missile)",pending,,,
monster.cpp|devilution::CanTalkToMonst(const Monster &monster),pending,,,
monster.cpp|devilution::encode_enemy(Monster &monster),pending,,,
"monster.cpp|devilution::decode_enemy(Monster &monster, int enemyId)",pending,,,
monster.cpp|devilution::Monster::getId(),pending,,,
monster.cpp|devilution::Monster::getLeader(),pending,,,
monster.cpp|devilution::Monster::setLeader(const Monster *leader),pending,,,
monster.cpp|devilution::Monster::distanceToEnemy(),pending,,,
monster.cpp|devilution::Monster::checkStandAnimationIsLoaded(Direction mdir),pending,,,
monster.cpp|devilution::Monster::petrify(),pending,,,
monster.cpp|devilution::Monster::isWalking(),ported,,,src/monster.rs
"monster.cpp|devilution::Monster::isImmune(MissileID missileType, DamageType missileElement)",pending,,,
"monster.cpp|devilution::Monster::isResistant(MissileID missileType, DamageType missileElement)",pending,,,
monster.cpp|devilution::Monster::isPlayerMinion(),ported,,,src/monster.rs
monster.cpp|devilution::Monster::isPossibleToHit(),pending,,,
monster.cpp|devilution::Monster::tag(const Player &tagger),pending,,,
monster.cpp|devilution::Monster::tryLiftGargoyle(),pending,,,
monster.cpp|devilution::Monster::getVisualMonsterMode(),ported,,,src/monster.rs
monster.cpp|devilution::Monster::toHitSpecial(_difficulty difficulty),ported,,,src/monster.rs
monster.h|devilution::IsMonsterModeMove(MonsterMode mode),pending,,,
monster.h|devilution::AnimStruct::spritesForDirection(Direction direction),pending,,,
monster.h|devilution::CMonster::getAnimData(MonsterGraphic graphic),pending,,,
"monster.h|devilution::Monster::changeAnimationData(MonsterGraphic graphic, Direction desiredDirection)",pending,,,
monster.h|devilution::Monster::changeAnimationData(MonsterGraphic graphic),pending,,,
monster.h|devilution::Monster::type(),pending,,,
monster.h|devilution::Monster::data(),pending,,,
monster.h|devilution::Monster::name(),pending,,,
monster.h|devilution::Monster::exp(_difficulty difficulty),ported,,,src/monster.rs
monster.h|devilution::Monster::level(_difficulty difficulty),pending,,,
monster.h|devilution::Monster::hasLeashedMinions(),pending,,,
monster.h|devilution::Monster::isUnique(),pending,,,
"movie.cpp|devilution::play_movie(const char *pszMovie, bool userCanClose)",pending,,,
movie.cpp|devilution::PlayInGameMovie(const char *pszMovie),pending,,,
"mpq/mpq_reader.cpp|devilution::MpqArchive::Open(const char *path, int32_t &error)",ported,,,src/mpq.rs
mpq/mpq_reader.cpp|devilution::MpqArchive::Clone(int32_t &error),ported,,,src/mpq.rs
mpq/mpq_reader.cpp|devilution::MpqArchive::ErrorMessage(int32_t errorCode),replaced,MpqError (Display),libmpq error codes become a Rust error enum with messages,
mpq/mpq_reader.cpp|devilution::MpqArchive::CalculateFileHash(const char *filename),ported,,,src/mpq.rs
mpq/mpq_reader.cpp|devilution::MpqArchive::operator=(MpqArchive &&other),replaced,Rust move semantics,move assignment; Drop closes the file,
mpq/mpq_reader.cpp|devilution::MpqArchive::~MpqArchive(),replaced,Drop for std::fs::File,destructor closing the libmpq handle,
"mpq/mpq_reader.cpp|devilution::MpqArchive::GetFileNumber(MpqArchive::FileHash fileHash, uint32_t &fileNumber)",ported,,,src/mpq.rs
"mpq/mpq_reader.cpp|devilution::MpqArchive::ReadFile(const char *filename, std::size_t &fileSize, int32_t &error)",ported,,,src/mpq.rs
"mpq/mpq_reader.cpp|devilution::MpqArchive::ReadBlock(uint32_t fileNumber, uint32_t blockNumber, uint8_t *out, uint32_t outSize)",ported,,,src/mpq.rs
"mpq/mpq_reader.cpp|devilution::MpqArchive::GetUnpackedFileSize(uint32_t fileNumber, int32_t &error)",ported,,,src/mpq.rs
"mpq/mpq_reader.cpp|devilution::MpqArchive::GetNumBlocks(uint32_t fileNumber, int32_t &error)",ported,,,src/mpq.rs
"mpq/mpq_reader.cpp|devilution::MpqArchive::OpenBlockOffsetTable(uint32_t fileNumber, const char *filename)",ported,,,src/mpq.rs
mpq/mpq_reader.cpp|devilution::MpqArchive::CloseBlockOffsetTable(uint32_t fileNumber),replaced,dropping the Vec from open_block_offset_table,libmpq keeps the table open between calls; the port returns it to the caller,
"mpq/mpq_reader.cpp|devilution::MpqArchive::GetBlockSize(uint32_t fileNumber, uint32_t blockNumber, int32_t &error)",ported,,,src/mpq.rs
mpq/mpq_reader.cpp|devilution::MpqArchive::HasFile(const char *filename),ported,,,src/mpq.rs
mpq/mpq_reader.hpp|devilution::MpqArchive::MpqArchive(MpqArchive &&other),replaced,Rust move semantics,move constructor,
"mpq/mpq_reader.hpp|devilution::MpqArchive::MpqArchive(std::string path, mpq_archive_s *archive)",replaced,MpqArchive::open,private constructor from a libmpq handle; open builds the struct directly,
mpq/mpq_reader.hpp|devilution::MpqArchive::GetTemporaryBuffer(std::size_t size),replaced,per-call Vec,scratch buffer reuse for libmpq; Rust allocates per block,
mpq/mpq_sdl_rwops.cpp|devilution::GetData(struct SDL_RWops *context),pending,,,
"mpq/mpq_sdl_rwops.cpp|devilution::SetData(struct SDL_RWops *context, Data *data)",pending,,,
mpq/mpq_sdl_rwops.cpp|devilution::MpqFileRwSize(struct SDL_RWops *context),pending,,,
"mpq/mpq_sdl_rwops.cpp|devilution::MpqFileRwSeek(struct SDL_RWops *context, OffsetType offset, int whence)",pending,,,
"mpq/mpq_sdl_rwops.cpp|devilution::MpqFileRwRead(struct SDL_RWops *context, void *ptr, SizeType size, SizeType maxnum)",pending,,,
mpq/mpq_sdl_rwops.cpp|devilution::MpqFileRwClose(struct SDL_RWops *context),pending,,,
"mpq/mpq_sdl_rwops.cpp|devilution::SDL_RWops_FromMpqFile(MpqArchive &mpqArchive, uint32_t fileNumber, const char *filename, bool threadsafe)",pending,,,
mpq/mpq_writer.cpp|devilution::ByteSwapHdr(MpqFileHeader *hdr),pending,,,
mpq/mpq_writer.cpp|devilution::IsAllocatedUnusedBlock(const MpqBlockEntry *block),ported,,,src/mpq_writer.rs
mpq/mpq_writer.cpp|devilution::IsUnallocatedBlock(const MpqBlockEntry *block),ported,,,src/mpq_writer.rs
mpq/mpq_writer.cpp|devilution::MpqWriter::MpqWriter(const char *path),ported,,,src/mpq_writer.rs
mpq/mpq_writer.cpp|devilution::MpqWriter::~MpqWriter(),ported,,,src/mpq_writer.rs
mpq/mpq_writer.cpp|devilution::MpqWriter::FetchHandle(const char *filename),ported,,,src/mpq_writer.rs
mpq/mpq_writer.cpp|devilution::MpqWriter::InitDefaultMpqHeader(MpqFileHeader *hdr),ported,,,src/mpq_writer.rs
mpq/mpq_writer.cpp|devilution::MpqWriter::IsValidMpqHeader(MpqFileHeader *hdr),ported,,,src/mpq_writer.rs
mpq/mpq_writer.cpp|devilution::MpqWriter::ReadMPQHeader(MpqFileHeader *hdr),ported,,,src/mpq_writer.rs
mpq/mpq_writer.cpp|devilution::MpqWriter::NewBlock(uint32_t *blockIndex),ported,,,src/mpq_writer.rs
"mpq/mpq_writer.cpp|devilution::MpqWriter::AllocBlock(uint32_t blockOffset, uint32_t blockSize)",ported,,,src/mpq_writer.rs
mpq/mpq_writer.cpp|devilution::MpqWriter::FindFreeBlock(uint32_t size),ported,,,src/mpq_writer.rs
"mpq/mpq_writer.cpp|devilution::MpqWriter::GetHashIndex(uint32_t index, uint32_t hashA, uint32_t hashB)",ported,,,src/mpq_writer.rs
mpq/mpq_writer.cpp|devilution::MpqWriter::WriteHeaderAndTables(),ported,,,src/mpq_writer.rs
"mpq/mpq_writer.cpp|devilution::MpqWriter::AddFile(const char *filename, MpqBlockEntry *block, uint32_t blockIndex)",ported,,,src/mpq_writer.rs
"mpq/mpq_writer.cpp|devilution::MpqWriter::WriteFileContents(const char *filename, const byte *fileData, size_t fileSize, MpqBlockEntry *block)",ported,,,src/mpq_writer.rs
mpq/mpq_writer.cpp|devilution::MpqWriter::WriteHeader(),ported,,,src/mpq_writer.rs
mpq/mpq_writer.cpp|devilution::MpqWriter::WriteBlockTable(),ported,,,src/mpq_writer.rs
mpq/mpq_writer.cpp|devilution::MpqWriter::WriteHashTable(),ported,,,src/mpq_writer.rs
mpq/mpq_writer.cpp|devilution::MpqWriter::RemoveHashEntry(const char *filename),ported,,,src/mpq_writer.rs
"mpq/mpq_writer.cpp|devilution::MpqWriter::RemoveHashEntries(bool (*fnGetName)(uint8_t, char *))",ported,,,src/mpq_writer.rs
"mpq/mpq_writer.cpp|devilution::MpqWriter::WriteFile(const char *filename, const byte *data, size_t size)",ported,,,src/mpq_writer.rs
"mpq/mpq_writer.cpp|devilution::MpqWriter::RenameFile(const char *name, const char *newName)",ported,,,src/mpq_writer.rs
mpq/mpq_writer.cpp|devilution::MpqWriter::HasFile(const char *name),ported,,,src/mpq_writer.rs
mpq/mpq_writer.hpp|devilution::MpqWriter::MpqWriter(const std::string &path),pending,,,
msg.cpp|devilution::EventFailedPacket(const char *playerName),pending,,,
"msg.cpp|devilution::LogFailedPacket(const char *condition, const char *name, T value)",pending,,,
"msg.cpp|devilution::LogFailedPacket(const char *condition, const char *name1, T1 value1, const char *name2, T2 value2)",pending,,,
msg.cpp|devilution::TMegaPkt::TMegaPkt(),pending,,,
msg.cpp|devilution::LocalLevel::LocalLevel(const uint8_t (&other)[DMAXX][DMAXY]),pending,,,
"msg.cpp|devilution::GetLevelForMultiplayer(uint8_t level, bool isSetLevel)",pending,,,
msg.cpp|devilution::GetDeltaLevel(uint8_t level),pending,,,
msg.cpp|devilution::GetDeltaLevel(const Player &player),pending,,,
msg.cpp|devilution::GetItemPosition(Point position),pending,,,
"msg.cpp|devilution::WasPlayerCmdAlreadyRequested(_cmd_id bCmd, Point position = {}, uint16_t wParam1 = 0, uint16_t wParam2 = 0, uint16_t wParam3 = 0, uint16_t wParam4 = 0, uint16_t wParam5 = 0)",pending,,,
msg.cpp|devilution::GetNextPacket(),pending,,,
msg.cpp|devilution::FreePackets(),pending,,,
msg.cpp|devilution::PrePacket(),pending,,,
"msg.cpp|devilution::SendPacket(int pnum, const void *packet, size_t dwSize)",pending,,,
msg.cpp|devilution::WaitForTurns(),pending,,,
"msg.cpp|devilution::DeltaExportItem(byte *dst, const TCmdPItem *src)",pending,,,
"msg.cpp|devilution::DeltaImportItem(const byte *src, TCmdPItem *dst)",pending,,,
"msg.cpp|devilution::DeltaExportObject(byte *dst, const std::unordered_map<WorldTilePosition, DObjectStr> &src)",pending,,,
"msg.cpp|devilution::DeltaImportObjects(const byte *src, std::unordered_map<WorldTilePosition, DObjectStr> &dst)",pending,,,
"msg.cpp|devilution::DeltaExportMonster(byte *dst, const DMonsterStr *src)",pending,,,
"msg.cpp|devilution::DeltaImportMonster(const byte *src, DMonsterStr *dst)",pending,,,
msg.cpp|devilution::DeltaExportJunk(byte *dst),pending,,,
msg.cpp|devilution::DeltaImportJunk(const byte *src),pending,,,
"msg.cpp|devilution::CompressData(byte *buffer, byte *end)",pending,,,
"msg.cpp|devilution::DeltaImportData(_cmd_id cmd, uint32_t recvOffset)",pending,,,
"msg.cpp|devilution::OnLevelData(int pnum, const TCmd *pCmd)",pending,,,
"msg.cpp|devilution::DeltaSyncGolem(const TCmdGolem &message, int pnum, uint8_t level)",pending,,,
msg.cpp|devilution::DeltaLeaveSync(uint8_t bLevel),pending,,,
"msg.cpp|devilution::DeltaSyncObject(WorldTilePosition position, _cmd_id bCmd, const Player &player)",pending,,,
"msg.cpp|devilution::DeltaGetItem(const TCmdGItem &message, uint8_t bLevel)",pending,,,
"msg.cpp|devilution::DeltaPutItem(const TCmdPItem &message, Point position, const Player &player)",pending,,,
msg.cpp|devilution::IOwnLevel(const Player &player),pending,,,
"msg.cpp|devilution::DeltaOpenPortal(int pnum, Point position, uint8_t bLevel, dungeon_type bLType, bool bSetLvl)",pending,,,
"msg.cpp|devilution::NetSendCmdGItem2(bool usonly, _cmd_id bCmd, uint8_t mast, uint8_t pnum, const TCmdGItem &item)",pending,,,
"msg.cpp|devilution::NetSendCmdReq2(_cmd_id bCmd, uint8_t mast, uint8_t pnum, const TCmdGItem &item)",pending,,,
msg.cpp|devilution::NetSendCmdExtra(const TCmdGItem &item),pending,,,
"msg.cpp|devilution::OnWalk(const TCmd *pCmd, Player &player)",pending,,,
"msg.cpp|devilution::OnAddStrength(const TCmd *pCmd, size_t pnum)",pending,,,
"msg.cpp|devilution::OnAddMagic(const TCmd *pCmd, size_t pnum)",pending,,,
"msg.cpp|devilution::OnAddDexterity(const TCmd *pCmd, int pnum)",pending,,,
"msg.cpp|devilution::OnAddVitality(const TCmd *pCmd, size_t pnum)",pending,,,
"msg.cpp|devilution::OnGotoGetItem(const TCmd *pCmd, Player &player)",pending,,,
msg.cpp|devilution::IsGItemValid(const TCmdGItem &message),pending,,,
"msg.cpp|devilution::IsPItemValid(const TCmdPItem &message, const Player &player)",pending,,,
"msg.cpp|devilution::PrepareItemForNetwork(const Item &item, TCmdGItem &message)",pending,,,
"msg.cpp|devilution::PrepareItemForNetwork(const Item &item, TCmdPItem &message)",pending,,,
"msg.cpp|devilution::PrepareItemForNetwork(const Item &item, TCmdChItem &message)",pending,,,
"msg.cpp|devilution::RecreateItem(const Player &player, const TCmdPItem &message, Item &item)",pending,,,
"msg.cpp|devilution::RecreateItem(const Player &player, const TCmdChItem &message, Item &item)",pending,,,
"msg.cpp|devilution::SyncDropItem(Point position, const TItem &item)",pending,,,
"msg.cpp|devilution::SyncDropEar(Point position, const TEar &ear)",pending,,,
msg.cpp|devilution::SyncDropItem(const TCmdGItem &message),pending,,,
msg.cpp|devilution::SyncDropItem(const TCmdPItem &message),pending,,,
"msg.cpp|devilution::OnRequestGetItem(const TCmd *pCmd, Player &player)",pending,,,
"msg.cpp|devilution::OnGetItem(const TCmd *pCmd, size_t pnum)",pending,,,
"msg.cpp|devilution::OnGotoAutoGetItem(const TCmd *pCmd, Player &player)",pending,,,
"msg.cpp|devilution::OnRequestAutoGetItem(const TCmd *pCmd, Player &player)",pending,,,
"msg.cpp|devilution::OnAutoGetItem(const TCmd *pCmd, size_t pnum)",pending,,,
"msg.cpp|devilution::OnItemExtra(const TCmd *pCmd, size_t pnum)",pending,,,
"msg.cpp|devilution::OnPutItem(const TCmd *pCmd, size_t pnum)",pending,,,
"msg.cpp|devilution::OnSyncPutItem(const TCmd *pCmd, size_t pnum)",pending,,,
"msg.cpp|devilution::OnAttackTile(const TCmd *pCmd, Player &player)",pending,,,
"msg.cpp|devilution::OnStandingAttackTile(const TCmd *pCmd, Player &player)",pending,,,
"msg.cpp|devilution::OnRangedAttackTile(const TCmd *pCmd, Player &player)",pending,,,
"msg.cpp|devilution::InitNewSpell(Player &player, uint16_t wParamSpellID, uint16_t wParamSpellType, uint16_t wParamSpellFrom)",pending,,,
"msg.cpp|devilution::OnSpellWall(const TCmd *pCmd, Player &player)",pending,,,
"msg.cpp|devilution::OnSpellTile(const TCmd *pCmd, Player &player)",pending,,,
"msg.cpp|devilution::OnObjectTileAction(const TCmd &cmd, Player &player, action_id action, bool pathToObject = true)",pending,,,
"msg.cpp|devilution::OnAttackMonster(const TCmd *pCmd, Player &player)",pending,,,
"msg.cpp|devilution::OnAttackPlayer(const TCmd *pCmd, Player &player)",pending,,,
"msg.cpp|devilution::OnRangedAttackMonster(const TCmd *pCmd, Player &player)",pending,,,
"msg.cpp|devilution::OnRangedAttackPlayer(const TCmd *pCmd, Player &player)",pending,,,
"msg.cpp|devilution::OnSpellMonster(const TCmd *pCmd, Player &player)",pending,,,
"msg.cpp|devilution::OnSpellPlayer(const TCmd *pCmd, Player &player)",pending,,,
"msg.cpp|devilution::OnKnockback(const TCmd *pCmd, size_t pnum)",pending,,,
"msg.cpp|devilution::OnResurrect(const TCmd *pCmd, size_t pnum)",pending,,,
"msg.cpp|devilution::OnHealOther(const TCmd *pCmd, const Player &caster)",pending,,,
"msg.cpp|devilution::OnTalkXY(const TCmd *pCmd, Player &player)",pending,,,
"msg.cpp|devilution::OnNewLevel(const TCmd *pCmd, size_t pnum)",pending,,,
"msg.cpp|devilution::OnWarp(const TCmd *pCmd, size_t pnum)",pending,,,
"msg.cpp|devilution::OnMonstDeath(const TCmd *pCmd, size_t pnum)",pending,,,
"msg.cpp|devilution::OnKillGolem(const TCmd *pCmd, size_t pnum)",pending,,,
"msg.cpp|devilution::OnAwakeGolem(const TCmd *pCmd, size_t pnum)",pending,,,
"msg.cpp|devilution::OnMonstDamage(const TCmd *pCmd, size_t pnum)",pending,,,
"msg.cpp|devilution::OnPlayerDeath(const TCmd *pCmd, size_t pnum)",pending,,,
"msg.cpp|devilution::OnPlayerDamage(const TCmd *pCmd, Player &player)",pending,,,
"msg.cpp|devilution::OnOperateObject(const TCmd &pCmd, size_t pnum)",pending,,,
"msg.cpp|devilution::OnBreakObject(const TCmd &pCmd, size_t pnum)",pending,,,
"msg.cpp|devilution::OnChangePlayerItems(const TCmd *pCmd, size_t pnum)",pending,,,
"msg.cpp|devilution::OnDeletePlayerItems(const TCmd *pCmd, size_t pnum)",pending,,,
"msg.cpp|devilution::OnChangeInventoryItems(const TCmd *pCmd, int pnum)",pending,,,
"msg.cpp|devilution::OnDeleteInventoryItems(const TCmd *pCmd, int pnum)",pending,,,
"msg.cpp|devilution::OnChangeBeltItems(const TCmd *pCmd, int pnum)",pending,,,
"msg.cpp|devilution::OnDeleteBeltItems(const TCmd *pCmd, int pnum)",pending,,,
"msg.cpp|devilution::OnPlayerLevel(const TCmd *pCmd, size_t pnum)",pending,,,
"msg.cpp|devilution::OnDropItem(const TCmd *pCmd, size_t pnum)",pending,,,
"msg.cpp|devilution::OnSpawnItem(const TCmd *pCmd, size_t pnum)",pending,,,
"msg.cpp|devilution::OnSendPlayerInfo(const TCmd *pCmd, size_t pnum)",pending,,,
"msg.cpp|devilution::OnPlayerJoinLevel(const TCmd *pCmd, size_t pnum)",pending,,,
"msg.cpp|devilution::OnActivatePortal(const TCmd *pCmd, size_t pnum)",pending,,,
"msg.cpp|devilution::OnDeactivatePortal(const TCmd *pCmd, size_t pnum)",pending,,,
"msg.cpp|devilution::OnRestartTown(const TCmd *pCmd, size_t pnum)",pending,,,
"msg.cpp|devilution::OnSetStrength(const TCmd *pCmd, size_t pnum)",pending,,,
"msg.cpp|devilution::OnSetDexterity(const TCmd *pCmd, size_t pnum)",pending,,,
"msg.cpp|devilution::OnSetMagic(const TCmd *pCmd, size_t pnum)",pending,,,
"msg.cpp|devilution::OnSetVitality(const TCmd *pCmd, size_t pnum)",pending,,,
"msg.cpp|devilution::OnString(const TCmd *pCmd, Player &player)",pending,,,
"msg.cpp|devilution::OnFriendlyMode(const TCmd *pCmd, Player &player)",pending,,,
"msg.cpp|devilution::OnSyncQuest(const TCmd *pCmd, size_t pnum)",pending,,,
"msg.cpp|devilution::OnCheatExperience(const TCmd *pCmd, size_t pnum)",pending,,,
"msg.cpp|devilution::OnChangeSpellLevel(const TCmd *pCmd, size_t pnum)",pending,,,
msg.cpp|devilution::OnDebug(const TCmd *pCmd),pending,,,
"msg.cpp|devilution::OnSetShield(const TCmd *pCmd, Player &player)",pending,,,
"msg.cpp|devilution::OnRemoveShield(const TCmd *pCmd, Player &player)",pending,,,
"msg.cpp|devilution::OnSetReflect(const TCmd *pCmd, Player &player)",pending,,,
msg.cpp|devilution::OnNakrul(const TCmd *pCmd),pending,,,
"msg.cpp|devilution::OnOpenHive(const TCmd *pCmd, size_t pnum)",pending,,,
msg.cpp|devilution::OnOpenGrave(const TCmd *pCmd),pending,,,
"msg.cpp|devilution::PrepareItemForNetwork(const Item &item, TItem &messageItem)",pending,,,
"msg.cpp|devilution::PrepareEarForNetwork(const Item &item, TEar &ear)",pending,,,
"msg.cpp|devilution::RecreateItem(const Player &player, const TItem &messageItem, Item &item)",pending,,,
msg.cpp|devilution::ClearLastSentPlayerCmd(),pending,,,
"msg.cpp|devilution::msg_send_drop_pkt(int pnum, int reason)",pending,,,
msg.cpp|devilution::msg_wait_resync(),pending,,,
msg.cpp|devilution::run_delta_info(),pending,,,
msg.cpp|devilution::DeltaExportData(int pnum),pending,,,
msg.cpp|devilution::delta_init(),pending,,,
msg.cpp|devilution::DeltaClearLevel(uint8_t level),pending,,,
"msg.cpp|devilution::delta_kill_monster(const Monster &monster, Point position, const Player &player)",pending,,,
"msg.cpp|devilution::delta_monster_hp(const Monster &monster, const Player &player)",pending,,,
"msg.cpp|devilution::delta_sync_monster(const TSyncMonster &monsterSync, uint8_t level)",pending,,,
msg.cpp|devilution::DeltaSyncJunk(),pending,,,
msg.cpp|devilution::DeltaAddItem(int ii),pending,,,
msg.cpp|devilution::DeltaSaveLevel(),pending,,,
msg.cpp|devilution::GetLevelForMultiplayer(const Player &player),pending,,,
msg.cpp|devilution::IsValidLevelForMultiplayer(uint8_t level),pending,,,
"msg.cpp|devilution::IsValidLevel(uint8_t level, bool isSetLevel)",pending,,,
msg.cpp|devilution::DeltaLoadLevel(),pending,,,
"msg.cpp|devilution::NetSendCmd(bool bHiPri, _cmd_id bCmd)",pending,,,
"msg.cpp|devilution::NetSendCmdGolem(uint8_t mx, uint8_t my, Direction dir, uint8_t menemy, int hp, uint8_t cl)",pending,,,
"msg.cpp|devilution::NetSendCmdLoc(size_t playerId, bool bHiPri, _cmd_id bCmd, Point position)",pending,,,
"msg.cpp|devilution::NetSendCmdLocParam1(bool bHiPri, _cmd_id bCmd, Point position, uint16_t wParam1)",pending,,,
"msg.cpp|devilution::NetSendCmdLocParam2(bool bHiPri, _cmd_id bCmd, Point position, uint16_t wParam1, uint16_t wParam2)",pending,,,
"msg.cpp|devilution::NetSendCmdLocParam3(bool bHiPri, _cmd_id bCmd, Point position, uint16_t wParam1, uint16_t wParam2, uint16_t wParam3)",pending,,,
"msg.cpp|devilution::NetSendCmdLocParam4(bool bHiPri, _cmd_id bCmd, Point position, uint16_t wParam1, uint16_t wParam2, uint16_t wParam3, uint16_t wParam4)",pending,,,
"msg.cpp|devilution::NetSendCmdLocParam5(bool bHiPri, _cmd_id bCmd, Point position, uint16_t wParam1, uint16_t wParam2, uint16_t wParam3, uint16_t wParam4, uint16_t wParam5)",pending,,,
"msg.cpp|devilution::NetSendCmdParam1(bool bHiPri, _cmd_id bCmd, uint16_t wParam1)",pending,,,
"msg.cpp|devilution::NetSendCmdParam2(bool bHiPri, _cmd_id bCmd, uint16_t wParam1, uint16_t wParam2)",pending,,,
"msg.cpp|devilution::NetSendCmdParam5(bool bHiPri, _cmd_id bCmd, uint16_t wParam1, uint16_t wParam2, uint16_t wParam3, uint16_t wParam4, uint16_t wParam5)",pending,,,
"msg.cpp|devilution::NetSendCmdQuest(bool bHiPri, const Quest &quest)",pending,,,
"msg.cpp|devilution::NetSendCmdGItem(bool bHiPri, _cmd_id bCmd, uint8_t pnum, uint8_t ii)",pending,,,
"msg.cpp|devilution::NetSendCmdPItem(bool bHiPri, _cmd_id bCmd, Point position, const Item &item)",pending,,,
"msg.cpp|devilution::NetSendCmdChItem(bool bHiPri, uint8_t bLoc, bool forceSpellChange)",pending,,,
"msg.cpp|devilution::NetSendCmdDelItem(bool bHiPri, uint8_t bLoc)",pending,,,
"msg.cpp|devilution::NetSyncInvItem(const Player &player, int invListIndex)",pending,,,
"msg.cpp|devilution::NetSendCmdChInvItem(bool bHiPri, int invGridIndex)",pending,,,
"msg.cpp|devilution::NetSendCmdChBeltItem(bool bHiPri, int beltIndex)",pending,,,
"msg.cpp|devilution::NetSendCmdDamage(bool bHiPri, uint8_t bPlr, uint32_t dwDam, DamageType damageType)",pending,,,
"msg.cpp|devilution::NetSendCmdMonDmg(bool bHiPri, uint16_t wMon, uint32_t dwDam)",pending,,,
"msg.cpp|devilution::NetSendCmdString(uint32_t pmask, const char *pszStr)",pending,,,
msg.cpp|devilution::delta_close_portal(int pnum),pending,,,
"msg.cpp|devilution::ParseCmd(size_t pnum, const TCmd *pCmd)",pending,,,
multi.cpp|devilution::BufferInit(TBuffer *pBuf),pending,,,
"multi.cpp|devilution::CopyPacket(TBuffer *buf, const byte *packet, size_t size)",pending,,,
"multi.cpp|devilution::CopyBufferedPackets(byte *destination, TBuffer *source, size_t *size)",pending,,,
multi.cpp|devilution::NetReceivePlayerData(TPkt *pkt),pending,,,
multi.cpp|devilution::IsNetPlayerValid(const Player &player),pending,,,
multi.cpp|devilution::CheckPlayerInfoTimeouts(),pending,,,
"multi.cpp|devilution::SendPacket(int playerId, const byte *packet, size_t size)",pending,,,
multi.cpp|devilution::MonsterSeeds(),pending,,,
multi.cpp|devilution::HandleTurnUpperBit(size_t pnum),pending,,,
"multi.cpp|devilution::ParseTurn(size_t pnum, uint32_t turn)",pending,,,
"multi.cpp|devilution::PlayerLeftMsg(int pnum, bool left)",pending,,,
multi.cpp|devilution::ClearPlayerLeftState(),pending,,,
multi.cpp|devilution::CheckDropPlayer(),pending,,,
multi.cpp|devilution::BeginTimeout(),pending,,,
"multi.cpp|devilution::HandleAllPackets(size_t pnum, const byte *data, size_t size)",pending,,,
multi.cpp|devilution::ProcessTmsgs(),pending,,,
"multi.cpp|devilution::SendPlayerInfo(int pnum, _cmd_id cmd)",pending,,,
multi.cpp|devilution::SetupLocalPositions(),pending,,,
multi.cpp|devilution::HandleEvents(_SNETEVENT *pEvt),pending,,,
multi.cpp|devilution::RegisterNetEventHandlers(),pending,,,
multi.cpp|devilution::UnregisterNetEventHandlers(),pending,,,
multi.cpp|devilution::InitSingle(GameData *gameData),pending,,,
multi.cpp|devilution::InitMulti(GameData *gameData),pending,,,
multi.cpp|devilution::InitGameInfo(),pending,,,
"multi.cpp|devilution::NetSendLoPri(int playerId, const byte *data, size_t size)",pending,,,
"multi.cpp|devilution::NetSendHiPri(int playerId, const byte *data, size_t size)",pending,,,
"multi.cpp|devilution::multi_send_msg_packet(uint32_t pmask, const byte *data, size_t size)",pending,,,
multi.cpp|devilution::multi_msg_countdown(),pending,,,
"multi.cpp|devilution::multi_player_left(int pnum, int reason)",pending,,,
multi.cpp|devilution::multi_net_ping(),pending,,,
multi.cpp|devilution::multi_handle_delta(),pending,,,
multi.cpp|devilution::multi_process_network_packets(),pending,,,
"multi.cpp|devilution::multi_send_zero_packet(size_t pnum, _cmd_id bCmd, const byte *data, size_t size)",pending,,,
multi.cpp|devilution::NetClose(),ported,,,src/multi.rs
multi.cpp|devilution::NetInit(bool bSinglePlayer),pending,,,
"multi.cpp|devilution::recv_plrinfo(int pnum, const TCmdPlrInfoHdr &header, bool recv)",pending,,,
nthread.cpp|devilution::NthreadHandler(),pending,,,
nthread.cpp|devilution::nthread_terminate_game(const char *pszFcn),pending,,,
"nthread.cpp|devilution::nthread_send_and_recv_turn(uint32_t curTurn, int turnDelta)",pending,,,
nthread.cpp|devilution::nthread_recv_turns(bool *pfSendAsync),pending,,,
nthread.cpp|devilution::nthread_set_turn_upper_bit(),pending,,,
nthread.cpp|devilution::nthread_start(bool setTurnUpperBit),pending,,,
nthread.cpp|devilution::nthread_cleanup(),pending,,,
nthread.cpp|devilution::nthread_ignore_mutex(bool bStart),pending,,,
nthread.cpp|devilution::nthread_has_500ms_passed(bool *drawGame),pending,,,
nthread.cpp|devilution::nthread_UpdateProgressToNextGameTick(),pending,,,
objdat.h|devilution::ObjectData::isAnimated(),pending,,,
objdat.h|devilution::ObjectData::isSolid(),pending,,,
objdat.h|devilution::ObjectData::missilesPassThrough(),pending,,,
objdat.h|devilution::ObjectData::applyLighting(),pending,,,
objdat.h|devilution::ObjectData::isTrap(),pending,,,
objdat.h|devilution::ObjectData::isBreakable(),pending,,,
"objects.cpp|devilution::RndLocOk(int xp, int yp)",pending,,,
"objects.cpp|devilution::CanPlaceWallTrap(int xp, int yp)",pending,,,
"objects.cpp|devilution::InitRndLocObj(int min, int max, _object_id objtype)",pending,,,
"objects.cpp|devilution::InitRndLocBigObj(int min, int max, _object_id objtype)",pending,,,
"objects.cpp|devilution::CanPlaceRandomObject(Point position, Displacement standoff)",pending,,,
objects.cpp|devilution::GetRandomObjectPosition(Displacement standoff),pending,,,
"objects.cpp|devilution::InitRndLocObj5x5(int min, int max, _object_id objtype)",pending,,,
objects.cpp|devilution::ClrAllObjects(),pending,,,
objects.cpp|devilution::AddTortures(),pending,,,
objects.cpp|devilution::AddCandles(),pending,,,
"objects.cpp|devilution::AddBookLever(_object_id type, WorldTileRectangle affectedArea, _speech_id msg)",pending,,,
objects.cpp|devilution::InitRndBarrels(),pending,,,
objects.cpp|devilution::AddL2Torches(),pending,,,
objects.cpp|devilution::AddObjTraps(),pending,,,
objects.cpp|devilution::AddChestTraps(),pending,,,
"objects.cpp|devilution::LoadMapObjects(const char *path, Point start, WorldTileRectangle mapRange = {}, int leveridx = 0)",pending,,,
objects.cpp|devilution::AddDiabObjs(),pending,,,
"objects.cpp|devilution::AddCryptObject(Object &object, int a2)",pending,,,
"objects.cpp|devilution::SetupObject(Object &object, Point position, _object_id ot)",pending,,,
"objects.cpp|devilution::AddCryptBook(_object_id ot, int v2, Point position)",pending,,,
objects.cpp|devilution::AddCryptStoryBook(int s),pending,,,
objects.cpp|devilution::AddNakrulLever(),pending,,,
"objects.cpp|devilution::AddNakrulBook(int a1, Point position)",pending,,,
objects.cpp|devilution::AddNakrulGate(),pending,,,
objects.cpp|devilution::AddStoryBooks(),pending,,,
objects.cpp|devilution::AddHookedBodies(int freq),pending,,,
objects.cpp|devilution::AddL4Goodies(),pending,,,
objects.cpp|devilution::AddLazStand(),pending,,,
"objects.cpp|devilution::DeleteObject(int oi, int i)",pending,,,
objects.cpp|devilution::AddChest(Object &chest),pending,,,
"objects.cpp|devilution::ObjSetMicro(Point position, int pn)",pending,,,
"objects.cpp|devilution::DoorSet(Point position, bool isLeftDoor)",pending,,,
"objects.cpp|devilution::CryptDoorSet(Point position, bool isLeftDoor)",pending,,,
objects.cpp|devilution::SetDoorStateOpen(Object &door),pending,,,
objects.cpp|devilution::SetDoorStateClosed(Object &door),pending,,,
objects.cpp|devilution::AddDoor(Object &door),pending,,,
objects.cpp|devilution::AddSarcophagus(Object &sarcophagus),pending,,,
objects.cpp|devilution::AddFlameTrap(Object &flameTrap),pending,,,
objects.cpp|devilution::AddFlameLever(Object &flameLever),pending,,,
objects.cpp|devilution::AddTrap(Object &trap),pending,,,
objects.cpp|devilution::AddObjectLight(Object &object),pending,,,
objects.cpp|devilution::AddBarrel(Object &barrel),pending,,,
objects.cpp|devilution::AddShrine(Object &shrine),pending,,,
objects.cpp|devilution::AddBookcase(Object &bookcase),pending,,,
objects.cpp|devilution::AddLargeFountain(Object &fountain),pending,,,
objects.cpp|devilution::AddArmorStand(Object &armorStand),pending,,,
objects.cpp|devilution::AddDecapitatedBody(Object &decapitatedBody),pending,,,
objects.cpp|devilution::AddBookOfVileness(Object &bookOfVileness),pending,,,
objects.cpp|devilution::AddMagicCircle(Object &magicCircle),pending,,,
objects.cpp|devilution::AddPedestalOfBlood(Object &pedestalOfBlood),pending,,,
objects.cpp|devilution::AddStoryBook(Object &storyBook),pending,,,
objects.cpp|devilution::AddWeaponRack(Object &weaponRack),pending,,,
objects.cpp|devilution::AddTorturedBody(Object &torturedBody),pending,,,
objects.cpp|devilution::GetRndObjLoc(int randarea),pending,,,
objects.cpp|devilution::AddMushPatch(),pending,,,
"objects.cpp|devilution::IsLightVisible(Object &light, int lightRadius)",pending,,,
"objects.cpp|devilution::UpdateObjectLight(Object &light, int lightRadius)",pending,,,
objects.cpp|devilution::UpdateCircle(Object &circle),pending,,,
objects.cpp|devilution::ObjectStopAnim(Object &object),pending,,,
objects.cpp|devilution::IsDoorClear(const Object &door),pending,,,
objects.cpp|devilution::UpdateDoor(Object &door),pending,,,
objects.cpp|devilution::UpdateSarcophagus(Object &sarcophagus),pending,,,
"objects.cpp|devilution::ActivateTrapLine(int ttype, int tid)",pending,,,
objects.cpp|devilution::UpdateFlameTrap(Object &trap),pending,,,
objects.cpp|devilution::UpdateBurningCrossDamage(Object &cross),pending,,,
"objects.cpp|devilution::ObjSetMini(Point position, int v)",pending,,,
"objects.cpp|devilution::ObjL1Special(int x1, int y1, int x2, int y2)",pending,,,
"objects.cpp|devilution::ObjL2Special(int x1, int y1, int x2, int y2)",pending,,,
objects.cpp|devilution::OpenDoor(Object &door),pending,,,
objects.cpp|devilution::CloseDoor(Object &door),pending,,,
"objects.cpp|devilution::OperateDoor(Object &door, bool sendflag)",pending,,,
objects.cpp|devilution::AreAllLeversActivated(int leverId),pending,,,
objects.cpp|devilution::UpdateLeverState(Object &object),pending,,,
"objects.cpp|devilution::OperateLever(Object &object, bool sendmsg)",pending,,,
"objects.cpp|devilution::OperateBook(Player &player, Object &book, bool sendmsg)",pending,,,
"objects.cpp|devilution::OperateBookLever(Object &questBook, bool sendmsg)",pending,,,
"objects.cpp|devilution::OperateChamberOfBoneBook(Object &questBook, bool sendmsg)",pending,,,
"objects.cpp|devilution::OperateChest(const Player &player, Object &chest, bool sendLootMsg)",pending,,,
"objects.cpp|devilution::OperateMushroomPatch(const Player &player, Object &mushroomPatch)",pending,,,
"objects.cpp|devilution::OperateInnSignChest(const Player &player, Object &questContainer, bool sendmsg)",pending,,,
"objects.cpp|devilution::OperateSlainHero(const Player &player, Object &corpse, bool sendmsg)",pending,,,
objects.cpp|devilution::OperateTrapLever(Object &flameLever),pending,,,
"objects.cpp|devilution::OperateSarcophagus(Object &sarcophagus, bool sendMsg, bool sendLootMsg)",pending,,,
"objects.cpp|devilution::OperatePedestal(Player &player, Object &pedestal, bool sendmsg)",pending,,,
objects.cpp|devilution::OperateShrineMysterious(Player &player),pending,,,
objects.cpp|devilution::OperateShrineHidden(Player &player),pending,,,
objects.cpp|devilution::OperateShrineGloomy(Player &player),pending,,,
objects.cpp|devilution::OperateShrineWeird(Player &player),pending,,,
objects.cpp|devilution::OperateShrineMagical(const Player &player),pending,,,
objects.cpp|devilution::OperateShrineStone(Player &player),pending,,,
objects.cpp|devilution::OperateShrineReligious(Player &player),pending,,,
objects.cpp|devilution::OperateShrineEnchanted(Player &player),pending,,,
objects.cpp|devilution::OperateShrineThaumaturgic(const Player &player),pending,,,
"objects.cpp|devilution::OperateShrineCostOfWisdom(Player &player, SpellID spellId, diablo_message message)",pending,,,
objects.cpp|devilution::OperateShrineCryptic(Player &player),pending,,,
objects.cpp|devilution::OperateShrineEldritch(Player &player),pending,,,
objects.cpp|devilution::OperateShrineEerie(Player &player),pending,,,
"objects.cpp|devilution::OperateShrineDivine(Player &player, Point spawnPosition)",pending,,,
objects.cpp|devilution::OperateShrineHoly(const Player &player),pending,,,
objects.cpp|devilution::OperateShrineSpiritual(Player &player),pending,,,
objects.cpp|devilution::OperateShrineSpooky(const Player &player),pending,,,
objects.cpp|devilution::OperateShrineAbandoned(Player &player),pending,,,
objects.cpp|devilution::OperateShrineCreepy(Player &player),pending,,,
objects.cpp|devilution::OperateShrineQuiet(Player &player),pending,,,
objects.cpp|devilution::OperateShrineSecluded(const Player &player),pending,,,
objects.cpp|devilution::OperateShrineGlimmering(Player &player),pending,,,
objects.cpp|devilution::OperateShrineTainted(const Player &player),pending,,,
"objects.cpp|devilution::OperateShrineOily(Player &player, Point spawnPosition)",pending,,,
objects.cpp|devilution::OperateShrineGlowing(Player &player),pending,,,
objects.cpp|devilution::OperateShrineMendicant(Player &player),pending,,,
"objects.cpp|devilution::OperateShrineSparkling(Player &player, Point spawnPosition)",pending,,,
"objects.cpp|devilution::OperateShrineTown(const Player &player, Point spawnPosition)",pending,,,
objects.cpp|devilution::OperateShrineShimmering(Player &player),pending,,,
objects.cpp|devilution::OperateShrineSolar(Player &player),pending,,,
objects.cpp|devilution::OperateShrineMurphys(Player &player),pending,,,
"objects.cpp|devilution::OperateShrine(Player &player, Object &shrine, _sfx_id sType)",pending,,,
"objects.cpp|devilution::OperateBookStand(Object &bookStand, bool sendmsg, bool sendLootMsg)",pending,,,
"objects.cpp|devilution::OperateBookcase(Object &bookcase, bool sendmsg, bool sendLootMsg)",pending,,,
"objects.cpp|devilution::OperateDecapitatedBody(Object &corpse, bool sendmsg, bool sendLootMsg)",pending,,,
"objects.cpp|devilution::OperateArmorStand(Object &armorStand, bool sendmsg, bool sendLootMsg)",pending,,,
objects.cpp|devilution::FindValidShrine(),pending,,,
"objects.cpp|devilution::OperateGoatShrine(Player &player, Object &object, _sfx_id sType)",pending,,,
"objects.cpp|devilution::OperateCauldron(Player &player, Object &object, _sfx_id sType)",pending,,,
"objects.cpp|devilution::OperateFountains(Player &player, Object &fountain)",pending,,,
"objects.cpp|devilution::OperateWeaponRack(Object &weaponRack, bool sendmsg, bool sendLootMsg)",pending,,,
objects.cpp|devilution::OperateNakrulBook(int s),pending,,,
objects.cpp|devilution::OperateStoryBook(Object &storyBook),pending,,,
objects.cpp|devilution::OperateLazStand(Object &stand),pending,,,
objects.cpp|devilution::AreAllCruxesOfTypeBroken(int cruxType),pending,,,
"objects.cpp|devilution::BreakCrux(Object &crux, bool sendmsg)",pending,,,
"objects.cpp|devilution::BreakBarrel(const Player &player, Object &barrel, bool forcebreak, bool sendmsg)",pending,,,
objects.cpp|devilution::SyncCrux(const Object &crux),pending,,,
objects.cpp|devilution::SyncLever(const Object &lever),pending,,,
objects.cpp|devilution::SyncQSTLever(const Object &qstLever),pending,,,
objects.cpp|devilution::SyncPedestal(const Object &pedestal),pending,,,
objects.cpp|devilution::UpdatePedestalState(Object &pedestal),pending,,,
objects.cpp|devilution::SyncDoor(Object &door),pending,,,
"objects.cpp|devilution::ResyncDoors(WorldTilePosition p1, WorldTilePosition p2, bool sendmsg)",pending,,,
"objects.cpp|devilution::UpdateState(Object &object, int frame)",pending,,,
objects.cpp|devilution::Object::GetId(),pending,,,
objects.cpp|devilution::Object::IsDisabled(),pending,,,
"objects.cpp|devilution::FindObjectAtPosition(Point position, bool considerLargeObjects)",pending,,,
objects.cpp|devilution::IsItemBlockingObjectAtPosition(Point position),pending,,,
objects.cpp|devilution::LoadLevelObjects(uint16_t filesWidths[65]),pending,,,
objects.cpp|devilution::InitObjectGFX(),pending,,,
objects.cpp|devilution::FreeObjectGFX(),ported,,,src/objects.rs
"objects.cpp|devilution::AddL1Objs(int x1, int y1, int x2, int y2)",pending,,,
"objects.cpp|devilution::AddL2Objs(int x1, int y1, int x2, int y2)",pending,,,
"objects.cpp|devilution::AddL3Objs(int x1, int y1, int x2, int y2)",pending,,,
"objects.cpp|devilution::AddCryptObjects(int x1, int y1, int x2, int y2)",pending,,,
objects.cpp|devilution::AddSlainHero(),pending,,,
objects.cpp|devilution::InitObjects(),pending,,,
"objects.cpp|devilution::SetMapObjects(const uint16_t *dunData, int startx, int starty)",pending,,,
"objects.cpp|devilution::AddObject(_object_id objType, Point objPos)",pending,,,
objects.cpp|devilution::UpdateTrapState(Object &trap),pending,,,
objects.cpp|devilution::OperateTrap(Object &trap),pending,,,
objects.cpp|devilution::ProcessObjects(),pending,,,
objects.cpp|devilution::RedoPlayerVision(),pending,,,
objects.cpp|devilution::MonstCheckDoors(const Monster &monster),pending,,,
"objects.cpp|devilution::ObjChangeMap(int x1, int y1, int x2, int y2)",pending,,,
"objects.cpp|devilution::ObjChangeMapResync(int x1, int y1, int x2, int y2)",pending,,,
objects.cpp|devilution::ItemMiscIdIdx(item_misc_id imiscid),pending,,,
"objects.cpp|devilution::OperateObject(Player &player, Object &object)",pending,,,
objects.cpp|devilution::DeltaSyncOpObject(Object &object),pending,,,
objects.cpp|devilution::DeltaSyncCloseObj(Object &object),pending,,,
"objects.cpp|devilution::SyncOpObject(Player &player, int cmd, Object &object)",pending,,,
"objects.cpp|devilution::BreakObjectMissile(const Player *player, Object &object)",pending,,,
"objects.cpp|devilution::BreakObject(const Player &player, Object &object)",pending,,,
objects.cpp|devilution::DeltaSyncBreakObj(Object &object),pending,,,
"objects.cpp|devilution::SyncBreakObj(const Player &player, Object &object)",pending,,,
objects.cpp|devilution::SyncObjectAnim(Object &object),pending,,,
objects.cpp|devilution::Object::name(),pending,,,
objects.cpp|devilution::GetObjectStr(const Object &object),pending,,,
objects.cpp|devilution::SyncNakrulRoom(),pending,,,
"objects.h|devilution::Object::SetMapRange(WorldTilePosition topLeftPosition, WorldTilePosition bottomRightPosition)",pending,,,
objects.h|devilution::Object::SetMapRange(WorldTileRectangle mapRange),pending,,,
objects.h|devilution::Object::InitializeBook(WorldTileRectangle mapRange),pending,,,
"objects.h|devilution::Object::InitializeQuestBook(WorldTileRectangle mapRange, int leverID, _speech_id message)",pending,,,
"objects.h|devilution::Object::InitializeLoadedObject(WorldTileRectangle mapRange, int leverID)",pending,,,
objects.h|devilution::Object::IsBreakable(),pending,,,
objects.h|devilution::Object::IsBroken(),pending,,,
objects.h|devilution::Object::IsBarrel(),pending,,,
objects.h|devilution::Object::isExplosive(),pending,,,
objects.h|devilution::Object::IsChest(),pending,,,
objects.h|devilution::Object::IsTrappedChest(),pending,,,
objects.h|devilution::Object::IsUntrappedChest(),pending,,,
objects.h|devilution::Object::IsCrux(),pending,,,
objects.h|devilution::Object::isDoor(),pending,,,
objects.h|devilution::Object::IsShrine(),pending,,,
objects.h|devilution::Object::IsTrap(),pending,,,
objects.h|devilution::IsObjectAtPosition(Point position),pending,,,
objects.h|devilution::ObjectAtPosition(Point position),pending,,,
options.cpp|devilution::GetIniPath(),ported,,,src/options.rs
options.cpp|devilution::GetIni(),ported,,,src/options.rs
"options.cpp|devilution::IniChangedChecker::IniChangedChecker(const char *sectionName, const char *keyName)",ported,,,src/options.rs
options.cpp|devilution::IniChangedChecker::~IniChangedChecker(),ported,,,src/options.rs
options.cpp|devilution::IniChangedChecker::GetValue(),ported,,,src/options.rs
"options.cpp|devilution::GetIniInt(const char *keyname, const char *valuename, int defaultValue)",ported,,,src/options.rs
"options.cpp|devilution::GetIniBool(const char *sectionName, const char *keyName, bool defaultValue)",ported,,,src/options.rs
"options.cpp|devilution::GetIniFloat(const char *sectionName, const char *keyName, float defaultValue)",ported,,,src/options.rs
"options.cpp|devilution::GetIniValue(string_view sectionName, string_view keyName, char *string, int stringSize, const char *defaultString = """")",ported,,,src/options.rs
"options.cpp|devilution::GetIniStringVector(const char *sectionName, const char *keyName, std::vector<std::string> &stringValues)",ported,,,src/options.rs
"options.cpp|devilution::SetIniValue(const char *keyname, const char *valuename, int value)",ported,,,src/options.rs
"options.cpp|devilution::SetIniValue(const char *keyname, const char *valuename, bool value)",ported,,,src/options.rs
"options.cpp|devilution::SetIniValue(const char *keyname, const char *valuename, float value)",ported,,,src/options.rs
"options.cpp|devilution::SetIniValue(const char *sectionName, const char *keyName, const char *value)",ported,,,src/options.rs
"options.cpp|devilution::SetIniValue(string_view sectionName, string_view keyName, string_view value)",ported,,,src/options.rs
"options.cpp|devilution::SetIniValue(const char *keyname, const char *valuename, const std::vector<std::string> &stringValues)",ported,,,src/options.rs
options.cpp|devilution::SaveIni(),ported,,,src/options.rs
options.cpp|devilution::HardwareCursorDefault(),ported,,,src/options.rs
options.cpp|devilution::OptionGrabInputChanged(),ported,,,src/options.rs
options.cpp|devilution::OptionExperienceBarChanged(),ported,,,src/options.rs
options.cpp|devilution::OptionEnemyHealthBarChanged(),ported,,,src/options.rs
options.cpp|devilution::ResizeWindowAndUpdateResolutionOptions(),ported,,,src/options.rs
options.cpp|devilution::OptionShowFPSChanged(),ported,,,src/options.rs
options.cpp|devilution::OptionLanguageCodeChanged(),ported,,,src/options.rs
options.cpp|devilution::OptionGameModeChanged(),ported,,,src/options.rs
options.cpp|devilution::OptionSharewareChanged(),ported,,,src/options.rs
options.cpp|devilution::OptionAudioChanged(),ported,,,src/options.rs
options.cpp|devilution::HardwareCursorSupported(),ported,,,src/options.rs
options.cpp|devilution::LoadOptions(),ported,,,src/options.rs
options.cpp|devilution::SaveOptions(),ported,,,src/options.rs
options.cpp|devilution::OptionEntryBase::GetName(),ported,,,src/options.rs
options.cpp|devilution::OptionEntryBase::GetDescription(),ported,,,src/options.rs
options.cpp|devilution::OptionEntryBase::GetFlags(),ported,,,src/options.rs
options.cpp|devilution::OptionEntryBase::SetValueChangedCallback(std::function<void()> callback),ported,,,src/options.rs
options.cpp|devilution::OptionEntryBase::NotifyValueChanged(),ported,,,src/options.rs
options.cpp|devilution::OptionEntryBoolean::LoadFromIni(string_view category),ported,,,src/options.rs
options.cpp|devilution::OptionEntryBoolean::SaveToIni(string_view category),ported,,,src/options.rs
options.cpp|devilution::OptionEntryBoolean::SetValue(bool value),ported,,,src/options.rs
options.cpp|devilution::OptionEntryBoolean::GetType(),ported,,,src/options.rs
options.cpp|devilution::OptionEntryBoolean::GetValueDescription(),ported,,,src/options.rs
options.cpp|devilution::OptionEntryListBase::GetType(),ported,,,src/options.rs
options.cpp|devilution::OptionEntryListBase::GetValueDescription(),ported,,,src/options.rs
options.cpp|devilution::OptionEntryEnumBase::LoadFromIni(string_view category),ported,,,src/options.rs
options.cpp|devilution::OptionEntryEnumBase::SaveToIni(string_view category),ported,,,src/options.rs
options.cpp|devilution::OptionEntryEnumBase::SetValueInternal(int value),ported,,,src/options.rs
"options.cpp|devilution::OptionEntryEnumBase::AddEntry(int value, string_view name)",ported,,,src/options.rs
options.cpp|devilution::OptionEntryEnumBase::GetListSize(),ported,,,src/options.rs
options.cpp|devilution::OptionEntryEnumBase::GetListDescription(size_t index),ported,,,src/options.rs
options.cpp|devilution::OptionEntryEnumBase::GetActiveListIndex(),ported,,,src/options.rs
options.cpp|devilution::OptionEntryEnumBase::SetActiveListIndex(size_t index),ported,,,src/options.rs
options.cpp|devilution::OptionEntryIntBase::LoadFromIni(string_view category),ported,,,src/options.rs
options.cpp|devilution::OptionEntryIntBase::SaveToIni(string_view category),ported,,,src/options.rs
options.cpp|devilution::OptionEntryIntBase::SetValueInternal(int value),ported,,,src/options.rs
options.cpp|devilution::OptionEntryIntBase::AddEntry(int value),ported,,,src/options.rs
options.cpp|devilution::OptionEntryIntBase::GetListSize(),ported,,,src/options.rs
options.cpp|devilution::OptionEntryIntBase::GetListDescription(size_t index),ported,,,src/options.rs
options.cpp|devilution::OptionEntryIntBase::GetActiveListIndex(),ported,,,src/options.rs
options.cpp|devilution::OptionEntryIntBase::SetActiveListIndex(size_t index),ported,,,src/options.rs
options.cpp|devilution::OptionCategoryBase::GetKey(),ported,,,src/options.rs
options.cpp|devilution::OptionCategoryBase::GetName(),ported,,,src/options.rs
options.cpp|devilution::OptionCategoryBase::GetDescription(),ported,,,src/options.rs
options.cpp|devilution::StartUpOptions::StartUpOptions(),ported,,,src/options.rs
options.cpp|devilution::StartUpOptions::GetEntries(),ported,,,src/options.rs
options.cpp|devilution::DiabloOptions::DiabloOptions(),ported,,,src/options.rs
options.cpp|devilution::DiabloOptions::GetEntries(),ported,,,src/options.rs
options.cpp|devilution::HellfireOptions::HellfireOptions(),ported,,,src/options.rs
options.cpp|devilution::HellfireOptions::GetEntries(),ported,,,src/options.rs
options.cpp|devilution::AudioOptions::AudioOptions(),ported,,,src/options.rs
options.cpp|devilution::AudioOptions::GetEntries(),ported,,,src/options.rs
options.cpp|devilution::OptionEntryResolution::OptionEntryResolution(),ported,,,src/options.rs
options.cpp|devilution::OptionEntryResolution::LoadFromIni(string_view category),ported,,,src/options.rs
options.cpp|devilution::OptionEntryResolution::SaveToIni(string_view category),ported,,,src/options.rs
options.cpp|devilution::OptionEntryResolution::InvalidateList(),ported,,,src/options.rs
options.cpp|devilution::OptionEntryResolution::CheckResolutionsAreInitialized(),ported,,,src/options.rs
options.cpp|devilution::OptionEntryResolution::GetListSize(),ported,,,src/options.rs
options.cpp|devilution::OptionEntryResolution::GetListDescription(size_t index),ported,,,src/options.rs
options.cpp|devilution::OptionEntryResolution::GetActiveListIndex(),ported,,,src/options.rs
options.cpp|devilution::OptionEntryResolution::SetActiveListIndex(size_t index),ported,,,src/options.rs
options.cpp|devilution::OptionEntryResampler::OptionEntryResampler(),ported,,,src/options.rs
options.cpp|devilution::OptionEntryResampler::LoadFromIni(string_view category),ported,,,src/options.rs
options.cpp|devilution::OptionEntryResampler::SaveToIni(string_view category),ported,,,src/options.rs
options.cpp|devilution::OptionEntryResampler::GetListSize(),ported,,,src/options.rs
options.cpp|devilution::OptionEntryResampler::GetListDescription(size_t index),ported,,,src/options.rs
options.cpp|devilution::OptionEntryResampler::GetActiveListIndex(),ported,,,src/options.rs
options.cpp|devilution::OptionEntryResampler::SetActiveListIndex(size_t index),ported,,,src/options.rs
options.cpp|devilution::OptionEntryResampler::UpdateDependentOptions(),ported,,,src/options.rs
options.cpp|devilution::OptionEntryAudioDevice::OptionEntryAudioDevice(),ported,,,src/options.rs
options.cpp|devilution::OptionEntryAudioDevice::LoadFromIni(string_view category),ported,,,src/options.rs
options.cpp|devilution::OptionEntryAudioDevice::SaveToIni(string_view category),ported,,,src/options.rs
options.cpp|devilution::OptionEntryAudioDevice::GetListSize(),ported,,,src/options.rs
options.cpp|devilution::OptionEntryAudioDevice::GetListDescription(size_t index),ported,,,src/options.rs
options.cpp|devilution::OptionEntryAudioDevice::GetActiveListIndex(),ported,,,src/options.rs
options.cpp|devilution::OptionEntryAudioDevice::SetActiveListIndex(size_t index),ported,,,src/options.rs
options.cpp|devilution::OptionEntryAudioDevice::GetDeviceName(size_t index),ported,,,src/options.rs
options.cpp|devilution::GraphicsOptions::GraphicsOptions(),ported,,,src/options.rs
options.cpp|devilution::GraphicsOptions::GetEntries(),ported,,,src/options.rs
options.cpp|devilution::GameplayOptions::GameplayOptions(),ported,,,src/options.rs
options.cpp|devilution::GameplayOptions::GetEntries(),ported,,,src/options.rs
options.cpp|devilution::ControllerOptions::ControllerOptions(),ported,,,src/options.rs
options.cpp|devilution::ControllerOptions::GetEntries(),ported,,,src/options.rs
options.cpp|devilution::NetworkOptions::NetworkOptions(),ported,,,src/options.rs
options.cpp|devilution::NetworkOptions::GetEntries(),ported,,,src/options.rs
options.cpp|devilution::ChatOptions::ChatOptions(),ported,,,src/options.rs
options.cpp|devilution::ChatOptions::GetEntries(),ported,,,src/options.rs
options.cpp|devilution::OptionEntryLanguageCode::OptionEntryLanguageCode(),ported,,,src/options.rs
options.cpp|devilution::OptionEntryLanguageCode::LoadFromIni(string_view category),ported,,,src/options.rs
options.cpp|devilution::OptionEntryLanguageCode::SaveToIni(string_view category),ported,,,src/options.rs
options.cpp|devilution::OptionEntryLanguageCode::CheckLanguagesAreInitialized(),ported,,,src/options.rs
options.cpp|devilution::OptionEntryLanguageCode::GetListSize(),ported,,,src/options.rs
options.cpp|devilution::OptionEntryLanguageCode::GetListDescription(size_t index),ported,,,src/options.rs
options.cpp|devilution::OptionEntryLanguageCode::GetActiveListIndex(),ported,,,src/options.rs
options.cpp|devilution::OptionEntryLanguageCode::SetActiveListIndex(size_t index),ported,,,src/options.rs
options.cpp|devilution::LanguageOptions::LanguageOptions(),ported,,,src/options.rs
options.cpp|devilution::LanguageOptions::GetEntries(),ported,,,src/options.rs
options.cpp|devilution::KeymapperOptions::KeymapperOptions(),ported,,,src/options.rs
options.cpp|devilution::KeymapperOptions::GetEntries(),pending,,,
"options.cpp|devilution::KeymapperOptions::Action::Action(string_view key, const char *name, const char *description, uint32_t defaultKey, std::function<void()> actionPressed, std::function<void()> actionReleased, std::function<bool()> enable, unsigned index)",ported,,,src/options.rs
options.cpp|devilution::KeymapperOptions::Action::GetName(),ported,,,src/options.rs
options.cpp|devilution::KeymapperOptions::Action::LoadFromIni(string_view category),ported,,,src/options.rs
options.cpp|devilution::KeymapperOptions::Action::SaveToIni(string_view category),ported,,,src/options.rs
options.cpp|devilution::KeymapperOptions::Action::GetValueDescription(),ported,,,src/options.rs
options.cpp|devilution::KeymapperOptions::Action::SetValue(int value),ported,,,src/options.rs
"options.cpp|devilution::KeymapperOptions::AddAction(string_view key, const char *name, const char *description, uint32_t defaultKey, std::function<void()> actionPressed, std::function<void()> actionReleased, std::function<bool()> enable, unsigned index)",ported,,,src/options.rs
options.cpp|devilution::KeymapperOptions::CommitActions(),ported,,,src/options.rs
options.cpp|devilution::KeymapperOptions::KeyPressed(uint32_t key),ported,,,src/options.rs
options.cpp|devilution::KeymapperOptions::KeyReleased(SDL_Keycode key),ported,,,src/options.rs
options.cpp|devilution::KeymapperOptions::IsTextEntryKey(SDL_Keycode vkey),ported,,,src/options.rs
options.cpp|devilution::KeymapperOptions::IsNumberEntryKey(SDL_Keycode vkey),ported,,,src/options.rs
options.cpp|devilution::KeymapperOptions::KeyNameForAction(string_view actionName),ported,,,src/options.rs
options.cpp|devilution::KeymapperOptions::KeyForAction(string_view actionName),ported,,,src/options.rs
options.cpp|devilution::PadmapperOptions::PadmapperOptions(),ported,,,src/options.rs
options.cpp|devilution::PadmapperOptions::GetEntries(),pending,,,
"options.cpp|devilution::PadmapperOptions::Action::Action(string_view key, const char *name, const char *description, ControllerButtonCombo defaultInput, std::function<void()> actionPressed, std::function<void()> actionReleased, std::function<bool()> enable, unsigned index)",ported,,,src/options.rs
options.cpp|devilution::PadmapperOptions::Action::GetName(),ported,,,src/options.rs
options.cpp|devilution::PadmapperOptions::Action::LoadFromIni(string_view category),ported,,,src/options.rs
options.cpp|devilution::PadmapperOptions::Action::SaveToIni(string_view category),ported,,,src/options.rs
options.cpp|devilution::PadmapperOptions::Action::UpdateValueDescription(),ported,,,src/options.rs
options.cpp|devilution::PadmapperOptions::Action::Shorten(string_view buttonName),ported,,,src/options.rs
options.cpp|devilution::PadmapperOptions::Action::GetValueDescription(),ported,,,src/options.rs
options.cpp|devilution::PadmapperOptions::Action::GetValueDescription(bool useShortName),ported,,,src/options.rs
options.cpp|devilution::PadmapperOptions::Action::SetValue(ControllerButtonCombo value),ported,,,src/options.rs
"options.cpp|devilution::PadmapperOptions::AddAction(string_view key, const char *name, const char *description, ControllerButtonCombo defaultInput, std::function<void()> actionPressed, std::function<void()> actionReleased, std::function<bool()> enable, unsigned index)",ported,,,src/options.rs
options.cpp|devilution::PadmapperOptions::CommitActions(),ported,,,src/options.rs
options.cpp|devilution::PadmapperOptions::ButtonPressed(ControllerButton button),ported,,,src/options.rs
"options.cpp|devilution::PadmapperOptions::ButtonReleased(ControllerButton button, bool invokeAction)",ported,,,src/options.rs
options.cpp|devilution::PadmapperOptions::ReleaseAllActiveButtons(),ported,,,src/options.rs
options.cpp|devilution::PadmapperOptions::IsActive(string_view actionName),ported,,,src/options.rs
options.cpp|devilution::PadmapperOptions::ActionNameTriggeredByButtonEvent(ControllerButtonEvent ctrlEvent),ported,,,src/options.rs
"options.cpp|devilution::PadmapperOptions::InputNameForAction(string_view actionName, bool useShortName)",ported,,,src/options.rs
options.cpp|devilution::PadmapperOptions::ButtonComboForAction(string_view actionName),ported,,,src/options.rs
options.cpp|devilution::PadmapperOptions::FindAction(ControllerButton button),ported,,,src/options.rs
options.cpp|devilution::PadmapperOptions::CanDeferToMovementHandler(const Action &action),ported,,,src/options.rs
options.cpp|devilution::ResamplerToString(Resampler resampler),ported,,,src/options.rs
options.cpp|devilution::ResamplerFromString(string_view resampler),ported,,,src/options.rs
"options.h|devilution::OptionEntryBase::OptionEntryBase(string_view key, OptionEntryFlags flags, const char *name, const char *description)",ported,,,src/options.rs
"options.h|devilution::OptionEntryBoolean::OptionEntryBoolean(string_view key, OptionEntryFlags flags, const char *name, const char *description, bool defaultValue)",ported,,,src/options.rs
options.h|devilution::OptionEntryBoolean::operator*(),ported,,,src/options.rs
"options.h|devilution::OptionEntryListBase::OptionEntryListBase(string_view key, OptionEntryFlags flags, const char *name, const char *description)",pending,,,
"options.h|devilution::OptionEntryEnumBase::OptionEntryEnumBase(string_view key, OptionEntryFlags flags, const char *name, const char *description, int defaultValue)",ported,,,src/options.rs
options.h|devilution::OptionEntryEnumBase::GetValueInternal(),ported,,,src/options.rs
"options.h|devilution::OptionEntryEnum::OptionEntryEnum(string_view key, OptionEntryFlags flags, const char *name, const char *description, T defaultValue, std::initializer_list<std::pair<T, string_view>> entries)",ported,,,src/options.rs
options.h|devilution::OptionEntryEnum::operator*(),ported,,,src/options.rs
options.h|devilution::OptionEntryEnum::SetValue(T value),ported,,,src/options.rs
"options.h|devilution::OptionEntryIntBase::OptionEntryIntBase(string_view key, OptionEntryFlags flags, const char *name, const char *description, int defaultValue)",ported,,,src/options.rs
options.h|devilution::OptionEntryIntBase::GetValueInternal(),ported,,,src/options.rs
"options.h|devilution::OptionEntryInt::OptionEntryInt(string_view key, OptionEntryFlags flags, const char *name, const char *description, T defaultValue, std::initializer_list<T> entries)",ported,,,src/options.rs
"options.h|devilution::OptionEntryInt::OptionEntryInt(string_view key, OptionEntryFlags flags, const char *name, const char *description, T defaultValue)",ported,,,src/options.rs
options.h|devilution::OptionEntryInt::operator*(),ported,,,src/options.rs
options.h|devilution::OptionEntryInt::SetValue(T value),ported,,,src/options.rs
options.h|devilution::OptionEntryLanguageCode::operator*(),ported,,,src/options.rs
options.h|devilution::OptionEntryLanguageCode::operator=(string_view code),ported,,,src/options.rs
options.h|devilution::OptionEntryResolution::operator*(),ported,,,src/options.rs
options.h|devilution::OptionEntryResampler::operator*(),ported,,,src/options.rs
options.h|devilution::OptionEntryAudioDevice::operator*(),ported,,,src/options.rs
"options.h|devilution::OptionCategoryBase::OptionCategoryBase(string_view key, const char *name, const char *description)",ported,,,src/options.rs
options.h|devilution::KeymapperOptions::Action::GetType(),ported,,,src/options.rs
options.h|devilution::PadmapperOptions::Action::GetType(),ported,,,src/options.rs
options.h|devilution::Options::GetCategories(),ported,,,src/options.rs
pack.cpp|devilution::EventFailedJoinAttempt(const char *playerName),pending,,,
"pack.cpp|devilution::LogFailedJoinAttempt(const char *condition, const char *name, T value)",pending,,,
"pack.cpp|devilution::LogFailedJoinAttempt(const char *condition, const char *name1, T1 value1, const char *name2, T2 value2)",pending,,,
pack.cpp|devilution::VerifyGoldSeeds(Player &player),ported,,,src/pack.rs
pack.cpp|devilution::hasMultipleFlags(uint16_t flags),pending,,,
pack.cpp|devilution::IsCreationFlagComboValid(uint16_t iCreateInfo),pending,,,
pack.cpp|devilution::IsTownItemValid(uint16_t iCreateInfo),pending,,,
"pack.cpp|devilution::IsUniqueMonsterItemValid(uint16_t iCreateInfo, uint32_t dwBuff)",pending,,,
"pack.cpp|devilution::IsDungeonItemValid(uint16_t iCreateInfo, uint32_t dwBuff)",pending,,,
"pack.cpp|devilution::RecreateHellfireSpellBook(const Player &player, const TItem &packedItem, Item *item)",pending,,,
"pack.cpp|devilution::PackItem(ItemPack &packedItem, const Item &item, bool isHellfire)",ported,,,src/pack.rs
"pack.cpp|devilution::PackPlayer(PlayerPack &packed, const Player &player)",ported,,,src/pack.rs
"pack.cpp|devilution::PackNetItem(const Item &item, ItemNetPack &packedItem)",pending,,,
"pack.cpp|devilution::PackNetPlayer(PlayerNetPack &packed, const Player &player)",pending,,,
"pack.cpp|devilution::UnPackItem(const ItemPack &packedItem, const Player &player, Item &item, bool isHellfire)",ported,,,src/pack.rs
"pack.cpp|devilution::UnPackPlayer(const PlayerPack &packed, Player &player)",ported,,,src/pack.rs
"pack.cpp|devilution::UnPackNetItem(const Player &player, const ItemNetPack &packedItem, Item &item)",pending,,,
"pack.cpp|devilution::UnPackNetPlayer(const PlayerNetPack &packed, Player &player)",pending,,,
panels/charpanel.cpp|devilution::GetBaseStatColor(CharacterAttribute attr),pending,,,
panels/charpanel.cpp|devilution::GetCurrentStatColor(CharacterAttribute attr),pending,,,
"panels/charpanel.cpp|devilution::GetValueColor(int value, bool flip = false)",pending,,,
panels/charpanel.cpp|devilution::GetMaxManaColor(),pending,,,
panels/charpanel.cpp|devilution::GetMaxHealthColor(),pending,,,
panels/charpanel.cpp|devilution::GetDamage(),pending,,,
panels/charpanel.cpp|devilution::GetResistInfo(int8_t resist),pending,,,
"panels/charpanel.cpp|devilution::DrawPanelField(const Surface &out, Point pos, int len, ClxSprite left, ClxSprite middle, ClxSprite right)",pending,,,
"panels/charpanel.cpp|devilution::DrawShadowString(const Surface &out, const PanelEntry &entry)",pending,,,
panels/charpanel.cpp|devilution::DrawStatButtons(const Surface &out),pending,,,
panels/charpanel.cpp|devilution::LoadCharPanel(),pending,,,
panels/charpanel.cpp|devilution::FreeCharPanel(),pending,,,
panels/charpanel.cpp|devilution::DrawChr(const Surface &out),pending,,,
panels/info_box.cpp|devilution::InitInfoBoxGfx(),pending,,,
panels/info_box.cpp|devilution::FreeInfoBoxGfx(),pending,,,
"panels/mainpanel.cpp|devilution::DrawButtonText(const Surface &out, string_view text, Rectangle placement, UiFlags style, int spacing = 1)",pending,,,
"panels/mainpanel.cpp|devilution::DrawButtonOnPanel(Point position, string_view text, int frame)",pending,,,
"panels/mainpanel.cpp|devilution::RenderMainButton(const Surface &out, int buttonId, string_view text, int frame)",pending,,,
panels/mainpanel.cpp|devilution::LoadMainPanel(),pending,,,
panels/mainpanel.cpp|devilution::FreeMainPanel(),pending,,,
"panels/spell_book.cpp|devilution::GetSpellFromSpellPage(size_t page, size_t entry)",pending,,,
"panels/spell_book.cpp|devilution::PrintSBookStr(const Surface &out, Point position, string_view text, UiFlags flags = UiFlags::None)",pending,,,
"panels/spell_book.cpp|devilution::GetSBookTrans(SpellID ii, bool townok)",pending,,,
panels/spell_book.cpp|devilution::InitSpellBook(),pending,,,
panels/spell_book.cpp|devilution::FreeSpellBook(),pending,,,
panels/spell_book.cpp|devilution::DrawSpellBook(const Surface &out),pending,,,
panels/spell_book.cpp|devilution::CheckSBook(),pending,,,
panels/spell_icons.cpp|devilution::LoadLargeSpellIcons(),pending,,,
panels/spell_icons.cpp|devilution::FreeLargeSpellIcons(),pending,,,
panels/spell_icons.cpp|devilution::LoadSmallSpellIcons(),pending,,,
panels/spell_icons.cpp|devilution::FreeSmallSpellIcons(),pending,,,
"panels/spell_icons.cpp|devilution::DrawLargeSpellIcon(const Surface &out, Point position, SpellID spell)",pending,,,
"panels/spell_icons.cpp|devilution::DrawSmallSpellIcon(const Surface &out, Point position, SpellID spell)",pending,,,
"panels/spell_icons.cpp|devilution::DrawLargeSpellIconBorder(const Surface &out, Point position, uint8_t color)",pending,,,
"panels/spell_icons.cpp|devilution::DrawSmallSpellIconBorder(const Surface &out, Point position)",pending,,,
panels/spell_icons.cpp|devilution::SetSpellTrans(SpellType t),pending,,,
"panels/spell_list.cpp|devilution::PrintSBookSpellType(const Surface &out, Point position, string_view text, uint8_t rectColorIndex)",pending,,,
"panels/spell_list.cpp|devilution::PrintSBookHotkey(const Surface &out, Point position, const string_view text)",pending,,,
"panels/spell_list.cpp|devilution::GetSpellListSelection(SpellID &pSpell, SpellType &pSplType)",pending,,,
"panels/spell_list.cpp|devilution::GetHotkeyName(SpellID spellId, SpellType spellType, bool useShortName = false)",pending,,,
panels/spell_list.cpp|devilution::DrawSpell(const Surface &out),pending,,,
panels/spell_list.cpp|devilution::DrawSpellList(const Surface &out),pending,,,
panels/spell_list.cpp|devilution::GetSpellListItems(),pending,,,
panels/spell_list.cpp|devilution::SetSpell(),pending,,,
panels/spell_list.cpp|devilution::SetSpeedSpell(size_t slot),pending,,,
panels/spell_list.cpp|devilution::ToggleSpell(size_t slot),pending,,,
panels/spell_list.cpp|devilution::DoSpeedBook(),pending,,,
"pfile.cpp|devilution::GetSavePath(uint32_t saveNum, string_view savePrefix = {})",ported,,,src/pfile.rs
pfile.cpp|devilution::GetStashSavePath(),ported,,,src/pfile.rs
"pfile.cpp|devilution::GetSaveNames(uint8_t index, string_view prefix, char *out)",ported,,,src/pfile.rs
"pfile.cpp|devilution::GetPermSaveNames(uint8_t dwIndex, char *szPerm)",ported,,,src/pfile.rs
"pfile.cpp|devilution::GetTempSaveNames(uint8_t dwIndex, char *szTemp)",ported,,,src/pfile.rs
pfile.cpp|devilution::RenameTempToPerm(SaveWriter &saveWriter),ported,,,src/pfile.rs
"pfile.cpp|devilution::ReadHero(SaveReader &archive, PlayerPack *pPack)",ported,,,src/pfile.rs
"pfile.cpp|devilution::EncodeHero(SaveWriter &saveWriter, const PlayerPack *pack)",ported,,,src/pfile.rs
pfile.cpp|devilution::GetSaveWriter(uint32_t saveNum),ported,,,src/pfile.rs
pfile.cpp|devilution::GetStashWriter(),ported,,,src/pfile.rs
"pfile.cpp|devilution::CopySaveFile(uint32_t saveNum, std::string targetPath)",ported,,,src/pfile.rs
"pfile.cpp|devilution::Game2UiPlayer(const Player &player, _uiheroinfo *heroinfo, bool bHasSaveFile)",ported,,,src/pfile.rs
"pfile.cpp|devilution::GetFileName(uint8_t lvl, char *dst)",ported,,,src/pfile.rs
pfile.cpp|devilution::ArchiveContainsGame(SaveReader &hsArchive),ported,,,src/pfile.rs
pfile.cpp|devilution::CreateSaveReader(std::string &&path),ported,,,src/pfile.rs
pfile.cpp|devilution::CompareCounter::max(),pending,,,
"pfile.cpp|devilution::CompareCounter::checkIfDataExists(int count, CompareInfo &compareInfoReference, CompareInfo &compareInfoActual)",pending,,,
"pfile.cpp|devilution::string_ends_with(string_view value, string_view suffix)",pending,,,
"pfile.cpp|devilution::CreateDetailDiffs(string_view prefix, string_view memoryMapFile, CompareInfo &compareInfoReference, CompareInfo &compareInfoActual, std::unordered_map<std::string, size_t> &foundDiffs)",pending,,,
"pfile.cpp|devilution::CompareSaves(const std::string &actualSavePath, const std::string &referenceSavePath, bool logDetails)",pending,,,
"pfile.cpp|devilution::pfile_write_hero(SaveWriter &saveWriter, bool writeGameData)",ported,,,src/pfile.rs
pfile.cpp|devilution::RemoveAllInvalidItems(Player &player),ported,,,src/pfile.rs
pfile.cpp|devilution::OpenSaveArchive(uint32_t saveNum),ported,,,src/pfile.rs
pfile.cpp|devilution::OpenStashArchive(),ported,,,src/pfile.rs
"pfile.cpp|devilution::ReadArchive(SaveReader &archive, const char *pszName, size_t *pdwLen)",ported,,,src/pfile.rs
pfile.cpp|devilution::pfile_get_password(),ported,,,src/pfile.rs
pfile.cpp|devilution::pfile_write_hero(bool writeGameData),ported,,,src/pfile.rs
pfile.cpp|devilution::pfile_write_hero_demo(int demo),ported,,,src/pfile.rs
"pfile.cpp|devilution::pfile_compare_hero_demo(int demo, bool logDetails)",pending,,,
pfile.cpp|devilution::sfile_write_stash(),ported,,,src/pfile.rs
pfile.cpp|devilution::pfile_ui_set_hero_infos(bool (*uiAddHeroInfo)(_uiheroinfo *)),ported,,,src/pfile.rs
"pfile.cpp|devilution::pfile_ui_set_class_stats(unsigned int playerClass, _uidefaultstats *classStats)",ported,,,src/pfile.rs
pfile.cpp|devilution::pfile_ui_get_first_unused_save_num(),ported,,,src/pfile.rs
pfile.cpp|devilution::pfile_ui_save_create(_uiheroinfo *heroinfo),ported,,,src/pfile.rs
pfile.cpp|devilution::pfile_delete_save(_uiheroinfo *heroInfo),ported,,,src/pfile.rs
"pfile.cpp|devilution::pfile_read_player_from_save(uint32_t saveNum, Player &player)",ported,,,src/pfile.rs
pfile.cpp|devilution::pfile_save_level(),ported,,,src/pfile.rs
pfile.cpp|devilution::pfile_convert_levels(),ported,,,src/pfile.rs
pfile.cpp|devilution::pfile_remove_temp_files(),ported,,,src/pfile.rs
pfile.cpp|devilution::pfile_update(bool forceSave),ported,,,src/pfile.rs
platform/android/android.cpp|devilution::AreExtraFontsOutOfDateForMpqPath(const char *mpqPath),replaced,none,Android-only code; not a target platform,
"platform/android/android.cpp|Java_org_diasurgical_devilutionx_DevilutionXSDLActivity_areFontsOutOfDate(JNIEnv *env, jclass cls, jstring fonts_mpq)",replaced,none,Android-only code; not a target platform,
platform/ctr/asio/net/if.c|if_nametoindex(const char *__ifname),replaced,none,Nintendo 3DS-only code; not a target platform,
"platform/ctr/asio/net/if.c|if_indextoname(unsigned int __ifindex, char *__ifname)",replaced,none,Nintendo 3DS-only code; not a target platform,
platform/ctr/asio/net/if.c|if_freenameindex(struct if_nameindex *__ptr),replaced,none,Nintendo 3DS-only code; not a target platform,
"platform/ctr/asio/sys/socket.c|stream_recvmsg(int socket, struct msghdr *message, int flags)",replaced,none,Nintendo 3DS-only code; not a target platform,
"platform/ctr/asio/sys/socket.c|dgram_recvmsg(int socket, struct msghdr *message, int flags)",replaced,none,Nintendo 3DS-only code; not a target platform,
"platform/ctr/asio/sys/socket.c|recvmsg(int socket, struct msghdr *message, int flags)",replaced,none,Nintendo 3DS-only code; not a target platform,
"platform/ctr/asio/sys/socket.c|stream_sendmsg(int socket, const struct msghdr *message, int flags)",replaced,none,Nintendo 3DS-only code; not a target platform,
"platform/ctr/asio/sys/socket.c|dgram_sendmsg(int socket, const struct msghdr *message, int flags)",replaced,none,Nintendo 3DS-only code; not a target platform,
"platform/ctr/asio/sys/socket.c|sendmsg(int socket, const struct msghdr *message, int flags)",replaced,none,Nintendo 3DS-only code; not a target platform,
"platform/ctr/asio/sys/socket.c|socketpair(int domain, int type, int protocol, int socket_vector[2])",replaced,none,Nintendo 3DS-only code; not a target platform,
"platform/ctr/asio/sys/uio.c|readv(int __fd, const struct iovec *__iovec, int __count)",replaced,none,Nintendo 3DS-only code; not a target platform,
"platform/ctr/asio/sys/uio.c|writev(int __fd, const struct iovec *__iovec, int __count)",replaced,none,Nintendo 3DS-only code; not a target platform,
platform/ctr/cfgu_service.hpp|devilution::n3ds::CFGUService::CFGUService(),replaced,none,Nintendo 3DS-only code; not a target platform,
platform/ctr/cfgu_service.hpp|devilution::n3ds::CFGUService::~CFGUService(),replaced,none,Nintendo 3DS-only code; not a target platform,
platform/ctr/cfgu_service.hpp|devilution::n3ds::CFGUService::IsInitialized(),replaced,none,Nintendo 3DS-only code; not a target platform,
"platform/ctr/display.cpp|Get3DSScalingFlag(bool fitToScreen, int width, int height)",replaced,none,Nintendo 3DS-only code; not a target platform,
"platform/ctr/keyboard.cpp|ctr_vkbdInput(devilution::string_view hintText, devilution::string_view inText, char *outText, size_t maxLength)",replaced,none,Nintendo 3DS-only code; not a target platform,
platform/ctr/keyboard.cpp|ctr_vkbdFlush(),replaced,none,Nintendo 3DS-only code; not a target platform,
platform/ctr/locale.cpp|devilution::n3ds::GetLocale(),replaced,none,Nintendo 3DS-only code; not a target platform,
"platform/ctr/messagebox.cpp|SDL_ShowSimpleMessageBox(Uint32 flags, const char *title, const char *message, SDL_Surface *window)",replaced,none,Nintendo 3DS-only code; not a target platform,
platform/ctr/random.cpp|randombytes_ctrrandom_implementation_name(),replaced,none,Nintendo 3DS-only code; not a target platform,
"platform/ctr/random.cpp|randombytes_ctrrandom_tryfill(void *const buf, const size_t size)",replaced,none,Nintendo 3DS-only code; not a target platform,
platform/ctr/random.cpp|randombytes_ctrrandom(),replaced,none,Nintendo 3DS-only code; not a target platform,
"platform/ctr/random.cpp|randombytes_ctrrandom_buf(void *const buf, const size_t size)",replaced,none,Nintendo 3DS-only code; not a target platform,
platform/ctr/random.cpp|randombytes_ctrrandom_init(),replaced,none,Nintendo 3DS-only code; not a target platform,
platform/ctr/sockets.cpp|devilution::waitForWifi(),replaced,none,Nintendo 3DS-only code; not a target platform,
platform/ctr/sockets.cpp|devilution::n3ds_socExit(),replaced,none,Nintendo 3DS-only code; not a target platform,
platform/ctr/sockets.cpp|devilution::n3ds_socInit(),replaced,none,Nintendo 3DS-only code; not a target platform,
"platform/ctr/system.cpp|aptHookFunc(APT_HookType hookType, void *param)",replaced,none,Nintendo 3DS-only code; not a target platform,
platform/ctr/system.cpp|ctr_lcd_backlight_on(),replaced,none,Nintendo 3DS-only code; not a target platform,
platform/ctr/system.cpp|ctr_lcd_backlight_off(),replaced,none,Nintendo 3DS-only code; not a target platform,
platform/ctr/system.cpp|ctr_check_dsp(),replaced,none,Nintendo 3DS-only code; not a target platform,
platform/ctr/system.cpp|ctr_is_n3ds(),replaced,none,Nintendo 3DS-only code; not a target platform,
platform/ctr/system.cpp|ctr_should_disable_backlight(),replaced,none,Nintendo 3DS-only code; not a target platform,
platform/ctr/system.cpp|ctr_sys_init(),replaced,none,Nintendo 3DS-only code; not a target platform,
platform/locale.cpp|devilution::GetLocales(),pending,,,
platform/switch/asio/net/if.c|if_nametoindex(const char *__ifname),replaced,none,Nintendo Switch-only code; not a target platform,
"platform/switch/asio/net/if.c|if_indextoname(unsigned int __ifindex, char *__ifname)",replaced,none,Nintendo Switch-only code; not a target platform,
platform/switch/asio/net/if.c|if_freenameindex(struct if_nameindex *__ptr),replaced,none,Nintendo Switch-only code; not a target platform,
platform/switch/asio/pause.c|pause(void),replaced,none,Nintendo Switch-only code; not a target platform,
"platform/switch/asio/sys/signal.c|pthread_sigmask(int, const sigset_t *, sigset_t *)",replaced,none,Nintendo Switch-only code; not a target platform,
platform/switch/docking.cpp|devilution::HandleDocking(),replaced,none,Nintendo Switch-only code; not a target platform,
"platform/switch/keyboard.cpp|switch_keyboard_get(devilution::string_view guide_text, devilution::string_view initial_text, char *buf, unsigned buf_len)",replaced,none,Nintendo Switch-only code; not a target platform,
platform/switch/keyboard.cpp|get_utf8_character_bytes(const uint8_t *uc),replaced,none,Nintendo Switch-only code; not a target platform,
"platform/switch/keyboard.cpp|switch_create_and_push_sdlkey_event(uint32_t event_type, SDL_Scancode scan, SDL_Keycode key)",replaced,none,Nintendo Switch-only code; not a target platform,
"platform/switch/keyboard.cpp|switch_start_text_input(devilution::string_view guide_text, devilution::string_view initial_text, unsigned max_length)",replaced,none,Nintendo Switch-only code; not a target platform,
platform/switch/network.cpp|switch_enable_network(),replaced,none,Nintendo Switch-only code; not a target platform,
platform/switch/network.cpp|switch_disable_network(),replaced,none,Nintendo Switch-only code; not a target platform,
platform/switch/random.cpp|randombytes_switchrandom_implementation_name(),replaced,none,Nintendo Switch-only code; not a target platform,
"platform/switch/random.cpp|randombytes_switchrandom_tryfill(void *const buf, const size_t size)",replaced,none,Nintendo Switch-only code; not a target platform,
platform/switch/random.cpp|randombytes_switchrandom(),replaced,none,Nintendo Switch-only code; not a target platform,
"platform/switch/random.cpp|randombytes_switchrandom_buf(void *const buf, const size_t size)",replaced,none,Nintendo Switch-only code; not a target platform,
platform/switch/random.cpp|randombytes_switchrandom_init(),replaced,none,Nintendo Switch-only code; not a target platform,
platform/switch/romfs.cpp|switch_romfs_init(),replaced,none,Nintendo Switch-only code; not a target platform,
"platform/vita/keyboard.cpp|utf16_to_utf8(const uint16_t *src, uint8_t *dst)",replaced,none,PS Vita-only code; not a target platform,
"platform/vita/keyboard.cpp|utf8_to_utf16(const uint8_t *src, size_t src_size, uint16_t *dst)",replaced,none,PS Vita-only code; not a target platform,
platform/vita/keyboard.cpp|vita_input_thread(void *ime_buffer),replaced,none,PS Vita-only code; not a target platform,
"platform/vita/keyboard.cpp|vita_keyboard_get(devilution::string_view guide_text, devilution::string_view initial_text, unsigned max_len, SceWChar16 *buf)",replaced,none,PS Vita-only code; not a target platform,
"platform/vita/keyboard.cpp|vita_start_text_input(devilution::string_view guide_text, devilution::string_view initial_text, unsigned max_length)",replaced,none,PS Vita-only code; not a target platform,
platform/vita/network.cpp|vita_enable_network(),replaced,none,PS Vita-only code; not a target platform,
platform/vita/random.cpp|randombytes_vitarandom_implementation_name(),replaced,none,PS Vita-only code; not a target platform,
platform/vita/random.cpp|randombytes_vitarandom(),replaced,none,PS Vita-only code; not a target platform,
"platform/vita/random.cpp|randombytes_vitarandom_buf(void *const buf, const size_t size)",replaced,none,PS Vita-only code; not a target platform,
platform/vita/random.cpp|randombytes_vitarandom_init(),replaced,none,PS Vita-only code; not a target platform,
"platform/vita/touch.cpp|devilution::clip(T v, T amin, T amax)",replaced,none,PS Vita-only code; not a target platform,
"platform/vita/touch.cpp|devilution::SetMouseMotionEvent(SDL_Event *event, int32_t x, int32_t y, int32_t xrel, int32_t yrel)",replaced,none,PS Vita-only code; not a target platform,
platform/vita/touch.cpp|devilution::InitTouch(),replaced,none,PS Vita-only code; not a target platform,
"platform/vita/touch.cpp|devilution::SetMouseButtonEvent(SDL_Event &event, uint32_t type, uint8_t button, Point position)",replaced,none,PS Vita-only code; not a target platform,
platform/vita/touch.cpp|devilution::PreprocessFingerDown(SDL_Event *event),replaced,none,PS Vita-only code; not a target platform,
platform/vita/touch.cpp|devilution::PreprocessBackFingerDown(SDL_Event *event),replaced,none,PS Vita-only code; not a target platform,
platform/vita/touch.cpp|devilution::PreprocessBackFingerUp(SDL_Event *event),replaced,none,PS Vita-only code; not a target platform,
platform/vita/touch.cpp|devilution::PreprocessFingerUp(SDL_Event *event),replaced,none,PS Vita-only code; not a target platform,
platform/vita/touch.cpp|devilution::PreprocessFingerMotion(SDL_Event *event),replaced,none,PS Vita-only code; not a target platform,
platform/vita/touch.cpp|devilution::PreprocessEvents(SDL_Event *event),replaced,none,PS Vita-only code; not a target platform,
"platform/vita/touch.cpp|devilution::HandleTouchEvent(SDL_Event *event, Point mousePosition)",replaced,none,PS Vita-only code; not a target platform,
platform/vita/touch.cpp|devilution::FinishSimulatedMouseClicks(Point mousePosition),replaced,none,PS Vita-only code; not a target platform,
player.cpp|devilution::UpdatePlayerLightOffset(Player &player),ported,,,src/player.rs
"player.cpp|devilution::WalkNorthwards(Player &player, const DirectionSettings &walkParams)",ported,,,src/player.rs
"player.cpp|devilution::WalkSouthwards(Player &player, const DirectionSettings &)",ported,,,src/player.rs
"player.cpp|devilution::WalkSideways(Player &player, const DirectionSettings &walkParams)",ported,,,src/player.rs
"player.cpp|devilution::PlrDirOK(const Player &player, Direction dir)",ported,,,src/player.rs
"player.cpp|devilution::HandleWalkMode(Player &player, Direction dir)",ported,,,src/player.rs
"player.cpp|devilution::StartWalkAnimation(Player &player, Direction dir, bool pmWillBeCalled)",ported,,,src/player.rs
"player.cpp|devilution::StartWalk(Player &player, Direction dir, bool pmWillBeCalled)",ported,,,src/player.rs
player.cpp|devilution::ClearStateVariables(Player &player),ported,,,src/player.rs
"player.cpp|devilution::StartAttack(Player &player, Direction d, bool includesFirstFrame)",ported,,,src/player.rs
"player.cpp|devilution::StartRangeAttack(Player &player, Direction d, WorldTileCoord cx, WorldTileCoord cy, bool includesFirstFrame)",ported,,,src/player.rs
player.cpp|devilution::GetPlayerGraphicForSpell(SpellID spellId),ported,,,src/player.rs
"player.cpp|devilution::StartSpell(Player &player, Direction d, WorldTileCoord cx, WorldTileCoord cy)",ported,,,src/player.rs
"player.cpp|devilution::RespawnDeadItem(Item &&itm, Point target)",ported,,,src/player.rs
"player.cpp|devilution::DeadItem(Player &player, Item &&itm, Displacement direction)",ported,,,src/player.rs
"player.cpp|devilution::DropGold(Player &player, int amount, bool skipFullStacks)",ported,,,src/player.rs
player.cpp|devilution::DropHalfPlayersGold(Player &player),ported,,,src/player.rs
player.cpp|devilution::InitLevelChange(Player &player),ported,,,src/player.rs
"player.cpp|devilution::DoWalk(Player &player, int variant)",ported,,,src/player.rs
"player.cpp|devilution::WeaponDecay(Player &player, int ii)",ported,,,src/player.rs
"player.cpp|devilution::DamageWeapon(Player &player, unsigned damageFrequency)",ported,,,src/player.rs
"player.cpp|devilution::PlrHitMonst(Player &player, Monster &monster, bool adjacentDamage = false)",ported,,,src/player.rs
"player.cpp|devilution::PlrHitPlr(Player &attacker, Player &target)",ported,,,src/player.rs
"player.cpp|devilution::PlrHitObj(const Player &player, Object &targetObject)",ported,,,src/player.rs
player.cpp|devilution::DoAttack(Player &player),ported,,,src/player.rs
player.cpp|devilution::DoRangeAttack(Player &player),ported,,,src/player.rs
player.cpp|devilution::DamageParryItem(Player &player),ported,,,src/player.rs
player.cpp|devilution::DoBlock(Player &player),ported,,,src/player.rs
player.cpp|devilution::DamageArmor(Player &player),ported,,,src/player.rs
player.cpp|devilution::DoSpell(Player &player),ported,,,src/player.rs
player.cpp|devilution::DoGotHit(Player &player),ported,,,src/player.rs
player.cpp|devilution::DoDeath(Player &player),ported,,,src/player.rs
"player.cpp|devilution::IsPlayerAdjacentToObject(Player &player, Object &object)",ported,,,src/player.rs
"player.cpp|devilution::TryDisarm(const Player &player, Object &object)",ported,,,src/player.rs
"player.cpp|devilution::CheckNewPath(Player &player, bool pmWillBeCalled)",ported,,,src/player.rs
player.cpp|devilution::PlrDeathModeOK(Player &player),ported,,,src/player.rs
player.cpp|devilution::ValidatePlayer(),ported,,,src/player.rs
player.cpp|devilution::CheckCheatStats(Player &player),ported,,,src/player.rs
player.cpp|devilution::GetPlayerSpriteClass(HeroClass cls),ported,,,src/player.rs
"player.cpp|devilution::GetPlayerWeaponGraphic(player_graphic graphic, PlayerWeaponGraphic weaponGraphic)",ported,,,src/player.rs
"player.cpp|devilution::GetPlayerSpriteWidth(HeroClass cls, player_graphic graphic, PlayerWeaponGraphic weaponGraphic)",ported,,,src/player.rs
player.cpp|devilution::Player::CalcScrolls(),ported,,,src/player.rs
"player.cpp|devilution::Player::RemoveInvItem(int iv, bool calcScrolls)",ported,,,src/player.rs
player.cpp|devilution::Player::RemoveSpdBarItem(int iv),ported,,,src/player.rs
player.cpp|devilution::Player::getId(),pending,,,
player.cpp|devilution::Player::GetBaseAttributeValue(CharacterAttribute attribute),ported,,,src/player.rs
player.cpp|devilution::Player::GetCurrentAttributeValue(CharacterAttribute attribute),ported,,,src/player.rs
player.cpp|devilution::Player::GetMaximumAttributeValue(CharacterAttribute attribute),ported,,,src/player.rs
player.cpp|devilution::Player::GetTargetPosition(),ported,,,src/player.rs
player.cpp|devilution::Player::IsPositionInPath(Point pos),ported,,,src/player.rs
player.cpp|devilution::Player::Say(HeroSpeech speechId),ported,,,src/player.rs
player.cpp|devilution::Player::SaySpecific(HeroSpeech speechId),ported,,,src/player.rs
"player.cpp|devilution::Player::Say(HeroSpeech speechId, int delay)",ported,,,src/player.rs
player.cpp|devilution::Player::Stop(),ported,,,src/player.rs
player.cpp|devilution::Player::isWalking(),ported,,,src/player.rs
player.cpp|devilution::Player::GetManaShieldDamageReduction(),ported,,,src/player.rs
player.cpp|devilution::Player::RestorePartialLife(),ported,,,src/player.rs
player.cpp|devilution::Player::RestorePartialMana(),ported,,,src/player.rs
"player.cpp|devilution::Player::ReadySpellFromEquipment(inv_body_loc bodyLocation, bool forceSpell)",ported,,,src/player.rs
player.cpp|devilution::Player::getGraphic(),ported,,,src/player.rs
player.cpp|devilution::Player::getSpriteWidth(),ported,,,src/player.rs
"player.cpp|devilution::Player::getAnimationFramesAndTicksPerFrame(player_graphic graphics, int8_t &numberOfFrames, int8_t &ticksPerFrame)",ported,,,src/player.rs
"player.cpp|devilution::Player::UpdatePreviewCelSprite(_cmd_id cmdId, Point point, uint16_t wParam1, uint16_t wParam2)",ported,,,src/player.rs
player.cpp|devilution::Player::calculateBaseLife(),ported,,,src/player.rs
player.cpp|devilution::Player::calculateBaseMana(),ported,,,src/player.rs
player.cpp|devilution::PlayerAtPosition(Point position),ported,,,src/player.rs
"player.cpp|devilution::LoadPlrGFX(Player &player, player_graphic graphic)",ported,,,src/player.rs
player.cpp|devilution::InitPlayerGFX(Player &player),ported,,,src/player.rs
player.cpp|devilution::ResetPlayerGFX(Player &player),ported,,,src/player.rs
"player.cpp|devilution::NewPlrAnim(Player &player, player_graphic graphic, Direction dir, AnimationDistributionFlags flags , int8_t numSkippedFrames , int8_t distributeFramesBeforeFrame)",ported,,,src/player.rs
player.cpp|devilution::SetPlrAnims(Player &player),ported,,,src/player.rs
"player.cpp|devilution::CreatePlayer(Player &player, HeroClass c)",ported,,,src/player.rs
player.cpp|devilution::CalcStatDiff(Player &player),ported,,,src/player.rs
player.cpp|devilution::NextPlrLevel(Player &player),ported,,,src/player.rs
"player.cpp|devilution::AddPlrExperience(Player &player, int lvl, int exp)",ported,,,src/player.rs
"player.cpp|devilution::AddPlrMonstExper(int lvl, int exp, char pmask)",ported,,,src/player.rs
"player.cpp|devilution::InitPlayer(Player &player, bool firstTime)",ported,,,src/player.rs
player.cpp|devilution::InitMultiView(),ported,,,src/player.rs
player.cpp|devilution::PlrClrTrans(Point position),ported,,,src/player.rs
player.cpp|devilution::PlrDoTrans(Point position),ported,,,src/player.rs
player.cpp|devilution::SetPlayerOld(Player &player),ported,,,src/player.rs
"player.cpp|devilution::FixPlayerLocation(Player &player, Direction bDir)",ported,,,src/player.rs
"player.cpp|devilution::StartStand(Player &player, Direction dir)",ported,,,src/player.rs
"player.cpp|devilution::StartPlrBlock(Player &player, Direction dir)",ported,,,src/player.rs
player.cpp|devilution::FixPlrWalkTags(const Player &player),ported,,,src/player.rs
"player.cpp|devilution::StartPlrHit(Player &player, int dam, bool forcehit)",ported,,,src/player.rs
"player.cpp|devilution::StartPlayerKill(Player &player, DeathReason deathReason)",ported,,,src/player.rs
player.cpp|devilution::StripTopGold(Player &player),ported,,,src/player.rs
"player.cpp|devilution::ApplyPlrDamage(DamageType damageType, Player &player, int dam, int minHP , int frac , DeathReason deathReason)",ported,,,src/player.rs
"player.cpp|devilution::SyncPlrKill(Player &player, DeathReason deathReason)",ported,,,src/player.rs
player.cpp|devilution::RemovePlrMissiles(const Player &player),ported,,,src/player.rs
"player.cpp|devilution::StartNewLvl(Player &player, interface_mode fom, int lvl)",ported,,,src/player.rs
player.cpp|devilution::RestartTownLvl(Player &player),ported,,,src/player.rs
"player.cpp|devilution::StartWarpLvl(Player &player, size_t pidx)",ported,,,src/player.rs
player.cpp|devilution::ProcessPlayers(),ported,,,src/player.rs
player.cpp|devilution::ClrPlrPath(Player &player),ported,,,src/player.rs
"player.cpp|devilution::PosOkPlayer(const Player &player, Point position)",ported,,,src/player.rs
"player.cpp|devilution::MakePlrPath(Player &player, Point targetPosition, bool endspace)",ported,,,src/player.rs
player.cpp|devilution::CalcPlrStaff(Player &player),ported,,,src/player.rs
"player.cpp|devilution::CheckPlrSpell(bool isShiftHeld, SpellID spellID, SpellType spellType)",ported,,,src/player.rs
player.cpp|devilution::SyncPlrAnim(Player &player),ported,,,src/player.rs
player.cpp|devilution::SyncInitPlrPos(Player &player),ported,,,src/player.rs
player.cpp|devilution::SyncInitPlr(Player &player),ported,,,src/player.rs
player.cpp|devilution::CheckStats(Player &player),ported,,,src/player.rs
"player.cpp|devilution::ModifyPlrStr(Player &player, int l)",ported,,,src/player.rs
"player.cpp|devilution::ModifyPlrMag(Player &player, int l)",ported,,,src/player.rs
"player.cpp|devilution::ModifyPlrDex(Player &player, int l)",ported,,,src/player.rs
"player.cpp|devilution::ModifyPlrVit(Player &player, int l)",ported,,,src/player.rs
"player.cpp|devilution::SetPlayerHitPoints(Player &player, int val)",ported,,,src/player.rs
"player.cpp|devilution::SetPlrStr(Player &player, int v)",ported,,,src/player.rs
"player.cpp|devilution::SetPlrMag(Player &player, int v)",ported,,,src/player.rs
"player.cpp|devilution::SetPlrDex(Player &player, int v)",ported,,,src/player.rs
"player.cpp|devilution::SetPlrVit(Player &player, int v)",ported,,,src/player.rs
player.cpp|devilution::InitDungMsgs(Player &player),ported,,,src/player.rs
player.cpp|devilution::PlayDungMsgs(),ported,,,src/player.rs
player.h|devilution::PlayerAnimationData::spritesForDirection(Direction direction),pending,,,
player.h|devilution::Player::CanUseItem(const Item &item),pending,,,
player.h|devilution::Player::GetMostValuableItem(const TPredicate &itemPredicate),pending,,,
player.h|devilution::Player::GetItemLocation(const Item &item),pending,,,
player.h|devilution::Player::GetArmor(),pending,,,
player.h|devilution::Player::GetMeleeToHit(),pending,,,
player.h|devilution::Player::GetMeleePiercingToHit(),pending,,,
player.h|devilution::Player::GetRangedToHit(),pending,,,
player.h|devilution::Player::GetRangedPiercingToHit(),pending,,,
player.h|devilution::Player::GetMagicToHit(),pending,,,
player.h|devilution::Player::GetBlockChance(bool useLevel = true),pending,,,
player.h|devilution::Player::GetSpellLevel(SpellID spell),pending,,,
"player.h|devilution::Player::CalculateArmorPierce(int monsterArmor, bool isMelee)",pending,,,
player.h|devilution::Player::UpdateHitPointPercentage(),pending,,,
player.h|devilution::Player::UpdateManaPercentage(),pending,,,
player.h|devilution::Player::RestoreFullLife(),pending,,,
player.h|devilution::Player::RestoreFullMana(),pending,,,
player.h|devilution::Player::UsesRangedWeapon(),pending,,,
player.h|devilution::Player::CanChangeAction(),pending,,,
player.h|devilution::Player::isOnActiveLevel(),pending,,,
player.h|devilution::Player::isOnLevel(uint8_t level),pending,,,
player.h|devilution::Player::isOnLevel(_setlevels level),pending,,,
player.h|devilution::Player::isOnArenaLevel(),pending,,,
player.h|devilution::Player::setLevel(uint8_t level),pending,,,
player.h|devilution::Player::setLevel(_setlevels level),pending,,,
player.h|devilution::IsInspectingPlayer(),pending,,,
plrmsg.cpp|devilution::CountLinesOfText(string_view text),pending,,,
plrmsg.cpp|devilution::GetNextMessage(),pending,,,
plrmsg.cpp|devilution::plrmsg_delay(bool delay),pending,,,
"plrmsg.cpp|devilution::EventPlrMsg(string_view text, UiFlags style)",pending,,,
"plrmsg.cpp|devilution::SendPlrMsg(Player &player, string_view text)",pending,,,
plrmsg.cpp|devilution::InitPlrMsg(),pending,,,
plrmsg.cpp|devilution::DrawPlrMsg(const Surface &out),pending,,,
portal.cpp|devilution::InitPortals(),pending,,,
"portal.cpp|devilution::SetPortalStats(int i, bool o, Point position, int lvl, dungeon_type lvltype, bool isSetLevel)",pending,,,
"portal.cpp|devilution::AddWarpMissile(int i, Point position, bool sync)",pending,,,
portal.cpp|devilution::SyncPortals(),pending,,,
portal.cpp|devilution::AddInTownPortal(int i),pending,,,
"portal.cpp|devilution::ActivatePortal(int i, Point position, int lvl, dungeon_type dungeonType, bool isSetLevel)",pending,,,
portal.cpp|devilution::DeactivatePortal(int i),pending,,,
portal.cpp|devilution::PortalOnLevel(size_t i),pending,,,
portal.cpp|devilution::RemovePortalMissile(int id),pending,,,
portal.cpp|devilution::SetCurrentPortal(size_t p),pending,,,
portal.cpp|devilution::GetPortalLevel(),pending,,,
portal.cpp|devilution::GetPortalLvlPos(),pending,,,
"portal.cpp|devilution::PosOkPortal(int lvl, Point position)",pending,,,
qol/autopickup.cpp|devilution::HasRoomForGold(),pending,,,
qol/autopickup.cpp|devilution::NumMiscItemsInInv(int iMiscId),pending,,,
qol/autopickup.cpp|devilution::DoPickup(Item item),pending,,,
qol/autopickup.cpp|devilution::AutoPickup(const Player &player),pending,,,
qol/chatlog.cpp|devilution::LineHeight(),pending,,,
qol/chatlog.cpp|devilution::BlankLineHeight(),pending,,,
qol/chatlog.cpp|devilution::DividerLineMarginY(),pending,,,
qol/chatlog.cpp|devilution::HeaderHeight(),pending,,,
qol/chatlog.cpp|devilution::ContentPaddingY(),pending,,,
qol/chatlog.cpp|devilution::ContentsTextHeight(),pending,,,
qol/chatlog.cpp|devilution::NumVisibleLines(),pending,,,
qol/chatlog.cpp|devilution::ToggleChatLog(),pending,,,
"qol/chatlog.cpp|devilution::AddMessageToChatLog(string_view message, Player *player, UiFlags flags)",pending,,,
qol/chatlog.cpp|devilution::DrawChatLog(const Surface &out),pending,,,
qol/chatlog.cpp|devilution::ChatLogScrollUp(),pending,,,
qol/chatlog.cpp|devilution::ChatLogScrollDown(),pending,,,
qol/chatlog.cpp|devilution::ChatLogScrollTop(),pending,,,
qol/chatlog.cpp|devilution::ChatLogScrollBottom(),pending,,,
qol/floatingnumbers.cpp|devilution::ClearExpiredNumbers(),pending,,,
qol/floatingnumbers.cpp|devilution::GetGameFontSizeByDamage(int value),pending,,,
qol/floatingnumbers.cpp|devilution::GetFontSizeByDamage(int value),pending,,,
qol/floatingnumbers.cpp|devilution::UpdateFloatingData(FloatingNumber &num),pending,,,
"qol/floatingnumbers.cpp|devilution::AddFloatingNumber(Point pos, Displacement offset, DamageType type, int value, int index, bool damageToPlayer)",pending,,,
"qol/floatingnumbers.cpp|devilution::AddFloatingNumber(DamageType damageType, const Monster &monster, int damage)",pending,,,
"qol/floatingnumbers.cpp|devilution::AddFloatingNumber(DamageType damageType, const Player &player, int damage)",pending,,,
"qol/floatingnumbers.cpp|devilution::DrawFloatingNumbers(const Surface &out, Point viewPosition, Displacement offset)",pending,,,
qol/floatingnumbers.cpp|devilution::ClearFloatingNumbers(),pending,,,
qol/itemlabels.cpp|devilution::TextMarginTop(),pending,,,
qol/itemlabels.cpp|devilution::TextMarginBottom(),pending,,,
qol/itemlabels.cpp|devilution::LabelHeight(),pending,,,
qol/itemlabels.cpp|devilution::UsedX::contains(int val),pending,,,
qol/itemlabels.cpp|devilution::UsedX::insert(int val),pending,,,
qol/itemlabels.cpp|devilution::UsedX::clear(),pending,,,
qol/itemlabels.cpp|devilution::ToggleItemLabelHighlight(),pending,,,
qol/itemlabels.cpp|devilution::HighlightKeyPressed(bool pressed),pending,,,
qol/itemlabels.cpp|devilution::IsItemLabelHighlighted(),pending,,,
qol/itemlabels.cpp|devilution::ResetItemlabelHighlighted(),pending,,,
qol/itemlabels.cpp|devilution::IsHighlightingLabelsEnabled(),pending,,,
"qol/itemlabels.cpp|devilution::AddItemToLabelQueue(int id, Point position)",pending,,,
qol/itemlabels.cpp|devilution::IsMouseOverGameArea(),pending,,,
"qol/itemlabels.cpp|devilution::FillRect(const Surface &out, int x, int y, int width, int height, Uint8 col)",pending,,,
qol/itemlabels.cpp|devilution::DrawItemNameLabels(const Surface &out),pending,,,
qol/monhealthbar.cpp|devilution::InitMonsterHealthBar(),pending,,,
qol/monhealthbar.cpp|devilution::FreeMonsterHealthBar(),pending,,,
qol/monhealthbar.cpp|devilution::DrawMonsterHealthBar(const Surface &out),pending,,,
"qol/stash.cpp|devilution::AddItemToStashGrid(unsigned page, Point position, uint16_t stashListIndex, Size itemSize)",pending,,,
"qol/stash.cpp|devilution::FindTargetSlotUnderItemCursor(Point cursorPosition, Size itemSize)",pending,,,
qol/stash.cpp|devilution::IsItemAllowedInStash(const Item &item),pending,,,
qol/stash.cpp|devilution::CheckStashPaste(Point cursorPosition),pending,,,
"qol/stash.cpp|devilution::CheckStashCut(Point cursorPosition, bool automaticMove)",pending,,,
"qol/stash.cpp|devilution::WithdrawGold(Player &player, int amount)",pending,,,
qol/stash.cpp|devilution::GetStashSlotCoord(Point slot),pending,,,
qol/stash.cpp|devilution::FreeStashGFX(),ported,,,src/qol/stash.rs
qol/stash.cpp|devilution::InitStash(),pending,,,
"qol/stash.cpp|devilution::TransferItemToInventory(Player &player, uint16_t itemId)",pending,,,
qol/stash.cpp|devilution::CheckStashButtonRelease(Point mousePosition),pending,,,
qol/stash.cpp|devilution::CheckStashButtonPress(Point mousePosition),pending,,,
qol/stash.cpp|devilution::DrawStash(const Surface &out),pending,,,
"qol/stash.cpp|devilution::CheckStashItem(Point mousePosition, bool isShiftHeld, bool isCtrlHeld)",pending,,,
qol/stash.cpp|devilution::CheckStashHLight(Point mousePosition),pending,,,
qol/stash.cpp|devilution::UseStashItem(uint16_t c),pending,,,
qol/stash.cpp|devilution::StashStruct::RemoveStashItem(StashStruct::StashCell iv),ported,,,src/qol/stash.rs
qol/stash.cpp|devilution::StashStruct::SetPage(unsigned newPage),ported,,,src/qol/stash.rs
qol/stash.cpp|devilution::StashStruct::NextPage(unsigned offset),ported,,,src/qol/stash.rs
qol/stash.cpp|devilution::StashStruct::PreviousPage(unsigned offset),ported,,,src/qol/stash.rs
qol/stash.cpp|devilution::StashStruct::RefreshItemStatFlags(),ported,,,src/qol/stash.rs
qol/stash.cpp|devilution::StartGoldWithdraw(),pending,,,
qol/stash.cpp|devilution::WithdrawGoldKeyPress(SDL_Keycode vkey),pending,,,
"qol/stash.cpp|devilution::DrawGoldWithdraw(const Surface &out, int amount)",pending,,,
qol/stash.cpp|devilution::CloseGoldWithdraw(),pending,,,
qol/stash.cpp|devilution::GoldWithdrawNewText(string_view text),pending,,,
"qol/stash.cpp|devilution::AutoPlaceItemInStash(Player &player, const Item &item, bool persistItem)",pending,,,
qol/stash.h|devilution::StashStruct::GetPage(),pending,,,
qol/stash.h|devilution::StashStruct::GetCurrentGrid(),pending,,,
qol/stash.h|devilution::StashStruct::GetItemIdAtPosition(Point gridPosition),pending,,,
qol/stash.h|devilution::StashStruct::IsItemAtPosition(Point gridPosition),pending,,,
"qol/xpbar.cpp|devilution::DrawBar(const Surface &out, Point screenPosition, int width, const ColorGradient &gradient)",pending,,,
"qol/xpbar.cpp|devilution::DrawEndCap(const Surface &out, Point point, int idx, const ColorGradient &gradient)",pending,,,
qol/xpbar.cpp|devilution::InitXPBar(),pending,,,
qol/xpbar.cpp|devilution::FreeXPBar(),pending,,,
qol/xpbar.cpp|devilution::DrawXPBar(const Surface &out),pending,,,
qol/xpbar.cpp|devilution::CheckXPBarInfo(),pending,,,
quests.cpp|devilution::DrawButcher(),pending,,,
"quests.cpp|devilution::DrawSkelKing(quest_id q, Point position)",pending,,,
quests.cpp|devilution::DrawWarLord(Point position),pending,,,
"quests.cpp|devilution::DrawSChamber(quest_id q, Point position)",pending,,,
quests.cpp|devilution::DrawLTBanner(Point position),pending,,,
quests.cpp|devilution::DrawBlind(Point position),pending,,,
quests.cpp|devilution::DrawBlood(Point position),pending,,,
quests.cpp|devilution::QuestLogMouseToEntry(),pending,,,
"quests.cpp|devilution::PrintQLString(const Surface &out, int x, int y, string_view str, bool marked, bool disabled = false)",pending,,,
quests.cpp|devilution::StartPWaterPurify(),pending,,,
quests.cpp|devilution::InitQuests(),pending,,,
"quests.cpp|devilution::InitialiseQuestPools(uint32_t seed, Quest quests[])",pending,,,
quests.cpp|devilution::CheckQuests(),pending,,,
quests.cpp|devilution::ForceQuests(),pending,,,
"quests.cpp|devilution::CheckQuestKill(const Monster &monster, bool sendmsg)",pending,,,
quests.cpp|devilution::DRLG_CheckQuests(Point position),pending,,,
quests.cpp|devilution::GetMapReturnLevel(),pending,,,
quests.cpp|devilution::GetMapReturnPosition(),pending,,,
quests.cpp|devilution::LoadPWaterPalette(),pending,,,
quests.cpp|devilution::UpdatePWaterPalette(),pending,,,
quests.cpp|devilution::ResyncMPQuests(),pending,,,
quests.cpp|devilution::ResyncQuests(),pending,,,
quests.cpp|devilution::DrawQuestLog(const Surface &out),pending,,,
quests.cpp|devilution::StartQuestlog(),pending,,,
quests.cpp|devilution::QuestlogUp(),pending,,,
quests.cpp|devilution::QuestlogDown(),pending,,,
quests.cpp|devilution::QuestlogEnter(),pending,,,
quests.cpp|devilution::QuestlogESC(),pending,,,
"quests.cpp|devilution::SetMultiQuest(int q, quest_state s, bool log, int v1, int v2, int16_t qmsg)",pending,,,
quests.cpp|devilution::UseMultiplayerQuests(),pending,,,
quests.cpp|devilution::Quest::IsAvailable(),pending,,,
restrict.cpp|devilution::ReadOnlyTest(),ported,,,src/diablo.rs
"sha.cpp|devilution::SHA1CircularShift(uint32_t word, size_t bits)",ported,,,src/sha.rs
sha.cpp|devilution::SHA1ProcessMessageBlock(SHA1Context *context),ported,,,src/sha.rs
"sha.cpp|devilution::SHA1Result(SHA1Context &context, uint32_t messageDigest[SHA1HashSize])",ported,,,src/sha.rs
"sha.cpp|devilution::SHA1Calculate(SHA1Context &context, const uint32_t data[BlockSize])",ported,,,src/sha.rs
spelldat.h|devilution::SpellData::type(),pending,,,
spelldat.h|devilution::SpellData::bookCost(),pending,,,
spelldat.h|devilution::SpellData::staffCost(),pending,,,
spelldat.h|devilution::SpellData::isTargeted(),pending,,,
spelldat.h|devilution::SpellData::isAllowedInTown(),pending,,,
spelldat.h|devilution::GetSpellData(SpellID spellId),pending,,,
spells.cpp|devilution::IsReadiedSpellValid(const Player &player),ported,,,src/spells.rs
spells.cpp|devilution::ClearReadiedSpell(Player &player),ported,,,src/spells.rs
spells.cpp|devilution::IsValidSpell(SpellID spl),ported,,,src/spells.rs
spells.cpp|devilution::IsValidSpellFrom(int spellFrom),ported,,,src/spells.rs
spells.cpp|devilution::IsWallSpell(SpellID spl),ported,,,src/spells.rs
spells.cpp|devilution::TargetsMonster(SpellID id),ported,,,src/spells.rs
"spells.cpp|devilution::GetManaAmount(const Player &player, SpellID sn)",ported,,,src/spells.rs
"spells.cpp|devilution::ConsumeSpell(Player &player, SpellID sn)",ported,,,src/spells.rs
spells.cpp|devilution::EnsureValidReadiedSpell(Player &player),ported,,,src/spells.rs
"spells.cpp|devilution::CheckSpell(const Player &player, SpellID sn, SpellType st, bool manaonly)",ported,,,src/spells.rs
"spells.cpp|devilution::CastSpell(int id, SpellID spl, int sx, int sy, int dx, int dy, int spllvl)",ported,,,src/spells.rs
"spells.cpp|devilution::DoResurrect(size_t pnum, Player &target)",ported,,,src/spells.rs
"spells.cpp|devilution::DoHealOther(const Player &caster, Player &target)",ported,,,src/spells.rs
spells.cpp|devilution::GetSpellBookLevel(SpellID s),ported,,,src/spells.rs
spells.cpp|devilution::GetSpellStaffLevel(SpellID s),ported,,,src/spells.rs
spells.h|devilution::GetSpellBitmask(SpellID spellId),ported,,,src/spells.rs
stores.cpp|devilution::STextStruct::isDivider(),pending,,,
stores.cpp|devilution::STextStruct::isSelectable(),pending,,,
stores.cpp|devilution::STextStruct::hasText(),pending,,,
stores.cpp|devilution::BackButtonLine(),pending,,,
stores.cpp|devilution::LineHeight(),pending,,,
stores.cpp|devilution::TextHeight(),pending,,,
stores.cpp|devilution::CalculateLineHeights(),pending,,,
stores.cpp|devilution::DrawSTextBack(const Surface &out),pending,,,
"stores.cpp|devilution::DrawSSlider(const Surface &out, int y1, int y2)",pending,,,
stores.cpp|devilution::AddSLine(size_t y),pending,,,
"stores.cpp|devilution::AddSTextVal(size_t y, int val)",pending,,,
"stores.cpp|devilution::AddSText(uint8_t x, size_t y, string_view text, UiFlags flags, bool sel, int cursId = -1, bool cursIndent = false)",pending,,,
stores.cpp|devilution::AddOptionsBackButton(),pending,,,
stores.cpp|devilution::AddItemListBackButton(bool selectable = false),pending,,,
"stores.cpp|devilution::PrintStoreItem(const Item &item, int l, UiFlags flags, bool cursIndent = false)",pending,,,
"stores.cpp|devilution::StoreAutoPlace(Item &item, bool persistItem)",pending,,,
stores.cpp|devilution::StartSmith(),pending,,,
stores.cpp|devilution::ScrollSmithBuy(int idx),pending,,,
stores.cpp|devilution::TotalPlayerGold(),pending,,,
stores.cpp|devilution::PlayerCanAfford(int price),pending,,,
stores.cpp|devilution::StartSmithBuy(),pending,,,
stores.cpp|devilution::ScrollSmithPremiumBuy(int boughtitems),pending,,,
stores.cpp|devilution::StartSmithPremiumBuy(),pending,,,
stores.cpp|devilution::SmithSellOk(int i),pending,,,
stores.cpp|devilution::ScrollSmithSell(int idx),pending,,,
stores.cpp|devilution::StartSmithSell(),pending,,,
stores.cpp|devilution::SmithRepairOk(int i),pending,,,
stores.cpp|devilution::StartSmithRepair(),pending,,,
stores.cpp|devilution::FillManaPlayer(),pending,,,
stores.cpp|devilution::StartWitch(),pending,,,
stores.cpp|devilution::ScrollWitchBuy(int idx),pending,,,
stores.cpp|devilution::WitchBookLevel(Item &bookItem),pending,,,
stores.cpp|devilution::StartWitchBuy(),pending,,,
stores.cpp|devilution::WitchSellOk(int i),pending,,,
stores.cpp|devilution::StartWitchSell(),pending,,,
stores.cpp|devilution::WitchRechargeOk(int i),pending,,,
"stores.cpp|devilution::AddStoreHoldRecharge(Item itm, int8_t i)",pending,,,
stores.cpp|devilution::StartWitchRecharge(),pending,,,
stores.cpp|devilution::StoreNoMoney(),pending,,,
stores.cpp|devilution::StoreNoRoom(),pending,,,
stores.cpp|devilution::StoreConfirm(Item &item),pending,,,
stores.cpp|devilution::StartBoy(),pending,,,
stores.cpp|devilution::SStartBoyBuy(),pending,,,
stores.cpp|devilution::HealPlayer(),pending,,,
stores.cpp|devilution::StartHealer(),pending,,,
stores.cpp|devilution::ScrollHealerBuy(int idx),pending,,,
stores.cpp|devilution::StartHealerBuy(),pending,,,
stores.cpp|devilution::StartStoryteller(),pending,,,
stores.cpp|devilution::IdItemOk(Item *i),pending,,,
"stores.cpp|devilution::AddStoreHoldId(Item itm, int8_t i)",pending,,,
stores.cpp|devilution::StartStorytellerIdentify(),pending,,,
stores.cpp|devilution::StartStorytellerIdentifyShow(Item &item),pending,,,
stores.cpp|devilution::StartTalk(),pending,,,
stores.cpp|devilution::StartTavern(),pending,,,
stores.cpp|devilution::StartBarmaid(),pending,,,
stores.cpp|devilution::StartDrunk(),pending,,,
stores.cpp|devilution::SmithEnter(),pending,,,
stores.cpp|devilution::SmithBuyItem(Item &item),pending,,,
stores.cpp|devilution::SmithBuyEnter(),pending,,,
stores.cpp|devilution::SmithBuyPItem(Item &item),pending,,,
stores.cpp|devilution::SmithPremiumBuyEnter(),pending,,,
stores.cpp|devilution::StoreGoldFit(Item &item),pending,,,
stores.cpp|devilution::StoreSellItem(),pending,,,
stores.cpp|devilution::SmithSellEnter(),pending,,,
stores.cpp|devilution::SmithRepairItem(int price),pending,,,
stores.cpp|devilution::SmithRepairEnter(),pending,,,
stores.cpp|devilution::WitchEnter(),pending,,,
stores.cpp|devilution::WitchBuyItem(Item &item),pending,,,
stores.cpp|devilution::WitchBuyEnter(),pending,,,
stores.cpp|devilution::WitchSellEnter(),pending,,,
stores.cpp|devilution::WitchRechargeItem(int price),pending,,,
stores.cpp|devilution::WitchRechargeEnter(),pending,,,
stores.cpp|devilution::BoyEnter(),pending,,,
stores.cpp|devilution::BoyBuyItem(Item &item),pending,,,
stores.cpp|devilution::HealerBuyItem(Item &item),pending,,,
stores.cpp|devilution::BoyBuyEnter(),pending,,,
stores.cpp|devilution::StorytellerIdentifyItem(Item &item),pending,,,
stores.cpp|devilution::ConfirmEnter(Item &item),pending,,,
stores.cpp|devilution::HealerEnter(),pending,,,
stores.cpp|devilution::HealerBuyEnter(),pending,,,
stores.cpp|devilution::StorytellerEnter(),pending,,,
stores.cpp|devilution::StorytellerIdentifyEnter(),pending,,,
stores.cpp|devilution::TalkEnter(),pending,,,
stores.cpp|devilution::TavernEnter(),pending,,,
stores.cpp|devilution::BarmaidEnter(),pending,,,
stores.cpp|devilution::DrunkEnter(),pending,,,
"stores.cpp|devilution::TakeGold(Player &player, int cost, bool skipMaxPiles)",pending,,,
"stores.cpp|devilution::DrawSelector(const Surface &out, const Rectangle &rect, string_view text, UiFlags flags)",pending,,,
"stores.cpp|devilution::AddStoreHoldRepair(Item *itm, int8_t i)",pending,,,
stores.cpp|devilution::InitStores(),pending,,,
stores.cpp|devilution::SetupTownStores(),pending,,,
stores.cpp|devilution::FreeStoreMem(),pending,,,
"stores.cpp|devilution::PrintSString(const Surface &out, int margin, int line, string_view text, UiFlags flags, int price, int cursId, bool cursIndent)",pending,,,
"stores.cpp|devilution::DrawSLine(const Surface &out, int sy)",pending,,,
stores.cpp|devilution::DrawSTextHelp(),pending,,,
"stores.cpp|devilution::ClearSText(int s, int e)",pending,,,
stores.cpp|devilution::StartStore(TalkID s),pending,,,
stores.cpp|devilution::DrawSText(const Surface &out),pending,,,
stores.cpp|devilution::StoreESC(),pending,,,
stores.cpp|devilution::StoreUp(),pending,,,
stores.cpp|devilution::StoreDown(),pending,,,
stores.cpp|devilution::StorePrior(),pending,,,
stores.cpp|devilution::StoreNext(),pending,,,
stores.cpp|devilution::TakePlrsMoney(int cost),pending,,,
stores.cpp|devilution::StoreEnter(),pending,,,
stores.cpp|devilution::CheckStoreBtn(),pending,,,
stores.cpp|devilution::ReleaseStoreBtn(),pending,,,
storm/storm_net.cpp|devilution::SErrGetLastError(),ported,,,src/storm/storm_net.rs
storm/storm_net.cpp|devilution::SErrSetLastError(uint32_t dwErrCode),ported,,,src/storm/storm_net.rs
"storm/storm_net.cpp|devilution::SNetReceiveMessage(uint8_t *senderplayerid, void **data, uint32_t *databytes)",pending,,,
"storm/storm_net.cpp|devilution::SNetSendMessage(int playerID, void *data, unsigned int databytes)",pending,,,
"storm/storm_net.cpp|devilution::SNetReceiveTurns(int arraysize, char **arraydata, size_t *arraydatabytes, uint32_t *arrayplayerstatus)",pending,,,
"storm/storm_net.cpp|devilution::SNetSendTurn(char *data, unsigned int databytes)",pending,,,
storm/storm_net.cpp|devilution::SNetGetProviderCaps(struct _SNETCAPS *caps),pending,,,
storm/storm_net.cpp|devilution::SNetUnregisterEventHandler(event_type evtype),pending,,,
"storm/storm_net.cpp|devilution::SNetRegisterEventHandler(event_type evtype, SEVTHANDLER func)",pending,,,
storm/storm_net.cpp|devilution::SNetDestroy(),ported,,,src/storm/storm_net.rs
"storm/storm_net.cpp|devilution::SNetDropPlayer(int playerid, uint32_t flags)",pending,,,
storm/storm_net.cpp|devilution::SNetLeaveGame(int type),ported,,,src/storm/storm_net.rs
"storm/storm_net.cpp|devilution::SNetInitializeProvider(uint32_t provider, struct GameData *gameData)",pending,,,
"storm/storm_net.cpp|devilution::SNetCreateGame(const char *pszGameName, const char *pszGamePassword, char *gameTemplateData, int gameTemplateSize, int *playerID)",pending,,,
"storm/storm_net.cpp|devilution::SNetJoinGame(char *pszGameName, char *pszGamePassword, int *playerID)",pending,,,
storm/storm_net.cpp|devilution::SNetGetOwnerTurnsWaiting(uint32_t *turns),pending,,,
storm/storm_net.cpp|devilution::SNetGetTurnsInTransit(uint32_t *turns),pending,,,
storm/storm_net.cpp|devilution::SNetSetBasePlayer(int),pending,,,
storm/storm_net.cpp|devilution::DvlNet_SendInfoRequest(),pending,,,
storm/storm_net.cpp|devilution::DvlNet_ClearGamelist(),pending,,,
storm/storm_net.cpp|devilution::DvlNet_GetGamelist(),pending,,,
storm/storm_net.cpp|devilution::DvlNet_SetPassword(std::string pw),pending,,,
storm/storm_net.cpp|devilution::DvlNet_ClearPassword(),pending,,,
storm/storm_net.cpp|devilution::DvlNet_IsPublicGame(),pending,,,
"storm/storm_svid.cpp|devilution::IsLandscapeFit(unsigned long srcW, unsigned long srcH, unsigned long dstW, unsigned long dstH)",pending,,,
storm/storm_svid.cpp|devilution::HasAudio(),pending,,,
storm/storm_svid.cpp|devilution::SVidLoadNextFrame(),pending,,,
storm/storm_svid.cpp|devilution::UpdatePalette(),pending,,,
storm/storm_svid.cpp|devilution::BlitFrame(),pending,,,
"storm/storm_svid.cpp|devilution::SVidPlayBegin(const char *filename, int flags)",pending,,,
storm/storm_svid.cpp|devilution::SVidPlayContinue(),pending,,,
storm/storm_svid.cpp|devilution::SVidPlayEnd(),pending,,,
storm/storm_svid.cpp|devilution::SVidMute(),pending,,,
storm/storm_svid.cpp|devilution::SVidUnmute(),pending,,,
sync.cpp|devilution::SyncOneMonster(),pending,,,
"sync.cpp|devilution::SyncMonsterPos(TSyncMonster &monsterSync, int ndx)",pending,,,
sync.cpp|devilution::SyncMonsterActive(TSyncMonster &monsterSync),pending,,,
sync.cpp|devilution::SyncMonsterActive2(TSyncMonster &monsterSync),pending,,,
sync.cpp|devilution::SyncPlrInv(TSyncHeader *pHdr),pending,,,
"sync.cpp|devilution::SyncMonster(bool isOwner, const TSyncMonster &monsterSync)",pending,,,
"sync.cpp|devilution::IsEnemyIdValid(const Monster &monster, int enemyId)",pending,,,
sync.cpp|devilution::IsTSyncMonsterValidate(const TSyncMonster &monsterSync),pending,,,
"sync.cpp|devilution::sync_all_monsters(byte *pbBuf, uint32_t dwMaxLen)",pending,,,
"sync.cpp|devilution::OnSyncData(const TCmd *pCmd, size_t pnum)",pending,,,
sync.cpp|devilution::sync_init(),pending,,,
"tmsg.cpp|devilution::TMsg::TMsg(uint32_t time, const byte *data, uint8_t len)",pending,,,
tmsg.cpp|devilution::tmsg_get(std::unique_ptr<byte[]> *msg),pending,,,
"tmsg.cpp|devilution::tmsg_add(const byte *msg, uint8_t len)",pending,,,
tmsg.cpp|devilution::tmsg_start(),pending,,,
tmsg.cpp|devilution::tmsg_cleanup(),pending,,,
"towners.cpp|devilution::NewTownerAnim(Towner &towner, ClxSpriteList sprites, uint8_t numFrames, int delay)",pending,,,
"towners.cpp|devilution::InitTownerInfo(int i, const TownerData &townerData)",pending,,,
"towners.cpp|devilution::LoadTownerAnimations(Towner &towner, const char *path, int frames, int delay)",pending,,,
"towners.cpp|devilution::InitSmith(Towner &towner, const TownerData &townerData)",pending,,,
"towners.cpp|devilution::InitBarOwner(Towner &towner, const TownerData &townerData)",pending,,,
"towners.cpp|devilution::InitTownDead(Towner &towner, const TownerData &townerData)",pending,,,
"towners.cpp|devilution::InitWitch(Towner &towner, const TownerData &townerData)",pending,,,
"towners.cpp|devilution::InitBarmaid(Towner &towner, const TownerData &townerData)",pending,,,
"towners.cpp|devilution::InitBoy(Towner &towner, const TownerData &townerData)",pending,,,
"towners.cpp|devilution::InitHealer(Towner &towner, const TownerData &townerData)",pending,,,
"towners.cpp|devilution::InitTeller(Towner &towner, const TownerData &townerData)",pending,,,
"towners.cpp|devilution::InitDrunk(Towner &towner, const TownerData &townerData)",pending,,,
"towners.cpp|devilution::InitCows(Towner &towner, const TownerData &townerData)",pending,,,
"towners.cpp|devilution::InitFarmer(Towner &towner, const TownerData &townerData)",pending,,,
"towners.cpp|devilution::InitCowFarmer(Towner &towner, const TownerData &townerData)",pending,,,
"towners.cpp|devilution::InitGirl(Towner &towner, const TownerData &townerData)",pending,,,
towners.cpp|devilution::TownDead(Towner &towner),pending,,,
towners.cpp|devilution::TownerTalk(_speech_id message),pending,,,
"towners.cpp|devilution::TalkToBarOwner(Player &player, Towner &barOwner)",pending,,,
"towners.cpp|devilution::TalkToDeadguy(Player &player, Towner &)",pending,,,
"towners.cpp|devilution::TalkToBlackSmith(Player &player, Towner &blackSmith)",pending,,,
"towners.cpp|devilution::TalkToWitch(Player &player, Towner &)",pending,,,
"towners.cpp|devilution::TalkToBarmaid(Player &player, Towner &)",pending,,,
"towners.cpp|devilution::TalkToDrunk(Player & , Towner &)",pending,,,
"towners.cpp|devilution::TalkToHealer(Player &player, Towner &healer)",pending,,,
"towners.cpp|devilution::TalkToBoy(Player & , Towner &)",pending,,,
"towners.cpp|devilution::TalkToStoryteller(Player &player, Towner &)",pending,,,
"towners.cpp|devilution::TalkToCow(Player &player, Towner &cow)",pending,,,
"towners.cpp|devilution::TalkToFarmer(Player &player, Towner &farmer)",pending,,,
"towners.cpp|devilution::TalkToCowFarmer(Player &player, Towner &cowFarmer)",pending,,,
"towners.cpp|devilution::TalkToGirl(Player &player, Towner &girl)",pending,,,
towners.cpp|devilution::IsTownerPresent(_talker_id npc),pending,,,
towners.cpp|devilution::GetTowner(_talker_id type),pending,,,
towners.cpp|devilution::InitTowners(),pending,,,
towners.cpp|devilution::FreeTownerGFX(),ported,,,src/towners.rs
towners.cpp|devilution::ProcessTowners(),pending,,,
"towners.cpp|devilution::TalkToTowner(Player &player, int t)",pending,,,
towners.cpp|devilution::UpdateGirlAnimAfterQuestComplete(),pending,,,
towners.cpp|devilution::UpdateCowFarmerAnimAfterQuestComplete(),pending,,,
towners.h|devilution::Towner::currentSprite(),pending,,,
track.cpp|devilution::RepeatWalk(Player &player),pending,,,
track.cpp|devilution::InvalidateTargets(),pending,,,
track.cpp|devilution::RepeatMouseAction(),pending,,,
track.cpp|devilution::track_isscrolling(),pending,,,
utils/aulib.hpp|devilution::CreateAulibResampler(int sourceRate),pending,,,
"utils/bitset2d.hpp|devilution::Bitset2d::test(size_t x, size_t y)",pending,,,
"utils/bitset2d.hpp|devilution::Bitset2d::set(size_t x, size_t y, bool value = true)",pending,,,
"utils/bitset2d.hpp|devilution::Bitset2d::reset(size_t x, size_t y)",pending,,,
utils/bitset2d.hpp|devilution::Bitset2d::reset(),pending,,,
utils/bitset2d.hpp|devilution::Bitset2d::count(),pending,,,
"utils/bitset2d.hpp|devilution::Bitset2d::index(size_t x, size_t y)",pending,,,
utils/cel_to_clx.cpp|devilution::IsCelTransparent(uint8_t control),ported,,,src/utils/cel_to_clx.rs
utils/cel_to_clx.cpp|devilution::GetCelTransparentWidth(uint8_t control),ported,,,src/utils/cel_to_clx.rs
"utils/cel_to_clx.cpp|devilution::CelToClx(const uint8_t *data, size_t size, PointerOrValue<uint16_t> widthOrWidths)",ported,,,src/utils/cel_to_clx.rs
"utils/cl2_to_clx.cpp|devilution::GetSkipSize(int_fast16_t overrun, int_fast16_t srcWidth)",ported,,,src/utils/cel_to_clx.rs
"utils/cl2_to_clx.cpp|devilution::Cl2ToClx(const uint8_t *data, size_t size, PointerOrValue<uint16_t> widthOrWidths, std::vector<uint8_t> &clxData)",ported,,,src/utils/cel_to_clx.rs
"utils/cl2_to_clx.hpp|devilution::Cl2ToClx(std::unique_ptr<uint8_t[]> &&data, size_t size, PointerOrValue<uint16_t> widthOrWidths)",ported,,,src/engine/load_sprites.rs
utils/clx_decode.hpp|devilution::IsClxOpaque(uint8_t control),ported,,,src/engine/render/clx_render.rs
utils/clx_decode.hpp|devilution::GetClxOpaquePixelsWidth(uint8_t control),ported,,,src/engine/render/clx_render.rs
utils/clx_decode.hpp|devilution::IsClxOpaqueFill(uint8_t control),ported,,,src/engine/render/clx_render.rs
utils/clx_decode.hpp|devilution::GetClxOpaqueFillWidth(uint8_t control),ported,,,src/engine/render/clx_render.rs
utils/clx_decode.hpp|devilution::ClxGetBlitCommand(const uint8_t *src),ported,,,src/engine/render/clx_render.rs
"utils/clx_encode.hpp|devilution::AppendClxTransparentRun(unsigned width, std::vector<uint8_t> &out)",ported,,,src/utils/clx_encode.rs
"utils/clx_encode.hpp|devilution::AppendClxFillRun(uint8_t color, unsigned width, std::vector<uint8_t> &out)",ported,,,src/utils/clx_encode.rs
"utils/clx_encode.hpp|devilution::AppendClxPixelsRun(const uint8_t *src, unsigned width, std::vector<uint8_t> &out)",ported,,,src/utils/clx_encode.rs
"utils/clx_encode.hpp|devilution::AppendClxPixelsOrFillRun(const uint8_t *src, unsigned length, std::vector<uint8_t> &out)",ported,,,src/utils/clx_encode.rs
utils/console.cpp|devilution::GetStderrHandle(),pending,,,
utils/console.cpp|devilution::WriteToStderr(string_view str),pending,,,
utils/console.cpp|devilution::printInConsole(string_view str),ported,,,src/utils/console.rs
utils/console.cpp|devilution::printNewlineInConsole(),ported,,,src/utils/console.rs
"utils/console.cpp|devilution::printfInConsole(const char *fmt, ...)",pending,,,
"utils/console.cpp|devilution::vprintfInConsole(const char *fmt, va_list ap)",pending,,,
utils/display.cpp|devilution::GetScreenWidth(),ported,,,src/utils/display.rs
utils/display.cpp|devilution::GetScreenHeight(),ported,,,src/utils/display.rs
utils/display.cpp|devilution::GetViewportHeight(),ported,,,src/utils/display.rs
utils/display.cpp|devilution::GetUIRectangle(),ported,,,src/utils/display.rs
"utils/display.cpp|devilution::CalculatePreferredWindowSize(int &width, int &height)",ported,,,src/utils/display.rs
utils/display.cpp|devilution::FreeRenderer(),pending,,,
utils/display.cpp|devilution::GetNearestDisplayMode(Size preferredSize),ported,,,src/utils/display.rs
utils/display.cpp|devilution::CalculateUIRectangle(),ported,,,src/utils/display.rs
utils/display.cpp|devilution::GetPreferredWindowSize(),ported,,,src/utils/display.rs
utils/display.cpp|devilution::AdjustToScreenGeometry(Size windowSize),ported,,,src/utils/display.rs
utils/display.cpp|devilution::GetDpiScalingFactor(),ported,,,src/utils/display.rs
utils/display.cpp|devilution::IsFullScreen(),ported,,,src/utils/display.rs
utils/display.cpp|devilution::SpawnWindow(const char *lpWindowName),ported,,,src/utils/display.rs
utils/display.cpp|devilution::ReinitializeTexture(),ported,,,src/utils/display.rs
utils/display.cpp|devilution::ReinitializeIntegerScale(),ported,,,src/utils/display.rs
utils/display.cpp|devilution::ReinitializeRenderer(),ported,,,src/utils/display.rs
utils/display.cpp|devilution::SetFullscreenMode(),ported,,,src/utils/display.rs
utils/display.cpp|devilution::ResizeWindow(),ported,,,src/utils/display.rs
utils/display.cpp|devilution::GetOutputSurface(),pending,,,
utils/display.cpp|devilution::OutputRequiresScaling(),ported,,,src/utils/display.rs
utils/display.cpp|devilution::ScaleOutputRect(SDL_Rect *rect),pending,,,
utils/display.cpp|devilution::ScaleSurfaceToOutput(SDLSurfaceUniquePtr surface),pending,,,
"utils/display.h|devilution::OutputToLogical(T *x, T *y)",pending,,,
"utils/display.h|devilution::LogicalToOutput(T *x, T *y)",pending,,,
utils/endian.hpp|devilution::LoadLE16(const T *b),replaced,Rust std (u16::from_le_bytes etc.),endianness helpers,
utils/endian.hpp|devilution::LoadBE16(const T *b),replaced,Rust std (u16::from_le_bytes etc.),endianness helpers,
utils/endian.hpp|devilution::LoadLE32(const T *b),replaced,Rust std (u16::from_le_bytes etc.),endianness helpers,
utils/endian.hpp|devilution::LoadBE32(const T *b),replaced,Rust std (u16::from_le_bytes etc.),endianness helpers,
"utils/endian.hpp|devilution::WriteLE16(void *out, uint16_t val)",replaced,Rust std (u16::from_le_bytes etc.),endianness helpers,
"utils/endian.hpp|devilution::WriteLE32(void *out, uint32_t val)",replaced,Rust std (u16::from_le_bytes etc.),endianness helpers,
"utils/endian_stream.hpp|devilution::LoggedFread(void *buffer, size_t size, FILE *stream)",replaced,Rust std (Read + from_le_bytes),little-endian stream reader,
"utils/endian_stream.hpp|devilution::LoggedFwrite(const void *buffer, size_t size, FILE *stream)",replaced,Rust std (Read + from_le_bytes),little-endian stream reader,
utils/endian_stream.hpp|devilution::ReadByte(FILE *stream),replaced,Rust std (Read + from_le_bytes),little-endian stream reader,
utils/endian_stream.hpp|devilution::ReadLE16(FILE *stream),replaced,Rust std (Read + from_le_bytes),little-endian stream reader,
utils/endian_stream.hpp|devilution::ReadLE32(FILE *stream),replaced,Rust std (Read + from_le_bytes),little-endian stream reader,
utils/endian_stream.hpp|devilution::ReadLEFloat(FILE *stream),replaced,Rust std (Read + from_le_bytes),little-endian stream reader,
"utils/endian_stream.hpp|devilution::WriteByte(FILE *out, uint8_t val)",replaced,Rust std (Read + from_le_bytes),little-endian stream reader,
"utils/endian_stream.hpp|devilution::WriteLE16(FILE *out, uint16_t val)",replaced,Rust std (Read + from_le_bytes),little-endian stream reader,
"utils/endian_stream.hpp|devilution::WriteLE32(FILE *out, uint32_t val)",replaced,Rust std (Read + from_le_bytes),little-endian stream reader,
"utils/endian_stream.hpp|devilution::WriteLEFloat(FILE *out, float val)",replaced,Rust std (Read + from_le_bytes),little-endian stream reader,
utils/enum_traits.h|devilution::enum_values::Iterator::Iterator(typename std::underlying_type<T>::type value),replaced,Rust enums / bitflags-style impls,C++ enum iteration and flag operators,
utils/enum_traits.h|devilution::enum_values::Iterator::operator*(),replaced,Rust enums / bitflags-style impls,C++ enum iteration and flag operators,
utils/enum_traits.h|devilution::enum_values::Iterator::operator++(),replaced,Rust enums / bitflags-style impls,C++ enum iteration and flag operators,
utils/enum_traits.h|devilution::enum_values::Iterator::operator!=(Iterator rhs),replaced,Rust enums / bitflags-style impls,C++ enum iteration and flag operators,
utils/enum_traits.h|devilution::begin(enum_values<T>),replaced,Rust enums / bitflags-style impls,C++ enum iteration and flag operators,
utils/enum_traits.h|devilution::end(enum_values<T>),replaced,Rust enums / bitflags-style impls,C++ enum iteration and flag operators,
"utils/enum_traits.h|devilution::operator|(EnumType lhs, EnumType rhs)",replaced,Rust enums / bitflags-style impls,C++ enum iteration and flag operators,
"utils/enum_traits.h|devilution::operator|=(EnumType &lhs, EnumType rhs)",replaced,Rust enums / bitflags-style impls,C++ enum iteration and flag operators,
"utils/enum_traits.h|devilution::operator&(EnumType lhs, EnumType rhs)",replaced,Rust enums / bitflags-style impls,C++ enum iteration and flag operators,
"utils/enum_traits.h|devilution::operator&=(EnumType &lhs, EnumType rhs)",replaced,Rust enums / bitflags-style impls,C++ enum iteration and flag operators,
utils/enum_traits.h|devilution::operator~(EnumType value),replaced,Rust enums / bitflags-style impls,C++ enum iteration and flag operators,
"utils/enum_traits.h|devilution::HasAnyOf(EnumType lhs, EnumType test)",replaced,Rust enums / bitflags-style impls,C++ enum iteration and flag operators,
"utils/enum_traits.h|devilution::HasAllOf(EnumType lhs, EnumType test)",replaced,Rust enums / bitflags-style impls,C++ enum iteration and flag operators,
"utils/enum_traits.h|devilution::HasNoneOf(EnumType lhs, EnumType test)",replaced,Rust enums / bitflags-style impls,C++ enum iteration and flag operators,
"utils/file_name_generator.hpp|devilution::BaseFileNameGenerator::BaseFileNameGenerator(std::initializer_list<string_view> prefixes, string_view suffix)",pending,,,
utils/file_name_generator.hpp|devilution::BaseFileNameGenerator::operator()(),pending,,,
"utils/file_name_generator.hpp|devilution::BaseFileNameGenerator::Append(char *buf, std::initializer_list<string_view> strings)",pending,,,
utils/file_name_generator.hpp|devilution::BaseFileNameGenerator::Suffix(),pending,,,
utils/file_name_generator.hpp|devilution::BaseFileNameGenerator::PrefixEnd(),pending,,,
utils/file_name_generator.hpp|devilution::BaseFileNameGenerator::Buffer(),pending,,,
"utils/file_name_generator.hpp|devilution::FileNameGenerator::FileNameGenerator(std::initializer_list<string_view> prefixes, string_view suffix, unsigned min = 1)",pending,,,
utils/file_name_generator.hpp|devilution::FileNameGenerator::operator()(),pending,,,
"utils/file_name_generator.hpp|devilution::FileNameWithCharAffixGenerator::FileNameWithCharAffixGenerator(std::initializer_list<string_view> prefixes, string_view suffix, const char *chars)",pending,,,
utils/file_name_generator.hpp|devilution::FileNameWithCharAffixGenerator::operator()(),pending,,,
utils/file_util.cpp|devilution::ToWideChar(string_view path),pending,,,
utils/file_util.cpp|devilution::Dirname(string_view path),pending,,,
utils/file_util.cpp|devilution::FileExists(const char *path),pending,,,
utils/file_util.cpp|devilution::WindowsGetFileAttributes(const char *path),pending,,,
utils/file_util.cpp|devilution::DirectoryExists(const char *path),pending,,,
utils/file_util.cpp|devilution::FileExistsAndIsWriteable(const char *path),pending,,,
"utils/file_util.cpp|devilution::GetFileSize(const char *path, std::uintmax_t *size)",pending,,,
utils/file_util.cpp|devilution::CreateDir(const char *path),pending,,,
utils/file_util.cpp|devilution::RecursivelyCreateDir(const char *path),pending,,,
"utils/file_util.cpp|devilution::ResizeFile(const char *path, std::uintmax_t size)",pending,,,
"utils/file_util.cpp|devilution::RenameFile(const char *from, const char *to)",pending,,,
"utils/file_util.cpp|devilution::CopyFileOverwrite(const char *from, const char *to)",pending,,,
utils/file_util.cpp|devilution::RemoveFile(const char *path),pending,,,
"utils/file_util.cpp|devilution::OpenFile(const char *path, const char *mode)",pending,,,
utils/file_util.h|devilution::FileExists(const std::string &str),pending,,,
utils/format_int.cpp|devilution::FormatInteger(int n),ported,,,src/utils/format_int.rs
utils/language.cpp|StringHash::operator()(),pending,,,
utils/language.cpp|StringEq::operator()(),pending,,,
"utils/language.cpp|EncodeTranslationRef(uint32_t offset, uint32_t size)",pending,,,
utils/language.cpp|GetTranslation(TranslationRef ref),pending,,,
utils/language.cpp|SwapLE(MoHead &head),pending,,,
utils/language.cpp|SwapLE(MoEntry &entry),pending,,,
utils/language.cpp|TrimLeft(string_view str),ported,,,src/utils/language.rs
utils/language.cpp|TrimRight(string_view str),ported,,,src/utils/language.rs
utils/language.cpp|PluralIfNotOne(int n),ported,,,src/utils/language.rs
utils/language.cpp|SetPluralForm(string_view expression),ported,,,src/utils/language.rs
utils/language.cpp|ParsePluralForms(string_view string),ported,,,src/utils/language.rs
utils/language.cpp|ParseMetadata(string_view metadata),ported,,,src/utils/language.rs
"utils/language.cpp|ReadEntry(AssetHandle &handle, const MoEntry &e, char *result)",pending,,,
"utils/language.cpp|CopyData(void *dst, const byte *data, size_t dataSize, size_t offset, size_t length)",pending,,,
"utils/language.cpp|ReadEntry(const byte *data, size_t dataSize, const MoEntry &e, char *result)",pending,,,
"utils/language.cpp|LanguageParticularTranslate(string_view context, string_view message)",ported,,,src/utils/language.rs
"utils/language.cpp|LanguagePluralTranslate(const char *singular, string_view plural, int count)",ported,,,src/utils/language.rs
utils/language.cpp|LanguageTranslate(const char *key),ported,,,src/utils/language.rs
utils/language.cpp|HasTranslation(const std::string &locale),ported,,,src/utils/language.rs
utils/language.cpp|GetLanguageCode(),ported,,,src/utils/language.rs
utils/language.cpp|IsSmallFontTall(),ported,,,src/utils/language.rs
utils/language.cpp|LanguageInitialize(),ported,,,src/utils/language.rs
utils/language.h|LanguageTranslate(const std::string &key),pending,,,
"utils/log.hpp|devilution::detail::format(string_view fmt, Args &&...args)",replaced,Rust std (eprintln!/log module in the port),logging wrapper over SDL_Log,
"utils/log.hpp|devilution::Log(string_view fmt, Args &&...args)",replaced,Rust std (eprintln!/log module in the port),logging wrapper over SDL_Log,
"utils/log.hpp|devilution::LogVerbose(LogCategory category, string_view fmt, Args &&...args)",replaced,Rust std (eprintln!/log module in the port),logging wrapper over SDL_Log,
"utils/log.hpp|devilution::LogVerbose(string_view fmt, Args &&...args)",replaced,Rust std (eprintln!/log module in the port),logging wrapper over SDL_Log,
"utils/log.hpp|devilution::LogDebug(LogCategory category, string_view fmt, Args &&...args)",replaced,Rust std (eprintln!/log module in the port),logging wrapper over SDL_Log,
"utils/log.hpp|devilution::LogDebug(string_view fmt, Args &&...args)",replaced,Rust std (eprintln!/log module in the port),logging wrapper over SDL_Log,
"utils/log.hpp|devilution::LogInfo(LogCategory category, string_view fmt, Args &&...args)",replaced,Rust std (eprintln!/log module in the port),logging wrapper over SDL_Log,
"utils/log.hpp|devilution::LogInfo(string_view fmt, Args &&...args)",replaced,Rust std (eprintln!/log module in the port),logging wrapper over SDL_Log,
"utils/log.hpp|devilution::LogWarn(LogCategory category, string_view fmt, Args &&...args)",replaced,Rust std (eprintln!/log module in the port),logging wrapper over SDL_Log,
"utils/log.hpp|devilution::LogWarn(string_view fmt, Args &&...args)",replaced,Rust std (eprintln!/log module in the port),logging wrapper over SDL_Log,
"utils/log.hpp|devilution::LogError(LogCategory category, string_view fmt, Args &&...args)",replaced,Rust std (eprintln!/log module in the port),logging wrapper over SDL_Log,
"utils/log.hpp|devilution::LogError(string_view fmt, Args &&...args)",replaced,Rust std (eprintln!/log module in the port),logging wrapper over SDL_Log,
"utils/log.hpp|devilution::LogCritical(LogCategory category, string_view fmt, Args &&...args)",replaced,Rust std (eprintln!/log module in the port),logging wrapper over SDL_Log,
"utils/log.hpp|devilution::LogCritical(string_view fmt, Args &&...args)",replaced,Rust std (eprintln!/log module in the port),logging wrapper over SDL_Log,
"utils/log.hpp|devilution::LogMessageV(LogCategory category, LogPriority priority, string_view fmt, Args &&...args)",replaced,Rust std (eprintln!/log module in the port),logging wrapper over SDL_Log,
"utils/log.hpp|devilution::LogMessageV(string_view fmt, Args &&...args)",replaced,Rust std (eprintln!/log module in the port),logging wrapper over SDL_Log,
utils/logged_fstream.cpp|devilution::LoggedFStream::DirToString(int dir),replaced,Rust std (std::fs + log),logging file stream wrapper,
"utils/logged_fstream.hpp|devilution::LoggedFStream::Open(const char *path, const char *mode)",replaced,Rust std (std::fs + log),logging file stream wrapper,
utils/logged_fstream.hpp|devilution::LoggedFStream::Close(),replaced,Rust std (std::fs + log),logging file stream wrapper,
utils/logged_fstream.hpp|devilution::LoggedFStream::IsOpen(),replaced,Rust std (std::fs + log),logging file stream wrapper,
"utils/logged_fstream.hpp|devilution::LoggedFStream::Seekp(long pos, int dir = SEEK_SET)",replaced,Rust std (std::fs + log),logging file stream wrapper,
utils/logged_fstream.hpp|devilution::LoggedFStream::Tellp(long *result),replaced,Rust std (std::fs + log),logging file stream wrapper,
"utils/logged_fstream.hpp|devilution::LoggedFStream::Write(const char *data, size_t size)",replaced,Rust std (std::fs + log),logging file stream wrapper,
"utils/logged_fstream.hpp|devilution::LoggedFStream::Read(char *out, size_t size)",replaced,Rust std (std::fs + log),logging file stream wrapper,
"utils/logged_fstream.hpp|devilution::LoggedFStream::CheckError(bool ok, const char *fmt, PrintFArgs... args)",replaced,Rust std (std::fs + log),logging file stream wrapper,
utils/math.h|devilution::math::Sign(T t),replaced,Rust std (i32::signum etc.),math helpers,
"utils/math.h|devilution::math::Lerp(V a, V b, T t)",replaced,Rust std (i32::signum etc.),math helpers,
"utils/math.h|devilution::math::InvLerp(T a, T b, T v)",replaced,Rust std (i32::signum etc.),math helpers,
"utils/math.h|devilution::math::Remap(T inMin, T inMax, T outMin, T outMax, T v)",replaced,Rust std (i32::signum etc.),math helpers,
utils/paths.cpp|devilution::paths::AddTrailingSlash(std::string &path),ported,,,src/utils/paths.rs
utils/paths.cpp|devilution::paths::FromSDL(char *s),pending,,,
utils/paths.cpp|devilution::paths::BasePath(),ported,,,src/utils/paths.rs
utils/paths.cpp|devilution::paths::PrefPath(),ported,,,src/utils/paths.rs
utils/paths.cpp|devilution::paths::ConfigPath(),ported,,,src/utils/paths.rs
utils/paths.cpp|devilution::paths::AssetsPath(),ported,,,src/utils/paths.rs
utils/paths.cpp|devilution::paths::SetBasePath(const std::string &path),ported,,,src/utils/paths.rs
utils/paths.cpp|devilution::paths::SetPrefPath(const std::string &path),ported,,,src/utils/paths.rs
utils/paths.cpp|devilution::paths::SetConfigPath(const std::string &path),ported,,,src/utils/paths.rs
utils/paths.cpp|devilution::paths::SetAssetsPath(const std::string &path),ported,,,src/utils/paths.rs
utils/pcx_to_clx.cpp|devilution::GetReservationSize(size_t pcxSize),ported,,,src/utils/pcx_to_clx.rs
"utils/pcx_to_clx.cpp|devilution::LoadPcxMeta(AssetHandle &handle, int &width, int &height, uint8_t &bpp)",ported,,,src/utils/pcx_to_clx.rs
"utils/pcx_to_clx.cpp|devilution::PcxToClx(AssetHandle &handle, size_t fileSize, int numFramesOrFrameHeight, std::optional<uint8_t> transparentColor, SDL_Color *outPalette)",ported,,,src/utils/pcx_to_clx.rs
utils/png.h|IMG_LoadPNG(const char *file),pending,,,
utils/png.h|devilution::InitPNG(),pending,,,
utils/png.h|devilution::QuitPNG(),pending,,,
utils/png.h|devilution::LoadPNG(const char *file),pending,,,
utils/pointer_value_union.hpp|devilution::PointerOrValue::PointerOrValue(const T *ptr),replaced,Rust enum,tagged pointer/value union,
utils/pointer_value_union.hpp|devilution::PointerOrValue::PointerOrValue(T val),replaced,Rust enum,tagged pointer/value union,
utils/pointer_value_union.hpp|devilution::PointerOrValue::HoldsPointer(),replaced,Rust enum,tagged pointer/value union,
utils/pointer_value_union.hpp|devilution::PointerOrValue::AsPointer(),replaced,Rust enum,tagged pointer/value union,
utils/pointer_value_union.hpp|devilution::PointerOrValue::AsValue(),replaced,Rust enum,tagged pointer/value union,
"utils/push_aulib_decoder.cpp|devilution::PushAulibDecoder::PushSamples(const std::int16_t *data, unsigned size)",pending,,,
"utils/push_aulib_decoder.cpp|devilution::PushAulibDecoder::PushSamples(const std::uint8_t *data, unsigned size)",pending,,,
utils/push_aulib_decoder.cpp|devilution::PushAulibDecoder::DiscardPendingSamples(),pending,,,
utils/push_aulib_decoder.cpp|devilution::PushAulibDecoder::open([[maybe_unused]] SDL_RWops *rwops),pending,,,
utils/push_aulib_decoder.cpp|devilution::PushAulibDecoder::rewind(),pending,,,
utils/push_aulib_decoder.cpp|devilution::PushAulibDecoder::duration(),pending,,,
utils/push_aulib_decoder.cpp|devilution::PushAulibDecoder::seekToTime([[maybe_unused]] std::chrono::microseconds pos),pending,,,
"utils/push_aulib_decoder.cpp|devilution::PushAulibDecoder::doDecoding(float buf[], int len, bool &callAgain)",pending,,,
utils/push_aulib_decoder.cpp|devilution::PushAulibDecoder::Next(),pending,,,
"utils/push_aulib_decoder.h|devilution::PushAulibDecoder::PushAulibDecoder(int numChannels, int sampleRate)",pending,,,
utils/push_aulib_decoder.h|devilution::PushAulibDecoder::getChannels(),pending,,,
utils/push_aulib_decoder.h|devilution::PushAulibDecoder::getRate(),pending,,,
utils/sdl2_to_1_2_backports.cpp|SDL_LogSetAllPriority(SDL_LogPriority priority),replaced,engine layer,SDL1.2 compatibility layer,
"utils/sdl2_to_1_2_backports.cpp|SDL_LogSetPriority(int category, SDL_LogPriority priority)",replaced,engine layer,SDL1.2 compatibility layer,
utils/sdl2_to_1_2_backports.cpp|SDL_LogGetPriority(int category),replaced,engine layer,SDL1.2 compatibility layer,
"utils/sdl2_to_1_2_backports.cpp|SDL_Log(const char *fmt, ...)",replaced,engine layer,SDL1.2 compatibility layer,
"utils/sdl2_to_1_2_backports.cpp|SDL_LogVerbose(int category, const char *fmt, ...)",replaced,engine layer,SDL1.2 compatibility layer,
"utils/sdl2_to_1_2_backports.cpp|SDL_LogDebug(int category, const char *fmt, ...)",replaced,engine layer,SDL1.2 compatibility layer,
"utils/sdl2_to_1_2_backports.cpp|SDL_LogInfo(int category, const char *fmt, ...)",replaced,engine layer,SDL1.2 compatibility layer,
"utils/sdl2_to_1_2_backports.cpp|SDL_LogWarn(int category, const char *fmt, ...)",replaced,engine layer,SDL1.2 compatibility layer,
"utils/sdl2_to_1_2_backports.cpp|SDL_LogError(int category, const char *fmt, ...)",replaced,engine layer,SDL1.2 compatibility layer,
"utils/sdl2_to_1_2_backports.cpp|SDL_LogCritical(int category, const char *fmt, ...)",replaced,engine layer,SDL1.2 compatibility layer,
"utils/sdl2_to_1_2_backports.cpp|SDL_LogMessage(int category, SDL_LogPriority priority, const char *fmt, ...)",replaced,engine layer,SDL1.2 compatibility layer,
"utils/sdl2_to_1_2_backports.cpp|SDL_LogMessageV(int category, SDL_LogPriority priority, const char *fmt, va_list ap)",replaced,engine layer,SDL1.2 compatibility layer,
"utils/sdl2_to_1_2_backports.cpp|copy_row3(Uint8 *src, int src_w, Uint8 *dst, int dst_w)",replaced,engine layer,SDL1.2 compatibility layer,
"utils/sdl2_to_1_2_backports.cpp|SDL_SoftStretch(SDL_Surface *src, const SDL_Rect *srcrect, SDL_Surface *dst, const SDL_Rect *dstrect)",replaced,engine layer,SDL1.2 compatibility layer,
"utils/sdl2_to_1_2_backports.cpp|SDL_BlitScaled(SDL_Surface *src, SDL_Rect *srcrect, SDL_Surface *dst, SDL_Rect *dstrect)",replaced,engine layer,SDL1.2 compatibility layer,
utils/sdl2_to_1_2_backports.cpp|SDL_RWsize(SDL_RWops *context),replaced,engine layer,SDL1.2 compatibility layer,
"utils/sdl2_to_1_2_backports.cpp|WIN_SetErrorFromHRESULT(const char *prefix, HRESULT hr)",replaced,engine layer,SDL1.2 compatibility layer,
utils/sdl2_to_1_2_backports.cpp|WIN_SetError(const char *prefix),replaced,engine layer,SDL1.2 compatibility layer,
utils/sdl2_to_1_2_backports.cpp|SDL_GetBasePath(void),replaced,engine layer,SDL1.2 compatibility layer,
"utils/sdl2_to_1_2_backports.cpp|SDL_GetPrefPath(const char *org, const char *app)",replaced,engine layer,SDL1.2 compatibility layer,
utils/sdl2_to_1_2_backports.h|SDL_StartTextInput(),replaced,engine layer,SDL1.2 compatibility layer,
utils/sdl2_to_1_2_backports.h|SDL_StopTextInput(),replaced,engine layer,SDL1.2 compatibility layer,
utils/sdl2_to_1_2_backports.h|SDL_SetTextInputRect(const SDL_Rect *r),replaced,engine layer,SDL1.2 compatibility layer,
"utils/sdl2_to_1_2_backports.h|SDL_PointInRect(const SDL_Point *p, const SDL_Rect *r)",replaced,engine layer,SDL1.2 compatibility layer,
"utils/sdl2_to_1_2_backports.h|SDL_ShowSimpleMessageBox(Uint32 flags, const char *title, const char *message, SDL_Surface *window)",replaced,engine layer,SDL1.2 compatibility layer,
"utils/sdl2_to_1_2_backports.h|SDL_GetWindowPosition(SDL_Window *window, int *x, int *y)",replaced,engine layer,SDL1.2 compatibility layer,
"utils/sdl2_to_1_2_backports.h|SDL_GetWindowSize(SDL_Window *window, int *w, int *h)",replaced,engine layer,SDL1.2 compatibility layer,
utils/sdl2_to_1_2_backports.h|SDL_DestroyWindow(SDL_Window *window),replaced,engine layer,SDL1.2 compatibility layer,
"utils/sdl2_to_1_2_backports.h|SDL_WarpMouseInWindow(SDL_Window *window, int x, int y)",replaced,engine layer,SDL1.2 compatibility layer,
utils/sdl2_to_1_2_backports.h|SDL_AllocPalette(int ncolors),replaced,engine layer,SDL1.2 compatibility layer,
utils/sdl2_to_1_2_backports.h|SDL_FreePalette(SDL_Palette *palette),replaced,engine layer,SDL1.2 compatibility layer,
utils/sdl2_to_1_2_backports.h|SDL_HasColorKey(SDL_Surface *surface),replaced,engine layer,SDL1.2 compatibility layer,
"utils/sdl2_to_1_2_backports.h|SDLBackport_PixelformatToMask(int pixelformat, Uint32 *flags, Uint32 *rmask, Uint32 *gmask, Uint32 *bmask, Uint32 *amask)",replaced,engine layer,SDL1.2 compatibility layer,
"utils/sdl2_to_1_2_backports.h|SDLBackport_PixelFormatFormatEq(const SDL_PixelFormat *a, const SDL_PixelFormat *b)",replaced,engine layer,SDL1.2 compatibility layer,
utils/sdl2_to_1_2_backports.h|SDLBackport_IsPixelFormatIndexed(const SDL_PixelFormat *pf),replaced,engine layer,SDL1.2 compatibility layer,
"utils/sdl2_to_1_2_backports.h|SDL_CreateRGBSurfaceWithFormat(Uint32 flags, int width, int height, int depth, Uint32 format)",replaced,engine layer,SDL1.2 compatibility layer,
"utils/sdl2_to_1_2_backports.h|SDL_CreateRGBSurfaceWithFormatFrom(void *pixels, Uint32 flags, int width, int height, int depth, Uint32 format)",replaced,engine layer,SDL1.2 compatibility layer,
utils/sdl_bilinear_scale.cpp|devilution::Frac(int fixedPoint),replaced,engine layer (window/input/thread),SDL2 wrapper; replaced by the engine's equivalents,
utils/sdl_bilinear_scale.cpp|devilution::ToInt(int fixedPoint),replaced,engine layer (window/input/thread),SDL2 wrapper; replaced by the engine's equivalents,
"utils/sdl_bilinear_scale.cpp|devilution::CreateMixFactors(unsigned srcSize, unsigned dstSize)",replaced,engine layer (window/input/thread),SDL2 wrapper; replaced by the engine's equivalents,
"utils/sdl_bilinear_scale.cpp|devilution::MixColors(uint8_t first, uint8_t second, int ratio)",replaced,engine layer (window/input/thread),SDL2 wrapper; replaced by the engine's equivalents,
"utils/sdl_bilinear_scale.cpp|devilution::MixColorsWithAlpha(uint8_t first, uint8_t firstAlpha, uint8_t second, uint8_t secondAlpha, uint8_t mixedAlpha, int ratio)",replaced,engine layer (window/input/thread),SDL2 wrapper; replaced by the engine's equivalents,
"utils/sdl_bilinear_scale.cpp|devilution::BilinearScale32(SDL_Surface *src, SDL_Surface *dst)",replaced,engine layer (window/input/thread),SDL2 wrapper; replaced by the engine's equivalents,
"utils/sdl_bilinear_scale.cpp|devilution::BilinearDownscaleByHalf8(const SDL_Surface *src, const std::array<std::array<Uint8, 256>, 256> &paletteBlendingTable, SDL_Surface *dst, uint8_t transparentIndex)",replaced,engine layer (window/input/thread),SDL2 wrapper; replaced by the engine's equivalents,
utils/sdl_compat.h|SDLC_GetKeyState(),replaced,engine layer (window/input/thread),SDL2 wrapper; replaced by the engine's equivalents,
"utils/sdl_compat.h|SDLC_SetColorKey(SDL_Surface *surface, Uint32 key)",replaced,engine layer (window/input/thread),SDL2 wrapper; replaced by the engine's equivalents,
"utils/sdl_compat.h|SDLC_SetSurfaceColors(SDL_Surface *surface, SDL_Color *colors, int firstcolor, int ncolors)",replaced,engine layer (window/input/thread),SDL2 wrapper; replaced by the engine's equivalents,
"utils/sdl_compat.h|SDLC_SetSurfaceColors(SDL_Surface *surface, SDL_Palette *palette)",replaced,engine layer (window/input/thread),SDL2 wrapper; replaced by the engine's equivalents,
"utils/sdl_compat.h|SDLC_SetSurfaceAndPaletteColors(SDL_Surface *surface, SDL_Palette *palette, SDL_Color *colors, int firstcolor, int ncolors)",replaced,engine layer (window/input/thread),SDL2 wrapper; replaced by the engine's equivalents,
"utils/sdl_geometry.h|devilution::MakeSdlRect(decltype(SDL_Rect {}.x) x, decltype(SDL_Rect {}.y) y, decltype(SDL_Rect {}.w) w, decltype(SDL_Rect {}.h) h)",replaced,engine layer (window/input/thread),SDL2 wrapper; replaced by the engine's equivalents,
utils/sdl_geometry.h|devilution::MakeSdlRect(Rectangle rect),replaced,engine layer (window/input/thread),SDL2 wrapper; replaced by the engine's equivalents,
utils/sdl_geometry.h|devilution::MakeRectangle(SDL_Rect sdlRect),replaced,engine layer (window/input/thread),SDL2 wrapper; replaced by the engine's equivalents,
utils/sdl_mutex.h|devilution::SdlMutex::SdlMutex(),replaced,engine layer (window/input/thread),SDL2 wrapper; replaced by the engine's equivalents,
utils/sdl_mutex.h|devilution::SdlMutex::~SdlMutex(),replaced,engine layer (window/input/thread),SDL2 wrapper; replaced by the engine's equivalents,
utils/sdl_mutex.h|devilution::SdlMutex::lock(),replaced,engine layer (window/input/thread),SDL2 wrapper; replaced by the engine's equivalents,
utils/sdl_mutex.h|devilution::SdlMutex::try_lock(),replaced,engine layer (window/input/thread),SDL2 wrapper; replaced by the engine's equivalents,
utils/sdl_mutex.h|devilution::SdlMutex::unlock(),replaced,engine layer (window/input/thread),SDL2 wrapper; replaced by the engine's equivalents,
utils/sdl_mutex.h|devilution::SdlMutex::get(),replaced,engine layer (window/input/thread),SDL2 wrapper; replaced by the engine's equivalents,
utils/sdl_ptrs.h|devilution::SDLSurfaceDeleter::operator()(),replaced,engine layer (window/input/thread),SDL2 wrapper; replaced by the engine's equivalents,
utils/sdl_ptrs.h|devilution::SDLCursorDeleter::operator()(),replaced,engine layer (window/input/thread),SDL2 wrapper; replaced by the engine's equivalents,
utils/sdl_ptrs.h|devilution::SDLTextureDeleter::operator()(),replaced,engine layer (window/input/thread),SDL2 wrapper; replaced by the engine's equivalents,
utils/sdl_ptrs.h|devilution::SDLPaletteDeleter::operator()(),replaced,engine layer (window/input/thread),SDL2 wrapper; replaced by the engine's equivalents,
utils/sdl_ptrs.h|devilution::SDLFreeDeleter::operator()(),replaced,engine layer (window/input/thread),SDL2 wrapper; replaced by the engine's equivalents,
utils/sdl_thread.cpp|devilution::SdlThread::ThreadTranslate(void *ptr),replaced,engine layer (window/input/thread),SDL2 wrapper; replaced by the engine's equivalents,
utils/sdl_thread.cpp|devilution::SdlThread::ThreadDeleter(SDL_Thread *thread),replaced,engine layer (window/input/thread),SDL2 wrapper; replaced by the engine's equivalents,
utils/sdl_thread.h|devilution::this_sdl_thread::get_id(),replaced,engine layer (window/input/thread),SDL2 wrapper; replaced by the engine's equivalents,
"utils/sdl_thread.h|devilution::SdlThread::SdlThread(int(SDLCALL *handler)(void *), void *data)",replaced,engine layer (window/input/thread),SDL2 wrapper; replaced by the engine's equivalents,
utils/sdl_thread.h|devilution::SdlThread::SdlThread(void (*handler)(void)),replaced,engine layer (window/input/thread),SDL2 wrapper; replaced by the engine's equivalents,
utils/sdl_thread.h|devilution::SdlThread::joinable(),replaced,engine layer (window/input/thread),SDL2 wrapper; replaced by the engine's equivalents,
utils/sdl_thread.h|devilution::SdlThread::get_id(),replaced,engine layer (window/input/thread),SDL2 wrapper; replaced by the engine's equivalents,
utils/sdl_thread.h|devilution::SdlThread::join(),replaced,engine layer (window/input/thread),SDL2 wrapper; replaced by the engine's equivalents,
"utils/sdl_wrap.h|devilution::SDLWrap::NullErrDlg(T x, const char *file, int line)",replaced,engine layer (window/input/thread),SDL2 wrapper; replaced by the engine's equivalents,
"utils/sdl_wrap.h|devilution::SDLWrap::CreateRGBSurface(Uint32 flags, int width, int height, int depth, Uint32 Rmask, Uint32 Gmask, Uint32 Bmask, Uint32 Amask)",replaced,engine layer (window/input/thread),SDL2 wrapper; replaced by the engine's equivalents,
"utils/sdl_wrap.h|devilution::SDLWrap::CreateRGBSurfaceWithFormat(Uint32 flags, int width, int height, int depth, Uint32 format)",replaced,engine layer (window/input/thread),SDL2 wrapper; replaced by the engine's equivalents,
"utils/sdl_wrap.h|devilution::SDLWrap::CreateRGBSurfaceWithFormatFrom(void *pixels, int width, int height, int depth, int pitch, Uint32 format)",replaced,engine layer (window/input/thread),SDL2 wrapper; replaced by the engine's equivalents,
"utils/sdl_wrap.h|devilution::SDLWrap::ConvertSurface(SDL_Surface *src, const SDL_PixelFormat *fmt, Uint32 flags)",replaced,engine layer (window/input/thread),SDL2 wrapper; replaced by the engine's equivalents,
"utils/sdl_wrap.h|devilution::SDLWrap::ConvertSurfaceFormat(SDL_Surface *src, Uint32 pixel_format, Uint32 flags)",replaced,engine layer (window/input/thread),SDL2 wrapper; replaced by the engine's equivalents,
"utils/sdl_wrap.h|devilution::SDLWrap::CreateTexture(SDL_Renderer *renderer, Uint32 format, int access, int w, int h)",replaced,engine layer (window/input/thread),SDL2 wrapper; replaced by the engine's equivalents,
utils/sdl_wrap.h|devilution::SDLWrap::AllocPalette(int ncolors = 256),replaced,engine layer (window/input/thread),SDL2 wrapper; replaced by the engine's equivalents,
utils/soundsample.cpp|devilution::PanLogToLinear(int logPan),ported,,,src/utils/soundsample.rs
utils/soundsample.cpp|devilution::CreateDecoder(bool isMp3),pending,,,
"utils/soundsample.cpp|devilution::CreateStream(SDL_RWops *handle, bool isMp3)",ported,,,src/utils/soundsample.rs
"utils/soundsample.cpp|devilution::VolumeLogToLinear(int logVolume, int logMin, int logMax)",ported,,,src/utils/soundsample.rs
utils/soundsample.cpp|devilution::SoundSample::Release(),ported,,,src/utils/soundsample.rs
utils/soundsample.cpp|devilution::SoundSample::IsPlaying(),ported,,,src/utils/soundsample.rs
utils/soundsample.cpp|devilution::SoundSample::Play(int numIterations),ported,,,src/utils/soundsample.rs
"utils/soundsample.cpp|devilution::SoundSample::SetChunkStream(std::string filePath, bool isMp3, bool logErrors)",ported,,,src/utils/soundsample.rs
"utils/soundsample.cpp|devilution::SoundSample::SetChunk(ArraySharedPtr<std::uint8_t> fileData, std::size_t dwBytes, bool isMp3)",ported,,,src/utils/soundsample.rs
"utils/soundsample.cpp|devilution::SoundSample::SetVolume(int logVolume, int logMin, int logMax)",ported,,,src/utils/soundsample.rs
utils/soundsample.cpp|devilution::SoundSample::SetStereoPosition(int logPan),ported,,,src/utils/soundsample.rs
utils/soundsample.cpp|devilution::SoundSample::GetLength(),ported,,,src/utils/soundsample.rs
utils/soundsample.h|devilution::SoundSample::IsLoaded(),pending,,,
utils/soundsample.h|devilution::SoundSample::SetFinishCallback(Aulib::Stream::Callback &&callback),pending,,,
utils/soundsample.h|devilution::SoundSample::IsStreaming(),pending,,,
utils/soundsample.h|devilution::SoundSample::DuplicateFrom(const SoundSample &other),pending,,,
"utils/soundsample.h|devilution::SoundSample::PlayWithVolumeAndPan(int logSoundVolume, int logUserVolume, int logPan)",pending,,,
utils/soundsample.h|devilution::SoundSample::Stop(),pending,,,
utils/soundsample.h|devilution::SoundSample::Mute(),pending,,,
utils/soundsample.h|devilution::SoundSample::Unmute(),pending,,,
utils/static_vector.hpp|devilution::StaticVector::StaticVector(std::initializer_list<U> elements),replaced,Rust std (Vec / fixed arrays),container template,
utils/static_vector.hpp|devilution::StaticVector::begin(),replaced,Rust std (Vec / fixed arrays),container template,
utils/static_vector.hpp|devilution::StaticVector::end(),replaced,Rust std (Vec / fixed arrays),container template,
utils/static_vector.hpp|devilution::StaticVector::size(),replaced,Rust std (Vec / fixed arrays),container template,
utils/static_vector.hpp|devilution::StaticVector::back(),replaced,Rust std (Vec / fixed arrays),container template,
utils/static_vector.hpp|devilution::StaticVector::back()#2,replaced,Rust std (Vec / fixed arrays),container template,
utils/static_vector.hpp|devilution::StaticVector::emplace_back(Args &&...args),replaced,Rust std (Vec / fixed arrays),container template,
utils/static_vector.hpp|devilution::StaticVector::operator[](std::size_t pos),replaced,Rust std (Vec / fixed arrays),container template,
utils/static_vector.hpp|devilution::StaticVector::operator[](std::size_t pos)#2,replaced,Rust std (Vec / fixed arrays),container template,
utils/static_vector.hpp|devilution::StaticVector::~StaticVector(),replaced,Rust std (Vec / fixed arrays),container template,
utils/static_vector.hpp|devilution::StaticVector::AlignedStorage::ptr(),replaced,Rust std (Vec / fixed arrays),container template,
utils/static_vector.hpp|devilution::StaticVector::AlignedStorage::ptr()#2,replaced,Rust std (Vec / fixed arrays),container template,
utils/stdcompat/abs.hpp|devilution::abs(const T &a),replaced,Rust std,C++ standard-library compatibility shims,
utils/stdcompat/shared_ptr_array.hpp|devilution::MakeArraySharedPtr(std::size_t size),replaced,Rust std,C++ standard-library compatibility shims,
"utils/stdcompat/string_view.hpp|devilution::AppendStrView(std::string &out, string_view str)",replaced,Rust std,C++ standard-library compatibility shims,
utils/str_case.cpp|devilution::AsciiStrToLower(std::string &str),replaced,Rust std (to_ascii_lowercase),case conversion,
utils/str_case.hpp|devilution::AsciiStrToLower(string_view str),replaced,Rust std (to_ascii_lowercase),case conversion,
"utils/str_cat.cpp|devilution::BufCopy(char *out, int value)",replaced,Rust std (format!/String),string concatenation helpers,
"utils/str_cat.cpp|devilution::StrAppend(std::string &out, int value)",replaced,Rust std (format!/String),string concatenation helpers,
"utils/str_cat.hpp|devilution::BufCopy(char *out, string_view value)",replaced,Rust std (format!/String),string concatenation helpers,
"utils/str_cat.hpp|devilution::StrAppend(std::string &out, string_view value)",replaced,Rust std (format!/String),string concatenation helpers,
"utils/str_cat.hpp|devilution::BufCopy(char *out, const char *str)",replaced,Rust std (format!/String),string concatenation helpers,
"utils/str_cat.hpp|devilution::StrAppend(std::string &out, const char *str)",replaced,Rust std (format!/String),string concatenation helpers,
"utils/str_cat.hpp|devilution::BufCopy(char *out, Args &&...args)",replaced,Rust std (format!/String),string concatenation helpers,
"utils/str_cat.hpp|devilution::StrAppend(std::string &out, Args &&...args)",replaced,Rust std (format!/String),string concatenation helpers,
utils/str_cat.hpp|devilution::StrCat(Args &&...args),replaced,Rust std (format!/String),string concatenation helpers,
"utils/str_split.hpp|devilution::SplitByCharIterator::begin(string_view text, char split_by)",replaced,Rust std (str::split),string splitting iterator,
"utils/str_split.hpp|devilution::SplitByCharIterator::end(string_view text, char split_by)",replaced,Rust std (str::split),string splitting iterator,
utils/str_split.hpp|devilution::SplitByCharIterator::operator*(),replaced,Rust std (str::split),string splitting iterator,
utils/str_split.hpp|devilution::SplitByCharIterator::operator->(),replaced,Rust std (str::split),string splitting iterator,
utils/str_split.hpp|devilution::SplitByCharIterator::operator++(),replaced,Rust std (str::split),string splitting iterator,
utils/str_split.hpp|devilution::SplitByCharIterator::operator++(int),replaced,Rust std (str::split),string splitting iterator,
utils/str_split.hpp|devilution::SplitByCharIterator::operator==(const SplitByCharIterator &rhs),replaced,Rust std (str::split),string splitting iterator,
utils/str_split.hpp|devilution::SplitByCharIterator::operator!=(const SplitByCharIterator &rhs),replaced,Rust std (str::split),string splitting iterator,
"utils/str_split.hpp|devilution::SplitByCharIterator::SplitByCharIterator(char split_by, string_view text, string_view slice)",replaced,Rust std (str::split),string splitting iterator,
"utils/str_split.hpp|devilution::SplitByChar::SplitByChar(string_view text, char split_by)",replaced,Rust std (str::split),string splitting iterator,
utils/str_split.hpp|devilution::SplitByChar::begin(),replaced,Rust std (str::split),string splitting iterator,
utils/str_split.hpp|devilution::SplitByChar::end(),replaced,Rust std (str::split),string splitting iterator,
utils/string_or_view.hpp|devilution::StringOrView::StringOrView(),replaced,Rust std (Cow<str>),owned-or-borrowed string helper,
utils/string_or_view.hpp|devilution::StringOrView::StringOrView(std::string &&str),replaced,Rust std (Cow<str>),owned-or-borrowed string helper,
utils/string_or_view.hpp|devilution::StringOrView::StringOrView(string_view str),replaced,Rust std (Cow<str>),owned-or-borrowed string helper,
utils/string_or_view.hpp|devilution::StringOrView::StringOrView(StringOrView &&other),replaced,Rust std (Cow<str>),owned-or-borrowed string helper,
utils/string_or_view.hpp|devilution::StringOrView::operator=(StringOrView &&other),replaced,Rust std (Cow<str>),owned-or-borrowed string helper,
utils/string_or_view.hpp|devilution::StringOrView::~StringOrView(),replaced,Rust std (Cow<str>),owned-or-borrowed string helper,
utils/string_or_view.hpp|devilution::StringOrView::empty(),replaced,Rust std (Cow<str>),owned-or-borrowed string helper,
utils/string_or_view.hpp|devilution::StringOrView::str(),replaced,Rust std (Cow<str>),owned-or-borrowed string helper,
utils/string_or_view.hpp|devilution::StringOrView::operatorstring_view(),replaced,Rust std (Cow<str>),owned-or-borrowed string helper,
"utils/surface_to_clx.cpp|devilution::SurfaceToClx(const Surface &surface, unsigned numFrames, std::optional<uint8_t> transparentColor)",pending,,,
"utils/utf8.cpp|devilution::TruncateUtf8(string_view str, std::size_t len)",replaced,Rust std (str/char),UTF-8 decoding helpers,
"utils/utf8.cpp|devilution::DecodeFirstUtf8CodePoint(string_view input, std::size_t *len)",replaced,Rust std (str/char),UTF-8 decoding helpers,
"utils/utf8.cpp|devilution::CopyUtf8(char *dest, string_view source, std::size_t bytes)",replaced,Rust std (str/char),UTF-8 decoding helpers,
"utils/utf8.cpp|devilution::AppendUtf8(char32_t codepoint, std::string &out)",replaced,Rust std (str/char),UTF-8 decoding helpers,
utils/utf8.hpp|devilution::ConsumeFirstUtf8CodePoint(string_view *input),replaced,Rust std (str/char),UTF-8 decoding helpers,
utils/utf8.hpp|devilution::IsBasicLatin(char x),replaced,Rust std (str/char),UTF-8 decoding helpers,
utils/utf8.hpp|devilution::IsTrailUtf8CodeUnit(char x),replaced,Rust std (str/char),UTF-8 decoding helpers,
utils/utf8.hpp|devilution::FindLastUtf8Symbols(string_view input),replaced,Rust std (str/char),UTF-8 decoding helpers,
